138561860	284	StaticGetTypeLayout	1
138564292	180	ConstructCompiledInstance	42
138565752	4	InternalDestroy	72
138566740	4	InternalDestroy	121
138567540	188	ShouldCompilePermutationImpl	170
138568180	180	ConstructCompiledInstance	201
138569516	188	ShouldCompilePermutationImpl	231
138570156	116	ConstructCompiledInstance	262
138571616	4	InternalDestroy	288
138572248	168	ModifyCompilationEnvironmentImpl	337
138573236	168	ModifyCompilationEnvironmentImpl	362
138574224	168	ModifyCompilationEnvironmentImpl	387
138575568	4	InternalDestroy	412
138576108	168	ModifyCompilationEnvironmentImpl	461
138577720	8	Do	486
138577728	28	GetTypeLayout	500
138577812	88	ConstructCompiledInstance	514
138578624	28	GetTypeLayout	537
138578708	116	ConstructCompiledInstance	552
138579632	116	ConstructCompiledInstance	578
138580672	168	ModifyCompilationEnvironmentImpl	604
138582312	8	Do	629
138582320	28	GetTypeLayout	643
138582404	116	ConstructCompiledInstance	658
138583328	116	ConstructCompiledInstance	684
138584252	116	ConstructCompiledInstance	710
138585292	168	ModifyCompilationEnvironmentImpl	736
138586576	356	StaticGetTypeLayout	761
138590528	356	StaticGetTypeLayout	810
138594288	188	ShouldCompilePermutationImpl	859
138594780	4	InternalDestroy	890
138595740	100	ConstructCompiledInstance	938
138597688	28	GetTypeLayout	960
138598012	284	GetTypeLayout	971
138600456	32	FUN_0842e008	1012
138600768	148	ModifyCompilationEnvironmentImpl	1021
138601644	220	ConstructCompiledInstance	1044
138603224	292	StaticGetTypeLayout	1077
138606100	220	ConstructCompiledInstance	1118
138607964	8	Do	1151
138607972	292	GetTypeLayout	1164
138610916	88	ShouldCompilePermutationImpl	1205
138611600	60	ConstructSerializedInstance	1224
138611880	148	ModifyCompilationEnvironmentImpl	1244
138613140	88	ShouldCompilePermutationImpl	1267
138613532	292	GetTypeLayout	1286
138616476	88	ShouldCompilePermutationImpl	1327
138616860	8	Do	1346
138617220	220	ConstructCompiledInstance	1359
138618792	292	StaticGetTypeLayout	1392
138622124	4	InternalDestroy	1433
138623236	4	InternalDestroy	1482
138623892	220	ConstructCompiledInstance	1531
138625764	292	GetTypeLayout	1564
138628512	4	InitRHI	1605
138628628	76	IncrementTotalAllocations	1615
138629732	692	FGlobalDynamicReadBuffer_AllocateInternal<(EPixelFormat)21,FFloat16>	1635
138634164	72	ShouldCompilePermutationImpl	1742
138637236	300	Execute	1758
138640804	4	InternalDestroy	1809
138641184	44	ConstructSerializedInstance	1855
138641292	1500	FGlobalShaderMapId	1869
138656892	8	Do	2187
138657128	52	ConstructCompiledInstance	2197
138657184	72	ShouldCompilePermutationImpl	2211
138657816	184	StaticGetTypeLayout	2227
138659516	4	ModifyCompilationEnvironmentImpl	2254
138659592	668	SetParameters	2266
138663548	28	GetTypeLayout	2412
138663672	4	ModifyCompilationEnvironmentImpl	2423
138663676	72	ShouldCompilePermutationImpl	2435
138664584	8	Do	2451
138664776	44	ConstructSerializedInstance	2461
138664948	644	SetParameters	2475
138668532	680	SetParameters	2613
138673208	44	ConstructSerializedInstance	2758
138673252	52	ConstructCompiledInstance	2772
138673928	184	StaticGetTypeLayout	2787
138675464	52	ConstructCompiledInstance	2815
138675640	528	SetParameters	2831
138678052	116	ConstructCompiledInstance	2939
138678832	676	SetColors	2962
138682884	264	ModifyCompilationEnvironmentImpl	3159
138684704	100	ConstructCompiledInstance	3211
138686992	268	ShouldCompilePermutation	3235
138691512	4	IMPLEMENT_MODULE_RenderCore	3283
138691516	4	GameThreadTick	3291
138691520	16	GetCVarForceLOD	3301
138691536	96	GetCVarForceLOD_AnyThread	3312
138691744	236	IsHDREnabled	3331
138693008	568	FRDGBuilder	3372
138697988	656	RegisterExternalBuffer	3492
138712472	340	AddEpilogueTransition	3676
138714404	340	Add	3764
138718360	448	Execute	3850
138722756	292	GetEpilogueBarriersToBeginFor	3946
138724612	1248	FindFreeBuffer	4003
138734784	636	AddClearUAVPass	4267
138737792	184	GetTypeLayout	4394
138742136	544	AddEnqueueCopyPass	4421
138743408	184	GetTypeLayout	4524
138747164	572	AddAsyncComputeSRVTransitionHackPass	4551
138749400	932	FUN_084525d8	4661
138762184	276	GetPendingCleanupObjects	4831
138762712	16	IsRenderingThreadHealthy	4894
138762728	624	StartRenderCommandFenceBundler	4905
138765860	36	FUN_08456624	5099
138766064	60	~FScreenRectangleVertexBuffer	5108
138766336	160	~FRenderGraphResourcePool	5123
138767180	64	~FStaticStateResource	5161
138767540	64	~FStaticStateResource	5182
138767904	64	~FStaticStateResource	5203
138768364	4	StoreDebugInfo	5224
138768372	4	StoreDebugInfo	5236
138768744	360	GetStructMetadata	5248
138771996	200	zzAppendMemberGetPrev	5344
138772600	288	Allocate<FRDGTextureSRV,char16_t_const*const&,FRDGTextureSRVDesc_const&>	5383
138775452	52	ExecuteAndDestruct	5447
138775524	332	~TRefCountPtr	5464
138778664	200	zzAppendMemberGetPrev	5547
138780068	200	zzAppendMemberGetPrev	5586
138781272	200	zzAppendMemberGetPrev	5625
138783080	200	zzAppendMemberGetPrev	5664
138785288	200	zzAppendMemberGetPrev	5703
138786288	200	zzAppendMemberGetPrev	5742
138787896	200	zzAppendMemberGetPrev	5781
138789900	200	zzAppendMemberGetPrev	5820
138792308	200	zzAppendMemberGetPrev	5859
138793112	200	zzAppendMemberGetPrev	5898
138794716	196	zzAppendMemberGetPrev	5937
138797648	44	operator()	5976
138798008	292	ResizeTo	5996
138800412	200	zzAppendMemberGetPrev	6060
138801608	152	ResizeShrink	6099
138802576	444	OnCVarChange	6139
138807952	96	~TGraphTask	6248
138808132	420	ExecuteTask	6287
138811984	464	ExecuteTask	6393
138815092	12	ReleaseRHI	6508
138815568	12	ReleaseRHI	6526
138815980	4	InternalDestroy	6544
138817660	380	Initialize	6592
138820024	380	Initialize	6641
138823168	8	Do	6690
138823176	380	Initialize	6703
138825900	4	GetTypeLayout	6752
138828328	136	ResizeTo	6810
138829724	104	Initialize	6854
138832112	484	AddPass<FGenerateMipsCS::FParameters,FComputeShaderUtils::AddPass<FGenerateMipsCS>(FRDGBuilder&,FRDGEventName&&,ERDGPassFlags,TShaderRefBase<FGenerateMipsCS,FShaderMapPointerTable>const&,FGenerateMipsCS::FParameters*,FIntVector)::{lambda(FRHIComputeCommandList&)#1}>	6879
138836504	380	Initialize	6990
138842432	900	HeapSortInternal<FShaderPipelineType_const*,FIdentityFunctor,TDereferenceWrapper<FShaderPipelineType_const*,FCompareShaderPipelineNameTypes>>	7037
138847952	380	Initialize	7321
138850992	380	Initialize	7368
138855552	4	ExecuteAndDestruct	7415
138858260	140	FUN_0846cf14	7584
138858964	452	FUN_0846d1d4	7603
138861472	412	Emplace<TPairInitializer<FString&&,unsigned_int&>>	7674
138864488	456	ResizeAllocation	7776
138867736	52	ResizeTo	7875
138868828	292	ResizeTo	7908
138872812	88	ResizeGrow	7972
138874072	568	FUN_08470cd8	8012
138877168	88	ResizeGrow	8122
138877720	48	ResizeTo	8161
138877816	456	ResizeAllocation	8190
138880884	392	Emplace<TPairInitializer<FRDGBufferSRVDesc&,TRefCountPtr<FRHIShaderResourceView>&&>>	8290
138885020	28	FUN_0847379c	8376
138885888	360	GetStructMetadata	8386
138889468	196	zzAppendMemberGetPrev	8482
138891104	4	~TTrackedAlloc	8521
138891120	360	GetStructMetadata	8541
138898012	100	FUN_08476a5c	8637
138898284	360	GetStructMetadata	8657
138900732	756	Dispatch<FClearUAVUIntCS>	8753
138907820	196	zzAppendMemberGetPrev	8893
138908176	4	~TTrackedAlloc	8932
138908216	4	FUN_08479238	8945
138908220	360	GetStructMetadata	8953
138910260	96	~TGraphTask	9050
138911784	4	StoreDebugInfo	9085
138911788	92	FUN_0847a02c	9097
138912576	92	FUN_0847a340	9129
138912748	412	FUN_0847a3ec	9161
138950292	4	InitPreRHIResources	9261
138952844	56	FUN_0848408c	9348
138953908	1004	BeginUpdateResourceRHI	9360
138957840	36	BeginRelease_GameThread	9532
138959000	16	~TOptional	9544
138959016	40	FUN_084858a8	9557
138959184	152	~TGlobalResource	9568
138960232	44	FUN_08485d68	9592
138960716	364	~FGlobalDynamicIndexBuffer	9604
138962080	368	SetNewMipCount	9687
138965864	32	FUN_08487368	9753
138965928	8	IsEventRecordingEnabled	9765
138965936	76	GetValidatedPointer	9775
138966064	140	NeedsDeallocEvent	9803
138967604	2644	FindFreeElementInternal	9833
138996924	8	Do	10216
138996932	28	GetTypeLayout	10226
138997076	80	ConstructCompiledInstance	10237
138997376	4	InternalDestroy	10256
138997968	4	ModifyCompilationEnvironmentImpl	10303
138997972	84	ShouldCompilePermutationImpl	10315
138998492	28	GetTypeLayout	10331
138998640	120	ConstructCompiledInstance	10342
138998784	424	StaticGetTypeLayout	10365
139001380	404	Initialize	10417
139003636	8	Do	10527
139004028	184	GetTypeLayout	10537
139005148	232	IntrinsicToString	10563
139005880	196	CallUnfrozenCopy	10609
139006780	196	CallUnfrozenCopy	10643
139008948	12	GetTypeList	10677
139009100	36	~FShaderType	10687
139009136	88	GetShaderTypeByName	10699
139009400	148	~TMapBase	10738
139010324	8	ConstructForDeserialization	10775
139010332	12	ConstructCompiled	10788
139010356	16	ModifyCompilationEnvironment	10802
139011004	20	Initialize	10819
139011688	536	AddIndexedPointer	10832
139013956	308	FindShaderTypeByName	10940
139014680	336	FShader	10981
139020012	40	FUN_084946ec	11060
139020132	40	FUN_08494764	11069
139021116	12	GetTypeList	11078
139021920	148	~TMapBase	11088
139022068	148	GetSortedTypes	11125
139022484	320	Initialize	11155
139023124	444	GetSourceHash	11232
139024600	4	DumpShaderStats	11329
139024604	4	DumpShaderPipelineStats	11339
139024608	172	DispatchComputeShader	11349
139025864	12664	ShaderMapAppendKeyString	11383
139763668	96	operator()	12955
139763764	652	FindAllIntersectionsHelper	12982
139765664	492	ComputeGlobalBoxAndSplitAxis<TArray<TUniquePtr<Chaos::FImplicitObject,TDefaultDelete<Chaos::FImplicitObject>>,TSizedDefaultAllocator<32>>,float,3>	13133
139770436	8	StaticType	13242
139770520	104	TBox	13252
139770892	68	ClampedMargin	13272
139770960	100	TBox	13306
139771060	100	TBox	13327
139771236	76	operator=	13348
139771352	8	GetRadius	13371
139771360	556	ComputeLocalSamplePoints	13381
139772620	8	Max	13520
139774320	64	GetMostOpposingPlane	13530
139774384	64	GetMostOpposingPlaneScaled	13575
139774448	548	GetClosestEdgePosition	13621
139776168	52	GetEdgeVertex	13721
139776220	52	GetEdgePlane	13737
139776304	16	NumVertices	13753
139776452	252	Support	13763
139777012	60	Center	13832
139777192	36	Extents	13856
139777284	52	GetArea	13877
139777480	92	GetInertiaTensor	13895
139779016	548	operator<<	13932
139781048	404	FBVHParticles	14030
139783344	576	FBVHParticles	14104
139787384	72	FreePullData_External	14212
139787776	356	FreeDataToHistory_Internal	14235
139789600	260	CapsuleConvexContactPoint	14305
139791884	4	ConvexCapsuleContactPoint	14380
139799540	1476	CalculateManifoldFrictionVelocityCorrection	14553
139814992	124	ToString	14771
139815116	376	operator<	14804
139816184	200	FindManifoldPoint	14890
139816384	176	UpdateManifoldContacts	14938
139816608	44	SetActiveContactPoint	14975
139816652	320	AddOneshotManifoldContact	14996
139818016	1584	InitManifoldPoint	15081
139833496	260	SphereConvexContactPoint	15435
139833756	260	SphereConvexContactPoint	15508
139834276	4	ConvexSphereContactPoint	15583
139836732	4	ConvexSphereContactPoint	15810
139843388	1044	GenerateConvexManifoldClippedVertices<Chaos::TBox<float,3>,Chaos::TBox<float,3>>	15992
139851088	868	GenerateConvexManifoldClippedVertices<Chaos::FConvex,Chaos::TBox<float,3>>	16164
139856852	3952	ConstructConvexConvexOneShotManifold<Chaos::TBox<float,3>,Chaos::TImplicitObjectInstanced<Chaos::FConvex>>	16309
139880516	4036	ConstructConvexConvexOneShotManifold<Chaos::FConvex,Chaos::FConvex>	17053
139938712	188	BoxBoxContactPoint	17824
139939232	1196	UpdateLevelsetLevelsetConstraint<(Chaos::ECollisionUpdateType)0>	17870
139941676	2604	UpdateConstraintFromGeometry<(Chaos::ECollisionUpdateType)0,Chaos::FRigidBodyPointContactConstraint>	17998
139954208	808	UpdateConstraintFromGeometryImpl<(Chaos::ECollisionUpdateType)0>	18460
139958428	460	UseCCD	18606
139958888	104	ComputeSweptContactPhiAndTOIHelper	18703
139958992	348	SetSweptConstraintTOI	18729
139971184	11512	GenericConvexConvexContactPoint	18795
140119332	184	ResizeShrink	20907
140120748	144	ResizeGrow	20947
140121068	616	TBoundingVolume	20992
140122072	148	ResizeForCopy	21177
140122740	548	operator<<	21211
140123656	144	ResizeGrow	21328
140123952	1196	SerializePtr<Chaos::TGeometryParticleHandleImp<float,3,true>>	21373
140127696	168	ResizeGrow	21597
140128432	168	ResizeGrow	21640
140128960	184	ResizeShrink	21683
140129508	144	ResizeGrow	21718
140133516	2620	FUN_085a448c	21761
140147288	2844	FUN_085a7a58	22302
140160448	1816	EPA<float,Chaos::GJKPenetration<true,float,Chaos::TSphere<float,3>,Chaos::TSphere<float,3>>(Chaos::TSphere<float,3>const&,Chaos::TSphere<float,3>const&,Chaos::TRigidTransform<float,3>const&,float&,Chaos::TVector<float,3>&,Chaos::TVector<float,3>&,Chaos::TVector<float,3>&,int&,int&,float,float,Chaos::TVector<float,3>const&,float)::{lambda(Chaos::TVector<float,3>const&)#1},Chaos::GJKPenetration<true,float,Chaos::TSphere<float,3>,Chaos::TSphere<float,3>>(Chaos::TSphere<float,3>const&,Chaos::TSphere<float,3>const&,Chaos::TRigidTransform<float,3>const&,float&,Chaos::TVector<float,3>&,Chaos::TVector<float,3>&,Chaos::TVector<float,3>&,int&,int&,float,float,Chaos::TVector<float,3>const&,float)::{lambda(Chaos::TVector<float,3>const&)#2}>	22872
140179692	608	operator()	23213
140180676	932	GJKContactPoint2<Chaos::TSphere<float,3>,Chaos::FCapsule>	23350
140185072	1844	InitializeEPA<float,Chaos::GJKPenetration<true,float,Chaos::TSphere<float,3>,Chaos::FCapsule>(Chaos::TSphere<float,3>const&,Chaos::FCapsule_const&,Chaos::TRigidTransform<float,3>const&,float&,Chaos::TVector<float,3>&,Chaos::TVector<float,3>&,Chaos::TVector<float,3>&,int&,int&,float,float,Chaos::TVector<float,3>const&,float)::{lambda(Chaos::TVector<float,3>const&)#1},Chaos::GJKPenetration<true,float,Chaos::TSphere<float,3>,Chaos::FCapsule>(Chaos::TSphere<float,3>const&,Chaos::FCapsule_const&,Chaos::TRigidTransform<float,3>const&,float&,Chaos::TVector<float,3>&,Chaos::TVector<float,3>&,Chaos::TVector<float,3>&,int&,int&,float,float,Chaos::TVector<float,3>const&,float)::{lambda(Chaos::TVector<float,3>const&)#2}>	23519
140192932	936	GetMarginAdjustedVertex	23833
140196804	348	_ZNSt6__ndk111__sift_downIRNS_7greaterIZN5Chaos3EPAIfZNS2_14GJKPenetrationILb1EfNS2_7TSphereIfLi3EEENS2_7FConvexEEEbRKT1_RKT2_RKNS2_15TRigidTransformIT0_Li3EEERSF_RNS2_7TVectorISF_Li3EEESM_SM_RiSN_SF_SF_RKSL_SF_EUlRKNSK_IfLi3EEEE_ZNS4_ILb1EfS6_S7_EEbSA_SD_SI_SJ_SM_SM_SM_SN_SN_SF_SF_SP_SF_EUlSS_E0_EENS2_10EEPAResultER6TArrayINSK_IT_Li3EEE22TSizedDefaultAllocatorILi32EEES12_RKSF_SA_RSX_RSY_S16_S16_E16FEPAEntryWrapperEENS_11__wrap_iterIPS17_EEEEvSF_SF_SX_NS_15iterator_traitsISF_E15difference_typeESF_	23970
140199652	1868	EPA<float,Chaos::GJKPenetration<true,float,Chaos::TSphere<float,3>,Chaos::TImplicitObjectScaled<Chaos::TSphere<float,3>,true>>(Chaos::TSphere<float,3>const&,Chaos::TImplicitObjectScaled<Chaos::TSphere<float,3>,true>const&,Chaos::TRigidTransform<float,3>const&,float&,Chaos::TVector<float,3>&,Chaos::TVector<float,3>&,Chaos::TVector<float,3>&,int&,int&,float,float,Chaos::TVector<float,3>const&,float)::{lambda(Chaos::TVector<float,3>const&)#1},Chaos::GJKPenetration<true,float,Chaos::TSphere<float,3>,Chaos::TImplicitObjectScaled<Chaos::TSphere<float,3>,true>>(Chaos::TSphere<float,3>const&,Chaos::TImplicitObjectScaled<Chaos::TSphere<float,3>,true>const&,Chaos::TRigidTransform<float,3>const&,float&,Chaos::TVector<float,3>&,Chaos::TVector<float,3>&,Chaos::TVector<float,3>&,int&,int&,float,float,Chaos::TVector<float,3>const&,float)::{lambda(Chaos::TVector<float,3>const&)#2}>	24034
140221488	1432	GJKPenetration<true,float,Chaos::TSphere<float,3>,Chaos::TImplicitObjectScaled<Chaos::FConvex,true>>	24381
140236252	788	operator()	24672
140241856	1844	InitializeEPA<float,Chaos::GJKPenetration<true,float,Chaos::TSphere<float,3>,Chaos::TImplicitObjectInstanced<Chaos::TBox<float,3>>>(Chaos::TSphere<float,3>const&,Chaos::TImplicitObjectInstanced<Chaos::TBox<float,3>>const&,Chaos::TRigidTransform<float,3>const&,float&,Chaos::TVector<float,3>&,Chaos::TVector<float,3>&,Chaos::TVector<float,3>&,int&,int&,float,float,Chaos::TVector<float,3>const&,float)::{lambda(Chaos::TVector<float,3>const&)#1},Chaos::GJKPenetration<true,float,Chaos::TSphere<float,3>,Chaos::TImplicitObjectInstanced<Chaos::TBox<float,3>>>(Chaos::TSphere<float,3>const&,Chaos::TImplicitObjectInstanced<Chaos::TBox<float,3>>const&,Chaos::TRigidTransform<float,3>const&,float&,Chaos::TVector<float,3>&,Chaos::TVector<float,3>&,Chaos::TVector<float,3>&,int&,int&,float,float,Chaos::TVector<float,3>const&,float)::{lambda(Chaos::TVector<float,3>const&)#2}>	24844
140251840	608	operator()	25161
140255748	1656	EPA<float,Chaos::GJKPenetration<true,float,Chaos::TSphere<float,3>,Chaos::TImplicitObjectInstanced<Chaos::FConvex>>(Chaos::TSphere<float,3>const&,Chaos::TImplicitObjectInstanced<Chaos::FConvex>const&,Chaos::TRigidTransform<float,3>const&,float&,Chaos::TVector<float,3>&,Chaos::TVector<float,3>&,Chaos::TVector<float,3>&,int&,int&,float,float,Chaos::TVector<float,3>const&,float)::{lambda(Chaos::TVector<float,3>const&)#1},Chaos::GJKPenetration<true,float,Chaos::TSphere<float,3>,Chaos::TImplicitObjectInstanced<Chaos::FConvex>>(Chaos::TSphere<float,3>const&,Chaos::TImplicitObjectInstanced<Chaos::FConvex>const&,Chaos::TRigidTransform<float,3>const&,float&,Chaos::TVector<float,3>&,Chaos::TVector<float,3>&,Chaos::TVector<float,3>&,int&,int&,float,float,Chaos::TVector<float,3>const&,float)::{lambda(Chaos::TVector<float,3>const&)#2}>	25300
140274656	1752	EPA<float,Chaos::GJKPenetration<true,float,Chaos::TBox<float,3>,Chaos::FCapsule>(Chaos::TBox<float,3>const&,Chaos::FCapsule_const&,Chaos::TRigidTransform<float,3>const&,float&,Chaos::TVector<float,3>&,Chaos::TVector<float,3>&,Chaos::TVector<float,3>&,int&,int&,float,float,Chaos::TVector<float,3>const&,float)::{lambda(Chaos::TVector<float,3>const&)#1},Chaos::GJKPenetration<true,float,Chaos::TBox<float,3>,Chaos::FCapsule>(Chaos::TBox<float,3>const&,Chaos::FCapsule_const&,Chaos::TRigidTransform<float,3>const&,float&,Chaos::TVector<float,3>&,Chaos::TVector<float,3>&,Chaos::TVector<float,3>&,int&,int&,float,float,Chaos::TVector<float,3>const&,float)::{lambda(Chaos::TVector<float,3>const&)#2}>	25634
140295476	1068	operator()	25982
140303440	456	FUN_085cdc50	26202
140305088	932	GJKContactPoint2<Chaos::TBox<float,3>,Chaos::TImplicitObjectScaled<Chaos::FCapsule,true>>	26311
140307984	1752	EPA<float,Chaos::GJKPenetration<true,float,Chaos::TBox<float,3>,Chaos::TImplicitObjectScaled<Chaos::FCapsule,true>>(Chaos::TBox<float,3>const&,Chaos::TImplicitObjectScaled<Chaos::FCapsule,true>const&,Chaos::TRigidTransform<float,3>const&,float&,Chaos::TVector<float,3>&,Chaos::TVector<float,3>&,Chaos::TVector<float,3>&,int&,int&,float,float,Chaos::TVector<float,3>const&,float)::{lambda(Chaos::TVector<float,3>const&)#1},Chaos::GJKPenetration<true,float,Chaos::TBox<float,3>,Chaos::TImplicitObjectScaled<Chaos::FCapsule,true>>(Chaos::TBox<float,3>const&,Chaos::TImplicitObjectScaled<Chaos::FCapsule,true>const&,Chaos::TRigidTransform<float,3>const&,float&,Chaos::TVector<float,3>&,Chaos::TVector<float,3>&,Chaos::TVector<float,3>&,int&,int&,float,float,Chaos::TVector<float,3>const&,float)::{lambda(Chaos::TVector<float,3>const&)#2}>	26481
140328748	1012	operator()	26832
140336616	456	FUN_085d5de8	27043
140337888	28	operator()	27152
140337916	348	_ZNSt6__ndk111__sift_downIRNS_7greaterIZN5Chaos3EPAIfZNS2_14GJKPenetrationILb1EfNS2_4TBoxIfLi3EEENS2_24TImplicitObjectInstancedIS6_EEEEbRKT1_RKT2_RKNS2_15TRigidTransformIT0_Li3EEERSG_RNS2_7TVectorISG_Li3EEESN_SN_RiSO_SG_SG_RKSM_SG_EUlRKNSL_IfLi3EEEE_ZNS4_ILb1EfS6_S8_EEbSB_SE_SJ_SK_SN_SN_SN_SO_SO_SG_SG_SQ_SG_EUlST_E0_EENS2_10EEPAResultER6TArrayINSL_IT_Li3EEE22TSizedDefaultAllocatorILi32EEES13_RKSG_SB_RSY_RSZ_S17_S17_E16FEPAEntryWrapperEENS_11__wrap_iterIPS18_EEEEvSG_SG_SY_NS_15iterator_traitsISG_E15difference_typeESG_	27192
140340728	380	operator()	27256
140342860	1844	InitializeEPA<float,Chaos::GJKPenetration<true,float,Chaos::TBox<float,3>,Chaos::TImplicitObjectInstanced<Chaos::FCapsule>>(Chaos::TBox<float,3>const&,Chaos::TImplicitObjectInstanced<Chaos::FCapsule>const&,Chaos::TRigidTransform<float,3>const&,float&,Chaos::TVector<float,3>&,Chaos::TVector<float,3>&,Chaos::TVector<float,3>&,int&,int&,float,float,Chaos::TVector<float,3>const&,float)::{lambda(Chaos::TVector<float,3>const&)#1},Chaos::GJKPenetration<true,float,Chaos::TBox<float,3>,Chaos::TImplicitObjectInstanced<Chaos::FCapsule>>(Chaos::TBox<float,3>const&,Chaos::TImplicitObjectInstanced<Chaos::FCapsule>const&,Chaos::TRigidTransform<float,3>const&,float&,Chaos::TVector<float,3>&,Chaos::TVector<float,3>&,Chaos::TVector<float,3>&,int&,int&,float,float,Chaos::TVector<float,3>const&,float)::{lambda(Chaos::TVector<float,3>const&)#2}>	27276
140360068	1896	EPA<float,Chaos::GJKPenetration<true,float,Chaos::FCapsule,Chaos::TSphere<float,3>>(Chaos::FCapsule_const&,Chaos::TSphere<float,3>const&,Chaos::TRigidTransform<float,3>const&,float&,Chaos::TVector<float,3>&,Chaos::TVector<float,3>&,Chaos::TVector<float,3>&,int&,int&,float,float,Chaos::TVector<float,3>const&,float)::{lambda(Chaos::TVector<float,3>const&)#1},Chaos::GJKPenetration<true,float,Chaos::FCapsule,Chaos::TSphere<float,3>>(Chaos::FCapsule_const&,Chaos::TSphere<float,3>const&,Chaos::TRigidTransform<float,3>const&,float&,Chaos::TVector<float,3>&,Chaos::TVector<float,3>&,Chaos::TVector<float,3>&,int&,int&,float,float,Chaos::TVector<float,3>const&,float)::{lambda(Chaos::TVector<float,3>const&)#2}>	27592
140384224	1956	EPA<float,Chaos::GJKPenetration<true,float,Chaos::FCapsule,Chaos::TImplicitObjectScaled<Chaos::TSphere<float,3>,true>>(Chaos::FCapsule_const&,Chaos::TImplicitObjectScaled<Chaos::TSphere<float,3>,true>const&,Chaos::TRigidTransform<float,3>const&,float&,Chaos::TVector<float,3>&,Chaos::TVector<float,3>&,Chaos::TVector<float,3>&,int&,int&,float,float,Chaos::TVector<float,3>const&,float)::{lambda(Chaos::TVector<float,3>const&)#1},Chaos::GJKPenetration<true,float,Chaos::FCapsule,Chaos::TImplicitObjectScaled<Chaos::TSphere<float,3>,true>>(Chaos::FCapsule_const&,Chaos::TImplicitObjectScaled<Chaos::TSphere<float,3>,true>const&,Chaos::TRigidTransform<float,3>const&,float&,Chaos::TVector<float,3>&,Chaos::TVector<float,3>&,Chaos::TVector<float,3>&,int&,int&,float,float,Chaos::TVector<float,3>const&,float)::{lambda(Chaos::TVector<float,3>const&)#2}>	27949
140406856	1520	GJKPenetration<true,float,Chaos::FCapsule,Chaos::TImplicitObjectScaled<Chaos::FConvex,true>>	28308
140424956	1760	EPA<float,Chaos::GJKPenetration<true,float,Chaos::FCapsule,Chaos::TImplicitObjectInstanced<Chaos::TBox<float,3>>>(Chaos::FCapsule_const&,Chaos::TImplicitObjectInstanced<Chaos::TBox<float,3>>const&,Chaos::TRigidTransform<float,3>const&,float&,Chaos::TVector<float,3>&,Chaos::TVector<float,3>&,Chaos::TVector<float,3>&,int&,int&,float,float,Chaos::TVector<float,3>const&,float)::{lambda(Chaos::TVector<float,3>const&)#1},Chaos::GJKPenetration<true,float,Chaos::FCapsule,Chaos::TImplicitObjectInstanced<Chaos::TBox<float,3>>>(Chaos::FCapsule_const&,Chaos::TImplicitObjectInstanced<Chaos::TBox<float,3>>const&,Chaos::TRigidTransform<float,3>const&,float&,Chaos::TVector<float,3>&,Chaos::TVector<float,3>&,Chaos::TVector<float,3>&,int&,int&,float,float,Chaos::TVector<float,3>const&,float)::{lambda(Chaos::TVector<float,3>const&)#2}>	28611
140455148	456	FUN_085f2cec	28957
140456808	348	_ZNSt6__ndk111__sift_downIRNS_7greaterIZN5Chaos3EPAIfZNS2_14GJKPenetrationILb1EfNS2_7FConvexENS2_7TSphereIfLi3EEEEEbRKT1_RKT2_RKNS2_15TRigidTransformIT0_Li3EEERSF_RNS2_7TVectorISF_Li3EEESM_SM_RiSN_SF_SF_RKSL_SF_EUlRKNSK_IfLi3EEEE_ZNS4_ILb1EfS5_S7_EEbSA_SD_SI_SJ_SM_SM_SM_SN_SN_SF_SF_SP_SF_EUlSS_E0_EENS2_10EEPAResultER6TArrayINSK_IT_Li3EEE22TSizedDefaultAllocatorILi32EEES12_RKSF_SA_RSX_RSY_S16_S16_E16FEPAEntryWrapperEENS_11__wrap_iterIPS17_EEEEvSF_SF_SX_NS_15iterator_traitsISF_E15difference_typeESF_	29066
140457588	932	GJKContactPoint2<Chaos::FConvex,Chaos::TBox<float,3>>	29130
140464708	912	operator()	29298
140470772	1844	InitializeEPA<float,Chaos::GJKPenetration<true,float,Chaos::FConvex,Chaos::FCapsule>(Chaos::FConvex_const&,Chaos::FCapsule_const&,Chaos::TRigidTransform<float,3>const&,float&,Chaos::TVector<float,3>&,Chaos::TVector<float,3>&,Chaos::TVector<float,3>&,int&,int&,float,float,Chaos::TVector<float,3>const&,float)::{lambda(Chaos::TVector<float,3>const&)#1},Chaos::GJKPenetration<true,float,Chaos::FConvex,Chaos::FCapsule>(Chaos::FConvex_const&,Chaos::FCapsule_const&,Chaos::TRigidTransform<float,3>const&,float&,Chaos::TVector<float,3>&,Chaos::TVector<float,3>&,Chaos::TVector<float,3>&,int&,int&,float,float,Chaos::TVector<float,3>const&,float)::{lambda(Chaos::TVector<float,3>const&)#2}>	29502
140483336	932	GJKContactPoint2<Chaos::FConvex,Chaos::TImplicitObjectScaled<Chaos::TSphere<float,3>,true>>	29814
140491624	348	_ZNSt6__ndk111__sift_downIRNS_7greaterIZN5Chaos3EPAIfZNS2_14GJKPenetrationILb1EfNS2_7FConvexENS2_21TImplicitObjectScaledINS2_7TSphereIfLi3EEELb1EEEEEbRKT1_RKT2_RKNS2_15TRigidTransformIT0_Li3EEERSH_RNS2_7TVectorISH_Li3EEESO_SO_RiSP_SH_SH_RKSN_SH_EUlRKNSM_IfLi3EEEE_ZNS4_ILb1EfS5_S9_EEbSC_SF_SK_SL_SO_SO_SO_SP_SP_SH_SH_SR_SH_EUlSU_E0_EENS2_10EEPAResultER6TArrayINSM_IT_Li3EEE22TSizedDefaultAllocatorILi32EEES14_RKSH_SC_RSZ_RS10_S18_S18_E16FEPAEntryWrapperEENS_11__wrap_iterIPS19_EEEEvSH_SH_SZ_NS_15iterator_traitsISH_E15difference_typeESH_	29985
140494528	460	operator()	30049
140494988	1844	EPA<float,Chaos::GJKPenetration<true,float,Chaos::FConvex,Chaos::TImplicitObjectScaled<Chaos::TBox<float,3>,true>>(Chaos::FConvex_const&,Chaos::TImplicitObjectScaled<Chaos::TBox<float,3>,true>const&,Chaos::TRigidTransform<float,3>const&,float&,Chaos::TVector<float,3>&,Chaos::TVector<float,3>&,Chaos::TVector<float,3>&,int&,int&,float,float,Chaos::TVector<float,3>const&,float)::{lambda(Chaos::TVector<float,3>const&)#1},Chaos::GJKPenetration<true,float,Chaos::FConvex,Chaos::TImplicitObjectScaled<Chaos::TBox<float,3>,true>>(Chaos::FConvex_const&,Chaos::TImplicitObjectScaled<Chaos::TBox<float,3>,true>const&,Chaos::TRigidTransform<float,3>const&,float&,Chaos::TVector<float,3>&,Chaos::TVector<float,3>&,Chaos::TVector<float,3>&,int&,int&,float,float,Chaos::TVector<float,3>const&,float)::{lambda(Chaos::TVector<float,3>const&)#2}>	30134
140517468	348	_ZNSt6__ndk111__sift_downIRNS_7greaterIZN5Chaos3EPAIfZNS2_14GJKPenetrationILb1EfNS2_7FConvexENS2_21TImplicitObjectScaledIS5_Lb1EEEEEbRKT1_RKT2_RKNS2_15TRigidTransformIT0_Li3EEERSF_RNS2_7TVectorISF_Li3EEESM_SM_RiSN_SF_SF_RKSL_SF_EUlRKNSK_IfLi3EEEE_ZNS4_ILb1EfS5_S7_EEbSA_SD_SI_SJ_SM_SM_SM_SN_SN_SF_SF_SP_SF_EUlSS_E0_EENS2_10EEPAResultER6TArrayINSK_IT_Li3EEE22TSizedDefaultAllocatorILi32EEES12_RKSF_SA_RSX_RSY_S16_S16_E16FEPAEntryWrapperEENS_11__wrap_iterIPS17_EEEEvSF_SF_SX_NS_15iterator_traitsISF_E15difference_typeESF_	30499
140524276	456	FUN_08603af4	30563
140524732	1184	operator()	30672
140532956	456	FUN_08605cdc	30915
140534324	28	operator()	31024
140534352	348	_ZNSt6__ndk111__sift_downIRNS_7greaterIZN5Chaos3EPAIfZNS2_14GJKPenetrationILb1EfNS2_7FConvexENS2_24TImplicitObjectInstancedINS2_4TBoxIfLi3EEEEEEEbRKT1_RKT2_RKNS2_15TRigidTransformIT0_Li3EEERSH_RNS2_7TVectorISH_Li3EEESO_SO_RiSP_SH_SH_RKSN_SH_EUlRKNSM_IfLi3EEEE_ZNS4_ILb1EfS5_S9_EEbSC_SF_SK_SL_SO_SO_SO_SP_SP_SH_SH_SR_SH_EUlSU_E0_EENS2_10EEPAResultER6TArrayINSM_IT_Li3EEE22TSizedDefaultAllocatorILi32EEES14_RKSH_SC_RSZ_RS10_S18_S18_E16FEPAEntryWrapperEENS_11__wrap_iterIPS19_EEEEvSH_SH_SZ_NS_15iterator_traitsISH_E15difference_typeESH_	31064
140535632	1624	GJKPenetration<true,float,Chaos::FConvex,Chaos::TImplicitObjectInstanced<Chaos::FCapsule>>	31128
140558844	1844	InitializeEPA<float,Chaos::GJKPenetration<true,float,Chaos::TImplicitObjectScaled<Chaos::TSphere<float,3>,true>,Chaos::TSphere<float,3>>(Chaos::TImplicitObjectScaled<Chaos::TSphere<float,3>,true>const&,Chaos::TSphere<float,3>const&,Chaos::TRigidTransform<float,3>const&,float&,Chaos::TVector<float,3>&,Chaos::TVector<float,3>&,Chaos::TVector<float,3>&,int&,int&,float,float,Chaos::TVector<float,3>const&,float)::{lambda(Chaos::TVector<float,3>const&)#1},Chaos::GJKPenetration<true,float,Chaos::TImplicitObjectScaled<Chaos::TSphere<float,3>,true>,Chaos::TSphere<float,3>>(Chaos::TImplicitObjectScaled<Chaos::TSphere<float,3>,true>const&,Chaos::TSphere<float,3>const&,Chaos::TRigidTransform<float,3>const&,float&,Chaos::TVector<float,3>&,Chaos::TVector<float,3>&,Chaos::TVector<float,3>&,int&,int&,float,float,Chaos::TVector<float,3>const&,float)::{lambda(Chaos::TVector<float,3>const&)#2}>	31457
140570072	932	GJKContactPoint2<Chaos::TImplicitObjectScaled<Chaos::TSphere<float,3>,true>,Chaos::FCapsule>	31775
140576820	588	operator()	31946
140582412	1844	InitializeEPA<float,Chaos::GJKPenetration<true,float,Chaos::TImplicitObjectScaled<Chaos::TSphere<float,3>,true>,Chaos::FConvex>(Chaos::TImplicitObjectScaled<Chaos::TSphere<float,3>,true>const&,Chaos::FConvex_const&,Chaos::TRigidTransform<float,3>const&,float&,Chaos::TVector<float,3>&,Chaos::TVector<float,3>&,Chaos::TVector<float,3>&,int&,int&,float,float,Chaos::TVector<float,3>const&,float)::{lambda(Chaos::TVector<float,3>const&)#1},Chaos::GJKPenetration<true,float,Chaos::TImplicitObjectScaled<Chaos::TSphere<float,3>,true>,Chaos::FConvex>(Chaos::TImplicitObjectScaled<Chaos::TSphere<float,3>,true>const&,Chaos::FConvex_const&,Chaos::TRigidTransform<float,3>const&,float&,Chaos::TVector<float,3>&,Chaos::TVector<float,3>&,Chaos::TVector<float,3>&,int&,int&,float,float,Chaos::TVector<float,3>const&,float)::{lambda(Chaos::TVector<float,3>const&)#2}>	32090
140598200	1844	InitializeEPA<float,Chaos::GJKPenetration<true,float,Chaos::TImplicitObjectScaled<Chaos::TSphere<float,3>,true>,Chaos::TImplicitObjectScaled<Chaos::TBox<float,3>,true>>(Chaos::TImplicitObjectScaled<Chaos::TSphere<float,3>,true>const&,Chaos::TImplicitObjectScaled<Chaos::TBox<float,3>,true>const&,Chaos::TRigidTransform<float,3>const&,float&,Chaos::TVector<float,3>&,Chaos::TVector<float,3>&,Chaos::TVector<float,3>&,int&,int&,float,float,Chaos::TVector<float,3>const&,float)::{lambda(Chaos::TVector<float,3>const&)#1},Chaos::GJKPenetration<true,float,Chaos::TImplicitObjectScaled<Chaos::TSphere<float,3>,true>,Chaos::TImplicitObjectScaled<Chaos::TBox<float,3>,true>>(Chaos::TImplicitObjectScaled<Chaos::TSphere<float,3>,true>const&,Chaos::TImplicitObjectScaled<Chaos::TBox<float,3>,true>const&,Chaos::TRigidTransform<float,3>const&,float&,Chaos::TVector<float,3>&,Chaos::TVector<float,3>&,Chaos::TVector<float,3>&,int&,int&,float,float,Chaos::TVector<float,3>const&,float)::{lambda(Chaos::TVector<float,3>const&)#2}>	32407
140611620	556	operator()	32731
140616776	348	_ZNSt6__ndk111__sift_downIRNS_7greaterIZN5Chaos3EPAIfZNS2_14GJKPenetrationILb1EfNS2_21TImplicitObjectScaledINS2_7TSphereIfLi3EEELb1EEENS5_INS2_7FConvexELb1EEEEEbRKT1_RKT2_RKNS2_15TRigidTransformIT0_Li3EEERSI_RNS2_7TVectorISI_Li3EEESP_SP_RiSQ_SI_SI_RKSO_SI_EUlRKNSN_IfLi3EEEE_ZNS4_ILb1EfS8_SA_EEbSD_SG_SL_SM_SP_SP_SP_SQ_SQ_SI_SI_SS_SI_EUlSV_E0_EENS2_10EEPAResultER6TArrayINSN_IT_Li3EEE22TSizedDefaultAllocatorILi32EEES15_RKSI_SD_RS10_RS11_S19_S19_E16FEPAEntryWrapperEENS_11__wrap_iterIPS1A_EEEEvSI_SI_S10_NS_15iterator_traitsISI_E15difference_typeESI_	32825
140619600	1840	EPA<float,Chaos::GJKPenetration<true,float,Chaos::TImplicitObjectScaled<Chaos::TSphere<float,3>,true>,Chaos::TImplicitObjectInstanced<Chaos::TSphere<float,3>>>(Chaos::TImplicitObjectScaled<Chaos::TSphere<float,3>,true>const&,Chaos::TImplicitObjectInstanced<Chaos::TSphere<float,3>>const&,Chaos::TRigidTransform<float,3>const&,float&,Chaos::TVector<float,3>&,Chaos::TVector<float,3>&,Chaos::TVector<float,3>&,int&,int&,float,float,Chaos::TVector<float,3>const&,float)::{lambda(Chaos::TVector<float,3>const&)#1},Chaos::GJKPenetration<true,float,Chaos::TImplicitObjectScaled<Chaos::TSphere<float,3>,true>,Chaos::TImplicitObjectInstanced<Chaos::TSphere<float,3>>>(Chaos::TImplicitObjectScaled<Chaos::TSphere<float,3>,true>const&,Chaos::TImplicitObjectInstanced<Chaos::TSphere<float,3>>const&,Chaos::TRigidTransform<float,3>const&,float&,Chaos::TVector<float,3>&,Chaos::TVector<float,3>&,Chaos::TVector<float,3>&,int&,int&,float,float,Chaos::TVector<float,3>const&,float)::{lambda(Chaos::TVector<float,3>const&)#2}>	32889
140641324	1456	GJKPenetration<true,float,Chaos::TImplicitObjectScaled<Chaos::TSphere<float,3>,true>,Chaos::TImplicitObjectInstanced<Chaos::FConvex>>	33247
140659212	932	GJKContactPoint2<Chaos::TImplicitObjectScaled<Chaos::TBox<float,3>,true>,Chaos::TBox<float,3>>	33540
140666276	896	operator()	33711
140674112	456	FUN_08628440	33896
140675464	28	operator()	34005
140675492	348	_ZNSt6__ndk111__sift_downIRNS_7greaterIZN5Chaos3EPAIfZNS2_14GJKPenetrationILb1EfNS2_21TImplicitObjectScaledINS2_4TBoxIfLi3EEELb1EEENS2_8FCapsuleEEEbRKT1_RKT2_RKNS2_15TRigidTransformIT0_Li3EEERSH_RNS2_7TVectorISH_Li3EEESO_SO_RiSP_SH_SH_RKSN_SH_EUlRKNSM_IfLi3EEEE_ZNS4_ILb1EfS8_S9_EEbSC_SF_SK_SL_SO_SO_SO_SP_SP_SH_SH_SR_SH_EUlSU_E0_EENS2_10EEPAResultER6TArrayINSM_IT_Li3EEE22TSizedDefaultAllocatorILi32EEES14_RKSH_SC_RSZ_RS10_S18_S18_E16FEPAEntryWrapperEENS_11__wrap_iterIPS19_EEEEvSH_SH_SZ_NS_15iterator_traitsISH_E15difference_typeESH_	34047
140675840	932	GJKContactPoint2<Chaos::TImplicitObjectScaled<Chaos::TBox<float,3>,true>,Chaos::FConvex>	34111
140683040	896	operator()	34282
140692480	28	operator()	34468
140692508	348	_ZNSt6__ndk111__sift_downIRNS_7greaterIZN5Chaos3EPAIfZNS2_14GJKPenetrationILb1EfNS2_21TImplicitObjectScaledINS2_4TBoxIfLi3EEELb1EEENS5_INS2_7TSphereIfLi3EEELb1EEEEEbRKT1_RKT2_RKNS2_15TRigidTransformIT0_Li3EEERSJ_RNS2_7TVectorISJ_Li3EEESQ_SQ_RiSR_SJ_SJ_RKSP_SJ_EUlRKNSO_IfLi3EEEE_ZNS4_ILb1EfS8_SB_EEbSE_SH_SM_SN_SQ_SQ_SQ_SR_SR_SJ_SJ_ST_SJ_EUlSW_E0_EENS2_10EEPAResultER6TArrayINSO_IT_Li3EEE22TSizedDefaultAllocatorILi32EEES16_RKSJ_SE_RS11_RS12_S1A_S1A_E16FEPAEntryWrapperEENS_11__wrap_iterIPS1B_EEEEvSJ_SJ_S11_NS_15iterator_traitsISJ_E15difference_typeESJ_	34516
140695380	460	operator()	34580
140697660	1844	InitializeEPA<float,Chaos::GJKPenetration<true,float,Chaos::TImplicitObjectScaled<Chaos::TBox<float,3>,true>,Chaos::TImplicitObjectScaled<Chaos::TBox<float,3>,true>>(Chaos::TImplicitObjectScaled<Chaos::TBox<float,3>,true>const&,Chaos::TImplicitObjectScaled<Chaos::TBox<float,3>,true>const&,Chaos::TRigidTransform<float,3>const&,float&,Chaos::TVector<float,3>&,Chaos::TVector<float,3>&,Chaos::TVector<float,3>&,int&,int&,float,float,Chaos::TVector<float,3>const&,float)::{lambda(Chaos::TVector<float,3>const&)#1},Chaos::GJKPenetration<true,float,Chaos::TImplicitObjectScaled<Chaos::TBox<float,3>,true>,Chaos::TImplicitObjectScaled<Chaos::TBox<float,3>,true>>(Chaos::TImplicitObjectScaled<Chaos::TBox<float,3>,true>const&,Chaos::TImplicitObjectScaled<Chaos::TBox<float,3>,true>const&,Chaos::TRigidTransform<float,3>const&,float&,Chaos::TVector<float,3>&,Chaos::TVector<float,3>&,Chaos::TVector<float,3>&,int&,int&,float,float,Chaos::TVector<float,3>const&,float)::{lambda(Chaos::TVector<float,3>const&)#2}>	34666
140712660	1820	EPA<float,Chaos::GJKPenetration<true,float,Chaos::TImplicitObjectScaled<Chaos::TBox<float,3>,true>,Chaos::TImplicitObjectScaled<Chaos::FConvex,true>>(Chaos::TImplicitObjectScaled<Chaos::TBox<float,3>,true>const&,Chaos::TImplicitObjectScaled<Chaos::FConvex,true>const&,Chaos::TRigidTransform<float,3>const&,float&,Chaos::TVector<float,3>&,Chaos::TVector<float,3>&,Chaos::TVector<float,3>&,int&,int&,float,float,Chaos::TVector<float,3>const&,float)::{lambda(Chaos::TVector<float,3>const&)#1},Chaos::GJKPenetration<true,float,Chaos::TImplicitObjectScaled<Chaos::TBox<float,3>,true>,Chaos::TImplicitObjectScaled<Chaos::FConvex,true>>(Chaos::TImplicitObjectScaled<Chaos::TBox<float,3>,true>const&,Chaos::TImplicitObjectScaled<Chaos::FConvex,true>const&,Chaos::TRigidTransform<float,3>const&,float&,Chaos::TVector<float,3>&,Chaos::TVector<float,3>&,Chaos::TVector<float,3>&,int&,int&,float,float,Chaos::TVector<float,3>const&,float)::{lambda(Chaos::TVector<float,3>const&)#2}>	34990
140735772	1592	GJKPenetration<true,float,Chaos::TImplicitObjectScaled<Chaos::TBox<float,3>,true>,Chaos::TImplicitObjectInstanced<Chaos::FCapsule>>	35359
140756648	1932	EPA<float,Chaos::GJKPenetration<true,float,Chaos::TImplicitObjectScaled<Chaos::FCapsule,true>,Chaos::TSphere<float,3>>(Chaos::TImplicitObjectScaled<Chaos::FCapsule,true>const&,Chaos::TSphere<float,3>const&,Chaos::TRigidTransform<float,3>const&,float&,Chaos::TVector<float,3>&,Chaos::TVector<float,3>&,Chaos::TVector<float,3>&,int&,int&,float,float,Chaos::TVector<float,3>const&,float)::{lambda(Chaos::TVector<float,3>const&)#1},Chaos::GJKPenetration<true,float,Chaos::TImplicitObjectScaled<Chaos::FCapsule,true>,Chaos::TSphere<float,3>>(Chaos::TImplicitObjectScaled<Chaos::FCapsule,true>const&,Chaos::TSphere<float,3>const&,Chaos::TRigidTransform<float,3>const&,float&,Chaos::TVector<float,3>&,Chaos::TVector<float,3>&,Chaos::TVector<float,3>&,int&,int&,float,float,Chaos::TVector<float,3>const&,float)::{lambda(Chaos::TVector<float,3>const&)#2}>	35678
140777916	28	operator()	36045
140777944	348	_ZNSt6__ndk111__sift_downIRNS_7greaterIZN5Chaos3EPAIfZNS2_14GJKPenetrationILb1EfNS2_21TImplicitObjectScaledINS2_8FCapsuleELb1EEES6_EEbRKT1_RKT2_RKNS2_15TRigidTransformIT0_Li3EEERSF_RNS2_7TVectorISF_Li3EEESM_SM_RiSN_SF_SF_RKSL_SF_EUlRKNSK_IfLi3EEEE_ZNS4_ILb1EfS7_S6_EEbSA_SD_SI_SJ_SM_SM_SM_SN_SN_SF_SF_SP_SF_EUlSS_E0_EENS2_10EEPAResultER6TArrayINSK_IT_Li3EEE22TSizedDefaultAllocatorILi32EEES12_RKSF_SA_RSX_RSY_S16_S16_E16FEPAEntryWrapperEENS_11__wrap_iterIPS17_EEEEvSF_SF_SX_NS_15iterator_traitsISF_E15difference_typeESF_	36087
140779224	1532	GJKPenetration<true,float,Chaos::TImplicitObjectScaled<Chaos::FCapsule,true>,Chaos::FConvex>	36151
140797268	460	operator()	36458
140801320	456	FUN_08647528	36544
140802904	932	GJKContactPoint2<Chaos::TImplicitObjectScaled<Chaos::FCapsule,true>,Chaos::TImplicitObjectScaled<Chaos::FCapsule,true>>	36653
140810628	348	_ZNSt6__ndk111__sift_downIRNS_7greaterIZN5Chaos3EPAIfZNS2_14GJKPenetrationILb1EfNS2_21TImplicitObjectScaledINS2_8FCapsuleELb1EEES7_EEbRKT1_RKT2_RKNS2_15TRigidTransformIT0_Li3EEERSF_RNS2_7TVectorISF_Li3EEESM_SM_RiSN_SF_SF_RKSL_SF_EUlRKNSK_IfLi3EEEE_ZNS4_ILb1EfS7_S7_EEbSA_SD_SI_SJ_SM_SM_SM_SN_SN_SF_SF_SP_SF_EUlSS_E0_EENS2_10EEPAResultER6TArrayINSK_IT_Li3EEE22TSizedDefaultAllocatorILi32EEES12_RKSF_SA_RSX_RSY_S16_S16_E16FEPAEntryWrapperEENS_11__wrap_iterIPS17_EEEEvSF_SF_SX_NS_15iterator_traitsISF_E15difference_typeESF_	36825
140811908	1532	GJKPenetration<true,float,Chaos::TImplicitObjectScaled<Chaos::FCapsule,true>,Chaos::TImplicitObjectScaled<Chaos::FConvex,true>>	36889
140830188	1748	EPA<float,Chaos::GJKPenetration<true,float,Chaos::TImplicitObjectScaled<Chaos::FCapsule,true>,Chaos::TImplicitObjectInstanced<Chaos::TBox<float,3>>>(Chaos::TImplicitObjectScaled<Chaos::FCapsule,true>const&,Chaos::TImplicitObjectInstanced<Chaos::TBox<float,3>>const&,Chaos::TRigidTransform<float,3>const&,float&,Chaos::TVector<float,3>&,Chaos::TVector<float,3>&,Chaos::TVector<float,3>&,int&,int&,float,float,Chaos::TVector<float,3>const&,float)::{lambda(Chaos::TVector<float,3>const&)#1},Chaos::GJKPenetration<true,float,Chaos::TImplicitObjectScaled<Chaos::FCapsule,true>,Chaos::TImplicitObjectInstanced<Chaos::TBox<float,3>>>(Chaos::TImplicitObjectScaled<Chaos::FCapsule,true>const&,Chaos::TImplicitObjectInstanced<Chaos::TBox<float,3>>const&,Chaos::TRigidTransform<float,3>const&,float&,Chaos::TVector<float,3>&,Chaos::TVector<float,3>&,Chaos::TVector<float,3>&,int&,int&,float,float,Chaos::TVector<float,3>const&,float)::{lambda(Chaos::TVector<float,3>const&)#2}>	37198
140855016	1724	GJKPenetration<true,float,Chaos::TImplicitObjectScaled<Chaos::FConvex,true>,Chaos::TSphere<float,3>>	37558
140874588	1856	EPA<float,Chaos::GJKPenetration<true,float,Chaos::TImplicitObjectScaled<Chaos::FConvex,true>,Chaos::FCapsule>(Chaos::TImplicitObjectScaled<Chaos::FConvex,true>const&,Chaos::FCapsule_const&,Chaos::TRigidTransform<float,3>const&,float&,Chaos::TVector<float,3>&,Chaos::TVector<float,3>&,Chaos::TVector<float,3>&,int&,int&,float,float,Chaos::TVector<float,3>const&,float)::{lambda(Chaos::TVector<float,3>const&)#1},Chaos::GJKPenetration<true,float,Chaos::TImplicitObjectScaled<Chaos::FConvex,true>,Chaos::FCapsule>(Chaos::TImplicitObjectScaled<Chaos::FConvex,true>const&,Chaos::FCapsule_const&,Chaos::TRigidTransform<float,3>const&,float&,Chaos::TVector<float,3>&,Chaos::TVector<float,3>&,Chaos::TVector<float,3>&,int&,int&,float,float,Chaos::TVector<float,3>const&,float)::{lambda(Chaos::TVector<float,3>const&)#2}>	37906
140898068	932	GJKContactPoint2<Chaos::TImplicitObjectScaled<Chaos::FConvex,true>,Chaos::TImplicitObjectScaled<Chaos::TBox<float,3>,true>>	38286
140905268	1012	operator()	38458
140913828	1012	operator()	38701
140924332	932	GJKContactPoint2<Chaos::TImplicitObjectScaled<Chaos::FConvex,true>,Chaos::TImplicitObjectInstanced<Chaos::TSphere<float,3>>>	38941
140930792	456	FUN_08666ee8	39113
140932912	932	GJKContactPoint2<Chaos::TImplicitObjectScaled<Chaos::FConvex,true>,Chaos::TImplicitObjectInstanced<Chaos::TBox<float,3>>>	39222
140939616	456	FUN_08669160	39394
140941460	932	GJKContactPoint2<Chaos::TImplicitObjectScaled<Chaos::FConvex,true>,Chaos::TImplicitObjectInstanced<Chaos::FCapsule>>	39503
140948124	456	FUN_0866b29c	39675
140949592	28	operator()	39784
140949620	348	_ZNSt6__ndk111__sift_downIRNS_7greaterIZN5Chaos3EPAIfZNS2_14GJKPenetrationILb1EfNS2_21TImplicitObjectScaledINS2_7FConvexELb1EEENS2_24TImplicitObjectInstancedINS2_8FCapsuleEEEEEbRKT1_RKT2_RKNS2_15TRigidTransformIT0_Li3EEERSI_RNS2_7TVectorISI_Li3EEESP_SP_RiSQ_SI_SI_RKSO_SI_EUlRKNSN_IfLi3EEEE_ZNS4_ILb1EfS7_SA_EEbSD_SG_SL_SM_SP_SP_SP_SQ_SQ_SI_SI_SS_SI_EUlSV_E0_EENS2_10EEPAResultER6TArrayINSN_IT_Li3EEE22TSizedDefaultAllocatorILi32EEES15_RKSI_SD_RS10_RS11_S19_S19_E16FEPAEntryWrapperEENS_11__wrap_iterIPS1A_EEEEvSI_SI_S10_NS_15iterator_traitsISI_E15difference_typeESI_	39828
140950400	932	GJKContactPoint2<Chaos::TImplicitObjectScaled<Chaos::FConvex,true>,Chaos::TImplicitObjectInstanced<Chaos::FConvex>>	39892
140955400	1844	InitializeEPA<float,Chaos::GJKPenetration<true,float,Chaos::TImplicitObjectScaled<Chaos::FConvex,true>,Chaos::TImplicitObjectInstanced<Chaos::FConvex>>(Chaos::TImplicitObjectScaled<Chaos::FConvex,true>const&,Chaos::TImplicitObjectInstanced<Chaos::FConvex>const&,Chaos::TRigidTransform<float,3>const&,float&,Chaos::TVector<float,3>&,Chaos::TVector<float,3>&,Chaos::TVector<float,3>&,int&,int&,float,float,Chaos::TVector<float,3>const&,float)::{lambda(Chaos::TVector<float,3>const&)#1},Chaos::GJKPenetration<true,float,Chaos::TImplicitObjectScaled<Chaos::FConvex,true>,Chaos::TImplicitObjectInstanced<Chaos::FConvex>>(Chaos::TImplicitObjectScaled<Chaos::FConvex,true>const&,Chaos::TImplicitObjectInstanced<Chaos::FConvex>const&,Chaos::TRigidTransform<float,3>const&,float&,Chaos::TVector<float,3>&,Chaos::TVector<float,3>&,Chaos::TVector<float,3>&,int&,int&,float,float,Chaos::TVector<float,3>const&,float)::{lambda(Chaos::TVector<float,3>const&)#2}>	40064
140971684	420	operator()	40384
140973764	1844	InitializeEPA<float,Chaos::GJKPenetration<true,float,Chaos::TImplicitObjectInstanced<Chaos::TSphere<float,3>>,Chaos::TBox<float,3>>(Chaos::TImplicitObjectInstanced<Chaos::TSphere<float,3>>const&,Chaos::TBox<float,3>const&,Chaos::TRigidTransform<float,3>const&,float&,Chaos::TVector<float,3>&,Chaos::TVector<float,3>&,Chaos::TVector<float,3>&,int&,int&,float,float,Chaos::TVector<float,3>const&,float)::{lambda(Chaos::TVector<float,3>const&)#1},Chaos::GJKPenetration<true,float,Chaos::TImplicitObjectInstanced<Chaos::TSphere<float,3>>,Chaos::TBox<float,3>>(Chaos::TImplicitObjectInstanced<Chaos::TSphere<float,3>>const&,Chaos::TBox<float,3>const&,Chaos::TRigidTransform<float,3>const&,float&,Chaos::TVector<float,3>&,Chaos::TVector<float,3>&,Chaos::TVector<float,3>&,int&,int&,float,float,Chaos::TVector<float,3>const&,float)::{lambda(Chaos::TVector<float,3>const&)#2}>	40459
140985684	1436	GJKPenetration<true,float,Chaos::TImplicitObjectInstanced<Chaos::TSphere<float,3>>,Chaos::FConvex>	40777
141006880	456	FUN_08679820	41069
141007980	348	_ZNSt6__ndk111__sift_downIRNS_7greaterIZN5Chaos3EPAIfZNS2_14GJKPenetrationILb1EfNS2_24TImplicitObjectInstancedINS2_7TSphereIfLi3EEEEENS2_21TImplicitObjectScaledINS2_4TBoxIfLi3EEELb1EEEEEbRKT1_RKT2_RKNS2_15TRigidTransformIT0_Li3EEERSK_RNS2_7TVectorISK_Li3EEESR_SR_RiSS_SK_SK_RKSQ_SK_EUlRKNSP_IfLi3EEEE_ZNS4_ILb1EfS8_SC_EEbSF_SI_SN_SO_SR_SR_SR_SS_SS_SK_SK_SU_SK_EUlSX_E0_EENS2_10EEPAResultER6TArrayINSP_IT_Li3EEE22TSizedDefaultAllocatorILi32EEES17_RKSK_SF_RS12_RS13_S1B_S1B_E16FEPAEntryWrapperEENS_11__wrap_iterIPS1C_EEEEvSK_SK_S12_NS_15iterator_traitsISK_E15difference_typeESK_	41178
141010696	432	operator()	41242
141012788	1844	InitializeEPA<float,Chaos::GJKPenetration<true,float,Chaos::TImplicitObjectInstanced<Chaos::TSphere<float,3>>,Chaos::TImplicitObjectScaled<Chaos::FCapsule,true>>(Chaos::TImplicitObjectInstanced<Chaos::TSphere<float,3>>const&,Chaos::TImplicitObjectScaled<Chaos::FCapsule,true>const&,Chaos::TRigidTransform<float,3>const&,float&,Chaos::TVector<float,3>&,Chaos::TVector<float,3>&,Chaos::TVector<float,3>&,int&,int&,float,float,Chaos::TVector<float,3>const&,float)::{lambda(Chaos::TVector<float,3>const&)#1},Chaos::GJKPenetration<true,float,Chaos::TImplicitObjectInstanced<Chaos::TSphere<float,3>>,Chaos::TImplicitObjectScaled<Chaos::FCapsule,true>>(Chaos::TImplicitObjectInstanced<Chaos::TSphere<float,3>>const&,Chaos::TImplicitObjectScaled<Chaos::FCapsule,true>const&,Chaos::TRigidTransform<float,3>const&,float&,Chaos::TVector<float,3>&,Chaos::TVector<float,3>&,Chaos::TVector<float,3>&,int&,int&,float,float,Chaos::TVector<float,3>const&,float)::{lambda(Chaos::TVector<float,3>const&)#2}>	41322
141030084	456	FUN_0867f2c4	41646
141031336	28	operator()	41755
141031364	348	_ZNSt6__ndk111__sift_downIRNS_7greaterIZN5Chaos3EPAIfZNS2_14GJKPenetrationILb1EfNS2_24TImplicitObjectInstancedINS2_7TSphereIfLi3EEEEES8_EEbRKT1_RKT2_RKNS2_15TRigidTransformIT0_Li3EEERSG_RNS2_7TVectorISG_Li3EEESN_SN_RiSO_SG_SG_RKSM_SG_EUlRKNSL_IfLi3EEEE_ZNS4_ILb1EfS8_S8_EEbSB_SE_SJ_SK_SN_SN_SN_SO_SO_SG_SG_SQ_SG_EUlST_E0_EENS2_10EEPAResultER6TArrayINSL_IT_Li3EEE22TSizedDefaultAllocatorILi32EEES13_RKSG_SB_RSY_RSZ_S17_S17_E16FEPAEntryWrapperEENS_11__wrap_iterIPS18_EEEEvSG_SG_SY_NS_15iterator_traitsISG_E15difference_typeESG_	41803
141034080	420	operator()	41867
141036160	1844	InitializeEPA<float,Chaos::GJKPenetration<true,float,Chaos::TImplicitObjectInstanced<Chaos::TSphere<float,3>>,Chaos::TImplicitObjectInstanced<Chaos::TBox<float,3>>>(Chaos::TImplicitObjectInstanced<Chaos::TSphere<float,3>>const&,Chaos::TImplicitObjectInstanced<Chaos::TBox<float,3>>const&,Chaos::TRigidTransform<float,3>const&,float&,Chaos::TVector<float,3>&,Chaos::TVector<float,3>&,Chaos::TVector<float,3>&,int&,int&,float,float,Chaos::TVector<float,3>const&,float)::{lambda(Chaos::TVector<float,3>const&)#1},Chaos::GJKPenetration<true,float,Chaos::TImplicitObjectInstanced<Chaos::TSphere<float,3>>,Chaos::TImplicitObjectInstanced<Chaos::TBox<float,3>>>(Chaos::TImplicitObjectInstanced<Chaos::TSphere<float,3>>const&,Chaos::TImplicitObjectInstanced<Chaos::TBox<float,3>>const&,Chaos::TRigidTransform<float,3>const&,float&,Chaos::TVector<float,3>&,Chaos::TVector<float,3>&,Chaos::TVector<float,3>&,int&,int&,float,float,Chaos::TVector<float,3>const&,float)::{lambda(Chaos::TVector<float,3>const&)#2}>	41943
141053584	456	FUN_08684e90	42267
141055032	2488	FUN_08685438	42376
141088600	456	FUN_0868d758	42909
141091188	1664	GJKPenetration<true,float,Chaos::TImplicitObjectInstanced<Chaos::TBox<float,3>>,Chaos::TImplicitObjectScaled<Chaos::TSphere<float,3>,true>>	43018
141114560	28	operator()	43354
141114588	348	_ZNSt6__ndk111__sift_downIRNS_7greaterIZN5Chaos3EPAIfZNS2_14GJKPenetrationILb1EfNS2_24TImplicitObjectInstancedINS2_4TBoxIfLi3EEEEENS2_21TImplicitObjectScaledINS2_8FCapsuleELb1EEEEEbRKT1_RKT2_RKNS2_15TRigidTransformIT0_Li3EEERSJ_RNS2_7TVectorISJ_Li3EEESQ_SQ_RiSR_SJ_SJ_RKSP_SJ_EUlRKNSO_IfLi3EEEE_ZNS4_ILb1EfS8_SB_EEbSE_SH_SM_SN_SQ_SQ_SQ_SR_SR_SJ_SJ_ST_SJ_EUlSW_E0_EENS2_10EEPAResultER6TArrayINSO_IT_Li3EEE22TSizedDefaultAllocatorILi32EEES16_RKSJ_SE_RS11_RS12_S1A_S1A_E16FEPAEntryWrapperEENS_11__wrap_iterIPS1B_EEEEvSJ_SJ_S11_NS_15iterator_traitsISJ_E15difference_typeESJ_	43402
141115868	1536	GJKPenetration<true,float,Chaos::TImplicitObjectInstanced<Chaos::TBox<float,3>>,Chaos::TImplicitObjectScaled<Chaos::FConvex,true>>	43466
141137932	456	FUN_0869980c	43778
141139588	932	GJKContactPoint2<Chaos::TImplicitObjectInstanced<Chaos::TBox<float,3>>,Chaos::TImplicitObjectInstanced<Chaos::FCapsule>>	43887
141147344	348	_ZNSt6__ndk111__sift_downIRNS_7greaterIZN5Chaos3EPAIfZNS2_14GJKPenetrationILb1EfNS2_24TImplicitObjectInstancedINS2_4TBoxIfLi3EEEEENS5_INS2_8FCapsuleEEEEEbRKT1_RKT2_RKNS2_15TRigidTransformIT0_Li3EEERSI_RNS2_7TVectorISI_Li3EEESP_SP_RiSQ_SI_SI_RKSO_SI_EUlRKNSN_IfLi3EEEE_ZNS4_ILb1EfS8_SA_EEbSD_SG_SL_SM_SP_SP_SP_SQ_SQ_SI_SI_SS_SI_EUlSV_E0_EENS2_10EEPAResultER6TArrayINSN_IT_Li3EEE22TSizedDefaultAllocatorILi32EEES15_RKSI_SD_RS10_RS11_S19_S19_E16FEPAEntryWrapperEENS_11__wrap_iterIPS1A_EEEEvSI_SI_S10_NS_15iterator_traitsISI_E15difference_typeESI_	44059
141150160	560	operator()	44123
141154320	456	FUN_0869d810	44232
141155976	2488	FUN_0869de88	44341
141184940	556	operator()	44874
141189560	704	operator()	44980
141195188	1844	InitializeEPA<float,Chaos::GJKPenetration<true,float,Chaos::TImplicitObjectInstanced<Chaos::FCapsule>,Chaos::TImplicitObjectScaled<Chaos::TSphere<float,3>,true>>(Chaos::TImplicitObjectInstanced<Chaos::FCapsule>const&,Chaos::TImplicitObjectScaled<Chaos::TSphere<float,3>,true>const&,Chaos::TRigidTransform<float,3>const&,float&,Chaos::TVector<float,3>&,Chaos::TVector<float,3>&,Chaos::TVector<float,3>&,int&,int&,float,float,Chaos::TVector<float,3>const&,float)::{lambda(Chaos::TVector<float,3>const&)#1},Chaos::GJKPenetration<true,float,Chaos::TImplicitObjectInstanced<Chaos::FCapsule>,Chaos::TImplicitObjectScaled<Chaos::TSphere<float,3>,true>>(Chaos::TImplicitObjectInstanced<Chaos::FCapsule>const&,Chaos::TImplicitObjectScaled<Chaos::TSphere<float,3>,true>const&,Chaos::TRigidTransform<float,3>const&,float&,Chaos::TVector<float,3>&,Chaos::TVector<float,3>&,Chaos::TVector<float,3>&,int&,int&,float,float,Chaos::TVector<float,3>const&,float)::{lambda(Chaos::TVector<float,3>const&)#2}>	45138
141209396	432	operator()	45462
141213436	456	FUN_086abefc	45542
141214596	28	operator()	45651
141214972	932	GJKContactPoint2<Chaos::TImplicitObjectInstanced<Chaos::FCapsule>,Chaos::TImplicitObjectScaled<Chaos::FConvex,true>>	45696
141222752	28	operator()	45868
141222780	348	_ZNSt6__ndk111__sift_downIRNS_7greaterIZN5Chaos3EPAIfZNS2_14GJKPenetrationILb1EfNS2_24TImplicitObjectInstancedINS2_8FCapsuleEEENS2_21TImplicitObjectScaledINS2_7FConvexELb1EEEEEbRKT1_RKT2_RKNS2_15TRigidTransformIT0_Li3EEERSI_RNS2_7TVectorISI_Li3EEESP_SP_RiSQ_SI_SI_RKSO_SI_EUlRKNSN_IfLi3EEEE_ZNS4_ILb1EfS7_SA_EEbSD_SG_SL_SM_SP_SP_SP_SQ_SQ_SI_SI_SS_SI_EUlSV_E0_EENS2_10EEPAResultER6TArrayINSN_IT_Li3EEE22TSizedDefaultAllocatorILi32EEES15_RKSI_SD_RS10_RS11_S19_S19_E16FEPAEntryWrapperEENS_11__wrap_iterIPS1A_EEEEvSI_SI_S10_NS_15iterator_traitsISI_E15difference_typeESI_	45913
141227572	1844	InitializeEPA<float,Chaos::GJKPenetration<true,float,Chaos::TImplicitObjectInstanced<Chaos::FCapsule>,Chaos::TImplicitObjectInstanced<Chaos::TSphere<float,3>>>(Chaos::TImplicitObjectInstanced<Chaos::FCapsule>const&,Chaos::TImplicitObjectInstanced<Chaos::TSphere<float,3>>const&,Chaos::TRigidTransform<float,3>const&,float&,Chaos::TVector<float,3>&,Chaos::TVector<float,3>&,Chaos::TVector<float,3>&,int&,int&,float,float,Chaos::TVector<float,3>const&,float)::{lambda(Chaos::TVector<float,3>const&)#1},Chaos::GJKPenetration<true,float,Chaos::TImplicitObjectInstanced<Chaos::FCapsule>,Chaos::TImplicitObjectInstanced<Chaos::TSphere<float,3>>>(Chaos::TImplicitObjectInstanced<Chaos::FCapsule>const&,Chaos::TImplicitObjectInstanced<Chaos::TSphere<float,3>>const&,Chaos::TRigidTransform<float,3>const&,float&,Chaos::TVector<float,3>&,Chaos::TVector<float,3>&,Chaos::TVector<float,3>&,int&,int&,float,float,Chaos::TVector<float,3>const&,float)::{lambda(Chaos::TVector<float,3>const&)#2}>	45977
141241644	380	operator()	46301
141243788	1844	InitializeEPA<float,Chaos::GJKPenetration<true,float,Chaos::TImplicitObjectInstanced<Chaos::FCapsule>,Chaos::TImplicitObjectInstanced<Chaos::FCapsule>>(Chaos::TImplicitObjectInstanced<Chaos::FCapsule>const&,Chaos::TImplicitObjectInstanced<Chaos::FCapsule>const&,Chaos::TRigidTransform<float,3>const&,float&,Chaos::TVector<float,3>&,Chaos::TVector<float,3>&,Chaos::TVector<float,3>&,int&,int&,float,float,Chaos::TVector<float,3>const&,float)::{lambda(Chaos::TVector<float,3>const&)#1},Chaos::GJKPenetration<true,float,Chaos::TImplicitObjectInstanced<Chaos::FCapsule>,Chaos::TImplicitObjectInstanced<Chaos::FCapsule>>(Chaos::TImplicitObjectInstanced<Chaos::FCapsule>const&,Chaos::TImplicitObjectInstanced<Chaos::FCapsule>const&,Chaos::TRigidTransform<float,3>const&,float&,Chaos::TVector<float,3>&,Chaos::TVector<float,3>&,Chaos::TVector<float,3>&,int&,int&,float,float,Chaos::TVector<float,3>const&,float)::{lambda(Chaos::TVector<float,3>const&)#2}>	46322
141260484	1960	EPA<float,Chaos::GJKPenetration<true,float,Chaos::TImplicitObjectInstanced<Chaos::FConvex>,Chaos::TSphere<float,3>>(Chaos::TImplicitObjectInstanced<Chaos::FConvex>const&,Chaos::TSphere<float,3>const&,Chaos::TRigidTransform<float,3>const&,float&,Chaos::TVector<float,3>&,Chaos::TVector<float,3>&,Chaos::TVector<float,3>&,int&,int&,float,float,Chaos::TVector<float,3>const&,float)::{lambda(Chaos::TVector<float,3>const&)#1},Chaos::GJKPenetration<true,float,Chaos::TImplicitObjectInstanced<Chaos::FConvex>,Chaos::TSphere<float,3>>(Chaos::TImplicitObjectInstanced<Chaos::FConvex>const&,Chaos::TSphere<float,3>const&,Chaos::TRigidTransform<float,3>const&,float&,Chaos::TVector<float,3>&,Chaos::TVector<float,3>&,Chaos::TVector<float,3>&,int&,int&,float,float,Chaos::TVector<float,3>const&,float)::{lambda(Chaos::TVector<float,3>const&)#2}>	46645
141283540	432	UpdateConvexConvexConstraint<Chaos::TImplicitObjectInstanced<Chaos::FConvex>,Chaos::FConvex>	47026
141287088	1848	EPA<float,Chaos::GJKPenetration<true,float,Chaos::TImplicitObjectInstanced<Chaos::FConvex>,Chaos::FConvex>(Chaos::TImplicitObjectInstanced<Chaos::FConvex>const&,Chaos::FConvex_const&,Chaos::TRigidTransform<float,3>const&,float&,Chaos::TVector<float,3>&,Chaos::TVector<float,3>&,Chaos::TVector<float,3>&,int&,int&,float,float,Chaos::TVector<float,3>const&,float)::{lambda(Chaos::TVector<float,3>const&)#1},Chaos::GJKPenetration<true,float,Chaos::TImplicitObjectInstanced<Chaos::FConvex>,Chaos::FConvex>(Chaos::TImplicitObjectInstanced<Chaos::FConvex>const&,Chaos::FConvex_const&,Chaos::TRigidTransform<float,3>const&,float&,Chaos::TVector<float,3>&,Chaos::TVector<float,3>&,Chaos::TVector<float,3>&,int&,int&,float,float,Chaos::TVector<float,3>const&,float)::{lambda(Chaos::TVector<float,3>const&)#2}>	47118
141312208	432	operator()	47483
141314488	1844	InitializeEPA<float,Chaos::GJKPenetration<true,float,Chaos::TImplicitObjectInstanced<Chaos::FConvex>,Chaos::TImplicitObjectScaled<Chaos::FCapsule,true>>(Chaos::TImplicitObjectInstanced<Chaos::FConvex>const&,Chaos::TImplicitObjectScaled<Chaos::FCapsule,true>const&,Chaos::TRigidTransform<float,3>const&,float&,Chaos::TVector<float,3>&,Chaos::TVector<float,3>&,Chaos::TVector<float,3>&,int&,int&,float,float,Chaos::TVector<float,3>const&,float)::{lambda(Chaos::TVector<float,3>const&)#1},Chaos::GJKPenetration<true,float,Chaos::TImplicitObjectInstanced<Chaos::FConvex>,Chaos::TImplicitObjectScaled<Chaos::FCapsule,true>>(Chaos::TImplicitObjectInstanced<Chaos::FConvex>const&,Chaos::TImplicitObjectScaled<Chaos::FCapsule,true>const&,Chaos::TRigidTransform<float,3>const&,float&,Chaos::TVector<float,3>&,Chaos::TVector<float,3>&,Chaos::TVector<float,3>&,int&,int&,float,float,Chaos::TVector<float,3>const&,float)::{lambda(Chaos::TVector<float,3>const&)#2}>	47563
141328008	1728	GJKPenetration<true,float,Chaos::TImplicitObjectInstanced<Chaos::FConvex>,Chaos::TImplicitObjectInstanced<Chaos::TSphere<float,3>>>	47884
141355368	560	operator()	48228
141360076	920	operator()	48336
141374012	2528	FUN_086d323c	48551
141403956	2576	FUN_086da734	49086
141424080	1964	FUN_086df5d0	49624
141437388	1800	EPA<float,Chaos::GJKRaycast2<float,Chaos::TSphere<float,3>,Chaos::TSphere<float,3>>(Chaos::TSphere<float,3>const&,Chaos::TSphere<float,3>const&,Chaos::TRigidTransform<float,3>const&,Chaos::TVector<float,3>const&,float,float&,Chaos::TVector<float,3>&,Chaos::TVector<float,3>&,float,bool,Chaos::TVector<float,3>const&,float)::{lambda(Chaos::TVector<float,3>const&)#1},Chaos::GJKRaycast2<float,Chaos::TSphere<float,3>,Chaos::TSphere<float,3>>(Chaos::TSphere<float,3>const&,Chaos::TSphere<float,3>const&,Chaos::TRigidTransform<float,3>const&,Chaos::TVector<float,3>const&,float,float&,Chaos::TVector<float,3>&,Chaos::TVector<float,3>&,float,bool,Chaos::TVector<float,3>const&,float)::{lambda(Chaos::TVector<float,3>const&)#3}>	50055
141467140	1844	InitializeEPA<float,Chaos::GJKRaycast2<float,Chaos::FConvex,Chaos::TSphere<float,3>>(Chaos::FConvex_const&,Chaos::TSphere<float,3>const&,Chaos::TRigidTransform<float,3>const&,Chaos::TVector<float,3>const&,float,float&,Chaos::TVector<float,3>&,Chaos::TVector<float,3>&,float,bool,Chaos::TVector<float,3>const&,float)::{lambda(Chaos::TVector<float,3>const&)#1},Chaos::GJKRaycast2<float,Chaos::FConvex,Chaos::TSphere<float,3>>(Chaos::FConvex_const&,Chaos::TSphere<float,3>const&,Chaos::TRigidTransform<float,3>const&,Chaos::TVector<float,3>const&,float,float&,Chaos::TVector<float,3>&,Chaos::TVector<float,3>&,float,bool,Chaos::TVector<float,3>const&,float)::{lambda(Chaos::TVector<float,3>const&)#3}>	50394
141478292	456	FUN_086ec994	50706
141479176	28	operator()	50815
141479204	348	_ZNSt6__ndk111__sift_downIRNS_7greaterIZN5Chaos3EPAIfZNS2_11GJKRaycast2IfNS2_21TImplicitObjectScaledINS2_7TSphereIfLi3EEELb1EEES7_EEbRKT0_RKT1_RKNS2_15TRigidTransformIT_Li3EEERKNS2_7TVectorISG_Li3EEESG_RSG_RSL_SP_SG_bSN_SG_EUlRKNSK_IfLi3EEEE_ZNS4_IfS8_S7_EEbSB_SE_SJ_SN_SG_SO_SP_SP_SG_bSN_SG_EUlSS_E1_EENS2_10EEPAResultER6TArrayISL_22TSizedDefaultAllocatorILi32EEES10_SB_SE_SO_SP_SP_SP_E16FEPAEntryWrapperEENS_11__wrap_iterIPS11_EEEEvS9_S9_SG_NS_15iterator_traitsIS9_E15difference_typeES9_	50856
141480608	3092	GJKRaycast2<float,Chaos::TImplicitObjectScaled<Chaos::TBox<float,3>,true>,Chaos::TSphere<float,3>>	50920
141523292	1844	InitializeEPA<float,Chaos::GJKRaycast2<float,Chaos::TImplicitObjectInstanced<Chaos::TBox<float,3>>,Chaos::TSphere<float,3>>(Chaos::TImplicitObjectInstanced<Chaos::TBox<float,3>>const&,Chaos::TSphere<float,3>const&,Chaos::TRigidTransform<float,3>const&,Chaos::TVector<float,3>const&,float,float&,Chaos::TVector<float,3>&,Chaos::TVector<float,3>&,float,bool,Chaos::TVector<float,3>const&,float)::{lambda(Chaos::TVector<float,3>const&)#1},Chaos::GJKRaycast2<float,Chaos::TImplicitObjectInstanced<Chaos::TBox<float,3>>,Chaos::TSphere<float,3>>(Chaos::TImplicitObjectInstanced<Chaos::TBox<float,3>>const&,Chaos::TSphere<float,3>const&,Chaos::TRigidTransform<float,3>const&,Chaos::TVector<float,3>const&,float,float&,Chaos::TVector<float,3>&,Chaos::TVector<float,3>&,float,bool,Chaos::TVector<float,3>const&,float)::{lambda(Chaos::TVector<float,3>const&)#3}>	51458
141535608	28	operator()	51774
141535636	348	_ZNSt6__ndk111__sift_downIRNS_7greaterIZN5Chaos3EPAIfZNS2_11GJKRaycast2IfNS2_24TImplicitObjectInstancedINS2_8FCapsuleEEENS2_7TSphereIfLi3EEEEEbRKT0_RKT1_RKNS2_15TRigidTransformIT_Li3EEERKNS2_7TVectorISH_Li3EEESH_RSH_RSM_SQ_SH_bSO_SH_EUlRKNSL_IfLi3EEEE_ZNS4_IfS7_S9_EEbSC_SF_SK_SO_SH_SP_SQ_SQ_SH_bSO_SH_EUlST_E1_EENS2_10EEPAResultER6TArrayISM_22TSizedDefaultAllocatorILi32EEES11_SC_SF_SP_SQ_SQ_SQ_E16FEPAEntryWrapperEENS_11__wrap_iterIPS12_EEEEvSA_SA_SH_NS_15iterator_traitsISA_E15difference_typeESA_	51815
141537040	3184	GJKRaycast2<float,Chaos::TImplicitObjectInstanced<Chaos::FConvex>,Chaos::TSphere<float,3>>	51879
141566380	28	operator()	52445
141566408	348	_ZNSt6__ndk111__sift_downIRNS_7greaterIZN5Chaos3EPAIfZNS2_11GJKRaycast2IfNS2_4TBoxIfLi3EEES6_EEbRKT0_RKT1_RKNS2_15TRigidTransformIT_Li3EEERKNS2_7TVectorISE_Li3EEESE_RSE_RSJ_SN_SE_bSL_SE_EUlRKNSI_IfLi3EEEE_ZNS4_IfS6_S6_EEbS9_SC_SH_SL_SE_SM_SN_SN_SE_bSL_SE_EUlSQ_E1_EENS2_10EEPAResultER6TArrayISJ_22TSizedDefaultAllocatorILi32EEESY_S9_SC_SM_SN_SN_SN_E16FEPAEntryWrapperEENS_11__wrap_iterIPSZ_EEEEvS7_S7_SE_NS_15iterator_traitsIS7_E15difference_typeES7_	52482
141570632	388	operator()	52546
141572772	1844	InitializeEPA<float,Chaos::GJKRaycast2<float,Chaos::FCapsule,Chaos::TBox<float,3>>(Chaos::FCapsule_const&,Chaos::TBox<float,3>const&,Chaos::TRigidTransform<float,3>const&,Chaos::TVector<float,3>const&,float,float&,Chaos::TVector<float,3>&,Chaos::TVector<float,3>&,float,bool,Chaos::TVector<float,3>const&,float)::{lambda(Chaos::TVector<float,3>const&)#1},Chaos::GJKRaycast2<float,Chaos::FCapsule,Chaos::TBox<float,3>>(Chaos::FCapsule_const&,Chaos::TBox<float,3>const&,Chaos::TRigidTransform<float,3>const&,Chaos::TVector<float,3>const&,float,float&,Chaos::TVector<float,3>&,Chaos::TVector<float,3>&,float,bool,Chaos::TVector<float,3>const&,float)::{lambda(Chaos::TVector<float,3>const&)#3}>	52618
141586228	28	operator()	52930
141586604	1056	GJKContactPointSwept<Chaos::TBox<float,3>,Chaos::TImplicitObjectScaled<Chaos::TSphere<float,3>,true>>	52967
141590204	388	operator()	53161
141594112	456	FUN_08708e00	53234
141595496	28	operator()	53343
141595524	348	_ZNSt6__ndk111__sift_downIRNS_7greaterIZN5Chaos3EPAIfZNS2_11GJKRaycast2IfNS2_21TImplicitObjectScaledINS2_7TSphereIfLi3EEELb1EEENS2_4TBoxIfLi3EEEEEbRKT0_RKT1_RKNS2_15TRigidTransformIT_Li3EEERKNS2_7TVectorISI_Li3EEESI_RSI_RSN_SR_SI_bSP_SI_EUlRKNSM_IfLi3EEEE_ZNS4_IfS8_SA_EEbSD_SG_SL_SP_SI_SQ_SR_SR_SI_bSP_SI_EUlSU_E1_EENS2_10EEPAResultER6TArrayISN_22TSizedDefaultAllocatorILi32EEES12_SD_SG_SQ_SR_SR_SR_E16FEPAEntryWrapperEENS_11__wrap_iterIPS13_EEEEvSB_SB_SI_NS_15iterator_traitsISB_E15difference_typeESB_	53384
141596928	2924	GJKRaycast2<float,Chaos::TImplicitObjectScaled<Chaos::TBox<float,3>,true>,Chaos::TBox<float,3>>	53448
141643624	456	FUN_08714f68	53988
141645248	28	operator()	54097
141645624	1056	GJKContactPointSwept<Chaos::TBox<float,3>,Chaos::TImplicitObjectInstanced<Chaos::FCapsule>>	54138
141653504	456	FUN_08717600	54331
141653960	408	operator()	54440
141655436	1056	GJKContactPointSwept<Chaos::TBox<float,3>,Chaos::TImplicitObjectInstanced<Chaos::FConvex>>	54514
141663352	456	FUN_08719c78	54707
141664216	892	operator()	54816
141671044	368	operator()	55022
141673060	1844	InitializeEPA<float,Chaos::GJKRaycast2<float,Chaos::TSphere<float,3>,Chaos::FCapsule>(Chaos::TSphere<float,3>const&,Chaos::FCapsule_const&,Chaos::TRigidTransform<float,3>const&,Chaos::TVector<float,3>const&,float,float&,Chaos::TVector<float,3>&,Chaos::TVector<float,3>&,float,bool,Chaos::TVector<float,3>const&,float)::{lambda(Chaos::TVector<float,3>const&)#1},Chaos::GJKRaycast2<float,Chaos::TSphere<float,3>,Chaos::FCapsule>(Chaos::TSphere<float,3>const&,Chaos::FCapsule_const&,Chaos::TRigidTransform<float,3>const&,Chaos::TVector<float,3>const&,float,float&,Chaos::TVector<float,3>&,Chaos::TVector<float,3>&,float,bool,Chaos::TVector<float,3>const&,float)::{lambda(Chaos::TVector<float,3>const&)#3}>	55089
141684916	360	operator()	55401
141686032	28	operator()	55419
141686408	1056	GJKContactPointSwept<Chaos::FCapsule,Chaos::FCapsule>	55456
141692416	1844	InitializeEPA<float,Chaos::GJKRaycast2<float,Chaos::FCapsule,Chaos::FCapsule>(Chaos::FCapsule_const&,Chaos::FCapsule_const&,Chaos::TRigidTransform<float,3>const&,Chaos::TVector<float,3>const&,float,float&,Chaos::TVector<float,3>&,Chaos::TVector<float,3>&,float,bool,Chaos::TVector<float,3>const&,float)::{lambda(Chaos::TVector<float,3>const&)#1},Chaos::GJKRaycast2<float,Chaos::FCapsule,Chaos::FCapsule>(Chaos::FCapsule_const&,Chaos::FCapsule_const&,Chaos::TRigidTransform<float,3>const&,Chaos::TVector<float,3>const&,float,float&,Chaos::TVector<float,3>&,Chaos::TVector<float,3>&,float,bool,Chaos::TVector<float,3>const&,float)::{lambda(Chaos::TVector<float,3>const&)#3}>	55648
141705816	348	_ZNSt6__ndk111__sift_downIRNS_7greaterIZN5Chaos3EPAIfZNS2_11GJKRaycast2IfNS2_7FConvexENS2_8FCapsuleEEEbRKT0_RKT1_RKNS2_15TRigidTransformIT_Li3EEERKNS2_7TVectorISE_Li3EEESE_RSE_RSJ_SN_SE_bSL_SE_EUlRKNSI_IfLi3EEEE_ZNS4_IfS5_S6_EEbS9_SC_SH_SL_SE_SM_SN_SN_SE_bSL_SE_EUlSQ_E1_EENS2_10EEPAResultER6TArrayISJ_22TSizedDefaultAllocatorILi32EEESY_S9_SC_SM_SN_SN_SN_E16FEPAEntryWrapperEENS_11__wrap_iterIPSZ_EEEEvS7_S7_SE_NS_15iterator_traitsIS7_E15difference_typeES7_	55960
141707220	2556	GJKRaycast2<float,Chaos::TImplicitObjectScaled<Chaos::TSphere<float,3>,true>,Chaos::FCapsule>	56024
141741632	1844	InitializeEPA<float,Chaos::GJKRaycast2<float,Chaos::TImplicitObjectScaled<Chaos::FConvex,true>,Chaos::FCapsule>(Chaos::TImplicitObjectScaled<Chaos::FConvex,true>const&,Chaos::FCapsule_const&,Chaos::TRigidTransform<float,3>const&,Chaos::TVector<float,3>const&,float,float&,Chaos::TVector<float,3>&,Chaos::TVector<float,3>&,float,bool,Chaos::TVector<float,3>const&,float)::{lambda(Chaos::TVector<float,3>const&)#1},Chaos::GJKRaycast2<float,Chaos::TImplicitObjectScaled<Chaos::FConvex,true>,Chaos::FCapsule>(Chaos::TImplicitObjectScaled<Chaos::FConvex,true>const&,Chaos::FCapsule_const&,Chaos::TRigidTransform<float,3>const&,Chaos::TVector<float,3>const&,float,float&,Chaos::TVector<float,3>&,Chaos::TVector<float,3>&,float,bool,Chaos::TVector<float,3>const&,float)::{lambda(Chaos::TVector<float,3>const&)#3}>	56528
141755052	1056	GJKContactPointSwept<Chaos::FCapsule,Chaos::TImplicitObjectInstanced<Chaos::TBox<float,3>>>	56844
141761104	1844	InitializeEPA<float,Chaos::GJKRaycast2<float,Chaos::TImplicitObjectInstanced<Chaos::TBox<float,3>>,Chaos::FCapsule>(Chaos::TImplicitObjectInstanced<Chaos::TBox<float,3>>const&,Chaos::FCapsule_const&,Chaos::TRigidTransform<float,3>const&,Chaos::TVector<float,3>const&,float,float&,Chaos::TVector<float,3>&,Chaos::TVector<float,3>&,float,bool,Chaos::TVector<float,3>const&,float)::{lambda(Chaos::TVector<float,3>const&)#1},Chaos::GJKRaycast2<float,Chaos::TImplicitObjectInstanced<Chaos::TBox<float,3>>,Chaos::FCapsule>(Chaos::TImplicitObjectInstanced<Chaos::TBox<float,3>>const&,Chaos::FCapsule_const&,Chaos::TRigidTransform<float,3>const&,Chaos::TVector<float,3>const&,float,float&,Chaos::TVector<float,3>&,Chaos::TVector<float,3>&,float,bool,Chaos::TVector<float,3>const&,float)::{lambda(Chaos::TVector<float,3>const&)#3}>	57039
141773228	360	operator()	57355
141773588	692	operator()	57374
141778528	368	operator()	57534
141778896	1844	EPA<float,Chaos::GJKRaycast2<float,Chaos::TImplicitObjectInstanced<Chaos::FConvex>,Chaos::FCapsule>(Chaos::TImplicitObjectInstanced<Chaos::FConvex>const&,Chaos::FCapsule_const&,Chaos::TRigidTransform<float,3>const&,Chaos::TVector<float,3>const&,float,float&,Chaos::TVector<float,3>&,Chaos::TVector<float,3>&,float,bool,Chaos::TVector<float,3>const&,float)::{lambda(Chaos::TVector<float,3>const&)#1},Chaos::GJKRaycast2<float,Chaos::TImplicitObjectInstanced<Chaos::FConvex>,Chaos::FCapsule>(Chaos::TImplicitObjectInstanced<Chaos::FConvex>const&,Chaos::FCapsule_const&,Chaos::TRigidTransform<float,3>const&,Chaos::TVector<float,3>const&,float,float&,Chaos::TVector<float,3>&,Chaos::TVector<float,3>&,float,bool,Chaos::TVector<float,3>const&,float)::{lambda(Chaos::TVector<float,3>const&)#3}>	57602
141800512	1744	EPA<float,Chaos::GJKRaycast2<float,Chaos::TBox<float,3>,Chaos::FConvex>(Chaos::TBox<float,3>const&,Chaos::FConvex_const&,Chaos::TRigidTransform<float,3>const&,Chaos::TVector<float,3>const&,float,float&,Chaos::TVector<float,3>&,Chaos::TVector<float,3>&,float,bool,Chaos::TVector<float,3>const&,float)::{lambda(Chaos::TVector<float,3>const&)#1},Chaos::GJKRaycast2<float,Chaos::TBox<float,3>,Chaos::FConvex>(Chaos::TBox<float,3>const&,Chaos::FConvex_const&,Chaos::TRigidTransform<float,3>const&,Chaos::TVector<float,3>const&,float,float&,Chaos::TVector<float,3>&,Chaos::TVector<float,3>&,float,bool,Chaos::TVector<float,3>const&,float)::{lambda(Chaos::TVector<float,3>const&)#3}>	57965
141820656	1840	EPA<float,Chaos::GJKRaycast2<float,Chaos::FConvex,Chaos::FConvex>(Chaos::FConvex_const&,Chaos::FConvex_const&,Chaos::TRigidTransform<float,3>const&,Chaos::TVector<float,3>const&,float,float&,Chaos::TVector<float,3>&,Chaos::TVector<float,3>&,float,bool,Chaos::TVector<float,3>const&,float)::{lambda(Chaos::TVector<float,3>const&)#1},Chaos::GJKRaycast2<float,Chaos::FConvex,Chaos::FConvex>(Chaos::FConvex_const&,Chaos::FConvex_const&,Chaos::TRigidTransform<float,3>const&,Chaos::TVector<float,3>const&,float,float&,Chaos::TVector<float,3>&,Chaos::TVector<float,3>&,float,bool,Chaos::TVector<float,3>const&,float)::{lambda(Chaos::TVector<float,3>const&)#3}>	58311
141844340	456	FUN_08745f74	58670
141844796	548	operator()	58779
141846180	28	operator()	58884
141846208	348	_ZNSt6__ndk111__sift_downIRNS_7greaterIZN5Chaos3EPAIfZNS2_11GJKRaycast2IfNS2_21TImplicitObjectScaledINS2_4TBoxIfLi3EEELb1EEENS2_7FConvexEEEbRKT0_RKT1_RKNS2_15TRigidTransformIT_Li3EEERKNS2_7TVectorISH_Li3EEESH_RSH_RSM_SQ_SH_bSO_SH_EUlRKNSL_IfLi3EEEE_ZNS4_IfS8_S9_EEbSC_SF_SK_SO_SH_SP_SQ_SQ_SH_bSO_SH_EUlST_E1_EENS2_10EEPAResultER6TArrayISM_22TSizedDefaultAllocatorILi32EEES11_SC_SF_SP_SQ_SQ_SQ_E16FEPAEntryWrapperEENS_11__wrap_iterIPS12_EEEEvSA_SA_SH_NS_15iterator_traitsISA_E15difference_typeESA_	58925
141846556	1056	GJKContactPointSwept<Chaos::FConvex,Chaos::TImplicitObjectScaled<Chaos::FCapsule,true>>	58989
141850508	524	operator()	59183
141852772	1844	InitializeEPA<float,Chaos::GJKRaycast2<float,Chaos::TImplicitObjectScaled<Chaos::FCapsule,true>,Chaos::FConvex>(Chaos::TImplicitObjectScaled<Chaos::FCapsule,true>const&,Chaos::FConvex_const&,Chaos::TRigidTransform<float,3>const&,Chaos::TVector<float,3>const&,float,float&,Chaos::TVector<float,3>&,Chaos::TVector<float,3>&,float,bool,Chaos::TVector<float,3>const&,float)::{lambda(Chaos::TVector<float,3>const&)#1},Chaos::GJKRaycast2<float,Chaos::TImplicitObjectScaled<Chaos::FCapsule,true>,Chaos::FConvex>(Chaos::TImplicitObjectScaled<Chaos::FCapsule,true>const&,Chaos::FConvex_const&,Chaos::TRigidTransform<float,3>const&,Chaos::TVector<float,3>const&,float,float&,Chaos::TVector<float,3>&,Chaos::TVector<float,3>&,float,bool,Chaos::TVector<float,3>const&,float)::{lambda(Chaos::TVector<float,3>const&)#3}>	59287
141867100	28	operator()	59603
141867128	348	_ZNSt6__ndk111__sift_downIRNS_7greaterIZN5Chaos3EPAIfZNS2_11GJKRaycast2IfNS2_21TImplicitObjectScaledINS2_7FConvexELb1EEES6_EEbRKT0_RKT1_RKNS2_15TRigidTransformIT_Li3EEERKNS2_7TVectorISF_Li3EEESF_RSF_RSK_SO_SF_bSM_SF_EUlRKNSJ_IfLi3EEEE_ZNS4_IfS7_S6_EEbSA_SD_SI_SM_SF_SN_SO_SO_SF_bSM_SF_EUlSR_E1_EENS2_10EEPAResultER6TArrayISK_22TSizedDefaultAllocatorILi32EEESZ_SA_SD_SN_SO_SO_SO_E16FEPAEntryWrapperEENS_11__wrap_iterIPS10_EEEEvS8_S8_SF_NS_15iterator_traitsIS8_E15difference_typeES8_	59644
141868532	2684	GJKRaycast2<float,Chaos::TImplicitObjectInstanced<Chaos::TSphere<float,3>>,Chaos::FConvex>	59708
141905908	548	operator()	60211
141909540	1056	GJKContactPointSwept<Chaos::TImplicitObjectScaled<Chaos::TSphere<float,3>,true>,Chaos::TSphere<float,3>>	60316
141917204	456	FUN_08757c14	60510
141918136	348	_ZNSt6__ndk111__sift_downIRNS_7greaterIZN5Chaos3EPAIfZNS2_11GJKRaycast2IfNS2_7TSphereIfLi3EEENS2_21TImplicitObjectScaledIS6_Lb1EEEEEbRKT0_RKT1_RKNS2_15TRigidTransformIT_Li3EEERKNS2_7TVectorISG_Li3EEESG_RSG_RSL_SP_SG_bSN_SG_EUlRKNSK_IfLi3EEEE_ZNS4_IfS6_S8_EEbSB_SE_SJ_SN_SG_SO_SP_SP_SG_bSN_SG_EUlSS_E1_EENS2_10EEPAResultER6TArrayISL_22TSizedDefaultAllocatorILi32EEES10_SB_SE_SO_SP_SP_SP_E16FEPAEntryWrapperEENS_11__wrap_iterIPS11_EEEEvS9_S9_SG_NS_15iterator_traitsIS9_E15difference_typeES9_	60619
141922600	1968	EPA<float,Chaos::GJKRaycast2<float,Chaos::TBox<float,3>,Chaos::TImplicitObjectScaled<Chaos::TSphere<float,3>,true>>(Chaos::TBox<float,3>const&,Chaos::TImplicitObjectScaled<Chaos::TSphere<float,3>,true>const&,Chaos::TRigidTransform<float,3>const&,Chaos::TVector<float,3>const&,float,float&,Chaos::TVector<float,3>&,Chaos::TVector<float,3>&,float,bool,Chaos::TVector<float,3>const&,float)::{lambda(Chaos::TVector<float,3>const&)#1},Chaos::GJKRaycast2<float,Chaos::TBox<float,3>,Chaos::TImplicitObjectScaled<Chaos::TSphere<float,3>,true>>(Chaos::TBox<float,3>const&,Chaos::TImplicitObjectScaled<Chaos::TSphere<float,3>,true>const&,Chaos::TRigidTransform<float,3>const&,Chaos::TVector<float,3>const&,float,float&,Chaos::TVector<float,3>&,Chaos::TVector<float,3>&,float,bool,Chaos::TVector<float,3>const&,float)::{lambda(Chaos::TVector<float,3>const&)#3}>	60683
141943696	1844	InitializeEPA<float,Chaos::GJKRaycast2<float,Chaos::FConvex,Chaos::TImplicitObjectScaled<Chaos::TSphere<float,3>,true>>(Chaos::FConvex_const&,Chaos::TImplicitObjectScaled<Chaos::TSphere<float,3>,true>const&,Chaos::TRigidTransform<float,3>const&,Chaos::TVector<float,3>const&,float,float&,Chaos::TVector<float,3>&,Chaos::TVector<float,3>&,float,bool,Chaos::TVector<float,3>const&,float)::{lambda(Chaos::TVector<float,3>const&)#1},Chaos::GJKRaycast2<float,Chaos::FConvex,Chaos::TImplicitObjectScaled<Chaos::TSphere<float,3>,true>>(Chaos::FConvex_const&,Chaos::TImplicitObjectScaled<Chaos::TSphere<float,3>,true>const&,Chaos::TRigidTransform<float,3>const&,Chaos::TVector<float,3>const&,float,float&,Chaos::TVector<float,3>&,Chaos::TVector<float,3>&,float,bool,Chaos::TVector<float,3>const&,float)::{lambda(Chaos::TVector<float,3>const&)#3}>	61044
141955984	348	_ZNSt6__ndk111__sift_downIRNS_7greaterIZN5Chaos3EPAIfZNS2_11GJKRaycast2IfNS2_21TImplicitObjectScaledINS2_7TSphereIfLi3EEELb1EEES8_EEbRKT0_RKT1_RKNS2_15TRigidTransformIT_Li3EEERKNS2_7TVectorISG_Li3EEESG_RSG_RSL_SP_SG_bSN_SG_EUlRKNSK_IfLi3EEEE_ZNS4_IfS8_S8_EEbSB_SE_SJ_SN_SG_SO_SP_SP_SG_bSN_SG_EUlSS_E1_EENS2_10EEPAResultER6TArrayISL_22TSizedDefaultAllocatorILi32EEES10_SB_SE_SO_SP_SP_SP_E16FEPAEntryWrapperEENS_11__wrap_iterIPS11_EEEEvS9_S9_SG_NS_15iterator_traitsIS9_E15difference_typeES9_	61360
141957388	3200	GJKRaycast2<float,Chaos::TImplicitObjectScaled<Chaos::TBox<float,3>,true>,Chaos::TImplicitObjectScaled<Chaos::TSphere<float,3>,true>>	61424
142002744	456	FUN_0876ca38	61968
142003200	728	operator()	62077
142008460	1944	EPA<float,Chaos::GJKRaycast2<float,Chaos::TImplicitObjectInstanced<Chaos::FCapsule>,Chaos::TImplicitObjectScaled<Chaos::TSphere<float,3>,true>>(Chaos::TImplicitObjectInstanced<Chaos::FCapsule>const&,Chaos::TImplicitObjectScaled<Chaos::TSphere<float,3>,true>const&,Chaos::TRigidTransform<float,3>const&,Chaos::TVector<float,3>const&,float,float&,Chaos::TVector<float,3>&,Chaos::TVector<float,3>&,float,bool,Chaos::TVector<float,3>const&,float)::{lambda(Chaos::TVector<float,3>const&)#1},Chaos::GJKRaycast2<float,Chaos::TImplicitObjectInstanced<Chaos::FCapsule>,Chaos::TImplicitObjectScaled<Chaos::TSphere<float,3>,true>>(Chaos::TImplicitObjectInstanced<Chaos::FCapsule>const&,Chaos::TImplicitObjectScaled<Chaos::TSphere<float,3>,true>const&,Chaos::TRigidTransform<float,3>const&,Chaos::TVector<float,3>const&,float,float&,Chaos::TVector<float,3>&,Chaos::TVector<float,3>&,float,bool,Chaos::TVector<float,3>const&,float)::{lambda(Chaos::TVector<float,3>const&)#3}>	62241
142029636	1648	EPA<float,Chaos::GJKRaycast2<float,Chaos::TSphere<float,3>,Chaos::TImplicitObjectScaled<Chaos::TBox<float,3>,true>>(Chaos::TSphere<float,3>const&,Chaos::TImplicitObjectScaled<Chaos::TBox<float,3>,true>const&,Chaos::TRigidTransform<float,3>const&,Chaos::TVector<float,3>const&,float,float&,Chaos::TVector<float,3>&,Chaos::TVector<float,3>&,float,bool,Chaos::TVector<float,3>const&,float)::{lambda(Chaos::TVector<float,3>const&)#1},Chaos::GJKRaycast2<float,Chaos::TSphere<float,3>,Chaos::TImplicitObjectScaled<Chaos::TBox<float,3>,true>>(Chaos::TSphere<float,3>const&,Chaos::TImplicitObjectScaled<Chaos::TBox<float,3>,true>const&,Chaos::TRigidTransform<float,3>const&,Chaos::TVector<float,3>const&,float,float&,Chaos::TVector<float,3>&,Chaos::TVector<float,3>&,float,bool,Chaos::TVector<float,3>const&,float)::{lambda(Chaos::TVector<float,3>const&)#3}>	62605
142048712	428	operator()	62939
142052736	456	FUN_08778d80	63022
142054356	348	_ZNSt6__ndk111__sift_downIRNS_7greaterIZN5Chaos3EPAIfZNS2_11GJKRaycast2IfNS2_8FCapsuleENS2_21TImplicitObjectScaledINS2_4TBoxIfLi3EEELb1EEEEEbRKT0_RKT1_RKNS2_15TRigidTransformIT_Li3EEERKNS2_7TVectorISH_Li3EEESH_RSH_RSM_SQ_SH_bSO_SH_EUlRKNSL_IfLi3EEEE_ZNS4_IfS5_S9_EEbSC_SF_SK_SO_SH_SP_SQ_SQ_SH_bSO_SH_EUlST_E1_EENS2_10EEPAResultER6TArrayISM_22TSizedDefaultAllocatorILi32EEES11_SC_SF_SP_SQ_SQ_SQ_E16FEPAEntryWrapperEENS_11__wrap_iterIPS12_EEEEvSA_SA_SH_NS_15iterator_traitsISA_E15difference_typeESA_	63131
142055760	2776	GJKRaycast2<float,Chaos::FConvex,Chaos::TImplicitObjectScaled<Chaos::TBox<float,3>,true>>	63195
142098884	1844	EPA<float,Chaos::GJKRaycast2<float,Chaos::TImplicitObjectScaled<Chaos::FConvex,true>,Chaos::TImplicitObjectScaled<Chaos::TBox<float,3>,true>>(Chaos::TImplicitObjectScaled<Chaos::FConvex,true>const&,Chaos::TImplicitObjectScaled<Chaos::TBox<float,3>,true>const&,Chaos::TRigidTransform<float,3>const&,Chaos::TVector<float,3>const&,float,float&,Chaos::TVector<float,3>&,Chaos::TVector<float,3>&,float,bool,Chaos::TVector<float,3>const&,float)::{lambda(Chaos::TVector<float,3>const&)#1},Chaos::GJKRaycast2<float,Chaos::TImplicitObjectScaled<Chaos::FConvex,true>,Chaos::TImplicitObjectScaled<Chaos::TBox<float,3>,true>>(Chaos::TImplicitObjectScaled<Chaos::FConvex,true>const&,Chaos::TImplicitObjectScaled<Chaos::TBox<float,3>,true>const&,Chaos::TRigidTransform<float,3>const&,Chaos::TVector<float,3>const&,float,float&,Chaos::TVector<float,3>&,Chaos::TVector<float,3>&,float,bool,Chaos::TVector<float,3>const&,float)::{lambda(Chaos::TVector<float,3>const&)#3}>	63757
142123968	28	operator()	64143
142123996	348	_ZNSt6__ndk111__sift_downIRNS_7greaterIZN5Chaos3EPAIfZNS2_11GJKRaycast2IfNS2_24TImplicitObjectInstancedINS2_4TBoxIfLi3EEEEENS2_21TImplicitObjectScaledIS7_Lb1EEEEEbRKT0_RKT1_RKNS2_15TRigidTransformIT_Li3EEERKNS2_7TVectorISI_Li3EEESI_RSI_RSN_SR_SI_bSP_SI_EUlRKNSM_IfLi3EEEE_ZNS4_IfS8_SA_EEbSD_SG_SL_SP_SI_SQ_SR_SR_SI_bSP_SI_EUlSU_E1_EENS2_10EEPAResultER6TArrayISN_22TSizedDefaultAllocatorILi32EEES12_SD_SG_SQ_SR_SR_SR_E16FEPAEntryWrapperEENS_11__wrap_iterIPS13_EEEEvSB_SB_SI_NS_15iterator_traitsISB_E15difference_typeESB_	64191
142125400	2836	GJKRaycast2<float,Chaos::TImplicitObjectInstanced<Chaos::FCapsule>,Chaos::TImplicitObjectScaled<Chaos::TBox<float,3>,true>>	64255
142183308	456	FUN_08798b8c	64778
142184184	916	operator()	64887
142193024	456	FUN_0879b180	65102
142193900	520	operator()	65211
142198824	400	operator()	65347
142199224	1812	EPA<float,Chaos::GJKRaycast2<float,Chaos::TImplicitObjectScaled<Chaos::TBox<float,3>,true>,Chaos::TImplicitObjectScaled<Chaos::FCapsule,true>>(Chaos::TImplicitObjectScaled<Chaos::TBox<float,3>,true>const&,Chaos::TImplicitObjectScaled<Chaos::FCapsule,true>const&,Chaos::TRigidTransform<float,3>const&,Chaos::TVector<float,3>const&,float,float&,Chaos::TVector<float,3>&,Chaos::TVector<float,3>&,float,bool,Chaos::TVector<float,3>const&,float)::{lambda(Chaos::TVector<float,3>const&)#1},Chaos::GJKRaycast2<float,Chaos::TImplicitObjectScaled<Chaos::TBox<float,3>,true>,Chaos::TImplicitObjectScaled<Chaos::FCapsule,true>>(Chaos::TImplicitObjectScaled<Chaos::TBox<float,3>,true>const&,Chaos::TImplicitObjectScaled<Chaos::FCapsule,true>const&,Chaos::TRigidTransform<float,3>const&,Chaos::TVector<float,3>const&,float,float&,Chaos::TVector<float,3>&,Chaos::TVector<float,3>&,float,bool,Chaos::TVector<float,3>const&,float)::{lambda(Chaos::TVector<float,3>const&)#3}>	65426
142223616	420	operator()	65795
142225084	28	operator()	65875
142225112	348	_ZNSt6__ndk111__sift_downIRNS_7greaterIZN5Chaos3EPAIfZNS2_11GJKRaycast2IfNS2_21TImplicitObjectScaledINS2_7FConvexELb1EEENS5_INS2_8FCapsuleELb1EEEEEbRKT0_RKT1_RKNS2_15TRigidTransformIT_Li3EEERKNS2_7TVectorISH_Li3EEESH_RSH_RSM_SQ_SH_bSO_SH_EUlRKNSL_IfLi3EEEE_ZNS4_IfS7_S9_EEbSC_SF_SK_SO_SH_SP_SQ_SQ_SH_bSO_SH_EUlST_E1_EENS2_10EEPAResultER6TArrayISM_22TSizedDefaultAllocatorILi32EEES11_SC_SF_SP_SQ_SQ_SQ_E16FEPAEntryWrapperEENS_11__wrap_iterIPS12_EEEEvSA_SA_SH_NS_15iterator_traitsISA_E15difference_typeESA_	65920
142229628	1652	EPA<float,Chaos::GJKRaycast2<float,Chaos::TImplicitObjectInstanced<Chaos::TSphere<float,3>>,Chaos::TImplicitObjectScaled<Chaos::FCapsule,true>>(Chaos::TImplicitObjectInstanced<Chaos::TSphere<float,3>>const&,Chaos::TImplicitObjectScaled<Chaos::FCapsule,true>const&,Chaos::TRigidTransform<float,3>const&,Chaos::TVector<float,3>const&,float,float&,Chaos::TVector<float,3>&,Chaos::TVector<float,3>&,float,bool,Chaos::TVector<float,3>const&,float)::{lambda(Chaos::TVector<float,3>const&)#1},Chaos::GJKRaycast2<float,Chaos::TImplicitObjectInstanced<Chaos::TSphere<float,3>>,Chaos::TImplicitObjectScaled<Chaos::FCapsule,true>>(Chaos::TImplicitObjectInstanced<Chaos::TSphere<float,3>>const&,Chaos::TImplicitObjectScaled<Chaos::FCapsule,true>const&,Chaos::TRigidTransform<float,3>const&,Chaos::TVector<float,3>const&,float,float&,Chaos::TVector<float,3>&,Chaos::TVector<float,3>&,float,bool,Chaos::TVector<float,3>const&,float)::{lambda(Chaos::TVector<float,3>const&)#3}>	65984
142254348	28	operator()	66325
142254724	1056	GJKContactPointSwept<Chaos::TImplicitObjectScaled<Chaos::FCapsule,true>,Chaos::TImplicitObjectInstanced<Chaos::FConvex>>	66370
142267716	2676	GJKRaycast2<float,Chaos::TSphere<float,3>,Chaos::TImplicitObjectScaled<Chaos::FConvex,true>>	66566
142312776	1844	InitializeEPA<float,Chaos::GJKRaycast2<float,Chaos::TImplicitObjectScaled<Chaos::TSphere<float,3>,true>,Chaos::TImplicitObjectScaled<Chaos::FConvex,true>>(Chaos::TImplicitObjectScaled<Chaos::TSphere<float,3>,true>const&,Chaos::TImplicitObjectScaled<Chaos::FConvex,true>const&,Chaos::TRigidTransform<float,3>const&,Chaos::TVector<float,3>const&,float,float&,Chaos::TVector<float,3>&,Chaos::TVector<float,3>&,float,bool,Chaos::TVector<float,3>const&,float)::{lambda(Chaos::TVector<float,3>const&)#1},Chaos::GJKRaycast2<float,Chaos::TImplicitObjectScaled<Chaos::TSphere<float,3>,true>,Chaos::TImplicitObjectScaled<Chaos::FConvex,true>>(Chaos::TImplicitObjectScaled<Chaos::TSphere<float,3>,true>const&,Chaos::TImplicitObjectScaled<Chaos::FConvex,true>const&,Chaos::TRigidTransform<float,3>const&,Chaos::TVector<float,3>const&,float,float&,Chaos::TVector<float,3>&,Chaos::TVector<float,3>&,float,bool,Chaos::TVector<float,3>const&,float)::{lambda(Chaos::TVector<float,3>const&)#3}>	67066
142326548	28	operator()	67390
142326576	348	_ZNSt6__ndk111__sift_downIRNS_7greaterIZN5Chaos3EPAIfZNS2_11GJKRaycast2IfNS2_21TImplicitObjectScaledINS2_4TBoxIfLi3EEELb1EEENS5_INS2_7FConvexELb1EEEEEbRKT0_RKT1_RKNS2_15TRigidTransformIT_Li3EEERKNS2_7TVectorISI_Li3EEESI_RSI_RSN_SR_SI_bSP_SI_EUlRKNSM_IfLi3EEEE_ZNS4_IfS8_SA_EEbSD_SG_SL_SP_SI_SQ_SR_SR_SI_bSP_SI_EUlSU_E1_EENS2_10EEPAResultER6TArrayISN_22TSizedDefaultAllocatorILi32EEES12_SD_SG_SQ_SR_SR_SR_E16FEPAEntryWrapperEENS_11__wrap_iterIPS13_EEEEvSB_SB_SI_NS_15iterator_traitsISB_E15difference_typeESB_	67438
142327980	2896	GJKRaycast2<float,Chaos::TImplicitObjectScaled<Chaos::FCapsule,true>,Chaos::TImplicitObjectScaled<Chaos::FConvex,true>>	67502
142372260	1756	EPA<float,Chaos::GJKRaycast2<float,Chaos::TImplicitObjectInstanced<Chaos::FCapsule>,Chaos::TImplicitObjectScaled<Chaos::FConvex,true>>(Chaos::TImplicitObjectInstanced<Chaos::FCapsule>const&,Chaos::TImplicitObjectScaled<Chaos::FConvex,true>const&,Chaos::TRigidTransform<float,3>const&,Chaos::TVector<float,3>const&,float,float&,Chaos::TVector<float,3>&,Chaos::TVector<float,3>&,float,bool,Chaos::TVector<float,3>const&,float)::{lambda(Chaos::TVector<float,3>const&)#1},Chaos::GJKRaycast2<float,Chaos::TImplicitObjectInstanced<Chaos::FCapsule>,Chaos::TImplicitObjectScaled<Chaos::FConvex,true>>(Chaos::TImplicitObjectInstanced<Chaos::FCapsule>const&,Chaos::TImplicitObjectScaled<Chaos::FConvex,true>const&,Chaos::TRigidTransform<float,3>const&,Chaos::TVector<float,3>const&,float,float&,Chaos::TVector<float,3>&,Chaos::TVector<float,3>&,float,bool,Chaos::TVector<float,3>const&,float)::{lambda(Chaos::TVector<float,3>const&)#3}>	68040
142397648	456	FUN_087cd0d0	68390
142398104	432	operator()	68499
142399968	3000	GJKRaycast2<float,Chaos::TBox<float,3>,Chaos::TImplicitObjectInstanced<Chaos::TSphere<float,3>>>	68604
142445824	1056	GJKContactPointSwept<Chaos::TImplicitObjectInstanced<Chaos::TSphere<float,3>>,Chaos::TImplicitObjectScaled<Chaos::FCapsule,true>>	69123
142454936	28	operator()	69320
142454964	348	_ZNSt6__ndk111__sift_downIRNS_7greaterIZN5Chaos3EPAIfZNS2_11GJKRaycast2IfNS2_21TImplicitObjectScaledINS2_8FCapsuleELb1EEENS2_24TImplicitObjectInstancedINS2_7TSphereIfLi3EEEEEEEbRKT0_RKT1_RKNS2_15TRigidTransformIT_Li3EEERKNS2_7TVectorISJ_Li3EEESJ_RSJ_RSO_SS_SJ_bSQ_SJ_EUlRKNSN_IfLi3EEEE_ZNS4_IfS7_SB_EEbSE_SH_SM_SQ_SJ_SR_SS_SS_SJ_bSQ_SJ_EUlSV_E1_EENS2_10EEPAResultER6TArrayISO_22TSizedDefaultAllocatorILi32EEES13_SE_SH_SR_SS_SS_SS_E16FEPAEntryWrapperEENS_11__wrap_iterIPS14_EEEEvSC_SC_SJ_NS_15iterator_traitsISC_E15difference_typeESC_	69368
142455312	1056	GJKContactPointSwept<Chaos::TImplicitObjectInstanced<Chaos::TSphere<float,3>>,Chaos::TImplicitObjectScaled<Chaos::FConvex,true>>	69432
142464812	28	operator()	69629
142464840	348	_ZNSt6__ndk111__sift_downIRNS_7greaterIZN5Chaos3EPAIfZNS2_11GJKRaycast2IfNS2_21TImplicitObjectScaledINS2_7FConvexELb1EEENS2_24TImplicitObjectInstancedINS2_7TSphereIfLi3EEEEEEEbRKT0_RKT1_RKNS2_15TRigidTransformIT_Li3EEERKNS2_7TVectorISJ_Li3EEESJ_RSJ_RSO_SS_SJ_bSQ_SJ_EUlRKNSN_IfLi3EEEE_ZNS4_IfS7_SB_EEbSE_SH_SM_SQ_SJ_SR_SS_SS_SJ_bSQ_SJ_EUlSV_E1_EENS2_10EEPAResultER6TArrayISO_22TSizedDefaultAllocatorILi32EEES13_SE_SH_SR_SS_SS_SS_E16FEPAEntryWrapperEENS_11__wrap_iterIPS14_EEEEvSC_SC_SJ_NS_15iterator_traitsISC_E15difference_typeESC_	69677
142466244	2840	GJKRaycast2<float,Chaos::TImplicitObjectInstanced<Chaos::TSphere<float,3>>,Chaos::TImplicitObjectInstanced<Chaos::TSphere<float,3>>>	69741
142512824	524	operator()	70243
142517576	392	operator()	70372
142517968	1744	EPA<float,Chaos::GJKRaycast2<float,Chaos::TBox<float,3>,Chaos::TImplicitObjectInstanced<Chaos::TBox<float,3>>>(Chaos::TBox<float,3>const&,Chaos::TImplicitObjectInstanced<Chaos::TBox<float,3>>const&,Chaos::TRigidTransform<float,3>const&,Chaos::TVector<float,3>const&,float,float&,Chaos::TVector<float,3>&,Chaos::TVector<float,3>&,float,bool,Chaos::TVector<float,3>const&,float)::{lambda(Chaos::TVector<float,3>const&)#1},Chaos::GJKRaycast2<float,Chaos::TBox<float,3>,Chaos::TImplicitObjectInstanced<Chaos::TBox<float,3>>>(Chaos::TBox<float,3>const&,Chaos::TImplicitObjectInstanced<Chaos::TBox<float,3>>const&,Chaos::TRigidTransform<float,3>const&,Chaos::TVector<float,3>const&,float,float&,Chaos::TVector<float,3>&,Chaos::TVector<float,3>&,float,bool,Chaos::TVector<float,3>const&,float)::{lambda(Chaos::TVector<float,3>const&)#3}>	70446
142541252	456	FUN_087f01c4	70797
142543408	1056	GJKContactPointSwept<Chaos::TImplicitObjectInstanced<Chaos::TBox<float,3>>,Chaos::TImplicitObjectScaled<Chaos::TSphere<float,3>,true>>	70906
142551376	408	operator()	71102
142551784	520	operator()	71178
142556660	392	operator()	71314
142557052	1812	EPA<float,Chaos::GJKRaycast2<float,Chaos::TImplicitObjectScaled<Chaos::TBox<float,3>,true>,Chaos::TImplicitObjectInstanced<Chaos::TBox<float,3>>>(Chaos::TImplicitObjectScaled<Chaos::TBox<float,3>,true>const&,Chaos::TImplicitObjectInstanced<Chaos::TBox<float,3>>const&,Chaos::TRigidTransform<float,3>const&,Chaos::TVector<float,3>const&,float,float&,Chaos::TVector<float,3>&,Chaos::TVector<float,3>&,float,bool,Chaos::TVector<float,3>const&,float)::{lambda(Chaos::TVector<float,3>const&)#1},Chaos::GJKRaycast2<float,Chaos::TImplicitObjectScaled<Chaos::TBox<float,3>,true>,Chaos::TImplicitObjectInstanced<Chaos::TBox<float,3>>>(Chaos::TImplicitObjectScaled<Chaos::TBox<float,3>,true>const&,Chaos::TImplicitObjectInstanced<Chaos::TBox<float,3>>const&,Chaos::TRigidTransform<float,3>const&,Chaos::TVector<float,3>const&,float,float&,Chaos::TVector<float,3>&,Chaos::TVector<float,3>&,float,bool,Chaos::TVector<float,3>const&,float)::{lambda(Chaos::TVector<float,3>const&)#3}>	71389
142580872	456	FUN_087f9c88	71758
142582812	348	_ZNSt6__ndk111__sift_downIRNS_7greaterIZN5Chaos3EPAIfZNS2_11GJKRaycast2IfNS2_21TImplicitObjectScaledINS2_7FConvexELb1EEENS2_24TImplicitObjectInstancedINS2_4TBoxIfLi3EEEEEEEbRKT0_RKT1_RKNS2_15TRigidTransformIT_Li3EEERKNS2_7TVectorISJ_Li3EEESJ_RSJ_RSO_SS_SJ_bSQ_SJ_EUlRKNSN_IfLi3EEEE_ZNS4_IfS7_SB_EEbSE_SH_SM_SQ_SJ_SR_SS_SS_SJ_bSQ_SJ_EUlSV_E1_EENS2_10EEPAResultER6TArrayISO_22TSizedDefaultAllocatorILi32EEES13_SE_SH_SR_SS_SS_SS_E16FEPAEntryWrapperEENS_11__wrap_iterIPS14_EEEEvSC_SC_SJ_NS_15iterator_traitsISC_E15difference_typeESC_	71867
142586900	392	operator()	71931
142588944	1844	InitializeEPA<float,Chaos::GJKRaycast2<float,Chaos::TImplicitObjectInstanced<Chaos::TSphere<float,3>>,Chaos::TImplicitObjectInstanced<Chaos::TBox<float,3>>>(Chaos::TImplicitObjectInstanced<Chaos::TSphere<float,3>>const&,Chaos::TImplicitObjectInstanced<Chaos::TBox<float,3>>const&,Chaos::TRigidTransform<float,3>const&,Chaos::TVector<float,3>const&,float,float&,Chaos::TVector<float,3>&,Chaos::TVector<float,3>&,float,bool,Chaos::TVector<float,3>const&,float)::{lambda(Chaos::TVector<float,3>const&)#1},Chaos::GJKRaycast2<float,Chaos::TImplicitObjectInstanced<Chaos::TSphere<float,3>>,Chaos::TImplicitObjectInstanced<Chaos::TBox<float,3>>>(Chaos::TImplicitObjectInstanced<Chaos::TSphere<float,3>>const&,Chaos::TImplicitObjectInstanced<Chaos::TBox<float,3>>const&,Chaos::TRigidTransform<float,3>const&,Chaos::TVector<float,3>const&,float,float&,Chaos::TVector<float,3>&,Chaos::TVector<float,3>&,float,bool,Chaos::TVector<float,3>const&,float)::{lambda(Chaos::TVector<float,3>const&)#3}>	72006
142601316	760	operator()	72330
142608492	1844	InitializeEPA<float,Chaos::GJKRaycast2<float,Chaos::TImplicitObjectInstanced<Chaos::FCapsule>,Chaos::TImplicitObjectInstanced<Chaos::TBox<float,3>>>(Chaos::TImplicitObjectInstanced<Chaos::FCapsule>const&,Chaos::TImplicitObjectInstanced<Chaos::TBox<float,3>>const&,Chaos::TRigidTransform<float,3>const&,Chaos::TVector<float,3>const&,float,float&,Chaos::TVector<float,3>&,Chaos::TVector<float,3>&,float,bool,Chaos::TVector<float,3>const&,float)::{lambda(Chaos::TVector<float,3>const&)#1},Chaos::GJKRaycast2<float,Chaos::TImplicitObjectInstanced<Chaos::FCapsule>,Chaos::TImplicitObjectInstanced<Chaos::TBox<float,3>>>(Chaos::TImplicitObjectInstanced<Chaos::FCapsule>const&,Chaos::TImplicitObjectInstanced<Chaos::TBox<float,3>>const&,Chaos::TRigidTransform<float,3>const&,Chaos::TVector<float,3>const&,float,float&,Chaos::TVector<float,3>&,Chaos::TVector<float,3>&,float,bool,Chaos::TVector<float,3>const&,float)::{lambda(Chaos::TVector<float,3>const&)#3}>	72508
142621972	348	_ZNSt6__ndk111__sift_downIRNS_7greaterIZN5Chaos3EPAIfZNS2_11GJKRaycast2IfNS2_24TImplicitObjectInstancedINS2_7FConvexEEENS5_INS2_4TBoxIfLi3EEEEEEEbRKT0_RKT1_RKNS2_15TRigidTransformIT_Li3EEERKNS2_7TVectorISI_Li3EEESI_RSI_RSN_SR_SI_bSP_SI_EUlRKNSM_IfLi3EEEE_ZNS4_IfS7_SA_EEbSD_SG_SL_SP_SI_SQ_SR_SR_SI_bSP_SI_EUlSU_E1_EENS2_10EEPAResultER6TArrayISN_22TSizedDefaultAllocatorILi32EEES12_SD_SG_SQ_SR_SR_SR_E16FEPAEntryWrapperEENS_11__wrap_iterIPS13_EEEEvSB_SB_SI_NS_15iterator_traitsISB_E15difference_typeESB_	72832
142624136	1056	GJKContactPointSwept<Chaos::TImplicitObjectInstanced<Chaos::FCapsule>,Chaos::TSphere<float,3>>	72896
142631752	456	FUN_08806348	73090
142633096	28	operator()	73199
142633124	348	_ZNSt6__ndk111__sift_downIRNS_7greaterIZN5Chaos3EPAIfZNS2_11GJKRaycast2IfNS2_7TSphereIfLi3EEENS2_24TImplicitObjectInstancedINS2_8FCapsuleEEEEEbRKT0_RKT1_RKNS2_15TRigidTransformIT_Li3EEERKNS2_7TVectorISH_Li3EEESH_RSH_RSM_SQ_SH_bSO_SH_EUlRKNSL_IfLi3EEEE_ZNS4_IfS6_S9_EEbSC_SF_SK_SO_SH_SP_SQ_SQ_SH_bSO_SH_EUlST_E1_EENS2_10EEPAResultER6TArrayISM_22TSizedDefaultAllocatorILi32EEES11_SC_SF_SP_SQ_SQ_SQ_E16FEPAEntryWrapperEENS_11__wrap_iterIPS12_EEEEvSA_SA_SH_NS_15iterator_traitsISA_E15difference_typeESA_	73240
142634528	2836	GJKRaycast2<float,Chaos::TBox<float,3>,Chaos::TImplicitObjectInstanced<Chaos::FCapsule>>	73304
142682024	348	_ZNSt6__ndk111__sift_downIRNS_7greaterIZN5Chaos3EPAIfZNS2_11GJKRaycast2IfNS2_21TImplicitObjectScaledINS2_4TBoxIfLi3EEELb1EEENS2_24TImplicitObjectInstancedINS2_8FCapsuleEEEEEbRKT0_RKT1_RKNS2_15TRigidTransformIT_Li3EEERKNS2_7TVectorISJ_Li3EEESJ_RSJ_RSO_SS_SJ_bSQ_SJ_EUlRKNSN_IfLi3EEEE_ZNS4_IfS8_SB_EEbSE_SH_SM_SQ_SJ_SR_SS_SS_SJ_bSQ_SJ_EUlSV_E1_EENS2_10EEPAResultER6TArrayISO_22TSizedDefaultAllocatorILi32EEES13_SE_SH_SR_SS_SS_SS_E16FEPAEntryWrapperEENS_11__wrap_iterIPS14_EEEEvSC_SC_SJ_NS_15iterator_traitsISC_E15difference_typeESC_	73822
142686716	1740	EPA<float,Chaos::GJKRaycast2<float,Chaos::TImplicitObjectScaled<Chaos::FCapsule,true>,Chaos::TImplicitObjectInstanced<Chaos::FCapsule>>(Chaos::TImplicitObjectScaled<Chaos::FCapsule,true>const&,Chaos::TImplicitObjectInstanced<Chaos::FCapsule>const&,Chaos::TRigidTransform<float,3>const&,Chaos::TVector<float,3>const&,float,float&,Chaos::TVector<float,3>&,Chaos::TVector<float,3>&,float,bool,Chaos::TVector<float,3>const&,float)::{lambda(Chaos::TVector<float,3>const&)#1},Chaos::GJKRaycast2<float,Chaos::TImplicitObjectScaled<Chaos::FCapsule,true>,Chaos::TImplicitObjectInstanced<Chaos::FCapsule>>(Chaos::TImplicitObjectScaled<Chaos::FCapsule,true>const&,Chaos::TImplicitObjectInstanced<Chaos::FCapsule>const&,Chaos::TRigidTransform<float,3>const&,Chaos::TVector<float,3>const&,float,float&,Chaos::TVector<float,3>&,Chaos::TVector<float,3>&,float,bool,Chaos::TVector<float,3>const&,float)::{lambda(Chaos::TVector<float,3>const&)#3}>	73886
142710764	364	operator()	74242
142711684	348	_ZNSt6__ndk111__sift_downIRNS_7greaterIZN5Chaos3EPAIfZNS2_11GJKRaycast2IfNS2_24TImplicitObjectInstancedINS2_7TSphereIfLi3EEEEENS5_INS2_8FCapsuleEEEEEbRKT0_RKT1_RKNS2_15TRigidTransformIT_Li3EEERKNS2_7TVectorISI_Li3EEESI_RSI_RSN_SR_SI_bSP_SI_EUlRKNSM_IfLi3EEEE_ZNS4_IfS8_SA_EEbSD_SG_SL_SP_SI_SQ_SR_SR_SI_bSP_SI_EUlSU_E1_EENS2_10EEPAResultER6TArrayISN_22TSizedDefaultAllocatorILi32EEES12_SD_SG_SQ_SR_SR_SR_E16FEPAEntryWrapperEENS_11__wrap_iterIPS13_EEEEvSB_SB_SI_NS_15iterator_traitsISB_E15difference_typeESB_	74262
142716348	1748	EPA<float,Chaos::GJKRaycast2<float,Chaos::TImplicitObjectInstanced<Chaos::TBox<float,3>>,Chaos::TImplicitObjectInstanced<Chaos::FCapsule>>(Chaos::TImplicitObjectInstanced<Chaos::TBox<float,3>>const&,Chaos::TImplicitObjectInstanced<Chaos::FCapsule>const&,Chaos::TRigidTransform<float,3>const&,Chaos::TVector<float,3>const&,float,float&,Chaos::TVector<float,3>&,Chaos::TVector<float,3>&,float,bool,Chaos::TVector<float,3>const&,float)::{lambda(Chaos::TVector<float,3>const&)#1},Chaos::GJKRaycast2<float,Chaos::TImplicitObjectInstanced<Chaos::TBox<float,3>>,Chaos::TImplicitObjectInstanced<Chaos::FCapsule>>(Chaos::TImplicitObjectInstanced<Chaos::TBox<float,3>>const&,Chaos::TImplicitObjectInstanced<Chaos::FCapsule>const&,Chaos::TRigidTransform<float,3>const&,Chaos::TVector<float,3>const&,float,float&,Chaos::TVector<float,3>&,Chaos::TVector<float,3>&,float,bool,Chaos::TVector<float,3>const&,float)::{lambda(Chaos::TVector<float,3>const&)#3}>	74326
142744568	2676	GJKRaycast2<float,Chaos::TSphere<float,3>,Chaos::TImplicitObjectInstanced<Chaos::FConvex>>	74682
142793248	1056	GJKContactPointSwept<Chaos::TImplicitObjectInstanced<Chaos::FConvex>,Chaos::TImplicitObjectScaled<Chaos::TBox<float,3>,true>>	75182
142801868	552	operator()	75378
142804688	2896	GJKRaycast2<float,Chaos::TImplicitObjectScaled<Chaos::FCapsule,true>,Chaos::TImplicitObjectInstanced<Chaos::FConvex>>	75484
142860728	1844	InitializeEPA<float,Chaos::GJKRaycast2<float,Chaos::TImplicitObjectInstanced<Chaos::FConvex>,Chaos::TImplicitObjectInstanced<Chaos::FConvex>>(Chaos::TImplicitObjectInstanced<Chaos::FConvex>const&,Chaos::TImplicitObjectInstanced<Chaos::FConvex>const&,Chaos::TRigidTransform<float,3>const&,Chaos::TVector<float,3>const&,float,float&,Chaos::TVector<float,3>&,Chaos::TVector<float,3>&,float,bool,Chaos::TVector<float,3>const&,float)::{lambda(Chaos::TVector<float,3>const&)#1},Chaos::GJKRaycast2<float,Chaos::TImplicitObjectInstanced<Chaos::FConvex>,Chaos::TImplicitObjectInstanced<Chaos::FConvex>>(Chaos::TImplicitObjectInstanced<Chaos::FConvex>const&,Chaos::TImplicitObjectInstanced<Chaos::FConvex>const&,Chaos::TRigidTransform<float,3>const&,Chaos::TVector<float,3>const&,float,float&,Chaos::TVector<float,3>&,Chaos::TVector<float,3>&,float,bool,Chaos::TVector<float,3>const&,float)::{lambda(Chaos::TVector<float,3>const&)#3}>	76022
142875032	608	FindBestBounds	76341
142880268	144	ResizeGrow	76499
142883392	604	RaycastSweepImp<true,Chaos::FQueryFastData,Chaos::TSpatialVisitor<int,float>>	76547
142885432	136	ResizeTo	76673
142885704	164	ResizeTo	76716
142887672	1216	GenerateTree<TArray<Chaos::TPayloadBoundsElement<int,float>,TSizedDefaultAllocator<32>>>	76758
142899752	524	FreeWorkSnapshot	77050
142905940	52	operator()	77183
142906160	176	ResizeShrink	77204
142906924	184	ResizeGrow	77239
142908252	1264	OverlapImp<Chaos::TAABBTree<int,Chaos::TBoundingVolume<int,float,3>,true>::FindAllIntersectionsImp(Chaos::TAABB<float,3>const&)const::FSimpleVisitor,true>	77284
142928712	316	operator=	77490
142929812	480	operator<<	77570
142931160	116	FindAllIntersections	77670
142931844	572	Reset	77708
142939396	196	GetNewWorkSnapshot	77867
142940196	360	TAABBTreeLeafArray	77921
142944960	576	RaycastSweepImp<false,Chaos::FQueryFastData,Chaos::TSpatialVisitor<Chaos::FAccelerationStructureHandle,float>>	78041
142950528	136	ResizeTo	78176
142950828	36	operator()	78221
142951648	1008	operator=	78243
142955868	152	ResizeShrink	78509
142956352	224	~TAABBTree	78551
142957212	112	Overlap	78616
142959676	64	Copy	78656
142959740	624	Serialize	78677
142969160	1008	operator()	78793
142981624	5676	SweepImp<Chaos::TSpatialVisitor<Chaos::FAccelerationStructureHandle,float>,true>	79021
143114344	564	operator()	79959
143118524	456	FUN_0887d0bc	80069
143121796	420	operator()	80178
143125916	456	FUN_0887ed9c	80255
143127328	348	_ZNSt6__ndk111__sift_downIRNS_7greaterIZN5Chaos3EPAIfZNS2_14GJKPenetrationILb1EfNS2_13TGJKCoreShapeINS2_24TImplicitObjectInstancedINS2_7FConvexEEEEENS5_INS2_4TBoxIfLi3EEEEEEEbRKT1_RKT2_RKNS2_15TRigidTransformIT0_Li3EEERSK_RNS2_7TVectorISK_Li3EEESR_SR_RiSS_SK_SK_RKSQ_SK_EUlRKNSP_IfLi3EEEE_ZNS4_ILb1EfS9_SC_EEbSF_SI_SN_SO_SR_SR_SR_SS_SS_SK_SK_SU_SK_EUlSX_E0_EENS2_10EEPAResultER6TArrayINSP_IT_Li3EEE22TSizedDefaultAllocatorILi32EEES17_RKSK_SF_RS12_RS13_S1B_S1B_E16FEPAEntryWrapperEENS_11__wrap_iterIPS1C_EEEEvSK_SK_S12_NS_15iterator_traitsISK_E15difference_typeESK_	80364
143131544	1844	InitializeEPA<float,Chaos::GJKPenetration<true,float,Chaos::TGJKCoreShape<Chaos::TBox<float,3>>,Chaos::TGJKCoreShape<Chaos::TImplicitObjectScaled<Chaos::FConvex,true>>>(Chaos::TGJKCoreShape<Chaos::TBox<float,3>>const&,Chaos::TGJKCoreShape<Chaos::TImplicitObjectScaled<Chaos::FConvex,true>>const&,Chaos::TRigidTransform<float,3>const&,float&,Chaos::TVector<float,3>&,Chaos::TVector<float,3>&,Chaos::TVector<float,3>&,int&,int&,float,float,Chaos::TVector<float,3>const&,float)::{lambda(Chaos::TVector<float,3>const&)#1},Chaos::GJKPenetration<true,float,Chaos::TGJKCoreShape<Chaos::TBox<float,3>>,Chaos::TGJKCoreShape<Chaos::TImplicitObjectScaled<Chaos::FConvex,true>>>(Chaos::TGJKCoreShape<Chaos::TBox<float,3>>const&,Chaos::TGJKCoreShape<Chaos::TImplicitObjectScaled<Chaos::FConvex,true>>const&,Chaos::TRigidTransform<float,3>const&,float&,Chaos::TVector<float,3>&,Chaos::TVector<float,3>&,Chaos::TVector<float,3>&,int&,int&,float,float,Chaos::TVector<float,3>const&,float)::{lambda(Chaos::TVector<float,3>const&)#2}>	80428
143149920	28	operator()	80752
143149948	348	_ZNSt6__ndk111__sift_downIRNS_7greaterIZN5Chaos3EPAIfZNS2_14GJKPenetrationILb1EfNS2_13TGJKCoreShapeINS2_7FConvexEEES7_EEbRKT1_RKT2_RKNS2_15TRigidTransformIT0_Li3EEERSF_RNS2_7TVectorISF_Li3EEESM_SM_RiSN_SF_SF_RKSL_SF_EUlRKNSK_IfLi3EEEE_ZNS4_ILb1EfS7_S7_EEbSA_SD_SI_SJ_SM_SM_SM_SN_SN_SF_SF_SP_SF_EUlSS_E0_EENS2_10EEPAResultER6TArrayINSK_IT_Li3EEE22TSizedDefaultAllocatorILi32EEES12_RKSF_SA_RSX_RSY_S16_S16_E16FEPAEntryWrapperEENS_11__wrap_iterIPS17_EEEEvSF_SF_SX_NS_15iterator_traitsISF_E15difference_typeESF_	80793
143154344	1844	InitializeEPA<float,Chaos::GJKPenetration<true,float,Chaos::TGJKCoreShape<Chaos::TImplicitObjectInstanced<Chaos::FConvex>>,Chaos::TGJKCoreShape<Chaos::FConvex>>(Chaos::TGJKCoreShape<Chaos::TImplicitObjectInstanced<Chaos::FConvex>>const&,Chaos::TGJKCoreShape<Chaos::FConvex>const&,Chaos::TRigidTransform<float,3>const&,float&,Chaos::TVector<float,3>&,Chaos::TVector<float,3>&,Chaos::TVector<float,3>&,int&,int&,float,float,Chaos::TVector<float,3>const&,float)::{lambda(Chaos::TVector<float,3>const&)#1},Chaos::GJKPenetration<true,float,Chaos::TGJKCoreShape<Chaos::TImplicitObjectInstanced<Chaos::FConvex>>,Chaos::TGJKCoreShape<Chaos::FConvex>>(Chaos::TGJKCoreShape<Chaos::TImplicitObjectInstanced<Chaos::FConvex>>const&,Chaos::TGJKCoreShape<Chaos::FConvex>const&,Chaos::TRigidTransform<float,3>const&,float&,Chaos::TVector<float,3>&,Chaos::TVector<float,3>&,Chaos::TVector<float,3>&,int&,int&,float,float,Chaos::TVector<float,3>const&,float)::{lambda(Chaos::TVector<float,3>const&)#2}>	80857
143172064	920	operator()	81181
143180620	28	operator()	81400
143182628	564	operator()	81448
143186892	456	FUN_0888dbcc	81559
143188652	1656	GJKPenetration<true,float,Chaos::TGJKCoreShape<Chaos::TImplicitObjectScaled<Chaos::FConvex,true>>,Chaos::TGJKCoreShape<Chaos::TImplicitObjectInstanced<Chaos::FConvex>>>	81668
143216488	1844	InitializeEPA<float,Chaos::GJKPenetration<true,float,Chaos::TBox<float,3>,Chaos::TBox<float,3>>(Chaos::TBox<float,3>const&,Chaos::TBox<float,3>const&,Chaos::TRigidTransform<float,3>const&,float&,Chaos::TVector<float,3>&,Chaos::TVector<float,3>&,Chaos::TVector<float,3>&,int&,int&,float,float,Chaos::TVector<float,3>const&,float)::{lambda(Chaos::TVector<float,3>const&)#1},Chaos::GJKPenetration<true,float,Chaos::TBox<float,3>,Chaos::TBox<float,3>>(Chaos::TBox<float,3>const&,Chaos::TBox<float,3>const&,Chaos::TRigidTransform<float,3>const&,float&,Chaos::TVector<float,3>&,Chaos::TVector<float,3>&,Chaos::TVector<float,3>&,int&,int&,float,float,Chaos::TVector<float,3>const&,float)::{lambda(Chaos::TVector<float,3>const&)#2}>	82005
143232184	852	operator()	82319
143238592	536	operator()	82484
143242344	536	operator()	82594
143246604	192	FindClosestIntersectionImp	82704
143249828	464	Raycast	82744
143256092	8	FindClosestFaceAndVertices	82835
143256100	184	FindGeometryOpposingNormal	82849
143256896	192	FindClosestIntersectionImp	82897
143260120	460	Raycast	82937
143271760	156	ResizeTo	83026
143271916	168	ResizeGrow	83066
143272260	36	operator()	83109
143276100	476	AddVertex	83130
143282620	260	LoadLegacyData	83230
143285324	788	operator<<	83282
143291296	896	operator<<	83424
143297112	160	Serialize	83567
143300120	136	ResizeTo	83591
143303860	732	MakeScaledHelper<Chaos::TSphere<float,3>>	83636
143313148	852	operator()	83838
143323520	852	operator()	84003
143330904	536	operator()	84169
143338468	904	operator()	84280
143347084	852	operator()	84459
143353932	536	operator()	84625
143360276	852	operator()	84736
143371888	168	ResizeGrow	84901
143373712	544	ConstructSphereSphereConstraints<Chaos::Collisions::TConstructCollisionTraits<false>>	84948
143378628	552	ConstructCapsuleHeightFieldConstraints<Chaos::Collisions::TConstructCollisionTraits<false>>	85072
143386600	5664	ConstructConstraintsImpl<Chaos::Collisions::TConstructCollisionTraits<true>>	85196
143567064	12	Handle	86134
143567088	12	GTGeometryParticle	86146
143567100	400	WeakParticleHandle	86159
143569776	224	MapImplicitShapes	86296
143570328	8	AllR	86354
143570336	8	AllLocalBounds	86366
143570344	8	AllWorldSpaceInflatedBounds	86378
143570352	8	AllHasBounds	86392
143570360	16	SerializeGeometryParticleHelper	86404
143570376	84	CreatePerShapeData	86421
143570648	48	FPerShapeData	86458
143570868	180	Serialize	86490
143573008	44	FUN_088ec010	86517
143575528	3396	ComputeGraphColoring	86526
143626268	76	FImplicitObjectUnion	87120
143627672	160	~FImplicitObjectUnion	87141
143630556	196	FImplicitObjectUnionClustered	87182
143633628	1544	PackIslands	87228
143656112	236	Update	87562
143660480	464	ApplyPositionConstraints	87636
143663376	1280	ApplyProjections	87737
143676776	1540	ApplySwingTwistDrives	87983
143689460	180	CalculateLinearConstraintPadding	88212
143690164	48	FUN_089089b4	88248
143690308	48	FUN_08908a44	88259
143690496	48	FUN_08908b00	88270
143693128	576	TKinematicGeometryParticlesImp	88281
143696016	8	AllV	88405
143696024	8	AllW	88417
143696032	8	AllKinematicTargets	88429
143696040	576	TKinematicGeometryParticlesImp	88443
143708900	860	ComputeConvexity	88567
143716412	1544	ComputeLevelSetError	88768
143733688	16	SweepGeom	89091
143733704	664	SweepGeomImp<Chaos::FCapsule>	89111
143737848	16	SweepGeom	89239
143738828	152	GetGeomSurfaceSamplesExtended	89259
143739568	140	GetGeomSurfaceSamplesExtended	89294
143742008	120	GetGeomSurfaceSamplesExtended	89329
143742128	4	OverlapGeom	89356
143743560	4	OverlapGeom	89482
143745988	4	OverlapGeom	89610
143748792	80	~FConvex	89790
143748908	4	PhiWithNormal	89810
143755352	316	~FImplicitObjectUnionClustered	90042
143761932	120	ResizeForCopy	90115
143762292	120	ResizeForCopy	90152
143762844	136	Apply	90189
143763588	632	Apply	90230
143767584	28	ProgressAsyncTimeSlicing	90372
143767940	244	Sweep	90393
143773244	424	operator()	90461
143775956	1688	QueryImp<(Chaos::EAABBQueryType)0,Chaos::FQueryFastData,Chaos::TSpatialVisitor<int,float>>	90551
143795692	756	Serialize	90912
143801760	120	ResizeForCopy	91037
143802476	144	Resize	91073
143803072	260	Resize	91102
143804832	84	~TGraphTask	91168
143806400	248	ResizeShrink	91204
143809996	136	ResizeTo	91282
143810428	136	ResizeTo	91325
143812384	464	~TPBDRigidClusteredParticles	91368
143815764	44	~TArrayCollectionArray	91480
143816116	176	RemoveAt	91496
143818520	144	ResizeGrow	91539
143819172	8	SizeOfElem	91584
143819364	44	~TArrayCollectionArray	91594
143819680	180	MoveToOtherArray	91610
143822604	152	ResizeShrink	91654
143823592	112	~TArrayCollectionArray	91695
143824404	44	~TArrayCollectionArray	91730
143824804	184	MoveToOtherArray	91750
143826736	128	MoveToOtherArray	91791
143828436	8	SizeOfElem	91823
143828444	184	MoveToOtherArray	91833
143830452	260	RemoveAt	91874
143833396	152	Resize	91945
143834796	136	ResizeTo	91977
143838888	792	Rehash	92020
143854568	456	FUN_08930be8	92230
143856244	348	_ZNSt6__ndk111__sift_downIRNS_7greaterIZN5Chaos3EPAIfZNS2_11GJKRaycast2IfNS2_9FTriangleENS2_4TBoxIfLi3EEEEEbRKT0_RKT1_RKNS2_15TRigidTransformIT_Li3EEERKNS2_7TVectorISF_Li3EEESF_RSF_RSK_SO_SF_bSM_SF_EUlRKNSJ_IfLi3EEEE_ZNS4_IfS5_S7_EEbSA_SD_SI_SM_SF_SN_SO_SO_SF_bSM_SF_EUlSR_E1_EENS2_10EEPAResultER6TArrayISK_22TSizedDefaultAllocatorILi32EEESZ_SA_SD_SN_SO_SO_SO_E16FEPAEntryWrapperEENS_11__wrap_iterIPS10_EEEEvS8_S8_SF_NS_15iterator_traitsIS8_E15difference_typeES8_	92339
143858820	1844	InitializeEPA<float,Chaos::GJKPenetration<false,float,Chaos::FTriangle,Chaos::TBox<float,3>>(Chaos::FTriangle_const&,Chaos::TBox<float,3>const&,Chaos::TRigidTransform<float,3>const&,float&,Chaos::TVector<float,3>&,Chaos::TVector<float,3>&,Chaos::TVector<float,3>&,int&,int&,float,float,Chaos::TVector<float,3>const&,float)::{lambda(Chaos::TVector<float,3>const&)#1},Chaos::GJKPenetration<false,float,Chaos::FTriangle,Chaos::TBox<float,3>>(Chaos::FTriangle_const&,Chaos::TBox<float,3>const&,Chaos::TRigidTransform<float,3>const&,float&,Chaos::TVector<float,3>&,Chaos::TVector<float,3>&,Chaos::TVector<float,3>&,int&,int&,float,float,Chaos::TVector<float,3>const&,float)::{lambda(Chaos::TVector<float,3>const&)#2}>	92403
143873316	2000	EPA<float,Chaos::GJKPenetration<false,float,Chaos::FTriangle,Chaos::TSphere<float,3>>(Chaos::FTriangle_const&,Chaos::TSphere<float,3>const&,Chaos::TRigidTransform<float,3>const&,float&,Chaos::TVector<float,3>&,Chaos::TVector<float,3>&,Chaos::TVector<float,3>&,int&,int&,float,float,Chaos::TVector<float,3>const&,float)::{lambda(Chaos::TVector<float,3>const&)#1},Chaos::GJKPenetration<false,float,Chaos::FTriangle,Chaos::TSphere<float,3>>(Chaos::FTriangle_const&,Chaos::TSphere<float,3>const&,Chaos::TRigidTransform<float,3>const&,float&,Chaos::TVector<float,3>&,Chaos::TVector<float,3>&,Chaos::TVector<float,3>&,int&,int&,float,float,Chaos::TVector<float,3>const&,float)::{lambda(Chaos::TVector<float,3>const&)#2}>	92716
143901344	524	operator()	93075
143903668	1844	InitializeEPA<float,Chaos::GJKRaycast2<float,Chaos::FTriangle,Chaos::FConvex>(Chaos::FTriangle_const&,Chaos::FConvex_const&,Chaos::TRigidTransform<float,3>const&,Chaos::TVector<float,3>const&,float,float&,Chaos::TVector<float,3>&,Chaos::TVector<float,3>&,float,bool,Chaos::TVector<float,3>const&,float)::{lambda(Chaos::TVector<float,3>const&)#1},Chaos::GJKRaycast2<float,Chaos::FTriangle,Chaos::FConvex>(Chaos::FTriangle_const&,Chaos::FConvex_const&,Chaos::TRigidTransform<float,3>const&,Chaos::TVector<float,3>const&,float,float&,Chaos::TVector<float,3>&,Chaos::TVector<float,3>&,float,bool,Chaos::TVector<float,3>const&,float)::{lambda(Chaos::TVector<float,3>const&)#3}>	93178
143922900	456	FUN_089416d4	93490
143924964	460	operator()	93599
143929076	456	FUN_08942ef4	93684
143934656	1740	GJKPenetration<false,float,Chaos::FTriangle,Chaos::TImplicitObjectScaled<Chaos::TSphere<float,3>,true>>	93793
143957440	420	operator()	94130
143958672	348	_ZNSt6__ndk111__sift_downIRNS_7greaterIZN5Chaos3EPAIfZNS2_11GJKRaycast2IfNS2_9FTriangleENS2_21TImplicitObjectScaledINS2_8FCapsuleELb1EEEEEbRKT0_RKT1_RKNS2_15TRigidTransformIT_Li3EEERKNS2_7TVectorISG_Li3EEESG_RSG_RSL_SP_SG_bSN_SG_EUlRKNSK_IfLi3EEEE_ZNS4_IfS5_S8_EEbSB_SE_SJ_SN_SG_SO_SP_SP_SG_bSN_SG_EUlSS_E1_EENS2_10EEPAResultER6TArrayISL_22TSizedDefaultAllocatorILi32EEES10_SB_SE_SO_SP_SP_SP_E16FEPAEntryWrapperEENS_11__wrap_iterIPS11_EEEEvS9_S9_SG_NS_15iterator_traitsIS9_E15difference_typeES9_	94208
143963104	456	FUN_0894b3e0	94272
143965552	2884	GJKRaycast2<float,Chaos::FTriangle,Chaos::TImplicitObjectScaled<Chaos::FConvex,true>>	94381
144034832	176	Copy	94893
144035356	8	GetMaterialIndex	94948
144035864	136	~TSharedPtrHolder	94963
144036200	4	~TReferenceControllerWithDeleter	95016
144036248	68	~TImplicitObjectTransformed	95034
144038068	888	FindClosestFaceAndVertices	95051
144045676	136	~TImplicitObjectScaled	95280
144045984	468	Raycast	95332
144047504	176	GetTypeHash	95421
144047888	8	GetInnerObject	95448
144047896	136	ResizeTo	95460
144048636	456	Reserve	95505
144051124	144	ResizeGrow	95628
144051904	144	ResizeGrow	95673
144052760	236	Resize	95717
144055296	168	ResizeGrow	95775
144060960	324	CalculateVolumeAndCenterOfMass<TArray<Chaos::TVector<int,3>,TSizedDefaultAllocator<32>>>	95820
144066280	1200	CombineWorldSpace	95913
144084240	168	SetOneWayInteraction	96464
144084936	8	F	96500
144085680	336	SetLinearImpulse	96511
144088412	12	SetToBeRemovedOnFracture	96577
144089040	236	SetParticleObjectState	96590
144093580	124	PrepareIteration	96653
144096208	4	UpdateConstraints	96685
144096212	204	UpdateConstraints	96698
144097288	704	FUN_0896c008	96743
144111920	548	ComputeHashTable	96907
144120548	8	GetConstraintIndex	97020
144122652	572	ReserveParticles	97032
144128632	5292	ComputeIslands	97168
144279500	884	RewindAndEvolve<float,3>	98211
144288208	240	Remove	98385
144288448	256	Init	98438
144288704	28	ConnectNodes	98504
144288732	928	operator()	98527
144289660	516	operator()	98688
144291128	156	~TPBDConstraintColorRule	98793
144291304	4	InitializeAccelerationStructures	98843
144291316	4	ResetConstraints	98853
144291356	8	~FPBDAxialSpringConstraints	98863
144291404	4	~TSimpleConstraintRule	98875
144291420	4	~TPBDConstraintGraphRuleImpl	98888
144291436	4	~TPBDConstraintGraphRuleImpl	98902
144291564	124	~TPBDConstraintIslandRule	98916
144291936	124	~TPBDConstraintIslandRule	98949
144292432	124	~TPBDConstraintIslandRule	98982
144293096	4	~FConstraintBase	99016
144293100	4	~FConstraintBase	99026
144293628	940	~FPBDEvolution	99037
144297016	152	ResizeShrink	99260
144297708	288	AddUninitialized	99302
144299760	164	ResizeTo	99378
144300360	288	AddUninitialized	99423
144301464	792	Rehash	99499
144306372	144	ResizeGrow	99709
144309216	748	InsertToMapAndArray<Chaos::TPBDRigidClusteredParticleHandleImp<float,3,true>,Chaos::TPBDRigidClusteredParticleHandleImp<float,3,true>>	99752
144313264	756	DisableParticle	99884
144320600	344	ConditionalRehash	100014
144322644	152	ResizeShrink	100112
144323848	136	~TSharedPtrHolder	100154
144324524	4	~FPBDCollisionConstraintHandle	100207
144324856	144	ResizeGrow	100220
144325256	4	CheckCallable	100265
144325264	372	FUN_089a3a90	100279
144329660	136	ResizeTo	100367
144330248	168	ResizeGrow	100412
144332136	288	AddUninitialized	100456
144333484	296	Remove	100532
144334988	72	FUN_089a608c	100608
144335196	168	ResizeGrow	100627
144336292	272	AddUninitialized	100673
144340028	344	ConditionalRehash	100749
144341456	136	ResizeTo	100848
144342328	144	ResizeGrow	100891
144344084	144	Resize	100936
144344712	180	Resize	100968
144345760	4	~FPerParticleGravity	101010
144345784	176	ResizeShrink	101020
144347684	184	ResizeGrow	101055
144348268	204	RemoveAt	101098
144349768	144	ResizeGrow	101145
144351804	732	operator()	101190
144357204	400	FUN_089ab754	101339
144364184	8	Call	101421
144365564	124	Call	101442
144365808	156	Call	101474
144367404	152	ResizeShrink	101520
144368180	136	ResizeTo	101560
144368764	4	CheckCallable	101601
144368768	168	ResizeGrow	101614
144369652	184	ResizeShrink	101658
144370468	152	ResizeShrink	101696
144372788	276	Rotate<TArray<int,TSizedDefaultAllocator<32>>>	101736
144374156	584	FUN_089af98c	101832
144382288	3348	FUN_089b1950	101957
144449704	16	F	102589
144449736	16	AngularImpulse	102599
144449752	16	Torque	102610
144449784	1216	ToString	102620
144463728	208	GetFreeSpatialAcceleration_Internal	102830
144463936	64	FreeSpatialAcceleration_External	102876
144464000	844	CreateTask	102899
144469936	336	Advance	103057
144471916	148	AdvanceOneTimeStep	103129
144472064	1380	Integrate<Chaos::TParticleView<Chaos::TPBDRigidParticles<float,3>>>	103163
144479572	416	RemoveConstraint	103596
144484436	252	Apply	103686
144485624	32	TContainerConstraintHandle	103742
144485656	16	RemoveConstraint	103761
144486144	36	FPBDSuspensionConstraintHandle	103775
144486404	2648	ApplySingle	103792
144508208	224	SetConvectionFunction	104262
144510584	1036	Init	104345
144529784	220	GetUniqueAdjacentPoints	104575
144532980	604	GetPointNormals	104624
144544696	128	GetCurvatureOnEdges	104765
144545188	156	GetCurvatureOnPoints	104794
144545344	4580	GetVertexImportanceOrdering	104828
144686332	184	BuildIncrementMask	105731
144686764	256	BuildFaceGroupToGeometryGroupMap	105768
144687140	164	HasMultipleRoots	105814
144688236	144	ParentTransform	105851
144688380	2228	ParentTransforms	105880
144711660	296	DeleteStaleVertices	106262
144712816	748	PrintStatistics	106332
144716972	4	~FRandomVector	106457
144717192	88	~FSumScalar	106468
144718012	4	SetTarget	106486
144718028	4	~FVariableMinimumWithCapTimestep	106496
144719212	4	~FSuspensionConstraint	106509
144719224	4	~FInternalDefaultSettings	106519
144719684	548	CreateAccelerationPerBucket_Threaded	106531
144727632	144	ResizeGrow	106685
144728072	152	ResizeShrink	106731
144729168	312	operator<<	106773
144734752	448	Overlap<Chaos::FSimOverlapVisitor>	106833
144742692	300	ComputeBoundsThickness<Chaos::FGenericParticleHandleHandleImp>	106948
144748000	52	operator()	107044
144748052	1628	GenerateTree<Chaos::TConstParticleView<Chaos::FSpatialAccelerationCache>>	107066
144764940	1248	ProduceOverlaps<Chaos::TAABBTree<Chaos::FAccelerationStructureHandle,Chaos::TBoundingVolume<Chaos::FAccelerationStructureHandle,float,3>,true>>	107466
144777532	152	ResizeShrink	107795
144778408	572	operator()	107837
144780492	236	~TArray	108012
144782244	236	~FIgnoreCollisionManager	108081
144783708	56	ResetCache	108146
144784728	136	ResizeTo	108163
144786480	488	operator<<	108208
144789880	32	operator()	108296
144790408	184	Init	108315
144791724	28	Empty	108346
144792048	360	operator<<	108362
144796068	136	ResizeTo	108428
144797760	168	ExchangeArrays	108471
144799448	144	Resize	108511
144800684	252	Serialize	108539
144803432	340	RemoveElements	108588
144806708	8	GetTypeSize	108662
144806840	312	operator<<	108672
144810172	820	~TSpatialAccelerationCollection	108728
144821836	52	RemoveElementFrom	108916
144821888	56	UpdateElementIn	108943
144822648	444	AddSubstructure	108969
144828232	1832	ProduceParticleOverlaps<true,Chaos::FGenericParticleHandleHandleImp,Chaos::TSpatialAccelerationCollection<Chaos::TAABBTree<Chaos::FAccelerationStructureHandle,Chaos::TAABBTreeLeafArray<Chaos::FAccelerationStructureHandle,true>,true>>>	109067
144849324	4	CheckCallable	109452
144849336	1368	operator()	109466
144860988	540	UnhashElements	109707
144868880	788	IntroSortInternal<TSparseArrayElementOrFreeListLink<TAlignedBytes<16,4u>>,int,FIdentityFunctor,TDereferenceWrapper<TSparseArrayElementOrFreeListLink<TAlignedBytes<16,4u>>,TSparseArray<TSetElement<TTuple<int,float>>,TSparseArrayAllocator<TSizedDefaultAllocator<32>,FDefaultBitArrayAllocator>>::FElementCompareClass<TSet<TTuple<int,float>,TDefaultMapHashableKeyFuncs<int,float,false>,FDefaultSetAllocator>::FElementCompareClass<TSortableMapBase<int,float,FDefaultSetAllocator,TDefaultMapHashableKeyFuncs<int,float,false>>::FValueComparisonClass<Chaos::TSpatialHash<float>::GetClosestPoints(Chaos::TVector<float,3>const&,float,int)::{lambda(float_const&,float_const&)#1}>>>>>	109878
144876848	660	EmplaceImpl	110076
144887748	28	operator()	110222
144888124	1752	QueryImp<(Chaos::EAABBQueryType)1,Chaos::FQueryFastData,Chaos::FTriangleMeshRaycastVisitor<int>>	110260
144908904	1844	InitializeEPA<float,Chaos::GJKPenetration<true,float,Chaos::FTriangle,Chaos::TBox<float,3>>(Chaos::FTriangle_const&,Chaos::TBox<float,3>const&,Chaos::TRigidTransform<float,3>const&,float&,Chaos::TVector<float,3>&,Chaos::TVector<float,3>&,Chaos::TVector<float,3>&,int&,int&,float,float,Chaos::TVector<float,3>const&,float)::{lambda(Chaos::TVector<float,3>const&)#1},Chaos::GJKPenetration<true,float,Chaos::FTriangle,Chaos::TBox<float,3>>(Chaos::FTriangle_const&,Chaos::TBox<float,3>const&,Chaos::TRigidTransform<float,3>const&,float&,Chaos::TVector<float,3>&,Chaos::TVector<float,3>&,Chaos::TVector<float,3>&,int&,int&,float,float,Chaos::TVector<float,3>const&,float)::{lambda(Chaos::TVector<float,3>const&)#2}>	110633
144931764	724	operator()	110946
144939676	348	_ZNSt6__ndk111__sift_downIRNS_7greaterIZN5Chaos3EPAIfZNS2_14GJKPenetrationILb1EfNS2_9FTriangleENS2_21TImplicitObjectScaledINS2_7TSphereIfLi3EEELb1EEEEEbRKT1_RKT2_RKNS2_15TRigidTransformIT0_Li3EEERSH_RNS2_7TVectorISH_Li3EEESO_SO_RiSP_SH_SH_RKSN_SH_EUlRKNSM_IfLi3EEEE_ZNS4_ILb1EfS5_S9_EEbSC_SF_SK_SL_SO_SO_SO_SP_SP_SH_SH_SR_SH_EUlSU_E0_EENS2_10EEPAResultER6TArrayINSM_IT_Li3EEE22TSizedDefaultAllocatorILi32EEES14_RKSH_SC_RSZ_RS10_S18_S18_E16FEPAEntryWrapperEENS_11__wrap_iterIPS19_EEEEvSH_SH_SZ_NS_15iterator_traitsISH_E15difference_typeESH_	111097
144942176	1572	GJKPenetration<true,float,Chaos::FTriangle,Chaos::TImplicitObjectScaled<Chaos::TBox<float,3>,true>>	111161
144967364	864	operator()	111465
144972324	756	operator()	111622
144979048	736	operator()	111783
144988428	840	operator()	111948
145000700	596	RaycastSweepImp<true,Chaos::FQueryFastData,Chaos::FTriangleMeshSweepVisitor<Chaos::FCapsule,int>>	112156
145007828	584	VisitSweep	112285
145012244	840	operator()	112412
145019616	144	ResizeGrow	112621
145021196	840	operator()	112671
145031908	712	VisitSweep	112880
145040876	596	RaycastSweepImp<true,Chaos::FQueryFastData,Chaos::FTriangleMeshSweepVisitor<Chaos::TImplicitObjectScaled<Chaos::FConvex,true>,int>>	113048
145047248	136	ResizeTo	113178
145048716	4	CheckCallable	113223
145048760	4	~TBaseRawMethodDelegateInstance	113236
145048788	16	HasSameObject	113252
145049052	4	~FChaosEngineModule	113266
145049076	8	GetObjectForTimerManager	113277
145049108	8	IsSafeToExecute	113292
145049288	32	Execute	113305
145049404	16	HasSameObject	113330
145049684	4	~TCommonDelegateInstanceState	113344
145049832	272	AddUninitialized	113363
145052988	136	ResizeTo	113439
145053484	8	IsFAsyncObjectManagerCallback	113482
145053492	4	FreeOutputData_External	113492
145053500	8	AllocateInputData_External	113502
145053588	4	OnFinalizeOutputData_Internal	113512
145053736	20	FUN_08a55828	113522
145053832	8	FUN_08a55888	113532
145053848	12	FUN_08a55898	113540
145053892	8	FUN_08a558c4	113551
145054000	56	FUN_08a55930	113559
145054256	12	FUN_08a55a30	113572
145055644	208	UnregisterHandler	113581
145056756	36	~FDoubleBuffer	113625
145057284	24	GetConsumerBuffer	113639
145057804	56	GetConsumerBuffer	113651
145062660	8	FUN_08a57b04	113683
145062684	520	Array	113691
145068364	16	FlipBufferIfRequired	113813
145068380	100	DispatchConsumerData	113828
145068828	76	~FDoubleBuffer	113856
145071340	20	FUN_08a59cec	113877
145072536	168	InjectProducerData	113886
145073276	8	GetConsumerBuffer	113926
145073564	24	GetProducerBuffer	113938
145073976	56	GetConsumerBuffer	113950
145076212	188	~TEventContainer	113982
145077492	8	GetConsumerBufferMutable	114027
145077740	8	GetBufferMode	114039
145077808	20	GetConsumerBuffer	114049
145078172	8	GetConsumerBufferMutable	114061
145078248	44	FlipProducer	114071
145080212	56	NewCopy	114101
145080740	288	AddUninitialized	114119
145086096	808	Rehash	114195
145099508	448	HasAttribute	114406
145101772	712	ClusterBonesUnderExistingNode	114517
145109084	716	GetLeafBones	114669
145114724	480	NewImplicit	114843
145118016	8660	UpdateProximity	114928
145867336	556	operator()	116609
145871420	456	FUN_08b1d23c	116715
145875032	1820	EPA<float,Chaos::GJKPenetration<false,float,Chaos::TImplicitObjectScaled<Chaos::TBox<float,3>,true>,Chaos::FConvex>(Chaos::TImplicitObjectScaled<Chaos::TBox<float,3>,true>const&,Chaos::FConvex_const&,Chaos::TRigidTransform<float,3>const&,float&,Chaos::TVector<float,3>&,Chaos::TVector<float,3>&,Chaos::TVector<float,3>&,int&,int&,float,float,Chaos::TVector<float,3>const&,float)::{lambda(Chaos::TVector<float,3>const&)#1},Chaos::GJKPenetration<false,float,Chaos::TImplicitObjectScaled<Chaos::TBox<float,3>,true>,Chaos::FConvex>(Chaos::TImplicitObjectScaled<Chaos::TBox<float,3>,true>const&,Chaos::FConvex_const&,Chaos::TRigidTransform<float,3>const&,float&,Chaos::TVector<float,3>&,Chaos::TVector<float,3>&,Chaos::TVector<float,3>&,int&,int&,float,float,Chaos::TVector<float,3>const&,float)::{lambda(Chaos::TVector<float,3>const&)#2}>	116824
145899932	1056	GJKIntersection<float,Chaos::TImplicitObjectScaled<Chaos::TSphere<float,3>,true>,Chaos::FConvex>	117187
145912492	2048	CastHelper<Chaos::SweepQuery<Chaos::FConvex>(Chaos::FImplicitObject_const&,Chaos::TRigidTransform<float,3>const&,Chaos::FConvex_const&,Chaos::TRigidTransform<float,3>const&,Chaos::TVector<float,3>const&,float,float&,Chaos::TVector<float,3>&,Chaos::TVector<float,3>&,int&,float,bool)::{lambda(auto:1_const&,auto:2_const&)#1}>	117376
145940016	348	_ZNSt6__ndk111__sift_downIRNS_7greaterIZN5Chaos3EPAIfZNS2_14GJKPenetrationILb0EfNS2_4TBoxIfLi3EEENS2_21TImplicitObjectScaledINS2_7TSphereIfLi3EEELb1EEEEEbRKT1_RKT2_RKNS2_15TRigidTransformIT0_Li3EEERSI_RNS2_7TVectorISI_Li3EEESP_SP_RiSQ_SI_SI_RKSO_SI_EUlRKNSN_IfLi3EEEE_ZNS4_ILb0EfS6_SA_EEbSD_SG_SL_SM_SP_SP_SP_SQ_SQ_SI_SI_SS_SI_EUlSV_E0_EENS2_10EEPAResultER6TArrayINSN_IT_Li3EEE22TSizedDefaultAllocatorILi32EEES15_RKSI_SD_RS10_RS11_S19_S19_E16FEPAEntryWrapperEENS_11__wrap_iterIPS1A_EEEEvSI_SI_S10_NS_15iterator_traitsISI_E15difference_typeESI_	117879
145945848	456	FUN_08b2f4f8	117943
145946304	1008	operator()	118052
145955076	28	operator()	118252
145955104	348	_ZNSt6__ndk111__sift_downIRNS_7greaterIZN5Chaos3EPAIfZNS2_14GJKPenetrationILb0EfNS2_7FConvexENS2_21TImplicitObjectScaledINS2_7TSphereIfLi3EEELb1EEEEEbRKT1_RKT2_RKNS2_15TRigidTransformIT0_Li3EEERSH_RNS2_7TVectorISH_Li3EEESO_SO_RiSP_SH_SH_RKSN_SH_EUlRKNSM_IfLi3EEEE_ZNS4_ILb0EfS5_S9_EEbSC_SF_SK_SL_SO_SO_SO_SP_SP_SH_SH_SR_SH_EUlSU_E0_EENS2_10EEPAResultER6TArrayINSM_IT_Li3EEE22TSizedDefaultAllocatorILi32EEES14_RKSH_SC_RSZ_RS10_S18_S18_E16FEPAEntryWrapperEENS_11__wrap_iterIPS19_EEEEvSH_SH_SZ_NS_15iterator_traitsISH_E15difference_typeESH_	118293
145958972	1844	InitializeEPA<float,Chaos::GJKPenetration<false,float,Chaos::TImplicitObjectScaled<Chaos::TSphere<float,3>,true>,Chaos::TImplicitObjectScaled<Chaos::TSphere<float,3>,true>>(Chaos::TImplicitObjectScaled<Chaos::TSphere<float,3>,true>const&,Chaos::TImplicitObjectScaled<Chaos::TSphere<float,3>,true>const&,Chaos::TRigidTransform<float,3>const&,float&,Chaos::TVector<float,3>&,Chaos::TVector<float,3>&,Chaos::TVector<float,3>&,int&,int&,float,float,Chaos::TVector<float,3>const&,float)::{lambda(Chaos::TVector<float,3>const&)#1},Chaos::GJKPenetration<false,float,Chaos::TImplicitObjectScaled<Chaos::TSphere<float,3>,true>,Chaos::TImplicitObjectScaled<Chaos::TSphere<float,3>,true>>(Chaos::TImplicitObjectScaled<Chaos::TSphere<float,3>,true>const&,Chaos::TImplicitObjectScaled<Chaos::TSphere<float,3>,true>const&,Chaos::TRigidTransform<float,3>const&,float&,Chaos::TVector<float,3>&,Chaos::TVector<float,3>&,Chaos::TVector<float,3>&,int&,int&,float,float,Chaos::TVector<float,3>const&,float)::{lambda(Chaos::TVector<float,3>const&)#2}>	118357
145975720	456	FUN_08b369a8	118681
145977268	348	_ZNSt6__ndk111__sift_downIRNS_7greaterIZN5Chaos3EPAIfZNS2_14GJKPenetrationILb0EfNS2_21TImplicitObjectScaledINS2_8FCapsuleELb1EEENS5_INS2_7TSphereIfLi3EEELb1EEEEEbRKT1_RKT2_RKNS2_15TRigidTransformIT0_Li3EEERSI_RNS2_7TVectorISI_Li3EEESP_SP_RiSQ_SI_SI_RKSO_SI_EUlRKNSN_IfLi3EEEE_ZNS4_ILb0EfS7_SA_EEbSD_SG_SL_SM_SP_SP_SP_SQ_SQ_SI_SI_SS_SI_EUlSV_E0_EENS2_10EEPAResultER6TArrayINSN_IT_Li3EEE22TSizedDefaultAllocatorILi32EEES15_RKSI_SD_RS10_RS11_S19_S19_E16FEPAEntryWrapperEENS_11__wrap_iterIPS1A_EEEEvSI_SI_S10_NS_15iterator_traitsISI_E15difference_typeESI_	118790
145981484	1844	InitializeEPA<float,Chaos::GJKPenetration<false,float,Chaos::TImplicitObjectScaled<Chaos::FConvex,true>,Chaos::TImplicitObjectScaled<Chaos::TSphere<float,3>,true>>(Chaos::TImplicitObjectScaled<Chaos::FConvex,true>const&,Chaos::TImplicitObjectScaled<Chaos::TSphere<float,3>,true>const&,Chaos::TRigidTransform<float,3>const&,float&,Chaos::TVector<float,3>&,Chaos::TVector<float,3>&,Chaos::TVector<float,3>&,int&,int&,float,float,Chaos::TVector<float,3>const&,float)::{lambda(Chaos::TVector<float,3>const&)#1},Chaos::GJKPenetration<false,float,Chaos::TImplicitObjectScaled<Chaos::FConvex,true>,Chaos::TImplicitObjectScaled<Chaos::TSphere<float,3>,true>>(Chaos::TImplicitObjectScaled<Chaos::FConvex,true>const&,Chaos::TImplicitObjectScaled<Chaos::TSphere<float,3>,true>const&,Chaos::TRigidTransform<float,3>const&,float&,Chaos::TVector<float,3>&,Chaos::TVector<float,3>&,Chaos::TVector<float,3>&,int&,int&,float,float,Chaos::TVector<float,3>const&,float)::{lambda(Chaos::TVector<float,3>const&)#2}>	118854
146002724	4	Sweep	119178
146026072	456	FUN_08b42e58	119536
146029736	1760	EPA<float,Chaos::GJKPenetration<false,float,Chaos::FCapsule,Chaos::TImplicitObjectScaled<Chaos::TBox<float,3>,true>>(Chaos::FCapsule_const&,Chaos::TImplicitObjectScaled<Chaos::TBox<float,3>,true>const&,Chaos::TRigidTransform<float,3>const&,float&,Chaos::TVector<float,3>&,Chaos::TVector<float,3>&,Chaos::TVector<float,3>&,int&,int&,float,float,Chaos::TVector<float,3>const&,float)::{lambda(Chaos::TVector<float,3>const&)#1},Chaos::GJKPenetration<false,float,Chaos::FCapsule,Chaos::TImplicitObjectScaled<Chaos::TBox<float,3>,true>>(Chaos::FCapsule_const&,Chaos::TImplicitObjectScaled<Chaos::TBox<float,3>,true>const&,Chaos::TRigidTransform<float,3>const&,float&,Chaos::TVector<float,3>&,Chaos::TVector<float,3>&,Chaos::TVector<float,3>&,int&,int&,float,float,Chaos::TVector<float,3>const&,float)::{lambda(Chaos::TVector<float,3>const&)#2}>	119645
146055544	896	operator()	119992
146064020	1700	GJKPenetration<false,float,Chaos::TImplicitObjectScaled<Chaos::FConvex,true>,Chaos::TImplicitObjectScaled<Chaos::TBox<float,3>,true>>	120184
146095420	2848	CastHelper<Chaos::OverlapQuery<Chaos::TImplicitObjectScaled<Chaos::FCapsule,true>>(Chaos::FImplicitObject_const&,Chaos::TRigidTransform<float,3>const&,Chaos::TImplicitObjectScaled<Chaos::FCapsule,true>const&,Chaos::TRigidTransform<float,3>const&,float,Chaos::FMTDInfo*)::{lambda(auto:1_const&,auto:2_const&)#2}>	120530
146122552	28	operator()	121062
146122928	1668	GJKPenetration<false,float,Chaos::FConvex,Chaos::TImplicitObjectScaled<Chaos::FCapsule,true>>	121102
146153668	432	operator()	121441
146158256	1012	operator()	121521
146171432	4604	SweepQuery<Chaos::TImplicitObjectScaled<Chaos::FCapsule,true>>	121761
146272156	408	OverlapHelper<Chaos::TBox<float,3>>	122566
146274980	1484	Visit<(TSQVisitor<Chaos::TBox<float,3>,Chaos::FAccelerationStructureHandle,ChaosInterface::FOverlapHit>::ESQType)1>	122659
146286048	4	Raycast	123000
146294668	4	Sweep	123288
146312268	120	ResizeForCopy	123631
146313192	4	~TSQVisitor	123666
146313208	4	Sweep	123681
146339308	180	GetPrivateStaticClass	124033
146341316	184	StaticClass<UDEPRECATED_PhysicalMaterialPropertyBase>	124052
146342972	8	Serialize	124074
146342996	4	PostSerialize	124085
146343048	4	PostScriptConstruct	124095
146343120	12	Identical	124105
146343208	8	StructuredSerializeFromMismatchedTag	124121
146343272	4	AddStructReferencedObjectsOrNot<FBodyInstanceCore>	124133
146345968	536	UMockDataMeshTrackerComponent	124144
146356088	84	SetCollisionResponseToAllChannels	124218
146356792	40	CalcBounds	124242
146360716	332	ClearAllBrickData	124260
146363848	292	RemoveBodyInstance	124331
146366368	572	FMeshArrayHolder	124398
146369992	144	ResizeGrow	124510
146371700	36	~FMRMeshProxy	124555
146374432	328	~FMRMeshProxySection	124567
146377964	120	ResizeForCopy	124625
146378628	280	Emplace<TPairInitializer<unsigned_int&&,unsigned_long_long&&>>	124662
146380864	8	GetHandle	124731
146381116	272	Execute	124745
146385760	60	~FMRMeshVertexBuffer	124849
146386060	144	ResizeGrow	124864
146388352	80	FUN_08b9b580	124907
146389028	440	FUN_08b9b824	124939
146392188	48	NewStructOps	125046
146392596	28	execStopReconstruction	125061
146393008	192	Z_Construct_UClass_UMRMeshComponent_NoRegister	125081
146393832	180	Z_Construct_UClass_UMeshReconstructorBase_NoRegister	125101
146395744	76	Z_Construct_UFunction_UMockDataMeshTrackerComponent_DisconnectMRMesh	125121
146396252	8	InternalVTableHelperCtorCaller<UMockDataMeshTrackerComponent>	125140
146396560	4	EmptyLinkFunctionForGeneratedCodeMRMesh_init	125150
146396776	28	execGetUseWireframe	125161
146396980	28	execGetEnableMeshOcclusion	125179
146397008	176	execSetEnableMeshOcclusion	125197
146398332	12	NewProp_ReturnValue_SetBit	125235
146398508	12	NewProp_bUseWireframe_SetBit	125247
146398672	76	Z_Construct_UFunction_UMRMeshComponent_SetWireframeMaterial	125260
146399376	8	ConstructForTests	125278
146399440	8	HasNetSerializer	125291
146399456	8	NetSerialize	125301
146399760	8	HasImportTextItem	125314
146399784	12	AddStructReferencedObjects	125324
146399876	8	IsAbstract	125334
146400080	192	Register	125344
146403588	288	GetTrackingQuality	125364
146405668	300	GetARSessionStatus	125464
146409984	396	GetAllPins	125572
146413912	24	ArePinsReadyToLoad	125701
146414260	304	SaveARPinToLocalStore	125717
146418164	20	GetLocalTransform	125819
146418200	8	GetTraceChannel	125848
146419212	520	GetAllTrackedPlanes	125858
146422836	28	GetPointCloud	125997
146423184	484	AddRuntimeCandidateImage	126018
146426252	292	GetObjectClassificationAtLocation	126151
146438528	284	FindTrackedPointsByName	126208
146440012	124	RegisterAsARSystem	126273
146443668	148	~TMapBase	126326
146444468	148	SetQRCodeComponentDebugMode	126363
146445628	84	GetDebugColor	126396
146447068	176	GetLifetimeReplicatedProps	126412
146449736	776	Update	126453
146456616	976	Update	126648
146471308	708	Activate	126880
146478492	1540	GetLocalToWorldTransform	127071
146491976	544	~FARSupportInterface	127398
146502348	284	DebugDraw	127512
146507464	216	DebugDraw	127569
146512884	364	AddOnTrackableRemovedDelegate_Handle	127609
146515084	36	~UARComponent	127722
146515120	4	Update	127734
146515124	8	~UARComponent	127744
146515132	40	~UARComponent	127755
146515324	76	~UARPlaneComponent	127767
146515752	92	~UARFaceComponent	127784
146516340	72	~UARPoseComponent	127805
146516780	40	~UARObjectComponent	127822
146517492	100	~UARLifeCycleComponent	127834
146518808	136	~UARTrackedObject	127859
146519816	4	ReportSuccess	127901
146519856	4	GetStatId	127911
146520024	172	~UARBaseAsyncTaskBlueprintProxy	127921
146521812	36	~UGetGeoLocationAsyncTaskBlueprintProxy	127976
146522252	28	ProcessClientTravel	127990
146522972	36	~AARSharedWorldPlayerController	128004
146523048	8	ShouldKeepCurrentPawnUponSpectating	128018
146523148	4	OnARSystemInitialized	128028
146523168	4	OnSetEnabledXRCamera	128038
146523200	8	OnGetTracked2DPose	128048
146523240	460	~IARSystemSupport	128062
146526244	132	~UAREnvironmentCaptureProbeTexture	128173
146529508	144	ResizeGrow	128209
146530560	92	DestroyObject	128252
146531964	688	Rehash	128275
146539388	8	GetObjectForTimerManager	128477
146539752	92	ExecuteIfSafe	128493
146543728	4	EmptyLinkFunctionForGeneratedCodeARActor	128520
146543912	92	StaticStruct<FTrackedGeometryGroup>	128531
146545252	192	StaticClass<AARActor>	128551
146548384	156	execGetAllTrackedPoses	128571
146550424	244	execAddManualEnvironmentCaptureProbe	128611
146554696	172	execIsSessionTypeSupported	128668
146557268	204	execSetAlignmentTransform	128708
146559060	76	Z_Construct_UFunction_UARBlueprintLibrary_AddRuntimeCandidateImage	128761
146559768	76	Z_Construct_UFunction_UARBlueprintLibrary_GetAllGeometriesByClass	128780
146560376	76	Z_Construct_UFunction_UARBlueprintLibrary_GetARSessionStatus	128798
146560996	12	NewProp_ReturnValue_SetBit	128816
146561236	76	Z_Construct_UFunction_UARBlueprintLibrary_GetPointCloud	128829
146561868	12	NewProp_ReturnValue_SetBit	128847
146562056	76	Z_Construct_UFunction_UARBlueprintLibrary_IsSessionTrackingFeatureSupported	128860
146563012	76	Z_Construct_UFunction_UARBlueprintLibrary_RemovePin	128879
146563844	76	Z_Construct_UFunction_UARBlueprintLibrary_UnpinComponent	128897
146566276	184	StaticRegisterNativesUARTraceResultLibrary	128915
146569488	188	Z_Construct_UClass_UARSaveWorldAsyncTaskBlueprintProxy_NoRegister	128934
146571676	188	StaticClass<UARGetCandidateObjectAsyncTaskBlueprintProxy>	128956
146572392	4	AddStructReferencedObjectsOrNot<FTrackedGeometryGroup>	128979
146573192	12	ClassPackage	128992
146575220	12	Get_Z_Construct_UEnum_AugmentedReality_EGeoAnchorComponentDebugMode_Hash	129002
146575468	12	Get_Z_Construct_UEnum_AugmentedReality_EPoseComponentDebugMode_Hash	129013
146575480	76	Z_Construct_UEnum_AugmentedReality_EPoseComponentDebugMode	129024
146575964	12	Get_Z_Construct_UEnum_AugmentedReality_EImageComponentDebugMode_Hash	129041
146575976	76	Z_Construct_UEnum_AugmentedReality_EImageComponentDebugMode	129052
146576956	12	Get_Z_Construct_UEnum_AugmentedReality_EARSessionConfigFlags_Hash	129069
146576968	76	Z_Construct_UEnum_AugmentedReality_EARSessionConfigFlags	129080
146578092	92	StaticStruct	129097
146579244	92	StaticStruct<FARImageUpdatePayload>	129115
146580356	92	StaticStruct	129135
146581752	76	Z_Construct_UFunction_UARComponent_UpdateVisualization	129153
146583596	280	ReceiveAdd	129171
146586184	216	UARPlaneComponent	129244
146589288	188	StaticRegisterNativesUARFaceComponent	129301
146592292	76	Z_Construct_UFunction_UARImageComponent_ReceiveAdd	129320
146593296	96	ValidateGeneratedRepEnums	129338
146594720	188	StaticRegisterNativesUARQRCodeComponent	129357
146597364	252	ServerUpdatePayload	129376
146600120	192	StaticClass	129432
146602680	76	Z_Construct_UFunction_UARObjectComponent_ReceiveUpdate	129452
146604140	144	ReceiveUpdate	129470
146605496	104	InternalConstructor<UARMeshComponent>	129515
146607596	76	Z_Construct_UClass_UARGeoAnchorComponent	129554
146608168	192	GetPrivateStaticClass	129571
146611740	184	Z_Construct_UClass_UARDependencyHandler_NoRegister	129590
146613276	80	StaticEnum<EARGeoTrackingStateReason>	129610
146615368	76	Z_Construct_UClass_UARGeoTrackingSupport	129629
146616528	48	UARGeoTrackingSupport	129646
146617696	76	Z_Construct_UFunction_UCheckGeoTrackingAvailabilityAsyncTaskBlueprintProxy_CheckGeoTrackingAvailabilityAtLocation	129659
146618580	184	StaticRegisterNativesUGetGeoLocationAsyncTaskBlueprintProxy	129680
146620308	8	NetDeltaSerialize	129703
146620616	8	HasStructuredSerializeFromMismatchedTag	129716
146620700	4	~TCppStructOps	129729
146620940	64	Copy	129742
146621344	8	NetDeltaSerialize	129787
146621476	8	HasAddStructReferencedObjects	129800
146621528	8	HasGetTypeHash	129810
146621608	40	Construct	129820
146622448	8	HasIdentical	129856
146622500	8	HasAddStructReferencedObjects	129866
146622560	32	GetStructTypeHash	129876
146622816	8	Serialize	129887
146622876	8	HasPostScriptConstruct	129897
146623124	8	ExportTextItem	129907
146623272	8	HasZeroConstructor	129921
146623444	8	HasPostSerialize	129931
146623524	56	Copy	129941
146623912	4	PostScriptConstruct	129989
146624068	8	HasStructuredSerializeFromMismatchedTag	129999
146624156	8	HasNoopConstructor	130010
146624208	8	Serialize	130020
146624320	12	Identical	130031
146624492	8	HasZeroConstructor	130047
146624792	8	HasNetSharedSerialization	130057
146625116	8	ImportTextItem	130067
146625280	8	HasDestructor	130080
146625344	8	HasNetSharedSerialization	130090
146625476	8	ExportTextItem	130100
146626416	12	ClassPackage	130114
146627232	12	ClassPackage	130124
146627652	192	Register	130134
146634668	76	Z_Construct_UFunction_UARLifeCycleComponent_ServerDestroyARActor	130153
146635564	180	Z_Construct_UClass_UARLightEstimate_NoRegister	130171
146637684	56	InternalConstructor<UARBasicLightEstimate>	130191
146638376	76	Z_Construct_UClass_AAROriginActor	130206
146639356	52	execGetPinnedComponent	130223
146639904	180	StaticClass	130243
146641956	12	Get_Z_Construct_UEnum_AugmentedReality_EARSessionTrackingFeature_Hash	130261
146642044	80	StaticEnum<EARFaceTrackingUpdate>	130272
146643284	80	StaticEnum<EARSessionType>	130291
146644836	56	execGetDesiredVideoFormat	130310
146645876	168	execAddCandidateImage	130330
146647844	76	Z_Construct_UFunction_UARSessionConfig_GetCandidateImageList	130368
146648832	76	Z_Construct_UFunction_UARSessionConfig_GetWorldAlignment	130386
146649552	76	Z_Construct_UFunction_UARSessionConfig_SetSceneReconstructionMethod	130404
146650456	12	NewProp_bRenderMeshDataInWireframe_SetBit	130423
146650504	12	NewProp_bUseAutomaticImageScaleEstimation_SetBit	130435
146650540	12	NewProp_bVerticalPlaneDetection_SetBit	130448
146650812	8	InternalConstructor<UARSessionConfig>	130460
146651524	20	execSetARWorldSharingIsReady	130471
146652244	192	StaticClass	130490
146654524	60	AARSharedWorldGameState	130509
146655936	212	ClientUpdatePreviewImageData	130527
146657576	56	AARSharedWorldPlayerController	130575
146658720	12	InternalConstructor<AARSkyLight>	130590
146658740	4	StaticClass	130601
146660700	8	HasNetSharedSerialization	130619
146660724	8	NetDeltaSerialize	130630
146660944	8	ExportTextItem	130643
146661012	8	StructuredSerializeFromMismatchedTag	130657
146661076	4	AddStructReferencedObjectsOrNot<FARSharedWorldReplicationState>	130670
146661488	192	Register	130683
146666596	8	InternalVTableHelperCtorCaller<UARTextureCameraImage>	130703
146666860	4	StaticRegisterNativesUARTextureCameraDepth	130713
146666864	192	Z_Construct_UClass_UARTextureCameraDepth_NoRegister	130723
146668908	12	Get_Z_Construct_UScriptStruct_FARTraceResult_Hash	130743
146668920	92	StaticStruct<FARTraceResult>	130754
146670184	48	UARTraceResultDummy	130774
146670732	80	StaticEnum<EARFaceTrackingDirection>	130787
146671856	176	StaticRegisterNativesUARTrackedGeometry	130806
146674780	76	Z_Construct_UFunction_UARPlaneGeometry_GetCenter	130825
146675536	60	InternalConstructor<UARPlaneGeometry>	130843
146676664	8	InternalVTableHelperCtorCaller<UARTrackedPoint>	130861
146676860	168	UARTrackedPoint	130871
146678520	168	UARTrackedImage	130911
146680656	184	StaticRegisterNativesUARFaceGeometry	130951
146683352	188	GetPrivateStaticClass	130970
146685660	188	StaticClass	130990
146688304	52	InternalConstructor<UARMeshGeometry>	131009
146688776	28	execGetLatitude	131024
146689204	76	Z_Construct_UClass_UARGeoAnchor	131042
146689660	188	Z_Construct_UClass_UARGeoAnchor_NoRegister	131059
146692348	80	FUN_08be58fc	131079
146693360	80	FUN_08be5cf0	131095
146694196	80	StaticEnum<EARTrackingQuality>	131111
146695360	92	StaticStruct	131130
146696528	52	NewStructOps	131148
146697580	8	InternalVTableHelperCtorCaller<UARTypesDummyClass>	131163
146697844	28	execGetPhysicalHeight	131173
146698060	184	StaticRegisterNativesUARCandidateImage	131191
146701168	76	Z_Construct_UFunction_UARCandidateObject_SetCandidateObjectData	131210
146702332	8	GetObjectClassificationAtLocation	131228
146702512	64	~UARCandidateImage	131241
146703224	192	Register	131257
146706080	12	ClassPackage	131276
146706280	12	ClassPackage	131286
146706480	12	ClassPackage	131296
146706680	12	ClassPackage	131306
146706692	192	Register	131316
146707940	92	Destruct	131336
146708864	8	Serialize	131363
146708924	8	HasPostScriptConstruct	131373
146709244	8	ImportTextItem	131383
146709396	12	ConstructForTests	131396
146709480	8	NetSerialize	131410
146709728	8	IsAbstract	131423
146709800	44	Destruct	131433
146710656	12	ClassPackage	131449
146716272	8	SetSpectatorScreenTexture	131459
146717096	1412	SetSpectatorScreenTextureRenderCommand	131472
146746240	8	SetupViewFamily	131743
146746416	168	SetupView	131754
146747092	36	FUN_08bf2ed4	131791
146748220	168	HideLoadingScreen	131803
146748396	2188	DoShowSplash	131846
146780352	608	NewExtension<UMotionControllerComponent::FViewExtension,UMotionControllerComponent*>	132232
146786780	60	OnRegister	132437
146786840	88	InitializeComponent	132452
146787028	160	OnDisplayModelLoaded	132475
146789804	60	GetParameterValue	132511
146790028	160	FMotionDelayTarget	132542
146790500	136	~TArray	132613
146791396	1732	FUN_08bfdbe4	132662
146811916	392	AddNamedDeviceVisualizationComponentAsync	133071
146814580	148	~TMapBase	133135
146815108	104	UpdateViewportRHIBridge	133172
146815388	148	InRHIOrValidThread	133193
146819824	1016	ExecuteOnRenderThread	133228
146830356	208	~FDefaultSpectatorScreenController	133424
146830704	8	LateLatchingEnabled	133487
146830736	4	RebaseObjectOrientationAndPosition	133497
146830856	32	GetFloorToEyeTrackingTransform	133507
146831036	4	OnBeginRendering_RenderThread	133534
146831312	12	GetFullFlatEyeRect_RenderThread	133545
146831344	180	~FHeadMountedDisplayBase	133555
146832120	12	DeviceIsAnAdditionalPass	133608
146832152	8	GetRenderTargetManager	133618
146832196	8	GetSpectatorScreenController	133628
146836536	28	HideBackgroundLayer	133638
146836596	28	IsBackgroundLayerVisible	133651
146837116	452	GetLayerDesc	133663
146839212	296	~TXRLoadingScreenBase	133776
146840576	4	SetupView	133854
146840584	8	GetPriority	133865
146840804	4	SetupViewFamily	133875
146840820	4	GetExemptTargets	133885
146841188	80	~UAsyncTask_LoadXRDeviceVisComponent	133896
146841784	4	WaitCurrentImage_RHIThread	133918
146842112	64	~FStaticStateResource	133928
146842908	36	~UMotionTrackedDeviceFunctionLibrary	133956
146843128	512	TStereoLayerManager	133970
146851592	344	Remove	134111
146853332	4	~TXRLoadingScreenBase	134175
146854180	92	FUN_08c0d124	134190
146854932	16	HasSameObject	134222
146855352	228	ExecuteIfSafe	134238
146857620	48	CloneToEmptyStorage	134317
146857688	4	~TFunction_CopyableOwnedObject	134336
146857972	4	~TReferenceControllerWithDeleter	134353
146858576	500	EmplaceImpl	134371
146864440	80	FUN_08c0f938	134489
146864996	144	ResizeGrow	134521
146865860	144	ResizeGrow	134564
146868520	320	FindId	134608
146873172	4	~TBaseUObjectMethodDelegateInstance	134671
146873192	8	GetBoundProgramCounterForTimerManager	134687
146873244	36	IsCompactable	134702
146873644	8	FUN_08c11d2c	134719
146874092	8	FUN_08c11eec	134727
146874108	8	FUN_08c11efc	134735
146874284	140	FUN_08c11fac	134743
146877044	136	ResizeTo	134781
146878512	4	CheckCallable	134824
146878516	92	FUN_08c13034	134836
146879728	136	FUN_08c134f0	134868
146880184	560	ForEachComponent_Internal<UCameraComponent,true,false,AActor::GetComponents<UCameraComponent,TSizedDefaultAllocator<32>>(TArray<UCameraComponent*,TSizedDefaultAllocator<32>>&,bool)const::{lambda(UCameraComponent*)#1}>	134899
146893264	76	Z_Construct_UDelegateFunction_HeadMountedDisplay_DeviceModelLoadedDelegate__DelegateSignature	135053
146896280	196	execConfigureGestures	135074
146898700	588	execSetSpectatorScreenModeTexturePlusEyeLayout	135122
146905064	76	Z_Construct_UScriptStruct_FXRGestureConfig	135247
146905468	12	NewProp_ReturnValue_SetBit	135265
146905644	76	Z_Construct_UEnum_HeadMountedDisplay_EXRTrackedDeviceType	135278
146906348	76	Z_Construct_UFunction_UHeadMountedDisplayFunctionLibrary_GetHMDDeviceName	135295
146907108	76	Z_Construct_UFunction_UHeadMountedDisplayFunctionLibrary_GetPositionalTrackingCameraParameters	135314
146907752	76	Z_Construct_UFunction_UHeadMountedDisplayFunctionLibrary_GetXRSystemFlags	135335
146908748	12	NewProp_bClearBlack_SetBit	135354
146908772	76	Z_Construct_UFunction_UHeadMountedDisplayFunctionLibrary_SetSpectatorScreenModeTexturePlusEyeLayout	135367
146909940	112	StaticEnum<EXRVisualType>	135388
146911348	112	StaticEnum<EXRDeviceConnectionResult::Type>	135409
146912616	76	Z_Construct_UEnum_HeadMountedDisplay_ETrackingStatus	135430
146913904	188	GetPrivateStaticClass	135447
146916400	176	execSetShowDeviceModel	135466
146917784	76	Z_Construct_UFunction_UMotionControllerComponent_SetShowDeviceModel	135505
146918788	12	Serialize	135524
146919808	228	execDisableMotionTrackingOfDevice	135536
146922208	76	Z_Construct_UFunction_UMotionTrackedDeviceFunctionLibrary_DisableMotionTrackingOfAllControllers	135591
146922524	76	Z_Construct_UFunction_UMotionTrackedDeviceFunctionLibrary_EnableMotionTrackingForComponent	135612
146923520	12	NewProp_Enable_SetBit	135632
146924192	48	UMotionTrackedDeviceFunctionLibrary	135645
146926432	188	StaticClass	135659
146929428	12	NewProp_bManualAttachment_SetBit	135678
146929440	76	Z_Construct_UFunction_UAsyncTask_LoadXRDeviceVisComponent_AddNamedDeviceVisualizationComponentAsync	135691
146930092	112	FUN_08c1f9ac	135712
146930708	528	execAddLoadingScreenSplash	135730
146936064	8	HasNetDeltaSerializer	135843
146936188	8	ImportTextItem	135853
146936512	188	Register	135866
146941132	48	ExecuteIfSafe	135887
146942736	56	execIsEyeTrackerConnected	135909
146943164	76	Z_Construct_UScriptStruct_FEyeTrackerGazeData	135930
146943656	12	NewProp_ReturnValue_SetBit	135948
146944008	188	GetPrivateStaticClass	135961
146945684	8	HasZeroConstructor	135981
146945732	4	Destruct	135991
146945760	8	Serialize	136001
146945820	8	HasPostScriptConstruct	136012
146945920	8	ExportTextItem	136022
146946056	4	~TCppStructOps	136036
146946180	8	NetSerialize	136049
146946352	8	HasSerializeFromMismatchedTag	136062
146947508	40	InternalDestroy	136072
146949016	52	ConstructCompiledInstance	136086
146949484	8	Do	136101
146949492	284	GetTypeLayout	136111
146959360	972	Set<FRHIVertexShader>	136147
146966052	52	ConstructCompiledInstance	136312
146966276	4	InternalDestroy	136329
146967140	284	StaticGetTypeLayout	136377
146970488	88	ShouldCompilePermutationImpl	136414
146970872	284	GetTypeLayout	136432
146976852	1116	RenderAtmosphere	136469
146992132	332	CreateAzureOutlinePassProcessor	136685
146993036	144	ModifyCompilationEnvironmentImpl	136750
146993868	52	ConstructCompiledInstance	136773
146994476	8	Do	136790
146994888	144	ModifyCompilationEnvironmentImpl	136803
146995692	216	ModifyCompilationEnvironmentImpl	136825
146996864	180	ShouldCompilePermutationImpl	136857
146997660	4	ShouldCompilePermutationImpl	136894
147000896	52	ConstructCompiledInstance	137024
147001396	184	GetTypeLayout	137041
147003472	80	ConstructSerializedInstance	137069
147003764	272	ValidateCompiledResult	137093
147005316	168	ModifyCompilationEnvironmentImpl	137146
147006172	52	ConstructCompiledInstance	137170
147006480	40	InternalDestroy	137187
147007472	40	InternalDestroy	137202
147008044	4	ModifyCompilationEnvironmentImpl	137217
147008792	180	ShouldCompilePermutationImpl	137250
147009992	184	StaticGetTypeLayout	137287
147011788	8	Do	137315
147011796	284	GetTypeLayout	137328
147014952	52	ConstructCompiledInstance	137365
147015812	72	ConstructSerializedInstance	137382
147016560	8	Do	137405
147016568	184	GetTypeLayout	137418
147018164	284	GetTypeLayout	137446
147021212	4	ModifyCompilationEnvironmentImpl	137483
147022560	8	Do	137517
147022568	184	GetTypeLayout	137530
147024568	164	ModifyCompilationEnvironmentImpl	137558
147026476	40	InternalDestroy	137583
147026516	284	StaticGetTypeLayout	137598
147029044	184	StaticGetTypeLayout	137636
147032044	8	Do	137665
147032052	184	GetTypeLayout	137678
147033896	172	ConstructCompiledInstance	137706
147035008	4	ModifyCompilationEnvironmentImpl	137735
147036832	40	InternalDestroy	137778
147037568	164	ModifyCompilationEnvironmentImpl	137793
147039172	52	ConstructCompiledInstance	137817
147039448	184	StaticGetTypeLayout	137834
147041056	184	StaticGetTypeLayout	137863
147044128	8	Do	137892
147044136	184	GetTypeLayout	137905
147046432	40	InternalDestroy	137933
147046848	72	ConstructSerializedInstance	137948
147047096	4	ShouldCompilePermutationImpl	137971
147049888	88	ShouldCompilePermutationImpl	138038
147050640	4	ShouldCompilePermutationImpl	138063
147053172	40	InternalDestroy	138157
147053660	172	ConstructCompiledInstance	138172
147054580	88	ShouldCompilePermutationImpl	138201
147055408	88	ShouldCompilePermutationImpl	138226
147056164	40	InternalDestroy	138251
147056780	68	ConstructSerializedInstance	138266
147057124	184	StaticGetTypeLayout	138288
147059180	172	ConstructCompiledInstance	138317
147060612	40	InternalDestroy	138346
147061652	40	InternalDestroy	138361
147062068	72	ConstructSerializedInstance	138376
147062644	8	Do	138399
147062652	284	GetTypeLayout	138412
147064888	184	StaticGetTypeLayout	138450
147068008	8	Do	138479
147068272	172	ConstructCompiledInstance	138492
147069372	40	InternalDestroy	138521
147070032	4	ModifyCompilationEnvironmentImpl	138536
147071812	40	InternalDestroy	138580
147072428	68	ConstructSerializedInstance	138595
147072716	88	ShouldCompilePermutationImpl	138617
147073796	40	InternalDestroy	138642
147074504	284	StaticGetTypeLayout	138657
147077032	184	StaticGetTypeLayout	138695
147079808	40	InternalDestroy	138724
147080476	40	InternalDestroy	138739
147080800	8	Do	138754
147081092	68	ConstructSerializedInstance	138767
147081436	184	StaticGetTypeLayout	138789
147083420	72	ConstructSerializedInstance	138818
147083916	284	StaticGetTypeLayout	138841
147087344	4	ModifyCompilationEnvironmentImpl	138879
147088956	172	ConstructCompiledInstance	138916
147090716	392	SetDepthStencilStateForBasePass	138945
147098328	640	GetUniformBasePassShaders<(ELightMapPolicyType)11>	139028
147111936	188	AddMeshBatch	139166
147115848	1276	Process<FSelfShadowedCachedPointIndirectLightingPolicy>	139198
147123572	4	InternalDestroy	139454
147124336	4	InternalDestroy	139503
147125100	4	InternalDestroy	139552
147125860	4	ShouldCompilePermutationImpl	139601
147127288	52	ConstructCompiledInstance	139662
147127680	8	Do	139680
147127688	284	GetTypeLayout	139693
147130004	284	GetTypeLayout	139734
147132652	80	ConstructSerializedInstance	139775
147133432	28	GetTypeLayout	139811
147133704	20	ModifyCompilationEnvironmentImpl	139822
147133732	560	StaticGetTypeLayout	139836
147151584	44	ShouldUseClusteredDeferredShading	139906
147151640	284	StaticGetTypeLayout	139921
147155956	100	GetAmbientOcclusionShaderLevel	139957
147157060	684	GetDeferredDecalPassTextures	139986
147165256	192	CanProcessAsyncSSAO	140125
147165540	1004	ProcessAsyncSSAO	140165
147173056	8	Do	140344
147173064	284	GetTypeLayout	140355
147174924	100	ConstructCompiledInstance	140392
147175328	284	StaticGetTypeLayout	140415
147180952	44	ConstructSerializedInstance	140451
147181276	88	ShouldCompilePermutationImpl	140465
147183412	284	StaticGetTypeLayout	140483
147185984	44	ConstructSerializedInstance	140519
147186264	88	ShouldCompilePermutationImpl	140533
147186352	840	AddGTAOHorizonSearchPass	140549
147195636	64	~FStaticStateResource	140786
147196340	64	~FStaticStateResource	140805
147196688	64	~FStaticStateResource	140824
147197136	320	_INIT_553	140843
147199736	64	~FStaticStateResource	140904
147200184	320	_INIT_561	140932
147202752	320	_INIT_568	140993
147206424	64	~FStaticStateResource	141054
147207152	64	~FStaticStateResource	141075
147208248	64	~FStaticStateResource	141096
147209016	356	ShouldCompilePermutation	141117
147213064	200	zzAppendMemberGetPrev	141193
147214664	200	zzAppendMemberGetPrev	141232
147216468	8	zzAppendMemberGetPrev	141271
147216676	200	zzAppendMemberGetPrev	141282
147218676	200	zzAppendMemberGetPrev	141322
147220876	200	zzAppendMemberGetPrev	141362
147224376	20	FUN_08c67738	141402
147226268	204	zzAppendMemberGetPrev	141411
147227144	144	ResizeGrow	141450
147228628	388	Empty	141493
147231636	200	zzAppendMemberGetPrev	141590
147233600	196	zzAppendMemberGetPrev	141630
147235024	80	ResizeGrow	141669
147235808	200	zzAppendMemberGetPrev	141709
147237960	200	zzAppendMemberGetPrev	141749
147239356	200	zzAppendMemberGetPrev	141788
147241736	200	zzAppendMemberGetPrev	141827
147243884	360	GetStructMetadata	141867
147247452	360	GetStructMetadata	141963
147252176	8	zzAppendMemberGetPrev	142059
147252184	360	GetStructMetadata	142070
147257360	208	zzAppendMemberGetPrev	142166
147259548	208	zzAppendMemberGetPrev	142205
147261532	8	zzAppendMemberGetPrev	142244
147261960	28	FUN_08c70a08	142255
147265256	8	zzAppendMemberGetPrev	142265
147265384	72	~FStaticStateResource	142276
147266064	12	ReleaseRHI	142298
147266288	12	ReleaseRHI	142314
147266528	72	~FStaticStateResource	142330
147267952	96	~FAnisotropyPassParallelCommandListSet	142350
147269980	4	InternalDestroy	142374
147271200	112	InitRHI	142421
147271512	176	InitRHI	142449
147273464	80	FUN_08c736f8	142502
147274160	452	FUN_08c739b0	142534
147278500	40	InternalDestroy	142639
147278988	4	InternalDestroy	142654
147278992	8	Do	142666
147279000	316	ModifyCompilationEnvironment	142679
147281660	364	Initialize	142719
147285140	8	Do	142802
147285528	4	InternalDestroy	142815
147285980	304	ModifyCompilationEnvironment	142827
147287708	304	ModifyCompilationEnvironment	142867
147290596	248	ModifyCompilationEnvironment	142907
147294400	364	Initialize	142940
147298644	8	Do	143022
147298964	692	ShouldCompilePermutation	143035
147306988	40	InternalDestroy	143150
147307028	8	Do	143165
147307036	436	StaticGetTypeLayout	143178
147313796	396	ShouldCompilePermutation	143240
147319440	40	InternalDestroy	143301
147319488	436	StaticGetTypeLayout	143316
147327156	360	Initialize	143378
147333176	268	ModifyCompilationEnvironment	143461
147337192	364	Initialize	143495
147344416	40	InternalDestroy	143578
147344860	272	ShouldCompilePermutation	143593
147349936	40	InternalDestroy	143645
147350420	40	InternalDestroy	143660
147350864	272	ShouldCompilePermutation	143675
147355900	364	Initialize	143727
147362112	324	ModifyCompilationEnvironment	143810
147366256	324	ModifyCompilationEnvironment	143852
147370672	612	ShouldCompilePermutation	143893
147375344	176	InitRHI	143988
147376832	72	~FStaticStateResource	144041
147378012	72	~FStaticStateResource	144063
147380136	4	~TTrackedAlloc	144092
147386620	464	GetShaderBindings	144105
147406136	8	Do	144233
147406596	452	Initialize	144246
147412576	200	ModifyCompilationEnvironment	144322
147414864	320	Initialize	144349
147419480	200	ModifyCompilationEnvironment	144420
147420864	452	Initialize	144447
147425560	56	FUN_08c98918	144523
147427476	360	GetStructMetadata	144536
147444840	204	zzAppendMemberGetPrev	144633
147449396	244	ResizeTo	144672
147449816	20	~TTrackedAlloc	144740
147450248	32	~TTrackedAlloc	144755
147450280	4	~TTrackedAlloc	144775
147450288	28	ExecuteImpl	144794
147451072	1900	SetShaderParameters<FRHIComputeCommandList,FComputeLightDirectionFromVolumetricLightmapCS,FRHIComputeShader>	144814
147473748	1108	FUN_08ca4554	145161
147486636	28	FUN_08ca77ac	145397
147486672	1016	FUN_08ca77d0	145407
147495192	20	~TTrackedAlloc	145590
147495212	52	~TTrackedAlloc	145604
147495640	32	~TTrackedAlloc	145619
147495672	4	~TTrackedAlloc	145640
147495680	116	ExecuteImpl	145660
147498884	32	~TTrackedAlloc	145698
147498916	4	~TTrackedAlloc	145718
147498952	756	Dispatch<FGTAOHorizonSearchCS>	145737
147508248	4	~TTrackedAlloc	145877
147508628	32	~TTrackedAlloc	145890
147508664	4	~TRDGLambdaPass	145911
147508784	416	operator()	145930
147511844	52	~TRDGUniformBuffer	146016
147512144	12	ReleaseRHI	146031
147512228	156	InitRHI	146057
147512956	152	InitRHI	146092
147513680	152	InitRHI	146127
147575872	288	StaticGetTypeLayout	146162
147582368	1952	DoDirectionalOcclusionPass	146199
147622124	184	FUN_08cc88ec	146693
147658024	548	PrepareDistanceFieldScene	146775
147665524	428	RenderDFAOAsIndirectShadowing	146858
147667308	8	Do	146932
147667600	44	ConstructSerializedInstance	146943
147667744	128	ModifyCompilationEnvironmentImpl	146957
147667960	36	GetDepthDrawingModeString	146992
147668036	284	StaticGetTypeLayout	147005
147669504	56	ShouldCompilePermutationImpl	147041
147669884	8	Do	147060
147670176	68	ConstructSerializedInstance	147070
147670776	8	Do	147090
147670784	284	GetTypeLayout	147100
147675348	284	PreRenderPrePass	147136
147682148	348	CalculateDepthPassMeshStaticSortKey	147185
147684800	380	AddMeshBatch	147231
147686632	8	Do	147303
147686640	28	GetTypeLayout	147313
147686672	528	StaticGetTypeLayout	147324
147696224	40	FUN_08cdaa60	147390
147696536	40	FUN_08cdab98	147399
147696728	40	FUN_08cdac58	147408
147698632	688	BuildTileObjectLists	147418
147703208	364	StaticGetTypeLayout	147530
147711828	4	InternalDestroy	147576
147712536	360	ShouldCompilePermutationImpl	147623
147715380	4	InternalDestroy	147664
147716472	360	ShouldCompilePermutationImpl	147711
147718480	88	~TGlobalResource	147752
147719180	8	Do	147772
147719188	28	GetTypeLayout	147785
147719332	64	ModifyCompilationEnvironmentImpl	147796
147720232	64	ModifyCompilationEnvironmentImpl	147813
147721356	248	ShouldCompilePermutationImpl	147830
147723200	52	ConstructCompiledInstance	147862
147723584	4	InternalDestroy	147880
147724940	8	Do	147928
147724976	64	ConstructSerializedInstance	147941
147728056	288	Release	147964
147741984	872	SetParameters	148007
147750180	204	~TRenderingCompositePassBase	148160
147750652	88	AddDependency	148223
147750884	232	SetOutputDumpFilename	148248
147751696	16	GetOutput	148304
147751788	32	GetAdditionalDependency	148319
147752236	12	GetOutputColorArray	148334
147752260	12	Release	148346
147752280	4	~FCustomDepthPassMeshProcessor	148359
147753292	36	~FDeferredShadingSceneRenderer	148371
147754392	64	~FStaticStateResource	148384
147755112	64	~FStaticStateResource	148405
147755536	296	_INIT_592	148426
147757696	320	_INIT_598	148477
147760384	320	_INIT_605	148538
147763392	64	~FStaticStateResource	148599
147764224	296	_INIT_615	148627
147766636	200	zzAppendMemberGetPrev	148678
147767832	200	zzAppendMemberGetPrev	148717
147770040	8	zzAppendMemberGetPrev	148756
147770344	360	GetStructMetadata	148767
147775940	8	zzAppendMemberGetPrev	148863
147776580	368	FBuildTileConesCS	148874
147782000	4	ProcessToggleFreezeCommand	148920
147782020	380	Initialize	148930
147795272	4920	BuildMeshDrawCommands<TMeshProcessorShaders<TDepthOnlyVS<false>,FDepthOnlyHS,FDepthOnlyDS,FDepthOnlyPS<false>,FMeshMaterialShader,FMeshMaterialShader,FMeshMaterialShader>,FDepthOnlyShaderElementData>	148978
147877760	4	ExecuteAndDestruct	149929
147878436	572	GetReadableTransitions	149947
147879260	1072	SetParameters	150044
147885572	320	TRemoveObjectsFromBufferCS	150235
147890312	364	Emplace<FPrimitiveSceneInfo*const&>	150281
147893196	568	StaticGetTypeLayout	150359
147901532	4	InternalDestroy	150431
147902548	292	StaticGetTypeLayout	150479
147906336	8	Do	150517
147906448	52	ConstructCompiledInstance	150530
147906808	424	StaticGetTypeLayout	150548
147912084	8	Do	150603
147912544	28	GetTypeLayout	150616
147912712	4	ModifyCompilationEnvironmentImpl	150630
147914380	8	Do	150672
147914760	80	FUN_08d10008	150685
147914868	88	ConstructSerializedInstance	150714
147915988	28	GetTypeLayout	150754
147916156	4	ModifyCompilationEnvironmentImpl	150768
147918312	88	ConstructSerializedInstance	150810
147919460	88	ConstructSerializedInstance	150850
147920128	452	Initialize	150890
147925564	4	InternalDestroy	150969
147926436	52	ConstructCompiledInstance	151017
147927016	452	Initialize	151035
147932228	4	ModifyCompilationEnvironmentImpl	151113
147934200	220	ShouldCompilePermutationImpl	151155
147935240	4	InternalDestroy	151184
147938076	32	GetDFShadowQuality	151232
147938140	260	SupportsDistanceFieldShadows	151249
147940480	636	RayTraceHeightFieldShadows	151281
147946056	44	ConstructSerializedInstance	151396
147946580	2332	RenderMeshDistanceFieldVisualization	151410
148004548	4	InternalDestroy	151842
148013360	304	UnsetParameters	151890
148037480	484	UnsetParameters	151955
148049316	5372	SetParameters	152051
148088280	8	Do	152902
148088288	284	GetTypeLayout	152913
148089372	20	ModifyCompilationEnvironmentImpl	152950
148089400	76	~TGlobalResource	152964
148090440	864	RunBenchmarkShader<0u,1u>	152982
148102004	4	InternalDestroy	153171
148102728	64	ModifyCompilationEnvironmentImpl	153219
148103068	4	InternalDestroy	153235
148103692	100	ConstructCompiledInstance	153283
148104892	120	ModifyCompilationEnvironmentImpl	153308
148105868	44	ConstructSerializedInstance	153327
148106096	276	ShouldCompilePermutationImpl	153341
148108404	28	GetTypeLayout	153384
148108492	288	ConstructCompiledInstance	153395
148111900	8	Do	153425
148111908	28	GetTypeLayout	153436
148112184	20	ModifyCompilationEnvironmentImpl	153447
148112400	4	InternalDestroy	153461
148114264	8	Do	153509
148114300	56	ConstructSerializedInstance	153520
148114792	4	InternalDestroy	153537
148115484	64	ModifyCompilationEnvironmentImpl	153585
148116384	52	ConstructCompiledInstance	153601
148116700	284	StaticGetTypeLayout	153618
148119240	52	ConstructCompiledInstance	153655
148120132	60	ConstructSerializedInstance	153672
148120308	196	ShouldCompilePermutationImpl	153692
148121460	284	StaticGetTypeLayout	153729
148125004	64	ModifyCompilationEnvironmentImpl	153766
148125552	8	Do	153782
148125844	60	ConstructSerializedInstance	153794
148126020	196	ShouldCompilePermutationImpl	153814
148127168	4	InternalDestroy	153851
148128700	60	ConstructSerializedInstance	153899
148128876	196	ShouldCompilePermutationImpl	153919
148130024	4	InternalDestroy	153956
148130976	4	InternalDestroy	154004
148132216	8	Do	154052
148132224	284	GetTypeLayout	154065
148135476	64	ModifyCompilationEnvironmentImpl	154102
148136316	60	ConstructSerializedInstance	154119
148136692	284	StaticGetTypeLayout	154139
148140044	80	FUN_08d4700c	154176
148140300	196	ShouldCompilePermutationImpl	154199
148141736	8	Do	154236
148142088	52	ConstructCompiledInstance	154249
148142688	8	Do	154266
148143092	64	ModifyCompilationEnvironmentImpl	154279
148143640	8	Do	154296
148143932	60	ConstructSerializedInstance	154309
148143992	52	ConstructCompiledInstance	154328
148144592	8	Do	154345
148144944	52	ConstructCompiledInstance	154358
148145544	8	Do	154375
148145836	60	ConstructSerializedInstance	154388
148146012	196	ShouldCompilePermutationImpl	154407
148146964	196	ShouldCompilePermutationImpl	154444
148148116	284	StaticGetTypeLayout	154481
148162308	56	Convolution2DBufferSize	154518
148163476	232	Allocate	154554
148163708	76	SearchFreeList	154620
148163784	408	Free	154648
148164452	56	UnlockResourceGPUScene<FTextureRWBuffer2D>	154767
148164652	2688	UpdateGPUSceneInternal<FRWBufferStructured>	154780
148194380	8	zzAppendMemberGetPrev	155250
148194748	200	zzAppendMemberGetPrev	155261
148196080	944	SetCSParamters	155301
148208100	816	TConeTraceScreenGridObjectOcclusionCS	155458
148214400	200	zzAppendMemberGetPrev	155560
148227012	5764	SetParameters	155599
148310588	1692	Set<FRHIPixelShader*,FRHICommandList>	156588
148321588	356	Allocate<TRDGEmptyLambdaPass<CullDistanceFieldObjectsForLight_Internal<(EDistanceFieldPrimitiveType)1>(FRDGBuilder&,FViewInfo_const&,FLightSceneProxy_const*,FMatrix_const&,int,FPlane_const*,FVector4_const&,float,TUniquePtr<FLightTileIntersectionResources,TDefaultDelete<FLightTileIntersectionResources>>&)::{lambda(FRHICommandListImmediate&)#1}>,FRDGEventName,ERDGPassFlags&,CullDistanceFieldObjectsForLight_Internal<(EDistanceFieldPrimitiveType)1>(FRDGBuilder&,FViewInfo_const&,FLightSceneProxy_const*,FMatrix_const&,int,FPlane_const*,FVector4_const&,float,TUniquePtr<FLightTileIntersectionResources,TDefaultDelete<FLightTileIntersectionResources>>&)::{lambda(FRHICommandListImmediate&)#1}>	156878
148321980	4	~TTrackedAlloc	156980
148321996	4	~TRDGLambdaPass	156999
148325768	2660	ScatterObjectsToShadowTiles<false,(EDistanceFieldPrimitiveType)1>	157017
148394100	488	RayTraceShadowsDispatch<(EDistanceFieldShadowingType)1,(EDistanceFieldPrimitiveType)1,false>	157596
148394588	636	operator()	157732
148395860	636	operator()	157861
148401792	1940	Set<FRHIComputeShader,FRHIComputeCommandList>	157990
148403732	5296	SetParameters	158321
148467964	32	FUN_08d970fc	159228
148468216	4	~TTrackedAlloc	159238
148468220	28	FUN_08d971fc	159252
148468256	1624	FUN_08d97220	159262
148482124	32	FUN_08d9a84c	159593
148482164	212	FUN_08d9a874	159603
148482376	20	~TTrackedAlloc	159634
148482396	52	~TTrackedAlloc	159648
148482448	376	AddPass<FVisualizeDistanceFieldUpsamplePS::FParameters,AddDrawScreenPass<FVisualizeDistanceFieldUpsamplePS>(FRDGBuilder&,FRDGEventName&&,FViewInfo_const&,FScreenPassTextureViewport_const&,FScreenPassTextureViewport_const&,TShaderRefBase<FShader,FShaderMapPointerTable>const&,TShaderRefBase<FVisualizeDistanceFieldUpsamplePS,FShaderMapPointerTable>const&,FRHIBlendState*,FRHIDepthStencilState*,FVisualizeDistanceFieldUpsamplePS::FParameters*,EScreenPassDrawFlags)::{lambda(FRHICommandListImmediate&)#1}>	159663
148482824	32	~TTrackedAlloc	159771
148482856	4	~TTrackedAlloc	159793
148482860	4	~TRDGLambdaPass	159814
148482864	116	ExecuteImpl	159834
148482980	416	operator()	159873
148485592	4	~TTrackedAlloc	159959
148485596	340	Allocate<TRDGUniformBuffer<FDistortionPassUniformParameters>,FDistortionPassUniformParameters*&,char16_t_const*&>	159972
148486092	4	~TTrackedAlloc	160036
148486232	360	GetStructMetadata	160049
148487260	52	~TTrackedAlloc	160145
148490024	72	~FStaticStateResource	160160
148490096	152	InitRHI	160182
148490260	28	FUN_08d9c814	160217
148491072	1900	SetShaderParameters<FRHICommandList,FDistortionMergeScreenPS,FRHIPixelShader>	160227
148499904	204	zzAppendMemberGetPrev	160574
148510568	2304	SetParameters	160613
148522032	448	Initialize	160982
148526688	604	TCompositeObjectDistanceFieldsCS	161057
148530244	180	InitRHI	161140
148532976	688	SetParameters	161178
148536312	136	Do	161304
148538572	8	Do	161333
148538580	448	Initialize	161345
148576368	140	ShouldCompilePermutationImpl	161419
148580812	100	ConstructCompiledInstance	161450
148581428	8	Do	161473
148581436	284	GetTypeLayout	161483
148583752	140	ShouldCompilePermutationImpl	161519
148584616	20	ModifyCompilationEnvironmentImpl	161552
148585064	8	Do	161566
148585072	284	GetTypeLayout	161579
148594284	4	InternalDestroy	161616
148595276	4	InternalDestroy	161663
148595900	100	ConstructCompiledInstance	161711
148596940	44	ConstructSerializedInstance	161736
148597356	284	StaticGetTypeLayout	161750
148605468	4	InternalDestroy	161787
148606092	100	ConstructCompiledInstance	161834
148606860	44	ConstructSerializedInstance	161857
148607020	4	InternalDestroy	161871
148607744	80	ModifyCompilationEnvironmentImpl	161919
148608124	8	Do	161936
148608460	100	ConstructCompiledInstance	161946
148609172	44	ConstructSerializedInstance	161969
148609440	140	ShouldCompilePermutationImpl	161983
148609876	284	GetTypeLayout	162014
148612224	8	Do	162051
148612232	284	GetTypeLayout	162061
148627344	20	ModifyCompilationEnvironmentImpl	162098
148627508	284	StaticGetTypeLayout	162112
148631200	100	ConstructCompiledInstance	162149
148638404	36	GetDeepShadowMaxFovAngle	162174
148638440	24	GetDeepShadowAABBScale	162193
148638504	4	PackHairRenderInfo	162210
148638508	24	PackHairRenderInfoBits	162220
148638852	20	GetHairStrandsSkyLightingEnable	162236
148638872	4	InternalDestroy	162247
148639452	44	ConstructSerializedInstance	162294
148639632	140	ShouldCompilePermutationImpl	162308
148640060	8	Do	162338
148640068	284	GetTypeLayout	162349
148641560	120	ModifyCompilationEnvironmentImpl	162386
148641820	312	RenderHairStrandsSceneColorScattering	162407
148645828	368	Register	162456
148647668	500	IsHairStrandsEnabled	162537
148648368	280	ConvertToExternalBufferWithViews	162621
148649488	20	SetClusters	162688
148650420	432	ReleaseRHI	162702
148651800	4	InternalDestroy	162785
148652088	8	Do	162831
148652096	284	GetTypeLayout	162841
148652604	192	ShouldCompilePermutationImpl	162877
148653752	44	ConstructSerializedInstance	162908
148653796	100	ConstructCompiledInstance	162922
148655884	728	UpdateHairLUT	162945
148658736	64	ModifyCompilationEnvironmentImpl	163052
148658800	160	ShouldCompilePermutationImpl	163068
148659644	80	ConstructCompiledInstance	163103
148659988	40	InternalDestroy	163122
148660232	80	FUN_08dc6008	163137
148660604	68	ConstructSerializedInstance	163160
148660856	160	ShouldCompilePermutationImpl	163180
148661700	80	ConstructCompiledInstance	163215
148661984	284	StaticGetTypeLayout	163233
148663636	64	ModifyCompilationEnvironmentImpl	163269
148663860	40	InternalDestroy	163285
148664476	68	ConstructSerializedInstance	163300
148664624	64	ModifyCompilationEnvironmentImpl	163320
148665964	564	Process<FDeepShadowDomMeshVS,FDeepShadowDomMeshPS>	163336
148669360	13464	RenderHairStrandsVisibilityBuffer	163446
149919812	8	Do	165940
149919820	28	GetTypeLayout	165953
149919996	4	ModifyCompilationEnvironmentImpl	165967
149921044	8	Do	166026
149921052	28	GetTypeLayout	166039
149921176	52	ConstructCompiledInstance	166053
149921232	4	ShouldCompilePermutationImpl	166071
149922508	384	StaticGetTypeLayout	166150
149924048	728	SetupMobileBasePassUniformParameters	166234
149930716	320	_INIT_644	166360
149932260	320	_INIT_648	166421
149933736	4	~FMeshPassProcessor	166482
149934352	316	FLpvVisualisePS	166496
149936032	200	zzAppendMemberGetPrev	166545
149937228	200	zzAppendMemberGetPrev	166584
149938432	200	zzAppendMemberGetPrev	166623
149940332	540	ShouldCompilePermutation	166662
149949224	204	zzAppendMemberGetPrev	166729
149949996	200	zzAppendMemberGetPrev	166771
149950992	204	zzAppendMemberGetPrev	166810
149952376	360	GetStructMetadata	166849
149955396	92	FUN_08f02344	166945
149956788	200	zzAppendMemberGetPrev	166977
149957788	208	zzAppendMemberGetPrev	167016
149958812	248	FUN_08f0309c	167055
149962284	16	GetResourceDataSize	167090
149962308	264	ResizeGrow	167100
149962688	8	IsStatic	167160
149962696	8	GetAllowCPUAccess	167170
149962716	372	StaticGetTypeLayout	167181
149964000	8	CallWriteMemoryImage	167238
149964008	20	CallUnfrozenCopy	167252
149964040	4	CallToString	167270
149967400	236	ResizeGrow	167337
149968876	84	~TGlobalResource	167402
149970680	452	Initialize	167420
149972660	336	ResizeGrow	167489
149974040	196	zzAppendMemberGetPrev	167568
149974840	8	zzAppendMemberGetPrev	167607
149974848	20	~TTrackedAlloc	167618
149974868	4	~TTrackedAlloc	167632
149975544	32	FUN_08f071f8	167646
149975584	12	FUN_08f07220	167656
149975596	32	FUN_08f0722c	167667
149975696	8	FUN_08f07290	167677
149975888	1504	Set	167687
149986824	308	AllocateEightNodes	167935
149988004	1548	FUN_08f0a2a4	168007
150005304	288	AddUninitialized	168411
150006520	792	Rehash	168487
150009660	460	EmplaceImpl	168698
150012108	300	ResizeTo	168807
150013364	96	~TGraphTask	168871
150013544	636	ExecuteTask	168907
150018272	144	ResizeGrow	169054
150020248	376	Allocate<FGraphicsMinimalPipelineStateInitializer_const&,Experimental::RobinHoodHashTable_Private::FUnitType>	169100
150021772	1072	FindOrAddIdByHash<FMeshDrawCommand_const&,FMeshDrawCommandCount>	169196
150028944	320	GetUniformMobileBasePassShaders<(ELightMapPolicyType)14,1>	169423
150031184	320	GetUniformMobileBasePassShaders<(ELightMapPolicyType)0,2>	169527
150033744	320	GetUniformMobileBasePassShaders<(ELightMapPolicyType)19,2>	169631
150036304	320	GetUniformMobileBasePassShaders<(ELightMapPolicyType)17,3>	169735
150038864	320	GetUniformMobileBasePassShaders<(ELightMapPolicyType)15,4>	169839
150041104	320	GetUniformMobileBasePassShaders<(ELightMapPolicyType)10,0>	169943
150043664	320	GetUniformMobileBasePassShaders<(ELightMapPolicyType)20,0>	170047
150044760	12	ReleaseRHI	170151
150045032	72	~FStaticStateResource	170177
150045604	152	InitRHI	170206
150047276	80	FUN_08f18a2c	170241
150048460	92	FUN_08f18ecc	170273
150049352	448	FUN_08f19248	170305
150051976	40	InternalDestroy	170408
150053584	476	ModifyCompilationEnvironment	170423
150056016	364	ShouldCompilePermutation	170498
150058920	476	ModifyCompilationEnvironment	170560
150063356	400	ModifyCompilationEnvironment	170635
150064660	452	ShouldCompilePermutation	170692
150069032	448	ShouldCompilePermutation	170770
150072900	460	ShouldCompilePermutation	170848
150075492	40	InternalDestroy	170926
150075996	40	InternalDestroy	170941
150076632	8	Do	170956
150077104	40	InternalDestroy	170969
150077144	8	Do	170984
150077152	452	Initialize	170997
150082848	464	ShouldCompilePermutation	171076
150086952	412	ModifyCompilationEnvironment	171153
150089188	452	ShouldCompilePermutation	171211
150093768	160	ShouldCompilePermutation	171288
150094232	412	ModifyCompilationEnvironment	171323
150098060	584	ModifyCompilationEnvironment	171381
150101836	40	InternalDestroy	171472
150102236	264	ShouldCompilePermutation	171487
150104236	660	TMobileBasePassPSPolicyParamType	171537
150108328	376	ShouldCompilePermutation	171624
150110608	528	ModifyCompilationEnvironment	171688
150114408	528	ModifyCompilationEnvironment	171766
150119200	452	ModifyCompilationEnvironment	171844
150122008	528	ModifyCompilationEnvironment	171904
150126192	692	ModifyCompilationEnvironment	171982
150130264	8	Do	172091
150130776	8	Do	172104
150131236	448	Initialize	172117
150136480	464	ShouldCompilePermutation	172196
150140996	460	ShouldCompilePermutation	172275
150144636	460	ShouldCompilePermutation	172354
150148276	460	ShouldCompilePermutation	172433
150152760	652	ModifyCompilationEnvironment	172512
150156896	40	InternalDestroy	172620
150158504	488	ModifyCompilationEnvironment	172635
150161812	388	ShouldCompilePermutation	172711
150165888	488	ModifyCompilationEnvironment	172776
150169576	488	ModifyCompilationEnvironment	172852
150173264	488	ModifyCompilationEnvironment	172928
150178104	584	ModifyCompilationEnvironment	173004
150182544	236	ModifyCompilationEnvironment	173095
150185744	376	ShouldCompilePermutation	173137
150187384	376	ShouldCompilePermutation	173200
150191736	452	ShouldCompilePermutation	173264
150195376	452	ShouldCompilePermutation	173341
150199016	452	ShouldCompilePermutation	173418
150203108	652	ModifyCompilationEnvironment	173495
150208704	276	ShouldCompilePermutation	173602
150211336	488	ModifyCompilationEnvironment	173657
150214196	412	ModifyCompilationEnvironment	173733
150218172	452	ShouldCompilePermutation	173791
150222264	488	ModifyCompilationEnvironment	173868
150226392	464	ShouldCompilePermutation	173944
150230684	584	ModifyCompilationEnvironment	174021
150235100	260	ModifyCompilationEnvironment	174112
150238348	376	ShouldCompilePermutation	174155
150240036	376	ShouldCompilePermutation	174218
150243608	464	ShouldCompilePermutation	174282
150247808	436	ModifyCompilationEnvironment	174359
150251544	436	ModifyCompilationEnvironment	174418
150255716	452	ShouldCompilePermutation	174477
150259584	608	ModifyCompilationEnvironment	174554
150264240	488	ModifyCompilationEnvironment	174646
150267936	488	ModifyCompilationEnvironment	174723
150271624	488	ModifyCompilationEnvironment	174800
150275800	476	ShouldCompilePermutation	174877
150280376	472	ShouldCompilePermutation	174956
150284920	652	ModifyCompilationEnvironment	175035
150289088	8	Do	175143
150289096	464	Initialize	175156
150294440	376	ShouldCompilePermutation	175262
150298456	488	ModifyCompilationEnvironment	175326
150302584	464	ShouldCompilePermutation	175402
150306688	412	ModifyCompilationEnvironment	175479
150310028	488	ShouldCompilePermutation	175537
153665976	1528	VoxelizeVolumePrimitive	175619
153673668	4	InternalDestroy	175901
153673672	284	StaticGetTypeLayout	175949
153673956	8	Do	175986
153673964	284	GetTypeLayout	175997
153674248	44	ConstructSerializedInstance	176034
153674292	100	ConstructCompiledInstance	176048
153674392	212	ModifyCompilationEnvironmentImpl	176073
153674604	88	ShouldCompilePermutationImpl	176096
153674692	1820	ComposeVolumetricRenderTargetOverScene	176114
153678268	1672	ComposeVolumetricRenderTargetOverSceneForVisualization	176447
153681964	80	Init	176754
153682044	1364	FUN_0929007c	176771
153689540	492	FreeLRU	177101
153691020	1444	FAllocatedVirtualTexture	177189
153694660	72	GetPhysicalTexture	177498
153694816	304	GetPackedPageTableUniform	177517
153695260	36	~FAdaptiveVirtualTexture	177583
153695308	4	~FVoxelizeVolumeMeshProcessor	177595
153695312	4	~FVoxelizeVolumeMeshProcessor	177606
153695320	360	GetStructMetadata	177618
153696280	200	zzAppendMemberGetPrev	177715
153696880	196	zzAppendMemberGetPrev	177755
153697476	196	zzAppendMemberGetPrev	177795
153698600	360	GetStructMetadata	177835
153699360	200	zzAppendMemberGetPrev	177932
153700132	196	zzAppendMemberGetPrev	177972
153700532	8	zzAppendMemberGetPrev	178012
153700540	208	zzAppendMemberGetPrev	178023
153701108	200	zzAppendMemberGetPrev	178065
153701508	200	zzAppendMemberGetPrev	178105
153702108	200	zzAppendMemberGetPrev	178144
153702516	360	GetStructMetadata	178183
153704280	200	zzAppendMemberGetPrev	178280
153705080	196	zzAppendMemberGetPrev	178319
153705896	196	zzAppendMemberGetPrev	178358
153706308	200	zzAppendMemberGetPrev	178398
153707108	200	zzAppendMemberGetPrev	178438
153707908	200	zzAppendMemberGetPrev	178478
153708708	200	zzAppendMemberGetPrev	178518
153709508	200	zzAppendMemberGetPrev	178558
153710316	200	zzAppendMemberGetPrev	178598
153711116	208	zzAppendMemberGetPrev	178638
153712096	200	zzAppendMemberGetPrev	178678
153712696	200	zzAppendMemberGetPrev	178718
153713296	200	zzAppendMemberGetPrev	178758
153714096	200	zzAppendMemberGetPrev	178798
153714696	200	zzAppendMemberGetPrev	178838
153715496	200	zzAppendMemberGetPrev	178878
153716296	200	zzAppendMemberGetPrev	178918
153716896	200	zzAppendMemberGetPrev	178958
153717692	200	zzAppendMemberGetPrev	178998
153718492	196	zzAppendMemberGetPrev	179038
153719268	196	zzAppendMemberGetPrev	179078
153719664	200	zzAppendMemberGetPrev	179118
153720272	200	zzAppendMemberGetPrev	179158
153721236	200	zzAppendMemberGetPrev	179198
153721832	200	zzAppendMemberGetPrev	179237
153722604	200	zzAppendMemberGetPrev	179276
153723204	196	zzAppendMemberGetPrev	179315
153723600	200	zzAppendMemberGetPrev	179354
153724564	200	zzAppendMemberGetPrev	179393
153725164	200	zzAppendMemberGetPrev	179433
153725764	200	zzAppendMemberGetPrev	179473
153726564	200	zzAppendMemberGetPrev	179513
153727564	196	zzAppendMemberGetPrev	179553
153729420	8	zzAppendMemberGetPrev	179593
153729428	488	FUN_0929b994	179604
153731084	4696	BuildMeshDrawCommands<TMeshProcessorShaders<FRenderVolumetricCloudVS,FMeshMaterialShader,FMeshMaterialShader,FVolumetricCloudShadowPS,FMeshMaterialShader,FMeshMaterialShader,FMeshMaterialShader>,FMeshMaterialShaderElementData>	179703
153780156	592	FUN_092a7fbc	180590
153782564	116	~TGlobalResource	180734
153782680	40	InitRHI	180754
153782720	60	ReleaseRHI	180766
153782780	72	~FSingleTriangleMeshVertexBuffer	180780
153782932	4	~TTrackedAlloc	180797
153782936	340	Allocate<TRDGUniformBuffer<FRenderVolumetricCloudGlobalParameters>,FRenderVolumetricCloudGlobalParameters*&,char16_t_const*&>	180810
153783560	64	FUN_092a8d08	180874
153783676	1104	FUN_092a8d7c	180886
153801060	4696	BuildMeshDrawCommands<TMeshProcessorShaders<FRenderVolumetricCloudVS,FMeshMaterialShader,FMeshMaterialShader,FRenderVolumetricCloudRenderViewPs<(EVolumetricCloudRenderViewPsPermutations)6,false>,FMeshMaterialShader,FMeshMaterialShader,FMeshMaterialShader>,FMeshMaterialShaderElementData>	181150
153819844	4696	BuildMeshDrawCommands<TMeshProcessorShaders<FRenderVolumetricCloudVS,FMeshMaterialShader,FMeshMaterialShader,FRenderVolumetricCloudRenderViewPs<(EVolumetricCloudRenderViewPsPermutations)2,false>,FMeshMaterialShader,FMeshMaterialShader,FMeshMaterialShader>,FMeshMaterialShaderElementData>	182040
153849552	448	Initialize	182930
153850352	1116	FUN_092b91f0	182998
153866124	1900	SetShaderParameters<FRHICommandListImmediate,TVolumetricFogLightScatteringCS,FRHIComputeShader>	183214
153871688	540	UnhashElements	183561
153873744	200	zzAppendMemberGetPrev	183732
153873944	204	zzAppendMemberGetPrev	183772
153874156	2648	SetParameters	183812
153891600	360	AddPass<FComposeVolumetricRTOverScenePS::FParameters,FPixelShaderUtils::AddFullscreenPass<FComposeVolumetricRTOverScenePS>(FRDGBuilder&,FGlobalShaderMap_const*,FRDGEventName&&,TShaderRefBase<FComposeVolumetricRTOverScenePS,FShaderMapPointerTable>const&,FComposeVolumetricRTOverScenePS::FParameters*,FIntRect_const&,FRHIBlendState*,FRHIRasterizerState*,FRHIDepthStencilState*,unsigned_int)::{lambda(FRHICommandList&)#1}>	184279
153894688	144	ResizeGrow	184370
153895316	168	ResizeGrow	184414
153895484	156	ResizeTo	184459
153895640	144	ResizeGrow	184501
153895928	144	ResizeGrow	184544
153915396	3176	FUN_092c9004	184589
153952484	44	FTexturePageLocks	184914
153952680	672	Lock	184935
153954336	196	~FTexturePageMap	185074
153954996	128	FindPageAddress	185124
153955124	148	FindPagePhysicalSpaceIDAndAddress	185151
153955440	184	FindNearestPageAddress	185180
153956692	128	QueueUpdate	185217
153957808	56	UpperBound	185245
153957864	4	VerifyPhysicalSpaceUnmapped	185269
153957868	144	ReleaseUnmappedPages	185279
153958012	192	EqualRange	185323
153958204	400	RefreshEntirePageTable	185382
153959456	1036	ExpandPageTableUpdatePainters	185470
153962628	176	~FTexturePagePool	185659
153963856	1164	EvictAllPages	185708
153966240	284	UnmapPageMapping	185964
153966524	584	EvictPages	186009
153968128	524	GetAllLockedPages	186132
153969328	1240	Alloc	186260
153976776	764	Initialize	186505
153981112	300	Free	186677
153981412	752	FreeAddressBlock	186731
153982744	40	FUN_092d9718	186888
153982820	464	FVirtualTextureFeedback	186897
153984000	192	ReleaseRHI	187030
153984192	772	TransferGPUToCPU	187071
153986296	8	Map	187202
153986304	224	Unmap	187214
153987044	52	~TGlobalResource	187257
153987096	24	Init	187272
153987120	24	Init2D	187286
153987144	228	Init2D	187305
153987948	420	~FVirtualTexturePhysicalSpace	187384
153988504	156	RemapVirtualTexturePhysicalSpaceFormat	187470
153989600	128	ReleaseRHI	187493
153989844	100	~FVirtualTextureProducer	187524
153991000	208	FVirtualTextureProducerCollection	187555
153991208	936	RegisterProducer	187618
153995648	148	~FVirtualTextureAllocator	187841
153995988	8	FreeVirtualTexture	187879
153995996	288	InitRHI	187892
153996552	4	InternalDestroy	187933
153997132	56	ConstructSerializedInstance	187981
153997188	188	ConstructCompiledInstance	187998
153997376	20	ModifyCompilationEnvironmentImpl	188026
153997584	4	InternalDestroy	188040
153998164	56	ConstructSerializedInstance	188088
153998220	188	ConstructCompiledInstance	188105
153998408	20	ModifyCompilationEnvironmentImpl	188133
153998428	188	ShouldCompilePermutationImpl	188147
153998804	8	Do	188175
153998812	184	GetTypeLayout	188188
153999164	188	ShouldCompilePermutationImpl	188216
153999732	44	ConstructSerializedInstance	188246
153999828	72	ModifyCompilationEnvironmentImpl	188260
154000088	4	InternalDestroy	188284
154000468	44	ConstructSerializedInstance	188332
154000564	72	ModifyCompilationEnvironmentImpl	188346
154000824	4	InternalDestroy	188370
154001300	72	ModifyCompilationEnvironmentImpl	188418
154001560	4	InternalDestroy	188442
154001984	52	ConstructCompiledInstance	188490
154002108	188	ShouldCompilePermutationImpl	188507
154002300	184	StaticGetTypeLayout	188537
154003032	12	QueueUpdateEntirePageTable	188565
154005040	5096	ApplyUpdates	188576
154184848	272	AddUninitialized	189649
154185916	156	ResizeTo	189725
154186240	348	operator=	189766
154188180	8	Do	189863
154188188	364	Initialize	189873
154189280	364	Initialize	189929
154190776	12	ReleaseRHI	189985
154190788	72	~FStaticStateResource	190011
154191100	164	CreateCopy	190040
154192856	720	Rehash	190084
154196988	496	SetParameters	190287
154200684	640	SetParameters	190381
154204524	640	SetParameters	190495
154208220	640	SetParameters	190609
154212060	640	SetParameters	190723
