1	0x71ae400	144	ResizeGrow
46	0x71ae6c4	124	operator==
68	0x71ae788	8	GetBoundProgramCounterForTimerManager
84	0x71ae84c	28	Execute
109	0x71aecc8	500	PhysicsAssetChanged
203	0x71af81c	744	FindOrLoadObject<UStaticMesh>
379	0x71b1274	4	~PxVehicleDrive4WRawInputData
391	0x71b1278	4	~PxVehicleDrive4WRawInputData
404	0x71b127c	876	_INIT_324
578	0x71b3c5c	124	StaticStruct
599	0x71b4418	168	execSetAvoidanceGroup
638	0x71b4b04	168	execSetThrottleInput
677	0x71b4e14	76	Z_Construct_UFunction_UWheeledVehicleMovementComponent_GetTargetGear
696	0x71b4ff4	76	Z_Construct_UFunction_UWheeledVehicleMovementComponent_SetBrakeInput
715	0x71b51d4	76	Z_Construct_UFunction_UWheeledVehicleMovementComponent_SetGroupsToIgnoreMask
734	0x71b53f0	16	NewProp_bRawHandbrakeInput_SetBit
747	0x71b5430	192	GetPrivateStaticClass
769	0x71b5ac8	124	StaticStruct
793	0x71b5dd4	192	Z_Construct_UClass_UWheeledVehicleMovementComponent4W_NoRegister
824	0x71b63e4	8	HasZeroConstructor
834	0x71b63f4	8	ConstructForTests
847	0x71b643c	4	PostSerialize
858	0x71b6470	4	PostScriptConstruct
868	0x71b65d8	8	HasExportTextItem
878	0x71b6600	12	AddStructReferencedObjects
888	0x71b665c	8	IsAbstract
898	0x71b682c	12	ClassPackage
908	0x71b685c	16	ConstructForTests
922	0x71b6880	8	HasStructuredSerializer
932	0x71b68a0	4	PostSerialize
944	0x71b68c4	8	NetDeltaSerialize
957	0x71b68e0	8	HasCopy
967	0x71b6930	8	ExportTextItem
981	0x71b696c	8	SerializeFromMismatchedTag
994	0x71b6a80	4	~TCppStructOps
1007	0x71b6b44	8	HasPostSerialize
1017	0x71b6b70	8	NetDeltaSerialize
1030	0x71b6c60	8	HasExportTextItem
1042	0x71b6c9c	8	HasStructuredSerializeFromMismatchedTag
1055	0x71b6ce4	8	IsAbstract
1065	0x71b7bac	316	operator=
1156	0x71b859c	120	ResizeForCopy
1192	0x71b8804	140	ResizeForCopy
1225	0x71b8d5c	120	ResizeForCopy
1260	0x71b8ef4	120	ResizeForCopy
1295	0x71b925c	4	~TCppStructOps
1308	0x71b9288	8	HasDestructor
1318	0x71b929c	8	HasStructuredSerializer
1328	0x71b92ac	8	Serialize
1338	0x71b92c8	8	HasNetSharedSerialization
1348	0x71b92d0	8	NetSerialize
1361	0x71b9304	156	Copy
1422	0x71b94d0	4	PostScriptConstruct
1432	0x71b9534	8	HasImportTextItem
1442	0x71b954c	12	AddStructReferencedObjects
1452	0x71b95b4	4	~TCppStructOps
1464	0x71b9628	8	HasNetDeltaSerializer
1474	0x71b964c	8	HasCopy
1484	0x71b96b0	8	ImportTextItem
1497	0x71b9714	8	GetComputedPropertyFlags
1507	0x71b9728	192	Register
1527	0x71b9b14	8	HasNetSharedSerialization
1537	0x71b9b40	8	IsPlainOldData
1547	0x71b9b7c	8	HasIdentical
1557	0x71b9ba0	8	HasImportTextItem
1567	0x71b9bcc	8	HasStructuredSerializeFromMismatchedTag
1578	0x71b9bec	32	GetStructTypeHash
1589	0x71b9ca4	8	HasStructuredSerializer
1599	0x71b9cc4	4	PostSerialize
1610	0x71b9cf8	4	PostScriptConstruct
1620	0x71b9df0	12	Identical
1636	0x71b9e38	8	HasStructuredSerializeFromMismatchedTag
1647	0x71b9e50	8	HasGetTypeHash
1657	0x71b9e90	8	HasNoopConstructor
1667	0x71b9ea8	8	ConstructForTests
1681	0x71b9ee4	4	PostSerialize
1693	0x71b9f2c	44	Copy
1720	0x71ba0bc	12	ClassPackage
1730	0x71bb1a4	264	FUN_071bb1a4
1795	0x71bb5dc	228	FUN_071bb5dc
1834	0x71bb6fc	12	FUN_071bb6fc
1843	0x71bb720	12	FUN_071bb720
1852	0x71bbe7c	1564	FUN_071bbe7c
2183	0x71bfdc4	688	FUN_071bfdc4
2342	0x71c1534	36	FUN_071c1534
2354	0x71c155c	8	FUN_071c155c
2362	0x71c1564	8	FUN_071c1564
2370	0x71c156c	8	FUN_071c156c
2378	0x71c1574	16	FUN_071c1574
2387	0x71c1644	48	FUN_071c1644
2403	0x71c1ba0	76	FUN_071c1ba0
2417	0x71c1e68	48	FUN_071c1e68
2430	0x71c224c	248	FUN_071c224c
2483	0x71c2d68	320	FUN_071c2d68
2549	0x71c364c	76	FUN_071c364c
2562	0x71c3814	76	FUN_071c3814
2575	0x71c3990	76	FUN_071c3990
2588	0x71c3c3c	76	FUN_071c3c3c
2601	0x71c3e18	8	FUN_071c3e18
2609	0x71c3e54	8	FUN_071c3e54
2617	0x71c3e88	8	FUN_071c3e88
2625	0x71c3f08	8	FUN_071c3f08
2633	0x71c3f4c	8	FUN_071c3f4c
2641	0x71c3f9c	8	FUN_071c3f9c
2649	0x71c3fd8	8	FUN_071c3fd8
2657	0x71c4028	8	FUN_071c4028
2665	0x71c406c	8	FUN_071c406c
2673	0x71c40e4	4	FUN_071c40e4
2681	0x71c48d8	156	FUN_071c48d8
2713	0x71c58f0	300	FUN_071c58f0
2779	0x71c779c	724	FUN_071c779c
2917	0x71ca2d0	272	FUN_071ca2d0
2968	0x71ca9e4	284	FUN_071ca9e4
3044	0x71cb484	276	FUN_071cb484
3092	0x71cbf34	276	FUN_071cbf34
3152	0x71ccc30	272	FUN_071ccc30
3207	0x71cda30	276	FUN_071cda30
3248	0x71ce6f0	276	FUN_071ce6f0
3289	0x71cf4d0	36	FUN_071cf4d0
3301	0x71cf548	204	FUN_071cf548
3336	0x71cfd10	84	FUN_071cfd10
3352	0x71d019c	272	FUN_071d019c
3401	0x71d0fd4	276	FUN_071d0fd4
3449	0x71d1dc0	276	FUN_071d1dc0
3494	0x71d2bb8	204	FUN_071d2bb8
3529	0x71d3280	84	FUN_071d3280
3557	0x71d3600	272	FUN_071d3600
3603	0x71d4554	276	FUN_071d4554
3644	0x71d5380	276	FUN_071d5380
3690	0x71d62dc	272	FUN_071d62dc
3751	0x71d7234	276	FUN_071d7234
3801	0x71d818c	272	FUN_071d818c
3858	0x71d9210	272	FUN_071d9210
3904	0x71da180	84	FUN_071da180
3920	0x71da808	272	FUN_071da808
3975	0x71db630	272	FUN_071db630
4027	0x71dc7e0	276	FUN_071dc7e0
4068	0x71dd294	84	FUN_071dd294
4085	0x71de68c	556	FUN_071de68c
4213	0x71e08d8	300	FUN_071e08d8
4290	0x71e3d74	476	FUN_071e3d74
4411	0x71e4aac	264	FUN_071e4aac
4469	0x71e5530	252	FUN_071e5530
4526	0x71e5a34	8	FUN_071e5a34
4534	0x71e5ad4	8	FUN_071e5ad4
4542	0x71e5b54	100	FUN_071e5b54
4569	0x71e5e5c	76	FUN_071e5e5c
4592	0x71e62bc	36	FUN_071e62bc
4604	0x71e63cc	48	FUN_071e63cc
4620	0x71e6abc	144	FUN_071e6abc
4662	0x71e7348	36	FUN_071e7348
4672	0x71e7f64	792	FUN_071e7f64
4860	0x71eab60	8	FUN_071eab60
4869	0x71eabe0	76	FUN_071eabe0
4881	0x71eaf84	76	FUN_071eaf84
4893	0x71eb404	188	FUN_071eb404
4908	0x71eb9b0	184	FUN_071eb9b0
4923	0x71ec1f0	76	FUN_071ec1f0
4936	0x71ec56c	188	FUN_071ec56c
4951	0x71ecd3c	12	FUN_071ecd3c
4960	0x71ece04	172	FUN_071ece04
4988	0x71ed830	216	FUN_071ed830
5046	0x71ede10	76	FUN_071ede10
5061	0x71ee3f0	112	FUN_071ee3f0
5078	0x71eea34	112	FUN_071eea34
5095	0x71eee78	12	FUN_071eee78
5105	0x71eee90	188	FUN_071eee90
5134	0x71ef704	12	FUN_071ef704
5143	0x71ef818	8	FUN_071ef818
5152	0x71ef9f0	152	FUN_071ef9f0
5179	0x71f0278	188	FUN_071f0278
5194	0x71f0a80	192	FUN_071f0a80
5209	0x71f1014	8	FUN_071f1014
5217	0x71f10f0	76	FUN_071f10f0
5235	0x71f16d8	192	FUN_071f16d8
5252	0x71f1f90	8	FUN_071f1f90
5260	0x71f1fb8	4	FUN_071f1fb8
5268	0x71f1fd4	8	FUN_071f1fd4
5276	0x71f2000	148	FUN_071f2000
5305	0x71f25d0	8	FUN_071f25d0
5313	0x71f25e8	8	FUN_071f25e8
5321	0x71f2600	8	FUN_071f2600
5329	0x71f263c	8	FUN_071f263c
5337	0x71f2658	160	FUN_071f2658
5371	0x71f2f94	8	FUN_071f2f94
5379	0x71f3078	8	FUN_071f3078
5387	0x71f3080	8	FUN_071f3080
5395	0x71f3088	8	FUN_071f3088
5403	0x71f30a0	4	FUN_071f30a0
5411	0x71f30a4	8	FUN_071f30a4
5419	0x71f30c4	8	FUN_071f30c4
5427	0x71f30e8	352	FUN_071f30e8
5545	0x71f4054	12	FUN_071f4054
5553	0x71f4074	252	FUN_071f4074
5648	0x71f4d44	12	FUN_071f4d44
5656	0x71f4e1c	5184	_INIT_329
6189	0x7243cb4	76	~FSpriteTextureOverrideRenderProxy
6208	0x7243ee8	16	GetMaterialNoFallback
6223	0x7243fd4	292	ConvertTextureSpaceToPivotSpace
6267	0x72447dc	8	IsSafeToExecute
6280	0x72448d8	240	StartupModule
6315	0x72455d0	44	HasSameObject
6336	0x72458bc	140	ResizeForCopy
6367	0x7245f24	80	FUN_07245f24
6399	0x724650c	144	ResizeGrow
6442	0x7246d50	80	~FObjectFinder
6460	0x72472d4	252	ResizeTo
6535	0x72480b8	52	UMaterialExpressionSpriteTextureSampler
6554	0x72483d0	192	GetPrivateStaticClass
6574	0x7248dc0	180	StaticClass
6600	0x72495fc	12	InternalConstructor<APaperFlipbookActor>
6611	0x72497e0	52	execGetFlipbookLengthInFrames
6632	0x72499cc	56	execIsLooping
6652	0x7249c18	248	execSetPlaybackPositionInFrames
6707	0x724a520	76	Z_Construct_UFunction_UPaperFlipbookComponent_Play
6725	0x724a7b0	76	Z_Construct_UFunction_UPaperFlipbookComponent_SetPlaybackPositionInFrames
6746	0x724aeac	12	InternalConstructor<APaperGroupedSpriteActor>
6760	0x724af80	48	APaperGroupedSpriteActor
6781	0x724b104	52	NewStructOps
6796	0x724b65c	372	execGetInstanceTransform
6904	0x724c488	12	Get_Z_Construct_UScriptStruct_FPaperSpriteSocket_Hash
6915	0x724c494	124	StaticStruct<FPaperSpriteSocket>
6936	0x724ccbc	4	EmptyLinkFunctionForGeneratedCodePaperSpriteAtlas
6947	0x724ccc0	112	StaticEnum<EPaperSpriteAtlasPadding>
6971	0x724d134	180	GetPrivateStaticClass
7016	0x724dd24	192	StaticClass
7041	0x724e514	12	InternalConstructor<APaperTerrainActor>
7052	0x724e61c	168	execSetTerrainColor
7092	0x724ed1c	12	NewProp_bEnableCollision_SetBit
7105	0x724ede8	76	Z_Construct_UClass_UPaperTerrainMaterial
7122	0x724f1c8	12	InternalConstructor<UPaperTerrainSplineComponent>
7134	0x724f2e8	4	EmptyLinkFunctionForGeneratedCodePaperTileLayer
7145	0x724f2ec	124	StaticStruct
7164	0x724f94c	112	FUN_0724f94c
7181	0x7250104	8	InternalVTableHelperCtorCaller<APaperTileMapActor>
7191	0x72501fc	4	EmptyLinkFunctionForGeneratedCodePaperTileMapComponent
7202	0x7250488	252	execSetDefaultCollisionThickness
7264	0x725165c	192	StaticClass
7291	0x7251d9c	192	GetPrivateStaticClass
7318	0x7252958	76	Z_Construct_UEnum_Paper2D_ESpritePolygonMode
7337	0x7252c44	76	Z_Construct_UScriptStruct_FSpriteAssetInitParameters
7355	0x7253024	484	execMakeTile
7464	0x72545b4	76	~UPaperTerrainComponent
7480	0x7254a94	4	~TCppStructOps
7492	0x7254adc	8	Serialize
7502	0x7254b24	8	IsPlainOldData
7512	0x7254bb8	8	StructuredSerializeFromMismatchedTag
7523	0x7254d90	4	~TCppStructOps
7536	0x7254e30	8	IsPlainOldData
7546	0x7254ed4	8	HasGetTypeHash
7556	0x7255090	12	ClassPackage
7566	0x72552c4	8	HasStructuredSerializer
7576	0x72552e8	8	HasNetSerializer
7586	0x7255318	4	PostScriptConstruct
7596	0x725532c	56	Copy
7640	0x725559c	8	HasNoopConstructor
7650	0x7255628	4	Destruct
7660	0x7255658	8	HasNetSerializer
7670	0x725568c	8	IsPlainOldData
7680	0x72556f8	8	HasImportTextItem
7691	0x725572c	8	SerializeFromMismatchedTag
7704	0x7255974	8	HasDestructor
7716	0x72559d4	8	HasNetSerializer
7726	0x7255af0	8	HasIdentical
7736	0x7255b38	8	HasSerializeFromMismatchedTag
7746	0x7255b88	8	IsAbstract
7757	0x7255d1c	192	Register
7779	0x7256568	180	Register
7798	0x7256fb4	8	Serialize
7808	0x7256ff0	8	HasPostScriptConstruct
7818	0x7257170	8	ExportTextItem
7832	0x72571f4	4	AddStructReferencedObjectsOrNot<FSpriteDrawCallRecord>
7846	0x7257290	8	Serialize
7857	0x72572cc	8	HasPostScriptConstruct
7867	0x72573f4	8	ImportTextItem
7880	0x7257470	8	HasNoopConstructor
7890	0x7257560	8	Serialize
7901	0x72575a4	8	HasPostScriptConstruct
7912	0x725771c	8	ExportTextItem
7926	0x72577e8	8	HasDestructor
7936	0x7257850	8	HasNetSharedSerialization
7946	0x7257870	8	HasPostScriptConstruct
7956	0x72579a4	8	SerializeFromMismatchedTag
7969	0x7258f98	4	~FAISupportModule
7980	0x72598b0	8	OverrideBlendableSettings
7994	0x72598e0	4	_getUObject
8004	0x7259914	8	_getUObject
8015	0x725991c	620	_INIT_340
8154	0x725db10	40	FUN_0725db10
8164	0x725dc6c	440	Serialize
8250	0x725fcec	36	FUN_0725fcec
8261	0x725fddc	40	FUN_0725fddc
8270	0x72600c8	1032	Outgoing
8460	0x72627ac	156	ResizeTo
8506	0x72642e0	828	MakeArray<TSizedDefaultAllocator<32>,FString_const&,unsigned_long_long&,FString_const&,unsigned_long_long&,FString_const&,unsigned_long_long&,FString_const&,unsigned_long_long&,FString_const&,unsigned_long_long&,FString_const&,unsigned_long_long&,FString_const&,unsigned_long_long&,FString_const&,unsigned_long_long&,FString_const&,unsigned_long_long&,FString_const&,unsigned_long_long&,FString_const&,unsigned_long_long&,FString_const&,unsigned_long_long&,FString_const&,unsigned_long_long&,FString_const&,signed_char&,FString_const&,signed_char&,FString_const&,long_long&,FString_const&,long_long&,FString_const&,signed_char&,FString_const&,signed_char&,FString_const&,long_long&,FString_const&,long_long&,FString_const&,signed_char&,FString_const&,signed_char&,FString_const&,unsigned_int&,FString_const&,unsigned_int&,FString_const&,unsigned_int&>
8622	0x72654e0	676	MakeArray<TSizedDefaultAllocator<32>,FString_const&,unsigned_long_long&,FString_const&,unsigned_long_long&,FString_const&,unsigned_long_long&,FString_const&,unsigned_long_long&,FString_const&,unsigned_long_long&,FString_const&,unsigned_long_long&,FString_const&,unsigned_long_long&,FString_const&,signed_char&,FString_const&,signed_char&,FString_const&,long_long&,FString_const&,long_long&,FString_const&,signed_char&,FString_const&,signed_char&,FString_const&,long_long&,FString_const&,long_long&,FString_const&,signed_char&,FString_const&,signed_char&,FString_const&,unsigned_int&,FString_const&,unsigned_int&,FString_const&,unsigned_int&>
8712	0x7267a1c	84	DestroyObject
8744	0x7267efc	344	ConditionalRehash
8854	0x7268d04	4	EmptyLinkFunctionForGeneratedCodeOodleNetworkHandlerComponent
8865	0x7268d78	112	FUN_07268d78
8883	0x7269150	4	StaticClass
8901	0x7269aa0	284	GetAnimationSharingManager
8946	0x726ca0c	508	RegisterActor
9062	0x726d48c	260	RegisterActorWithSkeletonBP
9116	0x726e2d8	300	SetMasterComponentsVisibility
9186	0x726fb48	40	FUN_0726fb48
9196	0x726fc18	36	FUN_0726fc18
9208	0x726fce4	96	SetComponentTick
9239	0x726fe34	84	SetupBlendFromOnDemand
9258	0x7270104	156	RemoveAdditiveInstance
9301	0x72708c4	308	RemoveFromCurrentOnDemand
9385	0x72710ac	212	RemoveBlendInstance
9437	0x72712bc	220	Setup
9481	0x7271b70	36	~UAnimSharingInstance
9493	0x7271c0c	92	~UAnimationSharingManager
9516	0x7271dc0	36	~UAnimSharingAdditiveInstance
9529	0x7272304	136	ResizeTo
9572	0x7272730	144	ResizeGrow
9615	0x7272ff0	144	FUN_07272ff0
9660	0x72734a0	156	ResizeTo
9716	0x727382c	120	ResizeForCopy
9756	0x7273c8c	16	HasSameObject
9772	0x7273d48	28	Execute
9797	0x7274650	296	Remove
9876	0x7275120	12	NewProp_bStateBool_SetBit
9887	0x72752a0	12	InternalConstructor<UAnimSharingStateInstance>
9899	0x72752b4	192	StaticClass<UAnimSharingStateInstance>
9924	0x72759e8	12	InternalConstructor<UAnimSharingAdditiveInstance>
9936	0x7275af8	124	StaticStruct
9956	0x7275f40	180	StaticClass<UAnimSharingInstance>
9988	0x72766d8	76	Z_Construct_UFunction_UAnimationSharingManager_GetAnimationSharingManager
10007	0x72768a0	184	StaticClass<UAnimationSharingManager>
10032	0x7276ef4	124	StaticStruct<FPerSkeletonAnimationSharingSetup>
10059	0x7277634	176	StaticRegisterNativesUAnimationSharingStateProcessor
10084	0x7277d8c	192	Register
10107	0x7278330	8	HasZeroConstructor
10117	0x7278384	8	Serialize
10129	0x72783b0	8	NetSerialize
10142	0x727843c	8	HasAddStructReferencedObjects
10153	0x7278470	8	HasGetTypeHash
10163	0x7278498	8	GetComputedPropertyFlags
10174	0x72784e8	8	HasDestructor
10184	0x7278568	8	Serialize
10196	0x7278594	8	NetSerialize
10209	0x7278730	8	HasImportTextItem
10219	0x7278748	12	AddStructReferencedObjects
10230	0x72788c4	4	AddStructReferencedObjectsOrNot<FPerSkeletonAnimationSharingSetup>
10243	0x7278970	8	HasStructuredSerializer
10253	0x7278994	8	HasNetSerializer
10263	0x72789d8	196	Copy
10312	0x72796d4	4	ShutdownModule
10322	0x7279798	8	GetObjectForTimerManager
10337	0x72797b8	8	IsSafeToExecute
10350	0x7279880	48	ExecuteIfSafe
10374	0x7279c08	124	StaticStruct<FMyPluginStruct>
10400	0x727a048	8	HasDestructor
10410	0x727a084	8	HasStructuredSerializer
10420	0x727a0a4	4	PostSerialize
10430	0x727a0c0	8	HasNetDeltaSerializer
10440	0x727a188	12	Identical
10456	0x727a1c8	8	HasSerializeFromMismatchedTag
10467	0x727a1f0	32	GetStructTypeHash
10482	0x727ac84	404	FadeIn
10613	0x727b8e0	8	GetCurves_Implementation
10628	0x727b9fc	4	IMPLEMENT_MODULE_FacialAnimation
10636	0x727ba00	4	StartupModule
10646	0x727ba04	4	ShutdownModule
10656	0x727ba0c	36	~UAudioCurveSourceComponent
10669	0x727ba34	8	~UAudioCurveSourceComponent
10681	0x727ba9c	8	_getUObject
10692	0x727bacc	44	operator()
10714	0x727c20c	164	CreateCopy
10763	0x727c4d4	8	GetObjectForTimerManager
10778	0x727c5a0	28	Execute
10804	0x727c9e0	76	Z_Construct_UPackage__Script_FacialAnimation
10827	0x727cb38	8	InternalConstructor<UAudioCurveSourceComponent>
10839	0x727cb4c	192	StaticClass<UAudioCurveSourceComponent>
10872	0x727d150	8	GetAssetImportData
10882	0x727d34c	600	SetDatasmithUserDataValueForKey
11037	0x727ef04	40	Equals
11060	0x727f084	20	Load
11074	0x727f0e4	288	FDatasmithPostProcessSettingsTemplate
11133	0x727fd84	4	Load
11143	0x727fd88	392	Equals
11192	0x7281874	4	Apply
11202	0x7281884	512	ThreeWaySetMerge
11350	0x7283024	92	UpdateObject
11380	0x728321c	32	FDatasmithMeshBuildSettingsTemplate
11395	0x7283544	16	FDatasmithStaticMaterialTemplate
11410	0x72835e4	60	Equals
11428	0x7283994	560	Load
11582	0x72848ac	36	~ADatasmithAreaLightActor
11595	0x7284a00	572	Empty
11742	0x72864a8	60	~FDatasmithContentModule
11757	0x7286784	40	FUN_07286784
11772	0x7286bcc	288	AddUninitialized
11848	0x72877c8	764	_INIT_352
12003	0x7289e24	188	GetPrivateStaticClass
12023	0x728a680	188	StaticClass<UDatasmithMDLSceneImportData>
12044	0x728ae04	8	InternalVTableHelperCtorCaller<UDatasmithStaticMeshGLTFImportData>
12054	0x728afbc	188	StaticClass
12074	0x728b828	12	NewProp_bImportVar_SetBit
12086	0x728b954	72	InternalConstructor<UDatasmithDeltaGenSceneImportData>
12109	0x728bc68	188	GetPrivateStaticClass
12129	0x728c7a8	76	Z_Construct_UClass_UDatasmithStaticMeshIFCImportData
12147	0x728c9ec	188	Z_Construct_UClass_UDatasmithAssetUserData_NoRegister
12167	0x728d304	56	UDatasmithCineCameraActorTemplate
12184	0x728d6c8	124	StaticStruct
12204	0x728dda8	4	EmptyLinkFunctionForGeneratedCodeDatasmithContent_init
12215	0x728ddac	4	EmptyLinkFunctionForGeneratedCodeDatasmithContentBlueprintLibrary
12226	0x728dfa0	296	execGetDatasmithUserDataValueForKey
12294	0x728ebec	76	Z_Construct_UClass_UDatasmithDecalComponentTemplate
12312	0x728edf4	4	EmptyLinkFunctionForGeneratedCodeDatasmithImportedSequencesActor
12323	0x728f01c	76	Z_Construct_UClass_ADatasmithImportedSequencesActor
12341	0x728f240	8	InternalVTableHelperCtorCaller<ADatasmithImportedSequencesActor>
12351	0x728f428	12	Get_Z_Construct_UEnum_DatasmithContent_EDatasmithCADRetessellationRule_Hash
12362	0x728f480	112	StaticEnum<EDatasmithCADStitchingTechnique>
12383	0x728f960	112	StaticEnum<EDatasmithImportMaterialQuality>
12404	0x7290010	124	StaticStruct
12424	0x72905b8	12	Get_Z_Construct_UScriptStruct_FDatasmithStaticMeshImportOptions_Hash
12435	0x7290680	12	NewProp_bRemoveDegenerates_SetBit
12449	0x7290714	124	StaticStruct<FDatasmithAssetImportOptions>
12473	0x7290f70	76	UDatasmithCommonTessellationOptions
12490	0x7291260	192	StaticClass<UDatasmithImportOptions>
12510	0x7291d38	188	StaticClass
12531	0x729289c	16	NewProp_bUnbound_SetBit
12543	0x72929b4	64	InternalConstructor<UDatasmithPostProcessVolumeTemplate>
12561	0x7292d70	180	StaticClass<UDatasmithScene>
12581	0x72936b0	4	StaticRegisterNativesUDatasmithSkyLightComponentTemplate
12593	0x729382c	76	Z_Construct_UClass_UDatasmithSkyLightComponentTemplate
12611	0x7293a34	4	EmptyLinkFunctionForGeneratedCodeDatasmithSpotLightComponentTemplate
12622	0x7293af8	188	StaticClass
12642	0x7294484	124	StaticStruct
12662	0x7294c78	4	_getUObject
12672	0x7294c84	36	~UDatasmithAssetImportData
12685	0x7294e44	64	~UDatasmithStaticMeshGLTFImportData
12703	0x72951f0	64	~UDatasmithStaticMeshIFCImportData
12721	0x7295508	8	CanApplyOnActors
12732	0x729551c	40	~UDatasmithCustomActionBase
12745	0x7295940	12	ClassPackage
12755	0x7295ad0	12	ClassPackage
12765	0x7295b98	12	ClassPackage
12775	0x7295c6c	188	Register
12794	0x7296750	12	ClassPackage
12804	0x729675c	4	~TCppStructOps
12817	0x7296788	44	Destruct
12833	0x72967f0	8	NetSerialize
12846	0x7296920	8	HasAddStructReferencedObjects
12859	0x729695c	32	GetStructTypeHash
12873	0x7296a74	8	ConstructForTests
12886	0x7296b38	8	HasExportTextItem
12897	0x7296b8c	8	HasGetTypeHash
12907	0x7296bc4	4	AddStructReferencedObjectsOrNot<FDatasmithPostProcessSettingsTemplate>
12920	0x7296c28	8	HasNetSerializer
12931	0x7296c64	8	HasCopy
12941	0x7296d60	8	SerializeFromMismatchedTag
12954	0x7296e08	8	HasNetSerializer
12967	0x7296f04	8	ExportTextItem
12981	0x7296fa0	8	Construct
12994	0x7297018	4	PostScriptConstruct
13006	0x7297118	8	HasStructuredSerializeFromMismatchedTag
13019	0x7297168	4	AddStructReferencedObjectsOrNot<FDatasmithCameraFilmbackSettingsTemplate>
13032	0x72973b4	12	ClassPackage
13042	0x72975b0	4	Destruct
13052	0x72975d4	8	HasPostSerialize
13062	0x72975f8	8	HasNetDeltaSerializer
13073	0x729766c	8	ExportTextItem
13087	0x72976e8	8	IsAbstract
13097	0x7297700	8	HasZeroConstructor
13107	0x729776c	8	Serialize
13118	0x7297798	8	HasNetDeltaSerializer
13128	0x7297804	8	HasExportTextItem
13138	0x7297848	8	SerializeFromMismatchedTag
13151	0x72978c0	4	Destruct
13161	0x72978f0	8	HasNetSerializer
13171	0x7297974	8	HasExportTextItem
13181	0x72979c8	8	HasGetTypeHash
13191	0x7297a54	8	HasPostSerialize
13201	0x7297a88	8	HasPostScriptConstruct
13211	0x7297b74	8	HasAddStructReferencedObjects
13222	0x7297be8	8	HasNoopConstructor
13232	0x7297c34	8	HasPostSerialize
13242	0x7297c68	8	HasPostScriptConstruct
13253	0x7297d78	8	SerializeFromMismatchedTag
13266	0x7297e1c	8	HasPostSerialize
13276	0x7297eac	8	HasExportTextItem
13286	0x7297ee8	8	HasStructuredSerializeFromMismatchedTag
13299	0x7297f3c	180	Register
13318	0x7298c34	12	ClassPackage
13328	0x7298dd4	8	HasNoopConstructor
13339	0x7298ddc	8	HasZeroConstructor
13350	0x7298e30	8	HasDestructor
13360	0x7298e38	148	Destruct
13395	0x7299200	4	AddStructReferencedObjectsOrNot<FDatasmithMeshSectionInfoMapTemplate>
13408	0x7299228	8	HasDestructor
13418	0x729925c	4	PostSerialize
13430	0x7299354	8	HasExportTextItem
13440	0x7299398	8	SerializeFromMismatchedTag
13453	0x7299424	8	Serialize
13465	0x7299474	8	IsPlainOldData
13475	0x72994dc	8	ImportTextItem
13488	0x72995a4	8	HasPostSerialize
13498	0x72995e4	8	IsPlainOldData
13508	0x729963c	8	HasImportTextItem
13519	0x7299680	8	HasGetTypeHash
13529	0x729b584	4	PostSerialize
13539	0x729c6a8	92	GetParent
13563	0x729cf24	8	GetVariantSets
13573	0x729d5a0	444	GetLevelVariantSets
13684	0x729e500	392	EnumIndexToValueBytes
13768	0x72a0ff4	232	HasValidResolve
13806	0x72a1a44	8	GetNamePropertyName
13816	0x72a1a54	8	GetTextPropertyText
13826	0x72a1a64	8	GetPropCategory
13836	0x72a1a90	8	GetProperty
13846	0x72a1a98	36	GetObjectPropertyObjectClass
13862	0x72a1ad8	8	GetCapturedPropSegments
13872	0x72a1b38	8	GetEnumDocumentationLink
13886	0x72a1b40	440	GetRecordedDataAsEnumIndex
13977	0x72a21e4	332	GetLeafDisplayString
14051	0x72a3edc	224	UPropertyValueTransform
14108	0x72a4380	628	GetDataFromResolvedObject
14230	0x72a5514	388	GetDataFromResolvedObject
14296	0x72a67f8	40	FUN_072a67f8
14307	0x72a6a58	44	FUN_072a6a58
14319	0x72a73d4	52	SetVisibility
14331	0x72a7b48	160	CreateTextureFromBulkData
14356	0x72a8638	8	GenerateThumbnailFromEditorViewport
14366	0x72a8648	316	UVariant
14453	0x72a927c	280	GetBindingByName
14515	0x72a9970	672	IsValidDependencyRecursive
14622	0x72aa990	536	AddCapturedProperties
14747	0x72ac80c	60	GetVariantIndex
14771	0x72ac930	8	GetNumVariants
14781	0x72ac938	444	GetVariantByName
14907	0x72ad5c8	240	Remove
14957	0x72ae080	144	ResizeGrow
15000	0x72ae3b4	448	Reserve
15121	0x72af08c	8	FUN_072af08c
15129	0x72af09c	8	FUN_072af09c
15137	0x72af0ac	8	FUN_072af0ac
15145	0x72af154	136	FUN_072af154
15172	0x72afb04	140	ResizeForCopy
15203	0x72aff8c	176	ResizeShrink
15238	0x72b0934	184	ResizeGrow
15281	0x72b0ad8	8	GetObjectForTimerManager
15297	0x72b0bc0	48	ExecuteIfSafe
15320	0x72b1380	448	Reserve
15441	0x72b2204	12	InternalConstructor<ULevelVariantSets>
15452	0x72b2334	4	EmptyLinkFunctionForGeneratedCodeLevelVariantSetsActor
15463	0x72b2338	252	execSwitchOnVariantByIndex
15519	0x72b2ddc	4	EmptyLinkFunctionForGeneratedCodeLevelVariantSetsFunctionDirector
15530	0x72b2de4	180	StaticClass
15550	0x72b3528	176	StaticRegisterNativesUPropertyValue
15569	0x72b3f14	4	StaticRegisterNativesUPropertyValueVisibility
15579	0x72b3fd4	188	StaticClass
15598	0x72b4a0c	12	InternalConstructor<UPropertyValueMaterial>
15609	0x72b4bb8	4	EmptyLinkFunctionForGeneratedCodePropertyValueOption
15620	0x72b4bc0	188	Z_Construct_UClass_UPropertyValueOption_NoRegister
15640	0x72b5280	8	InternalVTableHelperCtorCaller<UPropertyValueSoftObject>
15650	0x72b5288	188	StaticClass<UPropertyValueSoftObject>
15670	0x72b5d20	12	NewProp_bEnabled_SetBit
15681	0x72b5d2c	52	execGetNumDependencies
15701	0x72b6368	20	execSetThumbnailFromEditorViewport
15719	0x72b6714	56	execIsActive
15739	0x72b6a24	52	execGetParent
15759	0x72b6bbc	76	Z_Construct_UClass_UVariant
15776	0x72b6cec	76	Z_Construct_UFunction_UVariant_GetDependency
15793	0x72b6ffc	76	Z_Construct_UFunction_UVariant_SetThumbnailFromCamera
15811	0x72b73fc	4	EmptyLinkFunctionForGeneratedCodeVariantManagerContent_init
15822	0x72b74bc	76	Z_Construct_UClass_UVariantObjectBinding
15839	0x72b7a28	168	execSetThumbnailFromTexture
15877	0x72b816c	76	Z_Construct_UFunction_UVariantSet_GetThumbnail
15894	0x72b83cc	12	NewProp_bExpanded_SetBit
15905	0x72b83d8	180	GetPrivateStaticClass
15924	0x72b8ba8	32	GetStructTypeHash
15935	0x72b8e54	20	ConstructForTests
15952	0x72b8ef0	8	HasNetDeltaSerializer
15962	0x72b9034	8	ImportTextItem
15975	0x72b90a8	4	AddStructReferencedObjectsOrNot<FCapturedPropSegment>
15987	0x72b93c4	188	Register
16006	0x72b981c	8	HasNetDeltaSerializer
16016	0x72b9840	8	HasCopy
16026	0x72b99c8	12	AddStructReferencedObjects
16036	0x72ba6a8	268	operator<<
16089	0x72bbcb8	1020	Initialize
16605	0x72bf264	368	GetAssetRegistryTags
16677	0x72bfe94	16	GetResourceSizeEx
16690	0x72c00e8	52	UGeometryCacheCodecRaw
16706	0x72c0284	520	DecodeSingleFrame
16801	0x72c200c	8	IsLooping
16811	0x72c2014	40	IsPlayingReversed
16821	0x72c205c	12	SetManualTick
16832	0x72c2624	8	CalcBounds
16843	0x72c28f4	180	PlayFromStart
16881	0x72c3894	212	GetHash
16919	0x72c4514	36	~FGeometryCacheSceneProxy
16931	0x72c5de0	228	GetViewRelevance
16982	0x72c6234	576	Update
17114	0x72c6fac	16	IsTopologyCompatible
17128	0x72c6fbc	416	GetVisibilitySample
17237	0x72c7b8c	48	ReleaseRHI
17254	0x72c8348	556	UpdateSize
17381	0x72ca35c	4	CancelForcedResources
17391	0x72ca368	4	AddLevel
17401	0x72ca374	572	AddGeometryCache
17531	0x72cb7d0	68	UGeometryCacheTrack
17553	0x72cb970	8	UpdateBoundsData
17565	0x72cba08	152	~UGeometryCacheTrack
17605	0x72cbf34	12	GetSampleInfo
17618	0x72cc0d0	36	~UDEPRECATED_GeometryCacheTrack_FlipbookAnimation
17633	0x72cc3a8	140	BeginDestroy
17675	0x72cc860	496	operator<<
17783	0x72cd7e0	352	operator<<
17845	0x72ce8f8	36	Denormalize
17856	0x72ce96c	1436	Test
18154	0x72d2e20	344	ConditionalRehash
18256	0x72d4094	180	ResizeGrow
18305	0x72d463c	688	Rehash
18526	0x72d6750	192	Z_Construct_UClass_AGeometryCacheActor_NoRegister
18549	0x72d6d0c	52	UGeometryCacheCodecBase
18567	0x72d70cc	4	EmptyLinkFunctionForGeneratedCodeGeometryCacheCodecV1
18578	0x72d7190	188	StaticClass
18605	0x72d7810	52	execGetAnimationTime
18628	0x72d7c74	176	execSetLooping
18672	0x72d8220	12	NewProp_ReturnValue_SetBit
18685	0x72d8334	76	Z_Construct_UFunction_UGeometryCacheComponent_IsPlayingReversed
18704	0x72d8650	76	Z_Construct_UFunction_UGeometryCacheComponent_SetPlaybackSpeed
18722	0x72d89b8	124	StaticStruct
18744	0x72d8f4c	180	GetPrivateStaticClass
18770	0x72d983c	76	Z_Construct_UClass_UGeometryCacheTrackStreamable
18787	0x72d9a70	4	EmptyLinkFunctionForGeneratedCodeGeometryCacheTrackTransformAnimation
18798	0x72d9bfc	188	StaticClass
18819	0x72da2c8	188	Z_Construct_UClass_UDEPRECATED_GeometryCacheTrack_TransformGroupAnimation_NoRegister
18845	0x72dab54	8	HasNoopConstructor
18856	0x72dac0c	4	Destruct
18866	0x72dac20	8	Serialize
18877	0x72dac54	8	HasNetDeltaSerializer
18888	0x72dac70	8	IsPlainOldData
18898	0x72dacd0	12	Identical
18914	0x72dacfc	8	HasAddStructReferencedObjects
18924	0x72dad18	8	HasStructuredSerializeFromMismatchedTag
18935	0x72dad60	8	IsAbstract
18945	0x72dae38	4	~TCppStructOps
18958	0x72daeac	8	Serialize
18969	0x72daec8	8	HasNetSharedSerialization
18979	0x72daee0	8	NetDeltaSerialize
18993	0x72daf88	8	HasAddStructReferencedObjects
19003	0x72dafe4	8	GetComputedPropertyFlags
19014	0x72db024	4	Destruct
19024	0x72db050	4	PostSerialize
19035	0x72db13c	12	Identical
19052	0x72db1c4	8	GetComputedPropertyFlags
19062	0x72db1ec	12	Construct
19076	0x72db24c	8	HasNetDeltaSerializer
19086	0x72db278	8	Copy
19098	0x72db2b4	8	HasAddStructReferencedObjects
19109	0x72db324	4	AddStructReferencedObjectsOrNot<FGeometryCacheMeshBatchInfo>
19122	0x72db6fc	12	ClassPackage
19134	0x72dc208	20	GetOffsetTime
19152	0x72dc55c	388	GetFirstLoopStartOffsetAtTrimTime
19223	0x72dd58c	344	AddNewAnimation
19280	0x72dde90	16	IsEmpty
19291	0x72ddef4	72	~UMovieSceneGeometryCacheTrack
19311	0x72de568	4	~FPreAnimatedGeometryCacheTokenProducer
19324	0x72de5b8	48	FRestoreStateParams_const&)
19345	0x72de734	644	_INIT_358
19535	0x72e2e14	244	~FAutomationUtilsGameplayAutomationScreenshotInstance
19606	0x72e356c	556	Empty
19752	0x72e3bc0	328	FindId
19863	0x72e4da0	184	StaticRegisterNativesUAutomationUtilsBlueprintLibrary
19907	0x72e55a8	28	FBackChannelOSCBundle
19922	0x72e56e4	20	operator=
19935	0x72e56f8	216	GetSize
20024	0x72e5fd0	140	GetDescription
20060	0x72e6178	88	GetProtocolName
20086	0x72e6564	280	AddRouteDelegate
20135	0x72e71a4	44	FUN_072e71a4
20147	0x72e751c	1036	GetMessageLimitForPath
20412	0x72ea800	120	~FBackChannelConnection
20461	0x72eb1a0	792	SetSocketBufferSizes
20619	0x72eccfc	348	~FBackChannelThreadedListener
20732	0x72eda0c	8	GetProtocolID
20742	0x72eda6c	16	IsWritable
20752	0x72edb58	220	Write
20796	0x72ee230	8	Read
20811	0x72ee248	112	~FBackChannelDispatchMap
20844	0x72eeb78	24	DestroyObject
20865	0x72eebc8	8	GetObjectForTimerManager
20880	0x72eecb0	48	ExecuteIfSafe
20902	0x72ef7a4	344	ConditionalRehash
21001	0x72f030c	224	UChaosClothConfig
21045	0x72f0560	64	FClothConstraints
21094	0x72f2218	944	SetAreaConstraints
21360	0x72f3790	36	SetThinShellVolumeProperties
21382	0x72f37d8	124	SetLongRangeAttachmentProperties
21423	0x72f3aec	192	Initialize
21501	0x72f46b8	216	GetClothConfig<UChaosClothConfig,void>
21550	0x72f5c38	32	GetReferenceBoneIndex
21566	0x72f5c58	40	FUN_072f5c58
21578	0x72f5ee4	408	GetBounds
21673	0x72f6e54	8	DisableGravityOverride
21685	0x72f6e90	140	FLODData
21740	0x72f94cc	392	SetParticleMassFromTotalMass
21842	0x72fa43c	176	~FClothingSimulationCloth
21889	0x72fa5ac	188	Reset
21946	0x72faf00	320	AddCollider
22037	0x72fbb90	68	GetGravity
22064	0x72fbbd4	320	CalculateBoundingBox
22144	0x72fd838	480	WrapDeformLOD
22275	0x72fe450	224	PostUpdate
22328	0x72fe660	304	GetAnimationNormals
22390	0x72fea24	5240	Add
23368	0x732668c	576	FindNearestInRadius
23500	0x7329fd4	364	SetNum
23571	0x732c814	4664	CutWithCellMeshes
24513	0x735f860	76	Call
24536	0x735f8dc	888	AddTriTriIntersectionResult
24725	0x7360848	176	Call
24802	0x73608f8	112	ResizeTo
24834	0x7360968	128	ResizeGrow
24870	0x7360a70	136	ResizeGrow
24906	0x7360b80	136	ResizeGrow
24942	0x736109c	588	BuildTopDown
25062	0x7361dec	436	~FBoxesSet
25155	0x7362284	312	Initialize
25227	0x73624ec	184	MakeCopy
25264	0x7362640	384	MakeCompactCopy
25339	0x7362cb4	104	CopyIn
25366	0x7362dac	48	CheckValidity
25385	0x7362e20	192	OnSplitEdge
25422	0x73630e0	8	GetDefaultAttributeValue
25432	0x7363200	388	SetAttributeFromBary
25489	0x7363924	76	~TDynamicVertexAttributeChange
25510	0x7363a70	272	StoreAllFinalVertices
25574	0x7363f1c	160	MakeNew
25605	0x736425c	648	CopyThroughMapping
25769	0x736506c	156	ResizeTo
25809	0x7365540	152	FUN_07365540
25845	0x736595c	324	Remove
25928	0x7366af4	216	~TArray
25981	0x7367654	32	operator()
26002	0x7367954	256	Empty
26055	0x736802c	868	Rehash
26273	0x736ac48	92	FPlanarPolygonMeshGenerator
26310	0x736b034	1040	TriangulateSimplePolygon<double>
26521	0x736db20	168	IsInside<double>
26552	0x736e4b0	112	IsInside<double>
26575	0x736e530	1140	TestCorners<UE::Geometry::IsInside<float>(TCapsule3<float>const&,TOrientedBox3<float>const&)::{lambda(FVector3<float>const&)#1}>
26757	0x737317c	1472	StandardPack
27093	0x7376e24	200	Insert_ToCell
27135	0x7376eec	308	Allocate
27199	0x737791c	412	RemoveObject
27280	0x7377d1c	408	CheckIfObjectNeedsReinsert
27350	0x7378a08	768	Enumerate
27460	0x737ae0c	48	FUN_0737ae0c
27472	0x737ae6c	868	ComputeStatistics
27654	0x737be24	316	Resize
27726	0x737c028	232	RemoveFromLinkedList
27778	0x737c2ac	532	Find
27896	0x737cf78	724	ComputePolygonPlane<float>
28041	0x737e5dc	156	ResizeTo
28081	0x737e980	660	FUN_0737e980
28190	0x737fb0c	268	DistanceSquared
28247	0x7380150	40	FUN_07380150
28258	0x7380310	544	EmplaceImpl
28389	0x7381f90	540	UnhashElements
28560	0x7382b58	344	Allocate
28636	0x73833e4	136	ResizeTo
28679	0x7383644	244	FUN_07383644
28730	0x7384eec	760	ConstrainedDelaunayTriangulate<double>
28906	0x7387a38	84	ClassifyFromRule
28928	0x7387e34	1368	Triangulate
29268	0x738d1fc	1452	UpdateHullWithNewPoint
29593	0x73954d8	136	incirclefast
29625	0x7395f08	7348	incircleslow
30324	0x73af9f0	976	AddIgnoreSign
30677	0x73b15e4	64	destroy
30702	0x73b1624	668	GetLinkTriangle
30840	0x73b346c	256	GetAdjBoundary
30895	0x73b3ad8	700	RetriangulateRRecurse
31007	0x73b472c	476	EmplaceImpl
31110	0x73b4e24	400	Emplace<TPairInitializer<TTuple<int,int>&&,bool_const&>>
31192	0x73b5624	252	FindId
31245	0x73b5b40	172	Call
31292	0x73b5e80	1028	IntroSortInternal<int,int,FIdentityFunctor,TDereferenceWrapper<int,TConvexHull2<float>::Solve(int,TFunctionRef<FVector2<float>(int)>,TFunctionRef<bool(int)>)::{lambda(int,int)#1}>>
31508	0x73b9c04	36	Call
31526	0x73b9cc0	632	SolveQuartic<float>
31652	0x73bc704	948	FUN_073bc704
31945	0x73bee38	604	SolveDepressedQuadratic<double>
32093	0x73c01cc	1728	__insertion_sort_incomplete<std::__ndk1::__less<gte::DCPQuery<double,gte::Line<3,double>,gte::Circle3<double>>::ClosestInfo,gte::DCPQuery<double,gte::Line<3,double>,gte::Circle3<double>>::ClosestInfo>&,gte::DCPQuery<double,gte::Line<3,double>,gte::Circle3<double>>::ClosestInfo*>
32725	0x73c7878	100	FUN_073c7878
32751	0x73c7ddc	352	reserve
32865	0x73c8a40	444	operator-
32965	0x73c951c	324	AddIgnoreSign
33043	0x73c9660	324	SubIgnoreSign
33121	0x73c9b84	608	ShiftRightToOdd
33243	0x73ca6a0	204	FUN_073ca6a0
33281	0x73ca840	724	RemoveCollinearPoints
33474	0x73cf1e8	324	operator=
33540	0x73cf6ec	320	ExtrudeRectangle
33607	0x73cfbec	428	operator=
33698	0x73d0194	244	operator*=
33753	0x73d0288	392	operator*
33862	0x73d0f24	132	FUN_073d0f24
33903	0x73d1894	1352	ProcessEdges
34206	0x73d2f08	812	ComputeBoxForFaceOrderNSqr
34395	0x73d3404	400	ComputeAngles
34485	0x73d3708	712	UpdateSupport
34620	0x73d3fc4	44	DeleterFunc<TMinVolumeBox3Internal<double>>
34634	0x73d3ff0	2760	operator()
35179	0x73df0d4	684	operator()
35306	0x73df950	740	operator()
35452	0x73e02bc	4	~__func
35471	0x73e02c0	56	operator()
35497	0x73e0314	4	destroy
35513	0x73e0318	4	destroy_deallocate
35533	0x73e03a0	380	FUN_073e03a0
35593	0x73e0588	592	UpdateSupport2
35721	0x73e1200	4	FUN_073e1200
35729	0x73e1204	4	~__func
35748	0x73e1208	56	operator()
35774	0x73e1240	28	operator()
35796	0x73e1264	12	operator()
35816	0x73e1270	1620	UpdateSupport4
36139	0x73e3718	388	__push_back_slow_path<std::__ndk1::shared_ptr<gte::ETManifoldMesh::Triangle>const&>
36259	0x73e389c	88	~__shared_ptr_emplace
36284	0x73e3960	4	__on_zero_shared_weak
36301	0x73e39d4	12	__on_zero_shared
36319	0x73e39e4	136	destroy
36372	0x73e3df8	280	__erase_unique<std::__ndk1::weak_ptr<gte::ETNonmanifoldMesh::Triangle>>
36458	0x73e41ec	136	destroy
36510	0x73e44e0	388	__push_back_slow_path<std::__ndk1::shared_ptr<gte::ETNonmanifoldMesh::Triangle>const&>
36630	0x73e4840	136	destroy
36684	0x73e4a08	12	__on_zero_shared
36702	0x73e4a18	52	~__shared_ptr_emplace
36721	0x73e4a94	4	__on_zero_shared_weak
36738	0x73e4ea4	136	destroy
36789	0x73e4f2c	136	destroy
36842	0x73e4fb4	88	~__shared_ptr_emplace
36867	0x73e5078	4	__on_zero_shared_weak
36884	0x73e5134	12	__on_zero_shared
36902	0x73e5140	4	__on_zero_shared_weak
36919	0x73e5270	356	__erase_unique<std::__ndk1::pair<int,int>>
37039	0x73e5718	108	~__shared_ptr_emplace
37066	0x73e592c	468	__find_equal<std::__ndk1::shared_ptr<gte::ETNonmanifoldMesh::Triangle>>
37220	0x73e5ff0	136	destroy
37269	0x73e6420	1744	FDynamicMesh3
37570	0x73e8550	568	FSmallListSet
37673	0x73e8a74	952	~FDynamicMesh3
37874	0x73e9998	324	operator=
37945	0x73e9e6c	276	operator=
38003	0x73eaec4	120	Clear
38026	0x73eafbc	140	AppendElement
38050	0x73eb4b4	244	SetTriangle
38103	0x73eb5a8	244	SetTriangle
38156	0x73eb944	340	operator=
38223	0x73ec4bc	280	SetIdentity
38282	0x73ec6fc	400	AppendVertex
38356	0x73ecea8	1320	CompactCopy
38619	0x73edc50	148	DiscardVertexNormals
38657	0x73edf24	148	DiscardVertexUVs
38695	0x73edfb8	304	GetMaxVtxEdgeCount
38775	0x73ee284	112	GetVertexOneRingTriangles
38808	0x73ee364	2316	MeshInfoString
39285	0x73f9b90	284	FlipEdge
39359	0x73f9f20	360	FUN_073f9f20
39427	0x73fa088	1024	SplitVertexWouldLeaveIsolated
39748	0x73fd6ec	1596	PokeTriangle
40012	0x73ff448	108	IsGroupBoundaryEdge
40038	0x73ff4b4	456	IsGroupBoundaryVertex
40124	0x73ffae4	672	GetAllVertexGroups
40250	0x740018c	788	GetBounds
40447	0x7400f3c	188	GetTriBaryPoint
40476	0x7401104	176	GetTriCentroid
40503	0x740153c	420	GetTriSolidAngle
40569	0x7401938	572	GetTriInternalAnglesR
40675	0x7401d70	196	Copy
40716	0x7401f3c	16	IsCompact
40726	0x7401f5c	932	CompactCopy
40878	0x74031f4	164	SplitAllBowties
40916	0x7403454	444	ClearElements
41009	0x7403774	328	SetNumUVLayers
41074	0x7403be4	12	GetPolygroupLayer
41085	0x7403c88	676	IsSeamEdge
41236	0x7404970	600	IsSeamVertex
41343	0x7405248	92	InitializeNewTriangle
41362	0x7405390	416	OnRemoveTriangle
41421	0x7406288	2132	OnSplitEdge
41716	0x740baa8	200	SaveInitialElement
41757	0x740bb70	24	GetParentVertex
41770	0x740bb88	28	GetElement
41784	0x740bba4	172	SaveInitialTriangle
41823	0x740bc50	72	GetTriangle
41849	0x740bc98	204	StoreFinalElement
41890	0x740bd64	172	StoreFinalTriangle
41929	0x740be10	76	Apply
41948	0x740be5c	560	ApplyReplaceChange
42043	0x740c08c	4	BeginUnsafeElementsInsert
42053	0x740c090	60	IsElement
42068	0x740c0cc	200	InsertElement
42099	0x740c194	28	SetElement
42113	0x740c1b0	8	EndUnsafeElementsInsert
42125	0x740c1b8	244	SetTriangle
42178	0x740c2ac	196	SaveInitialElement
42218	0x740c370	24	GetParentVertex
42231	0x740c388	28	GetElement
42246	0x740c450	72	GetTriangle
42272	0x740c498	200	StoreFinalElement
42312	0x740c60c	76	Apply
42331	0x740c888	4	BeginUnsafeElementsInsert
42341	0x740c88c	60	IsElement
42356	0x740c8c8	200	InsertElement
42387	0x740c990	28	SetElement
42402	0x740c9ac	8	EndUnsafeElementsInsert
42414	0x740c9b4	244	SetTriangle
42467	0x740cb64	24	GetParentVertex
42480	0x740cb7c	28	GetElement
42493	0x740cc44	72	GetTriangle
42519	0x740cd4c	172	StoreFinalTriangle
42558	0x740d074	4	BeginUnsafeElementsInsert
42568	0x740d078	60	IsElement
42582	0x740d17c	28	SetElement
42595	0x740d198	8	EndUnsafeElementsInsert
42607	0x740d1a0	244	SetTriangle
42660	0x740d3a0	24	GetParentVertex
42673	0x740d3b8	68	GetElement
42692	0x740d4a8	72	GetTriangle
42718	0x740d4f0	272	StoreFinalElement
42766	0x740d9a4	212	InsertElement
42805	0x740dbd0	24	GetParentVertex
42818	0x740dbe8	68	GetElement
42837	0x740dc2c	172	SaveInitialTriangle
42876	0x740de30	172	StoreFinalTriangle
42915	0x740df28	620	ApplyReplaceChange
43018	0x740ee64	24	GetParentVertex
43031	0x740ee7c	88	GetElement
43052	0x740ef80	72	GetTriangle
43078	0x740f1d0	76	Apply
43097	0x740f21c	524	ApplyReplaceChange
43191	0x740fe3c	8	EndUnsafeElementsInsert
43203	0x740ff38	344	SaveInitialElement
43266	0x7410694	224	InsertElement
43309	0x7410bf8	440	StoreFinalVertex
43406	0x74120d0	12	MaxElementID
43416	0x74120dc	8	ElementIndicesItr
43427	0x74120e4	12	MaxElementID
43437	0x74120f0	8	ElementIndicesItr
43448	0x74120f8	372	SetNum
43520	0x7413434	156	StoreAllFinalVertices
43550	0x7413544	120	~FDynamicMeshChangeTracker
43585	0x7413688	1172	BeginChange
43844	0x7414a10	632	GetAllTriangles
43970	0x7414c88	484	RemoveIsolatedVertices
44058	0x74151b0	296	RemoveTriangles
44115	0x74156e4	1512	StitchSparselyCorrespondedVertexLoops
44390	0x7418c08	224	~FMeshRegionBoundaryLoops
44452	0x7418ce8	3020	DisconnectTriangles
45193	0x7426488	32	SplitElement
45209	0x74264a8	580	SplitElementWithNewParent
45297	0x7427278	676	IsSeamEdge
45448	0x7427a38	544	IsBowtieInOverlay
45536	0x7428af4	1012	GetElementTriangles
45833	0x742a3e8	76	SetElementFromLerp
45854	0x742a434	804	OnFlipEdge
46020	0x742c260	1408	OnSplitVertex
46410	0x7430eac	872	HasInteriorSeamEdges
46610	0x7432714	4960	OnCollapseEdge
47564	0x7449430	444	ClearElements
47657	0x7449e2c	432	InternalSetTriangle
47713	0x744a7a0	1472	SplitVerticesWithPredicate
47948	0x744e208	92	InitializeNewTriangle
47967	0x744e264	416	OnRemoveTriangle
48026	0x744e478	2004	OnSplitEdge
48302	0x7452248	32	SplitElement
48318	0x7452268	684	SplitElementWithNewParent
48418	0x74530e8	2012	CountVertexElements
48931	0x745d6f4	308	TDynamicMeshOverlay
48986	0x745d968	8	Reparent
48998	0x745d970	8	GetParentMesh
49008	0x745d978	8	GetParentMesh
49018	0x745da44	968	CompactCopy
49176	0x7460160	108	TriangleHasElement
49202	0x74601cc	676	IsSeamEdge
49352	0x7460734	600	IsSeamVertex
49458	0x74621a4	2164	CheckValidity
49891	0x746b840	1032	IsCornerVertex
50219	0x746e78c	148	FTriangleGroupTopology
50260	0x746e820	3564	RebuildTopology
50931	0x747d174	524	UpdateLoopOverlayMapValidity<float,2,FVector2<float>>
51075	0x747e47c	588	OnEdgeCollapse
51192	0x7480318	1060	Precompute
51452	0x748a124	228	TMeshSimplification
51505	0x748aca4	28	StartEdges
51519	0x748acc0	36	GetNextEdge
51540	0x748ace4	1544	InitializeVertexQuadrics
51928	0x748f54c	360	ApplyToProjectVertices
52020	0x7492170	832	FastCollapsePass
52171	0x749363c	1196	InitializeSeamQuadrics
52431	0x7495114	7648	UpdateNeighborhood
54002	0x74c5814	656	TAxisAlignedBox3
54138	0x74c5aa4	668	Cut
54313	0x74c5d40	152	~TFastWindingTree
54353	0x74c5dd8	856	FSparseDynamicOctree3
54562	0x74c647c	4056	SimplifyAlongNewEdges
55268	0x74d8a84	1204	UpdateCurvature
55601	0x74d9f08	876	FullyConstrainEdges<FRefCountVector::FilteredEnumerable>
55779	0x74db3b0	1832	FlipToImproveAspectRatios
56158	0x74e0338	632	ConvertNestToGeneralPolygon
56295	0x74e0c38	372	TMeshAABBTree3
56358	0x74e0dac	104	Apply
56381	0x74e0e14	60	~TRemoveOccludedTriangles
56398	0x74e0e50	256	Apply
56454	0x74e0f50	60	~TRemoveOccludedTriangles
56471	0x74e0f8c	2096	OrientComponents
56914	0x74e246c	3572	Fill
57622	0x74ed268	512	EmplaceImpl
57742	0x74edbd4	404	IsInTriangle
57805	0x74ee0ac	720	Empty
57973	0x74efd18	1812	ExpandToOneRingNeighbours
58462	0x74fe2cc	288	AddUninitialized
58538	0x74fe684	344	ConditionalRehash
58637	0x74fe7dc	688	Rehash
58837	0x74ff5bc	40	FUN_074ff5bc
58848	0x74ff5fc	4	FUN_074ff5fc
58860	0x74ffc30	12	FUN_074ffc30
58871	0x74ffc44	92	FUN_074ffc44
58891	0x74ffe30	64	FUN_074ffe30
58903	0x74ffeb4	184	ResizeGrow
58946	0x75000bc	168	ResizeGrow
58989	0x75008e4	176	ResizeShrink
59026	0x750119c	168	ResizeGrow
59070	0x7501244	4	CheckCallable
59084	0x7501248	60	~TRemoveOccludedTriangles
59101	0x7501284	2376	Select
59582	0x750a17c	368	GetBox
59654	0x750b284	20	Call
59670	0x750b298	2760	find_intersections
60151	0x751141c	4	~IUVMeshView
60161	0x7511420	384	StackPack
60250	0x7511934	20	FitToBox
60263	0x7511c80	1284	MakeSeamsDisjoint
60538	0x7512884	152	FindPolygroupLayerIndexByName
60565	0x7512a1c	460	Project
60667	0x7512fdc	1708	FastSplitIteration
61039	0x7515e0c	128	FUN_07515e0c
61057	0x7515e8c	116	FUN_07515e8c
61075	0x7515fb8	692	FullSmoothPass_Buffer
61203	0x7516e58	540	Bake
61330	0x7518a34	884	Bake
61508	0x7519950	600	FindTriComponent
61609	0x751ab54	616	FMeshEdgeSelection
61738	0x751adbc	1232	FMeshEdgeSelection
62022	0x751bfcc	728	FMeshVertexSelection
62205	0x751d010	136	DetectAndCacheSimpleShapeType
62239	0x751dac4	3208	IsSphereMesh
63080	0x752cac4	468	ConstructUniformLaplacian
63193	0x752ce6c	468	ConstructValenceWeightedLaplacian
63307	0x752d224	484	ConstructCotangentLaplacian
63421	0x752d7a8	248	TIterativeMatrixSolver
63498	0x752dc90	692	Integrate_ForwardEuler
63664	0x752eab8	440	GetPositions
63744	0x752ee74	36	~FConstrainedMeshUVSolver
63756	0x752ee98	148	FConstrainedMeshUVSolver
63793	0x75303a4	232	AddConstraint
63844	0x753048c	196	UpdateConstraintPosition
63887	0x7530600	152	IsConstrained
63920	0x753070c	632	LaplacianSchemeName
64021	0x7530ea4	252	ComputeSmoothing_Diffusion
64061	0x7531164	108	CotanTriangleData
64092	0x75311d0	656	Initialize
64209	0x75316ec	4	~IProjectionTarget
64219	0x75316f4	36	~FRemesher
64231	0x753171c	4	OnEdgeCollapse
64241	0x7531724	28	StartEdges
64253	0x7531764	36	~FQueueRemesher
64265	0x7531788	4	BasicRemeshPass
64314	0x75319c4	76	~FMeshNormalMapBaker
64335	0x7531a7c	104	~FMeshOcclusionMapBaker
64363	0x7531bf0	112	~FMeshResampleImageBaker
64392	0x7531d14	204	ClearConstraints
64430	0x7531f8c	8	Deform
64440	0x7531f9c	40	GetTriangle
64457	0x7532038	48	GetUV
64470	0x75321e8	92	~TMeshSurfaceUVSampler
64497	0x7532b40	100	CachedSampleUV
64526	0x7532ba4	452	~TMeshAABBTree3
64621	0x7532f5c	360	FindNearestPoint
64720	0x7533794	1104	TestIntersection
64952	0x75364b4	368	GetBox
65024	0x7536624	2668	find_any_intersection
65456	0x753a5fc	244	UpdateSolverWithContraints
65503	0x753b060	240	reserve
65563	0x753b150	268	resize
65628	0x753b6d4	456	Populate<FRefCountVector::IndexEnumerable>
65736	0x753bf14	292	Call
65813	0x753c1c4	888	call_assignment<Eigen::Map<Eigen::Matrix<double,-1,1,0,-1,1>,0,Eigen::Stride<0,0>>,Eigen::CwiseBinaryOp<Eigen::internal::scalar_sum_op<double,double>,Eigen::Map<Eigen::Matrix<double,-1,1,0,-1,1>const,0,Eigen::Stride<0,0>>const,Eigen::Product<Eigen::SparseMatrix<double,0,int>,Eigen::Map<Eigen::Matrix<double,-1,1,0,-1,1>const,0,Eigen::Stride<0,0>>,0>const>,Eigen::internal::assign_op<double,double>>
66073	0x753cb98	8	CloneToEmptyStorage
66087	0x753cba0	8	GetAddress
66103	0x753cba8	12	Destroy
66121	0x753cbb4	4	~TFunction_UniqueOwnedObject
66138	0x753cbb8	16	Call
66153	0x753cbd8	12	Destroy
66171	0x753cde8	1160	assign_sparse_to_sparse<Eigen::SparseMatrix<double,0,int>,Eigen::CwiseBinaryOp<Eigen::internal::scalar_product_op<double,double>,Eigen::SparseMatrix<double,0,int>const,Eigen::CwiseNullaryOp<Eigen::internal::scalar_constant_op<double>,Eigen::Matrix<double,-1,-1,0,-1,-1>const>const>>
66432	0x753ebdc	8	FUN_0753ebdc
66440	0x753ebe4	12	FUN_0753ebe4
66451	0x753ec8c	40	FUN_0753ec8c
66462	0x753ecbc	12	FUN_0753ecbc
66473	0x753ecd0	128	FUN_0753ecd0
66497	0x753eea8	236	ResizeGrow
66563	0x753f244	8	FUN_0753f244
66571	0x753f24c	12	FUN_0753f24c
66582	0x753f25c	4	FUN_0753f25c
66594	0x753f260	252	FUN_0753f260
66653	0x753f6ec	176	ResizeShrink
66690	0x753fd68	252	FUN_0753fd68
66738	0x7540264	4	FUN_07540264
66750	0x7540268	504	FUN_07540268
66860	0x7540bfc	148	FUN_07540bfc
66887	0x7540d48	4	FUN_07540d48
66899	0x7540e9c	4	CheckCallable
66912	0x7540ea0	4	CheckCallable
66925	0x7540ea4	504	FUN_07540ea4
67035	0x7541a5c	36	FUN_07541a5c
67048	0x7541ac8	44	FUN_07541ac8
67061	0x75422d4	716	BuildTopDown
67203	0x7543e28	160	FUN_07543e28
67243	0x75442bc	1912	FUN_075442bc
67570	0x75489e4	460	run
67679	0x754aafc	252	resize
67737	0x754c264	1520	assign_sparse_to_sparse<Eigen::SparseMatrix<double,0,int>,Eigen::Product<Eigen::Transpose<Eigen::SparseMatrix<double,0,int>>,Eigen::SparseMatrix<double,0,int>,2>>
68062	0x75508e0	256	run
68122	0x75509e0	988	run
68337	0x7553700	368	Call
68457	0x7557514	2168	coletree<Eigen::SparseMatrix<double,0,int>,Eigen::Matrix<int,-1,1,0,-1,1>>
69013	0x755d1e0	472	run
69141	0x755e370	916	operator()
69346	0x756036c	676	run<Eigen::Ref<Eigen::Matrix<double,-1,1,0,-1,1>,0,Eigen::InnerStride<1>>,Eigen::Matrix<double,-1,1,0,-1,1>,Eigen::Matrix<int,-1,1,0,-1,1>>
69476	0x7561a24	400	run
69584	0x756240c	924	evalTo<Eigen::Matrix<double,-1,1,0,-1,1>>
69852	0x7563c7c	4292	factorize
70726	0x7573810	432	product_evaluator
70842	0x7574458	288	AddUninitialized
70918	0x7574760	344	ConditionalRehash
71016	0x75748b8	688	Rehash
71215	0x757567c	936	SetAttributesFromOverlay<FVector,3,FVector3<float>>
71434	0x757625c	3180	Convert_NoSharedInstances
72063	0x7581db8	4920	InitEditableGeometryCollection
72947	0x759a780	616	CreateEmptyVertexRange
73084	0x759b324	104	~TArray
73118	0x759b38c	2704	SetEdgesAttributes
73625	0x759eb68	136	FindPolygonPerimeterVertexNumberForVertex
73659	0x759ebf0	9068	ExtrudePolygons
74981	0x765d400	28	GetNumTracks
74991	0x765d4d0	56	GetSelectedTrack
75005	0x765d6ec	148	GetTrackLanguage
75033	0x765e12c	60	FGenericImgMediaReader
75067	0x765e980	340	~FImgMediaScheduler
75153	0x765f6f4	156	~FImgMediaSchedulerThread
75185	0x765f968	184	~UImgMediaSource
75242	0x765fe50	8	FetchSubtitle
75253	0x765fe60	8	PurgeOutdatedVideoSamples
75263	0x765fe90	8	NumSubtitleSamples
75273	0x765fea4	4	TickOutput
75283	0x765ff28	496	operator=
75430	0x7661940	460	EmplaceImpl
75544	0x76628b4	384	Emplace<TPairInitializer<FImgMediaGlobalCache::FImgMediaGlobalCacheEntry*&,FName_const&>>
75631	0x76631fc	8	GetBoundProgramCounterForTimerManager
75647	0x766321c	164	CreateCopy
75691	0x7663b84	820	InitGlobalCache
75922	0x7665cbc	4	EmptyLinkFunctionForGeneratedCodeImgMedia_init
75933	0x7665d0c	4	EmptyLinkFunctionForGeneratedCodeImgMediaSource
75944	0x7665d10	168	execSetMipLevelDistance
75982	0x7666474	76	Z_Construct_UClass_UImgMediaSource
75999	0x76665f0	76	Z_Construct_UFunction_UImgMediaSource_RemoveGlobalCamera
76017	0x76668a4	8	InternalConstructor<UImgMediaSource>
76028	0x7666a80	12	ClassPackage
76038	0x7666d48	160	Get
76065	0x7667d18	44	EndPlay
76078	0x7667f00	4	~FImgMediaEngineModule
76089	0x7667ffc	36	~UImgMediaPlaybackComponent
76102	0x7668050	128	~FImgMediaEngine
76136	0x7668c20	144	ResizeGrow
76181	0x7668d84	8	GetBoundProgramCounterForTimerManager
76197	0x7668e94	4	DestroyObject
76209	0x7669474	620	_INIT_388
76348	0x766bca4	8	GetConnectionRetryDelay
76358	0x766bcac	8	ShouldStopServiceWhenAppDeactivates
76369	0x766bd24	276	~FTcpDeserializedMessage
76447	0x766d05c	40	FUN_0766d05c
76456	0x766d30c	104	Close
76480	0x766dd70	8	GetConnectionState
76491	0x766dd78	44	FUN_0766dd78
76501	0x766e0cc	496	ConstructAndDispatchWhenReady<TSharedRef<IMessageContext,(ESPMode)1>const&,TSharedRef<FTcpSerializedMessage,(ESPMode)1>&,TArray<TSharedPtr<FTcpMessageTransportConnection,(ESPMode)1>,TSizedDefaultAllocator<32>>&>
76696	0x766f1f0	544	~FTcpMessageTransportConnection
76840	0x76718bc	24	DestroyObject
76861	0x7671944	108	~TJsonReader
76888	0x767240c	36	~FTcpListener
76900	0x7672430	64	~FTcpSerializedMessage
76916	0x7672470	72	~FTcpSerializedMessage
76933	0x76725dc	4	~TReferenceControllerWithDeleter
76952	0x7672658	56	Close
76971	0x76727f0	4	~TBaseRawMethodDelegateInstance
76987	0x767281c	8	IsSafeToExecute
77000	0x76728e4	48	ExecuteIfSafe
77022	0x76729d4	200	~FTcpMessagingModule
77088	0x7673128	4	StartupModule
77098	0x767312c	204	ShutdownModule
77155	0x7673d84	32	operator()
77171	0x7673f5c	4	~TReferenceControllerWithDeleter
77189	0x7673f60	800	Build
77436	0x7675d40	4	~TCommonDelegateInstanceState
77455	0x7675dd4	152	ResizeShrink
77497	0x7676188	76	Z_Construct_UPackage__Script_TcpMessaging
77513	0x76764bc	184	StaticClass<UTcpMessagingSettings>
77533	0x7678190	1556	RunTest
77864	0x767e3b0	440	ConsumeOutboundMessages
77990	0x767f29c	480	Dequeue
78135	0x7680134	940	ProcessPingSegment
78350	0x7683b10	1832	SendNextSegmentForMessageId
78727	0x76889d0	8	GetRecipients
78738	0x76889f8	8	GetSenderThread
78748	0x7688e78	68	DestroyObject
78766	0x76897c4	168	ResizeTo
78808	0x7689b58	4	Exit
78818	0x7689b64	236	~FUdpSocketSender
78882	0x768a5a8	696	Rehash
79081	0x768d274	8	FUN_0768d274
79090	0x768d49c	716	Rehash
79292	0x768fa04	272	AddUninitialized
79368	0x7690c78	396	Remove
79479	0x7692008	800	Rehash
79679	0x769445c	8	IsSupportEnabled
79689	0x7694584	8	AddEndpoint
79700	0x76945c4	8	StartupModule
79711	0x76948dc	12	HandleApplicationHasReactivated
79724	0x76948f4	4	~TBaseRawMethodDelegateInstance
79740	0x7694910	16	HasSameObject
79754	0x7694b24	2724	InitializeBridge
80488	0x76a367c	596	FUN_076a367c
80595	0x76a543c	560	Create<FString>
80740	0x76a6394	48	FUN_076a6394
80749	0x76a6730	48	FUN_076a6730
80758	0x76a6850	516	FindSessions
80896	0x76a8320	48	FUN_076a8320
80905	0x76a8bf4	48	FUN_076a8bf4
80914	0x76a924c	48	FUN_076a924c
80923	0x76a97f0	1956	AppendSessionSettingsToPacket
81285	0x76af554	36	~FOnlineSessionNull
81297	0x76af904	8	ClearOnStartSessionCompleteDelegates
81308	0x76af968	48	ClearOnUpdateSessionCompleteDelegate_Handle
81325	0x76afb5c	16	TriggerOnMatchmakingCompleteDelegates
81338	0x76afbf0	16	TriggerOnCancelMatchmakingCompleteDelegates
81351	0x76afca0	76	AddOnCancelFindSessionsCompleteDelegate_Handle
81374	0x76aff74	76	AddOnSessionCustomDataChangedDelegate_Handle
81398	0x76b02b0	208	TriggerOnSessionUserInviteAcceptedDelegates
81472	0x76b1040	108	~FUniqueNetIdNull
81510	0x76b20d8	4	~IOnlinePurchase
81524	0x76b2300	272	~TTupleBase
81604	0x76b34c4	92	~FLineItemInfo
81627	0x76b36f4	8	FUN_076b36f4
81635	0x76b3828	28	FUN_076b3828
81644	0x76b3c64	432	operator=
81751	0x76b5990	36	operator()
81768	0x76b5d18	48	ClearOnValidResponsePacketDelegate_Handle
81784	0x76b6144	388	Broadcast
81861	0x76b75f8	388	Broadcast
81939	0x76b87f0	380	Broadcast
82014	0x76ba850	416	Broadcast
82095	0x76bbc4c	664	Empty
82265	0x76be410	344	ConditionalRehash
82364	0x76bede0	216	FUN_076bede0
82431	0x76bf214	176	ResizeGrow
82474	0x76c0168	404	CopyToEmpty<FOnlineStatsRow,int>
82573	0x76c1778	28	FUN_076c1778
82582	0x76c1a78	268	FUN_076c1a78
82667	0x76c2bc8	8	FUN_076c2bc8
82675	0x76c2bd0	8	FUN_076c2bd0
82683	0x76c2e28	8	FUN_076c2e28
82692	0x76c3388	48	FUN_076c3388
82701	0x76c35a0	28	FUN_076c35a0
82710	0x76c37a0	120	FUN_076c37a0
82739	0x76c3c3c	28	Execute
82763	0x76c3d4c	16	HasSameObject
82777	0x76c3e60	4	~TBaseRawMethodDelegateInstance
82793	0x76c401c	540	UnhashElements
82963	0x76c680c	4	~TBaseRawMethodDelegateInstance
82980	0x76c6838	8	IsSafeToExecute
82994	0x76c6900	48	ExecuteIfSafe
83017	0x76c6968	24	DestroyObject
83038	0x76c699c	4	~TReferenceControllerWithDeleter
83056	0x76c69f0	4	~TReferenceControllerWithDeleter
83074	0x76c7770	276	ReceivePacket
83127	0x76c8744	48	FUN_076c8744
83136	0x76c8e8c	344	operator>>
83191	0x76c9690	4	~FOnlineAsyncTaskManager
83205	0x76c97dc	256	Stop
83258	0x76caa28	312	SetFromErrorMessage
83346	0x76cc010	620	CreateError
83461	0x76d048c	1320	FromJsonValue
83743	0x76d5280	48	FUN_076d5280
83752	0x76d55a4	1104	AddPlayerNotificationBinding_Handle
83970	0x76d900c	180	ToString
84010	0x76d9e34	428	CreateStatic<IOnlineSession*,FName,FDelegateHandle*,TDelegate<void(FName,FOnlineError_const&,FSessionMatchmakingResults_const&),FDefaultDelegateUserPolicy>>
84087	0x76db078	48	FUN_076db078
84096	0x76db228	48	FUN_076db228
84105	0x76db74c	436	Set<unsigned_long_long>
84192	0x76dc754	480	Set<FString>
84295	0x76de8c8	428	Set<unsigned_long_long>
84380	0x76df598	220	Get<FString>
84413	0x76e0528	604	GetBuildUniqueId
84500	0x76e3de4	48	FUN_076e3de4
84509	0x76e3ea4	1084	FinalizeReceipts
84742	0x76e7150	708	DestroyOnlineSubsystem
84899	0x76ea014	1008	AddFriendToTestAccount
85131	0x76ed688	76	AddOnPartyInvitesChangedDelegate_Handle
85155	0x76ed8b0	8	TriggerOnPartyInviteReceivedExDelegates
85171	0x76ed9c0	8	ClearOnPartyInviteRemovedExDelegates
85182	0x76eda5c	76	AddOnPartyJoinRequestReceivedDelegate_Handle
85207	0x76edd08	8	ClearOnPartyAnalyticsEventDelegates
85218	0x76edda8	112	~FOnlineStats
85249	0x76ef004	12	GetTestFlags
85261	0x76ef0f4	8	GetTestSourceFileLine
85271	0x76ef2c4	36	~FOnlineFriendsSpec
85283	0x76ef3cc	124	GetBeautifiedTestName
85313	0x76ef884	36	~FOnlineLeaderboardSpec
85325	0x76ef994	8	GetTestSourceFileLine
85335	0x76efa18	504	~FOnlineMessageSpec
85485	0x76f1cd8	268	~TAsyncRunnable
85570	0x76f2c6c	416	Broadcast
85649	0x76f3a88	228	Add
85701	0x76f4574	408	Broadcast
85780	0x76f5518	480	~FAutomationSpecBase
85925	0x76f7a4c	168	ResizeGrow
85968	0x76f80a8	32	operator()
85987	0x76f8a2c	540	UnhashElements
86157	0x76fa7f4	824	Rehash
86387	0x76fcbbc	8	FUN_076fcbbc
86395	0x76fcbdc	8	GetHandle
86409	0x76fcda0	364	TBaseStaticDelegateInstance
86479	0x76fe774	16	HasSameObject
86493	0x76fe84c	48	ExecuteIfSafe
86515	0x76febd4	8	GetUObject
86528	0x76fec04	8	GetHandle
86542	0x76feebc	8	FUN_076feebc
86550	0x76feed4	8	GetHandle
86564	0x76fefa0	4	~TCommonDelegateInstanceState
86583	0x76ff2a0	48	FUN_076ff2a0
86592	0x76ff8a4	8	GetBoundProgramCounterForTimerManager
86608	0x76ff984	48	ExecuteIfSafe
86630	0x770043c	720	Rehash
86834	0x7702a24	452	FUN_07702a24
86926	0x7705a54	8	IsSafeToExecute
86939	0x7705b1c	48	ExecuteIfSafe
86961	0x7705cf4	4	FUN_07705cf4
86973	0x7705fdc	1108	GetId
87200	0x7709320	1948	FUN_07709320
87620	0x7713798	4	FUN_07713798
87632	0x771388c	8	FUN_0771388c
87640	0x771389c	8	FUN_0771389c
87648	0x77138b4	208	FUN_077138b4
87692	0x7713fe4	28	FUN_07713fe4
87701	0x77143bc	700	FUN_077143bc
87817	0x77162c8	48	FUN_077162c8
87835	0x7716640	48	FUN_07716640
87853	0x771692c	12	FUN_0771692c
87864	0x7716a38	8	FUN_07716a38
87872	0x7716a40	8	FUN_07716a40
87880	0x7716a58	208	FUN_07716a58
87924	0x7717628	12	FUN_07717628
87935	0x771763c	120	FUN_0771763c
87965	0x7717b78	48	FUN_07717b78
87974	0x77180ec	872	FUN_077180ec
88404	0x771cc28	220	FUN_0771cc28
88469	0x771d5a0	8	FUN_0771d5a0
88477	0x771d5a8	8	FUN_0771d5a8
88485	0x771d5b8	8	FUN_0771d5b8
88493	0x771d5c8	208	FUN_0771d5c8
88537	0x771e408	216	FUN_0771e408
88604	0x771edd8	4	FUN_0771edd8
88616	0x771efd0	12	FUN_0771efd0
88627	0x771f8a0	48	FUN_0771f8a0
88645	0x771f97c	144	FUN_0771f97c
88678	0x77204a0	48	FUN_077204a0
88687	0x772074c	1752	FUN_0772074c
89246	0x77294c8	532	FUN_077294c8
89334	0x772aaa8	28	FUN_0772aaa8
89343	0x772ad40	120	FUN_0772ad40
89373	0x772ae48	8	FUN_0772ae48
89381	0x772af28	16	FUN_0772af28
89391	0x772b634	48	FUN_0772b634
89409	0x772b680	120	FUN_0772b680
89439	0x772b894	536	FUN_0772b894
89529	0x772dc40	500	FUN_0772dc40
89614	0x772ef64	48	FUN_0772ef64
89632	0x772f0a8	8	FUN_0772f0a8
89640	0x772f0c0	8	FUN_0772f0c0
89648	0x772f198	16	FUN_0772f198
89658	0x772f1a8	36	FUN_0772f1a8
89668	0x772f62c	632	FUN_0772f62c
89773	0x7731090	8	FUN_07731090
89781	0x7731098	8	FUN_07731098
89789	0x77310b0	216	FUN_077310b0
89837	0x7731c6c	48	FUN_07731c6c
89855	0x7731cb8	48	FUN_07731cb8
89864	0x7732054	8	FUN_07732054
89872	0x773205c	8	FUN_0773205c
89880	0x773206c	8	FUN_0773206c
89888	0x773214c	8	FUN_0773214c
89897	0x7732c10	48	FUN_07732c10
89915	0x7732e80	8	FUN_07732e80
89923	0x7732e98	4	FUN_07732e98
89935	0x7732f14	120	FUN_07732f14
89964	0x77336d4	220	FUN_077336d4
90029	0x7734390	1924	FUN_07734390
90369	0x773c25c	12	FUN_0773c25c
90380	0x773c270	360	FUN_0773c270
90498	0x773cac4	120	FUN_0773cac4
90528	0x773cce0	1140	FUN_0773cce0
90721	0x77419f8	12	FUN_077419f8
90732	0x7741a84	120	FUN_07741a84
90761	0x7741f4c	8	FUN_07741f4c
90769	0x7741f64	216	FUN_07741f64
90817	0x7742ef8	8	FUN_07742ef8
90825	0x7742f00	8	FUN_07742f00
90833	0x7742f18	8	FUN_07742f18
90841	0x7742ff8	8	FUN_07742ff8
90850	0x7743000	28	FUN_07743000
90859	0x7743928	48	FUN_07743928
90877	0x7743b14	12	FUN_07743b14
90888	0x7743b28	532	FUN_07743b28
90972	0x774576c	120	FUN_0774576c
91001	0x7745e28	136	FUN_07745e28
91034	0x77469a4	8	FUN_077469a4
91042	0x77469bc	4	FUN_077469bc
91054	0x7746ad0	8	FUN_07746ad0
91062	0x7746ad8	8	FUN_07746ad8
91070	0x7746ae0	8	FUN_07746ae0
91078	0x7746ae8	8	FUN_07746ae8
91086	0x7746af0	8	FUN_07746af0
91094	0x7746af8	316	FUN_07746af8
91156	0x7747818	12	FUN_07747818
91165	0x7747844	1408	FUN_07747844
91338	0x774da70	8	FUN_0774da70
91346	0x774da8c	136	FUN_0774da8c
91379	0x774e0c0	8	FUN_0774e0c0
91387	0x774e0d8	8	FUN_0774e0d8
91395	0x774e240	784	FUN_0774e240
91546	0x7750b40	8	FUN_07750b40
91554	0x7750b58	8	FUN_07750b58
91562	0x7751060	532	FUN_07751060
91646	0x775256c	48	FUN_0775256c
91664	0x7752860	12	FUN_07752860
91675	0x7752870	4	FUN_07752870
91687	0x775296c	8	FUN_0775296c
91695	0x7752974	8	FUN_07752974
91703	0x7752984	8	FUN_07752984
91711	0x7752a88	384	FUN_07752a88
91830	0x7753dec	120	FUN_07753dec
91860	0x775477c	48	FUN_0775477c
91878	0x77547c4	4	FUN_077547c4
91890	0x7754840	120	FUN_07754840
91919	0x77550f8	8	FUN_077550f8
91927	0x7755110	8	FUN_07755110
91935	0x77551fc	32	FUN_077551fc
91944	0x77557c4	48	FUN_077557c4
91962	0x7755908	8	FUN_07755908
91970	0x7755928	216	FUN_07755928
92018	0x775624c	8	FUN_0775624c
92026	0x775626c	216	FUN_0775626c
92074	0x7757594	8	FUN_07757594
92082	0x77575ac	216	FUN_077575ac
92130	0x77580c8	120	FUN_077580c8
92160	0x77582dc	628	FUN_077582dc
92284	0x775ab5c	8	FUN_0775ab5c
92292	0x775ab78	120	FUN_0775ab78
92322	0x775b0b0	8	FUN_0775b0b0
92330	0x775b0c0	8	FUN_0775b0c0
92338	0x775b1a8	8	FUN_0775b1a8
92347	0x775b4cc	48	FUN_0775b4cc
92365	0x775b7d4	120	FUN_0775b7d4
92395	0x775c334	4	FUN_0775c334
92407	0x775c6a0	4	FUN_0775c6a0
92419	0x775c768	12	FUN_0775c768
92430	0x775c77c	48	FUN_0775c77c
92439	0x775c940	48	FUN_0775c940
92457	0x775c9bc	140	FUN_0775c9bc
92489	0x775d72c	48	FUN_0775d72c
92507	0x775d8b0	140	FUN_0775d8b0
92539	0x775e480	48	FUN_0775e480
92557	0x775e5d4	8	FUN_0775e5d4
92565	0x775ea80	48	FUN_0775ea80
92574	0x775f628	48	FUN_0775f628
92583	0x775fc5c	28	FUN_0775fc5c
92592	0x7760058	136	FUN_07760058
92625	0x7760ab0	120	FUN_07760ab0
92655	0x7760f80	576	FUN_07760f80
92741	0x7761cf0	12	FUN_07761cf0
92752	0x7761f18	48	FUN_07761f18
92770	0x776206c	8	FUN_0776206c
92778	0x7762178	928	FUN_07762178
92953	0x7765698	8	FUN_07765698
92961	0x77658d8	8	FUN_077658d8
92969	0x77658f0	4	FUN_077658f0
92981	0x776596c	120	FUN_0776596c
93010	0x7765fec	8	FUN_07765fec
93018	0x7765ff4	8	FUN_07765ff4
93026	0x7766130	12	FUN_07766130
93035	0x7766650	804	FUN_07766650
93169	0x7768bb0	48	FUN_07768bb0
93178	0x7769450	8	FUN_07769450
93186	0x7769458	12	FUN_07769458
93197	0x7769468	4	FUN_07769468
93209	0x776955c	8	FUN_0776955c
93217	0x7769574	8	FUN_07769574
93225	0x7769664	28	FUN_07769664
93234	0x7769a3c	136	FUN_07769a3c
93267	0x7769ccc	1224	FUN_07769ccc
93509	0x77703e8	8	FUN_077703e8
93517	0x77703f0	8	FUN_077703f0
93525	0x7770408	8	FUN_07770408
93533	0x7770514	884	FUN_07770514
94029	0x7774178	36	FUN_07774178
94039	0x7774900	8	FUN_07774900
94047	0x7774908	12	FUN_07774908
94058	0x7774994	120	FUN_07774994
94087	0x7774ea4	808	FUN_07774ea4
94222	0x77769a8	48	FUN_077769a8
94240	0x77769e0	12	FUN_077769e0
94251	0x77769f4	120	FUN_077769f4
94281	0x7776bdc	12	FUN_07776bdc
94290	0x7776c08	308	FUN_07776c08
94348	0x7777e4c	12	FUN_07777e4c
94359	0x7777e60	120	FUN_07777e60
94389	0x77781a8	580	FUN_077781a8
94690	0x777a280	308	FUN_0777a280
94748	0x777b7a8	432	FUN_0777b7a8
94848	0x777cfa4	576	FUN_0777cfa4
94947	0x777ed88	8	FUN_0777ed88
94955	0x777ee8c	380	FUN_0777ee8c
95021	0x7780300	8	FUN_07780300
95029	0x7780310	8	FUN_07780310
95037	0x7780320	208	FUN_07780320
95081	0x7780f4c	12	FUN_07780f4c
95092	0x7780fd8	120	FUN_07780fd8
95121	0x7781574	48	FUN_07781574
95139	0x77815bc	4	FUN_077815bc
95151	0x77815f0	120	FUN_077815f0
95181	0x77817f4	12	FUN_077817f4
95190	0x778197c	776	FUN_0778197c
95336	0x7784f40	48	FUN_07784f40
95345	0x77858d4	8	FUN_077858d4
95353	0x7785b6c	48	FUN_07785b6c
95371	0x7785cd0	216	FUN_07785cd0
95419	0x778682c	12	FUN_0778682c
95430	0x7786840	436	FUN_07786840
95521	0x77891f0	48	FUN_077891f0
95530	0x7789610	8	FUN_07789610
95538	0x7789618	12	FUN_07789618
95549	0x77896a4	120	FUN_077896a4
95578	0x7789848	628	FUN_07789848
95706	0x778bb7c	720	FUN_0778bb7c
95852	0x778dc88	120	FUN_0778dc88
95881	0x778e114	8	FUN_0778e114
95889	0x778e12c	208	FUN_0778e12c
95933	0x778e8c4	208	FUN_0778e8c4
95977	0x778f4cc	120	FUN_0778f4cc
96006	0x778fb4c	8	FUN_0778fb4c
96015	0x778fde0	120	FUN_0778fde0
96044	0x77900c0	8	FUN_077900c0
96052	0x77901a8	28	FUN_077901a8
96061	0x77904dc	8	FUN_077904dc
96069	0x77905c4	8	FUN_077905c4
96078	0x7790c54	120	FUN_07790c54
96107	0x7791320	8	FUN_07791320
96115	0x7791328	8	FUN_07791328
96123	0x7791338	8	FUN_07791338
96131	0x7791480	120	FUN_07791480
96161	0x779208c	120	FUN_0779208c
96191	0x7792808	8	FUN_07792808
96199	0x7792810	8	FUN_07792810
96207	0x7792820	8	FUN_07792820
96215	0x7792900	48	FUN_07792900
96228	0x77930c8	8	FUN_077930c8
96236	0x77930d0	8	FUN_077930d0
96244	0x779354c	220	FUN_0779354c
96309	0x77941e8	8	FUN_077941e8
96317	0x7794300	8	FUN_07794300
96326	0x7794794	220	FUN_07794794
96391	0x779537c	8	FUN_0779537c
96399	0x7795384	8	FUN_07795384
96407	0x779538c	8	FUN_0779538c
96415	0x779539c	8	FUN_0779539c
96423	0x77953a4	248	FUN_077953a4
96485	0x7795c64	208	FUN_07795c64
96529	0x7796500	28	FUN_07796500
96538	0x779682c	8	FUN_0779682c
96546	0x7796844	8	FUN_07796844
96554	0x779691c	8	FUN_0779691c
96563	0x779702c	8	FUN_0779702c
96571	0x779703c	8	FUN_0779703c
96579	0x779711c	8	FUN_0779711c
96588	0x7797338	120	FUN_07797338
96618	0x7797770	48	FUN_07797770
96631	0x7797fb4	120	FUN_07797fb4
96661	0x77986f8	8	FUN_077986f8
96669	0x7798700	8	FUN_07798700
96677	0x7798718	8	FUN_07798718
96685	0x77987f8	28	FUN_077987f8
96694	0x7798d24	8	FUN_07798d24
96702	0x7798d34	8	FUN_07798d34
96710	0x7798e3c	8	FUN_07798e3c
96719	0x77995c0	36	FUN_077995c0
96729	0x7799a00	120	FUN_07799a00
96758	0x7799dc0	8	FUN_07799dc0
96767	0x779b1bc	124	StaticStruct
96787	0x779b788	12	InternalConstructor<UNamedInterfaces>
96798	0x779b89c	4	EmptyLinkFunctionForGeneratedCodeOnlineStoreInterface
96809	0x779b910	112	FUN_0779b910
96827	0x779bd5c	76	Z_Construct_UScriptStruct_FInAppPurchaseProductRequest
96845	0x779c230	192	GetPrivateStaticClass
96864	0x779c7e0	8	IsAbstract
96874	0x779c820	8	HasDestructor
96884	0x779c84c	8	HasPostSerialize
96894	0x779c878	8	NetDeltaSerialize
96907	0x779c958	8	GetComputedPropertyFlags
96917	0x779ca24	12	ClassPackage
96927	0x779cae4	8	HasNetSerializer
96937	0x779cb14	4	PostScriptConstruct
96947	0x779cc8c	12	AddStructReferencedObjects
96957	0x779cd5c	8	Destruct
96970	0x779ce40	8	ExportTextItem
96984	0x779d264	12	Construct
96999	0x779d2c8	8	Serialize
97010	0x779d304	8	HasPostScriptConstruct
97020	0x779d3c4	12	Identical
97036	0x779d42c	32	GetStructTypeHash
97048	0x779e6e4	160	CacheAchievementDescriptions
97085	0x779f394	152	ConnectToService
97120	0x77a0078	152	DestroySession
97155	0x77a0aac	188	EndTurn
97194	0x77a20bc	832	Activate
97443	0x77a4694	1368	TriggerGetOwnedPurchases
97798	0x77a889c	300	UIpConnection
97853	0x77aa52c	36	FUN_077aa52c
97864	0x77aa668	40	FUN_077aa668
97876	0x77aa778	404	HandleSocketRecvError
97946	0x77ac240	36	FUN_077ac240
97958	0x77acbf0	44	FUN_077acbf0
97968	0x77ad8ac	612	GetCurrentPacket
98166	0x77af33c	276	HandlePauseReceiveCommand
98218	0x77b04c0	48	ULeaderboardBlueprintLibrary
98232	0x77b07b0	372	WriteLeaderboardInteger
98316	0x77b1c2c	144	BeginDestroy
98366	0x77b1dc0	152	Logout
98401	0x77b25f0	128	EndPlay
98429	0x77b2944	136	OnFailure
98460	0x77b2d40	8	NotifyAcceptedConnection
98471	0x77b30e8	40	FUN_077b30e8
98480	0x77b319c	4	NotifyControlMessage
98490	0x77b3344	8	SetBeaconOwner
98502	0x77b338c	180	GetUniqueId
98535	0x77b3edc	304	OnFailure
98592	0x77b5178	344	AOnlineBeaconHost
98653	0x77b77e0	196	GetHost
98696	0x77b7d60	40	FUN_077b7d60
98708	0x77b7e24	616	RegisterHost
98796	0x77b91a4	224	GetDedicatedServerSubsystemNameForSubsystem
98834	0x77ba5cc	868	StartSession
98997	0x77bca54	348	ShowLeaderboardUI
99080	0x77bd864	48	FUN_077bd864
99089	0x77bde90	68	PostInitProperties
99112	0x77bdfc4	28	GetWorld
99126	0x77be8f0	380	OnDestroyForJoinSessionComplete
99219	0x77bf5b8	80	HandleDisconnect
99238	0x77c042c	36	FUN_077c042c
99247	0x77c0888	208	ApplyVoiceSettings
99291	0x77c1090	2072	HandleVoiceCommands
99685	0x77cb06c	120	DumpReservations
99713	0x77cb1a4	40	FUN_077cb1a4
99722	0x77cb21c	40	FUN_077cb21c
99731	0x77cb38c	40	FUN_077cb38c
99740	0x77cb790	108	InitTeamArray
99772	0x77cba30	36	FUN_077cba30
99784	0x77cbd90	40	FUN_077cbd90
99793	0x77cc648	136	AreTeamsAvailable
99818	0x77ce394	92	FUN_077ce394
99831	0x77ce6dc	36	FUN_077ce6dc
99840	0x77cea0c	40	FUN_077cea0c
99849	0x77cea84	4564	UpdatePartyLeader
100682	0x77e41fc	28	PatchRemoteTalkerOutputToEndpoint
100703	0x77e4230	24	DisconnectAllEndpoints
100719	0x77e4604	188	Reset
100773	0x77e496c	40	FUN_077e496c
100784	0x77e4b08	8	GetBufferSize
100794	0x77e4b10	36	GetSender
100825	0x77e5340	196	~UVoipListenerSynthComponent
100872	0x77e56c8	160	~UConnectionCallbackProxy
100912	0x77e5cb4	444	~UInAppPurchaseCallbackProxy2
101044	0x77e6e64	256	~ULeaderboardQueryCallbackProxy
101121	0x77e74d8	8	GetNumPIELogins
101131	0x77e75dc	60	~UOnlinePIESettings
101146	0x77e7d8c	4	GetPartyBeaconHostClass
101165	0x77e8428	260	~USpectatorBeaconState
101243	0x77e8bd0	4	GetVoiceSettingsOverride
101254	0x77e8c1c	4	OnDeviceRemoved
101264	0x77e8d78	8	GetNumLocalTalkers
101274	0x77e8efc	4	SortSearchResults
101284	0x77e900c	112	~FOnlineSearchSettings
101315	0x77e97c4	168	ResizeGrow
101360	0x77e9c24	140	ResizeForCopy
101392	0x77ea16c	20	CountBytes
101405	0x77ea1ec	4	operator<<
101508	0x77eca54	288	AddUninitialized
101584	0x77ed158	4	~IVoiceEngine
101598	0x77ed178	8	SetRemoteVoiceAmplitude
101608	0x77ed198	8	GetIncomingAudioAmplitude
101618	0x77ed458	676	Empty
101788	0x77f0360	660	Empty
101946	0x77f0e50	8	GetObjectForTimerManager
101962	0x77f0fc4	100	ExecuteIfSafe
101989	0x77f123c	4	~TBaseUObjectMethodDelegateInstance
102005	0x77f12d0	164	CreateCopy
102049	0x77f1778	208	Execute
102100	0x77f1ecc	4	~TReferenceControllerWithDeleter
102118	0x77f1f18	36	IsCompactable
102135	0x77f2100	8	FUN_077f2100
102143	0x77f21d8	8	GetObjectForTimerManager
102160	0x77f2304	80	Execute
102189	0x77f26dc	8	FUN_077f26dc
102197	0x77f26f4	8	FUN_077f26f4
102205	0x77f27f8	148	ResizeForCopy
102240	0x77f2ea0	4	~TBaseUObjectMethodDelegateInstance
102257	0x77f2f0c	32	IsSafeToExecute
102275	0x77f3210	8	FUN_077f3210
102283	0x77f3304	296	CopyToEmpty<FInAppPurchaseRestoreInfo,int>
102351	0x77f3c1c	36	FUN_077f3c1c
102368	0x77f3e28	144	ResizeGrow
102411	0x77f4bc0	344	ConditionalRehash
102510	0x77f5544	164	CreateCopy
102554	0x77f59c4	32	IsSafeToExecute
102571	0x77f5b20	8	GetBoundProgramCounterForTimerManager
102586	0x77f5c8c	100	ExecuteIfSafe
102613	0x77f5f14	8	GetUObject
102628	0x77f60c4	4	~TBaseUObjectMethodDelegateInstance
102645	0x77f6150	8	GetHandle
102659	0x77f62a4	4	~TBaseUObjectMethodDelegateInstance
102676	0x77f63d4	68	Execute
102704	0x77f6998	64	Execute
102731	0x77f6d7c	288	AddUninitialized
102807	0x77f813c	8	GetBoundProgramCounterForTimerManager
102824	0x77f81b4	8	GetHandle
102839	0x77f82ac	140	Execute
102878	0x77f8844	36	IsCompactable
102896	0x77f8d48	348	TBaseUObjectMethodDelegateInstance
102962	0x77f9704	8	GetBoundProgramCounterForTimerManager
102978	0x77f9828	268	Execute
103062	0x77fa7a0	336	CopyToEmpty<FPlayerReservation,int>
103145	0x77fba88	456	Reserve
103267	0x77fd168	164	CreateCopy
103311	0x77fe014	8	GetObjectForTimerManager
103327	0x77fe074	32	IsSafeToExecute
103344	0x77fe358	404	FindOrAddImpl<FUniqueNetIdWrapper_const&>
103450	0x7800d9c	12	NewProp_bFoundID_SetBit
103463	0x7800da8	12	NewProp_bHidden_SetBit
103476	0x7800e00	76	Z_Construct_UFunction_UAchievementBlueprintLibrary_GetCachedAchievementDescription
103495	0x7801030	188	StaticClass<UAchievementBlueprintLibrary>
103516	0x78017a4	68	UAchievementQueryCallbackProxy
103536	0x7801d90	12	InternalConstructor<UAchievementWriteCallbackProxy>
103548	0x7801eb0	76	Z_Construct_UDelegateFunction_OnlineSubsystemUtils_OnlineConnectionResult__DelegateSignature
103568	0x7802268	76	Z_Construct_UFunction_UConnectionCallbackProxy_ConnectToService
103586	0x7802440	80	UConnectionCallbackProxy
103609	0x78029bc	8	InternalVTableHelperCtorCaller<UCreateSessionCallbackProxy>
103619	0x7802ad8	4	EmptyLinkFunctionForGeneratedCodeDestroySessionCallbackProxy
103630	0x7802adc	240	execDestroySession
103686	0x78036a4	188	StaticClass<UEndMatchCallbackProxy>
103706	0x7803f40	12	Get_Z_Construct_UScriptStruct_FBlueprintSessionResult_Hash
103717	0x7803fa8	52	NewStructOps
103732	0x7804a7c	188	StaticClass
103752	0x7804e98	188	StaticClass<UFindSessionsCallbackProxy>
103773	0x7805618	188	StaticClass<UFindTurnBasedMatchCallbackProxy>
103794	0x7805f64	80	FUN_07805f64
103810	0x78062a4	12	Get_Z_Construct_UScriptStruct_FInAppPurchaseProductRequest2_Hash
103821	0x780630c	52	NewStructOps
103836	0x7806850	76	Z_Construct_UFunction_UInAppPurchaseCallbackProxy2_CreateProxyObjectForInAppPurchaseQueryOwned
103857	0x7806ac0	76	Z_Construct_UDelegateFunction_OnlineSubsystemUtils_InAppPurchaseQueryResult__DelegateSignature
103878	0x7806f00	180	GetPrivateStaticClass
103898	0x7807910	76	Z_Construct_UDelegateFunction_OnlineSubsystemUtils_InAppPurchaseRestoreResult__DelegateSignature
103919	0x7807cfc	76	Z_Construct_UFunction_UInAppPurchaseRestoreCallbackProxy_CreateProxyObjectForInAppPurchaseRestore
103940	0x7807fb0	92	StaticStruct
103958	0x7808548	12	InternalConstructor<UInAppPurchaseRestoreCallbackProxy2>
103970	0x7808728	12	ClassPackage
103980	0x78088c4	188	Register
103999	0x7808fe8	8	ExportTextItem
104013	0x780902c	8	StructuredSerializeFromMismatchedTag
104025	0x780906c	4	AddStructReferencedObjectsOrNot<FBlueprintSessionResult>
104038	0x7809234	8	HasDestructor
104048	0x78092b0	4	PostSerialize
104059	0x78092e4	4	PostScriptConstruct
104069	0x7809428	12	Identical
104085	0x7809490	32	GetStructTypeHash
104096	0x780962c	8	HasPostSerialize
104106	0x7809650	8	HasNetDeltaSerializer
104116	0x7809674	8	HasCopy
104126	0x78097e0	12	AddStructReferencedObjects
104136	0x7809844	4	AddStructReferencedObjectsOrNot<FInAppPurchaseReceiptInfo2>
104149	0x78098f4	8	Destruct
104162	0x78099c4	12	Identical
104178	0x7809a2c	32	GetStructTypeHash
104190	0x7809f04	8	HasDestructor
104200	0x7809f40	8	HasStructuredSerializer
104211	0x7809f6c	8	HasNetSharedSerialization
104222	0x7809f8c	8	HasPostScriptConstruct
104232	0x780a060	8	ExportTextItem
104246	0x780a0e4	4	AddStructReferencedObjectsOrNot<FInAppPurchaseProductRequest2>
104259	0x780a27c	176	Construct
104325	0x780aa54	76	Destruct
104349	0x780ac6c	8	HasAddStructReferencedObjects
104360	0x780ac98	8	StructuredSerializeFromMismatchedTag
104372	0x780ad90	12	ClassPackage
104382	0x780bd88	12	InternalConstructor<UIpConnection>
104393	0x780bd94	8	InternalVTableHelperCtorCaller<UIpConnection>
104403	0x780bf0c	192	Z_Construct_UClass_UIpNetDriver_NoRegister
104423	0x780c630	188	StaticClass
104442	0x780cf6c	12	InternalConstructor<ULeaderboardBlueprintLibrary>
104454	0x780d03c	48	ULeaderboardBlueprintLibrary
104468	0x780d310	180	Z_Construct_UClass_ULeaderboardFlushCallbackProxy_NoRegister
104489	0x780d8bc	180	Z_Construct_UClass_ULeaderboardQueryCallbackProxy_NoRegister
104510	0x780e1b8	4	EmptyLinkFunctionForGeneratedCodeOnlineBeacon
104521	0x780e1bc	4	StaticRegisterNativesAOnlineBeacon
104531	0x780e38c	192	GetPrivateStaticClass
104550	0x780eb64	8	InternalVTableHelperCtorCaller<AOnlineBeaconClient>
104560	0x780ed54	192	StaticClass
104579	0x780f50c	192	Z_Construct_UClass_UOnlineEngineInterfaceImpl_NoRegister
104600	0x780fd3c	12	InternalConstructor<UOnlinePIESettings>
104611	0x780fe48	4	StaticRegisterNativesUOnlineSessionClient
104621	0x780fe4c	188	Z_Construct_UClass_UOnlineSessionClient_NoRegister
104641	0x78105a4	484	execServerRemoveMemberFromReservationRequest
104773	0x7811fb8	76	Z_Construct_UFunction_APartyBeaconClient_ClientReservationResponse
104792	0x7812324	12	NewProp_bPendingReservationSent_SetBit
104804	0x781233c	192	GetPrivateStaticClass
104823	0x7812a18	112	StaticEnum<EPartyReservationResult::Type>
104844	0x7812e94	76	Z_Construct_UClass_UPartyBeaconState
104861	0x7813678	12	InternalConstructor<UQuitMatchCallbackProxy>
104872	0x7813684	8	InternalVTableHelperCtorCaller<UQuitMatchCallbackProxy>
104882	0x7813884	184	StaticRegisterNativesUShowLoginUICallbackProxy
104903	0x78143cc	176	execClientReservationResponse
104942	0x7814e10	76	Z_Construct_UFunction_ASpectatorBeaconClient_ClientSendReservationUpdates
104961	0x7815000	12	NewProp_bPendingReservationSent_SetBit
104974	0x7815018	192	GetPrivateStaticClass
104993	0x78158f8	52	NewStructOps
105008	0x7815b04	8	InternalVTableHelperCtorCaller<USpectatorBeaconState>
105018	0x7815b0c	184	StaticClass<USpectatorBeaconState>
105038	0x78163d0	12	ClassPackage
105048	0x781649c	12	ClassPackage
105058	0x78164bc	48	Construct
105081	0x781664c	4	PostScriptConstruct
105091	0x7816660	80	Copy
105108	0x78168c0	8	HasStructuredSerializer
105118	0x78168d8	8	HasPostSerialize
105128	0x78168ec	8	HasNetSharedSerialization
105138	0x7816920	8	HasCopy
105148	0x78169ac	8	HasAddStructReferencedObjects
105159	0x78169d0	8	SerializeFromMismatchedTag
105172	0x7816cdc	12	ClassPackage
105182	0x7816e8c	8	HasZeroConstructor
105193	0x7816ef0	8	HasSerializer
105203	0x7816f18	4	PostSerialize
105215	0x7816f44	8	HasPostScriptConstruct
105226	0x7816f60	228	Copy
105275	0x7817524	12	ClassPackage
105285	0x781784c	12	ClassPackage
105295	0x78178d4	8	HasDestructor
105305	0x78178e4	8	HasSerializer
105315	0x78178f4	8	Serialize
105326	0x7817910	8	HasNetSerializer
105336	0x7817938	8	HasPostScriptConstruct
105346	0x781794c	8	HasCopy
105356	0x7817a9c	8	HasImportTextItem
105366	0x7817ab4	12	AddStructReferencedObjects
105376	0x7817b08	8	GetComputedPropertyFlags
105386	0x7818ca4	4	EmptyLinkFunctionForGeneratedCodeTestBeaconClient
105397	0x7818d20	68	ClientPing
105413	0x781919c	192	StaticClass<ATestBeaconClient>
105433	0x7819f1c	76	Z_Construct_UClass_UTurnBasedBlueprintLibrary
105450	0x781a098	188	Z_Construct_UClass_UTurnBasedBlueprintLibrary_NoRegister
105471	0x781a6ec	156	InternalConstructor<UVoipListenerSynthComponent>
105503	0x781b6cc	4	EmptyLinkFunctionForGeneratedCodeActorLayerUtilities
105514	0x781b6d0	92	StaticStruct
105532	0x781b814	232	execRemoveActorFromLayer
105589	0x781c05c	36	~ULayersBlueprintLibrary
105601	0x781c0d8	8	HasPostSerialize
105611	0x781c114	4	PostScriptConstruct
105621	0x781c170	8	ExportTextItem
105635	0x781c1bc	8	HasGetTypeHash
105645	0x781c62c	4	EmptyLinkFunctionForGeneratedCodeActorLayerUtilities_init
105656	0x781c9c8	4	StartupModule
105666	0x781d210	40	FUN_0781d210
105675	0x781d328	40	FUN_0781d328
105684	0x781d3f0	268	CheckForJavaSurfaceViewWorkaround
105743	0x781e0b8	36	~FAndroidMediaPlayerStreamer
105756	0x781f03c	292	CloseMovie
105854	0x781f718	64	SkipToNextMovie
105872	0x781f894	236	GetSize
105945	0x781fb34	4	OnMouseEnter
105955	0x781fb84	72	OnMouseWheel
105991	0x781fd7c	72	OnTouchStarted
106027	0x781ff74	8	OnQueryShowFocus
106038	0x781ffe8	4	OnViewportClosed
106048	0x7820040	352	ExecuteAndDestruct
106164	0x7820fdc	140	StartupModule
106184	0x7821610	276	Broadcast
106250	0x7821f6c	4	StaticRegisterNativesUAndroidPermissionCallbackProxy
106260	0x7822024	180	StaticClass
106280	0x7822688	76	Z_Construct_UFunction_UAndroidPermissionFunctionLibrary_AcquirePermissions
106299	0x78228a4	56	InternalConstructor<UAndroidPermissionFunctionLibrary>
106314	0x7822a60	152	~UAndroidPermissionCallbackProxy
106353	0x782337c	8	Tick
106366	0x7823774	496	CreateProxyObjectForConvertToTIFF
106486	0x78248e8	36	~UAppleImageUtilsBaseAsyncTaskBlueprintProxy
106500	0x782492c	40	~UAppleImageUtilsBaseAsyncTaskBlueprintProxy
106515	0x78249b0	8	GetObjectForTimerManager
106530	0x78249d8	164	CreateCopy
106574	0x7825444	620	_INIT_412
106713	0x7827f58	304	MoveRight
106780	0x7828c14	36	~UArchVisCharMovementComponent
106793	0x7828d28	8	_getUObject
106804	0x7829020	4	~TBaseUObjectMethodDelegateInstance
106820	0x7829068	36	IsCompactable
106837	0x78292a8	40	InitializeModule
106851	0x78293c4	48	ExecuteIfSafe
106873	0x7829834	76	Z_Construct_UClass_AArchVisCharacter
106890	0x782994c	8	InternalVTableHelperCtorCaller<AArchVisCharacter>
106900	0x7829a64	4	EmptyLinkFunctionForGeneratedCodeArchVisCharMovementComponent
106911	0x7829a6c	192	Z_Construct_UClass_UArchVisCharMovementComponent_NoRegister
106932	0x782a2e8	4	IMPLEMENT_MODULE_AssetTags
106940	0x782a2ec	672	CollectionExists
107078	0x782cf54	4	EmptyLinkFunctionForGeneratedCodeAssetTags_init
107089	0x782cf58	76	Z_Construct_UPackage__Script_AssetTags
107105	0x782d088	12	Get_Z_Construct_UEnum_AssetTags_ECollectionScriptingShareType_Hash
107116	0x782d094	76	Z_Construct_UEnum_AssetTags_ECollectionScriptingShareType
107133	0x782d454	552	execGetAssetsInCollection
107280	0x782e28c	416	OpenDefaultAudioStream
107390	0x782eef8	12	FUN_0782eef8
107401	0x782ef0c	40	InitializeModule
107415	0x782f344	124	StaticStruct
107434	0x782f8f4	76	Z_Construct_UFunction_UAudioCapture_StopCapturingAudio
107452	0x782fbbc	52	execCreateAudioCapture
107473	0x782fd64	76	Z_Construct_UClass_UAudioCaptureFunctionLibrary
107490	0x782ffac	8	InternalVTableHelperCtorCaller<UAudioCaptureFunctionLibrary>
107500	0x7830070	48	UAudioCaptureFunctionLibrary
107514	0x7830344	8	InternalVTableHelperCtorCaller<UAudioCaptureComponent>
107524	0x783040c	80	UAudioCaptureComponent
107543	0x7830504	8	NetDeltaSerialize
107556	0x7830568	8	HasExportTextItem
107566	0x7830588	8	HasAddStructReferencedObjects
107577	0x78305b4	8	StructuredSerializeFromMismatchedTag
107589	0x78305f8	188	Register
107608	0x7831b98	8	GetAttachedActor
107618	0x7831c08	176	GetCableParticleLocations
107656	0x78325c8	264	QuerySupportedSockets
107712	0x7832bd8	40	~UCableComponent
107724	0x78331c0	132	GetViewRelevance
107759	0x7833cc4	1392	BuildCableMesh
107990	0x7839ba0	44	FUN_07839ba0
107999	0x783a4cc	1608	Finalize
108392	0x783dcb0	44	FUN_0783dcb0
108403	0x783dcdc	36	FUN_0783dcdc
108413	0x783dd00	1540	TryDownloadBuildManifest
108786	0x7842c18	40	FUN_07842c18
108795	0x7842cf8	40	FUN_07842cf8
108804	0x7842d48	40	FUN_07842d48
108813	0x78435d8	288	Call
108880	0x7844288	264	TTupleBaseElement<FPakFileEntry_const&,(void*)0>
108938	0x7844390	344	ConditionalRehash
109036	0x78453a8	688	Rehash
109236	0x7847958	40	FUN_07847958
109247	0x7848354	4	~TIntrusiveReferenceController
109261	0x784869c	344	ConditionalRehash
109360	0x7848f64	448	~FPakMountWork
109492	0x7849d14	8	GetBoundProgramCounterForTimerManager
109508	0x7849e24	160	~FChunkDownloaderModule
109561	0x784a690	8	GetInstallSpeed
109571	0x784a6a0	8	DebugStartNextChunk
109581	0x784a6b0	16	RemoveChunkInstallDelegate
109598	0x784a85c	8	FUN_0784a85c
109606	0x784a948	28	FUN_0784a948
109615	0x784ac10	12	FUN_0784ac10
109626	0x784acb8	208	FUN_0784acb8
109698	0x784b644	96	FUN_0784b644
109721	0x784bd70	40	FUN_0784bd70
109730	0x784bf94	4	FUN_0784bf94
109742	0x784c580	140	SetCustomMeshTriangles
109774	0x784d244	40	~UCustomMeshComponent
109786	0x784d8ec	16	GetMemoryFootprint
109796	0x784da34	40	InitializeModule
109810	0x784da60	8	GetUObject
109824	0x784da68	8	GetObjectForTimerManager
109840	0x784db34	28	Execute
109866	0x784ddf0	124	StaticStruct
109886	0x784e2dc	76	Z_Construct_UClass_UCustomMeshComponent
109903	0x784e3c0	12	NewProp_ReturnValue_SetBit
109916	0x784e418	192	Z_Construct_UClass_UCustomMeshComponent_NoRegister
109936	0x784e788	4	PostSerialize
109947	0x784e7bc	4	PostScriptConstruct
109957	0x784e814	8	HasExportTextItem
109967	0x784e82c	8	ImportTextItem
109980	0x784e860	8	StructuredSerializeFromMismatchedTag
109992	0x784e8a4	192	Register
110011	0x784f4c4	36	~ULocationServices
110023	0x784f93c	76	Z_Construct_UDelegateFunction_LocationServicesBPLibrary_LocationServicesData_OnLocationChanged__DelegateSignature
110044	0x784fb48	124	StaticStruct<FLocationServicesData>
110066	0x78500e8	76	Z_Construct_UFunction_ULocationServices_AreLocationServicesEnabled
110085	0x7850284	12	NewProp_ReturnValue_SetBit
110098	0x78502dc	12	NewProp_ReturnValue_SetBit
110111	0x7850334	12	NewProp_ReturnValue_SetBit
110124	0x785038c	12	NewProp_ReturnValue_SetBit
110137	0x7850398	76	Z_Construct_UFunction_ULocationServices_StopLocationServices
110155	0x785076c	184	GetPrivateStaticClass
110174	0x7850a60	8	Serialize
110184	0x7850aa4	4	PostScriptConstruct
110194	0x7850aec	12	Identical
110210	0x7850b3c	8	SerializeFromMismatchedTag
110223	0x78513a8	708	Mount
110375	0x7854204	40	FUN_07854204
110385	0x7854830	40	FUN_07854830
110394	0x7854858	432	ExecuteIfBound
110520	0x7854de4	4	~TCommonDelegateInstanceState
110540	0x7854e14	8	GetUObject
110554	0x7854e24	8	GetBoundProgramCounterForTimerManager
110571	0x7854ef8	104	Execute
110606	0x78551ac	164	CreateCopy
110651	0x785577c	76	Z_Construct_UDelegateFunction_MobilePatchingUtils_OnContentInstallSucceeded__DelegateSignature
110672	0x7855908	52	execGetDiskFreeSpace
110692	0x7855b90	76	Z_Construct_UFunction_UMobileInstalledContent_Mount
110710	0x7855e78	296	execStartInstall
110779	0x7856930	532	execRequestContent
110906	0x7858030	156	FUN_07858030
110928	0x78586fc	160	FUN_078586fc
110950	0x7858e70	156	FUN_07858e70
110972	0x78592b4	156	FUN_078592b4
110994	0x7859a1c	156	FUN_07859a1c
111016	0x785a138	152	FAutoConsoleVariableRef
111040	0x785a86c	32	GetCustomEncodingSettingsClass
111051	0x785aa6c	16	ShutdownModule
111061	0x785ab6c	36	~UAmbisonicsEncodingSettings
111074	0x785acb0	12	~ISoundfieldFactory
111088	0x785ad58	48	~FAmbisonicsSoundfieldEncoder
111101	0x785afec	156	Decode
111129	0x785bc88	36	~UObjectBaseUtility
111140	0x785bd80	36	FLiteralOrName
111151	0x785c134	36	TDelegateBase
111164	0x785c254	320	Allocate
111195	0x785cc5c	100	TTupleBase<FLazyName_const&,TDelegate<IModuleInterface*(),FDefaultDelegateUserPolicy>const&,(void*)0>
111221	0x785d4c8	160	FUN_0785d4c8
111243	0x785dafc	156	FUN_0785dafc
111265	0x785e3a0	156	FUN_0785e3a0
111287	0x785ea6c	156	FUN_0785ea6c
111309	0x785f184	32	FUN_0785f184
111318	0x785f2cc	4	EmptyLinkFunctionForGeneratedCodeSoundFields
111329	0x785f3c0	216	GetPrivateStaticClass
111369	0x7860c24	176	TConstSetBitIterator
111391	0x78610b0	20	__VTableCtorCaller
111401	0x7861130	180	GetReverbOutputChannelTypesForNumChannels
111440	0x7861b84	20	FConvolutionReverbSettings
111453	0x78621a8	40	FUN_078621a8
111462	0x7862248	40	FUN_07862248
111472	0x7862590	40	FUN_07862590
111482	0x7862f64	24	SetSettings
111499	0x78632f4	44	FUN_078632f4
111510	0x78633a4	740	ProcessAudioBlock
111648	0x78697d8	344	Init
111697	0x786a440	68	SetLFOMode
111719	0x786a7a4	280	SetFilterAlgorithm
111766	0x786ad9c	100	SetEnvRetriggerMode
111796	0x786b1a0	92	SetModEnvReleaseTime
111816	0x786b2fc	32	SetChorusEnabled
111833	0x786b538	452	GenerateFrame
111911	0x786ce7c	144	SetFilterFrequencyMod
111950	0x786d6f4	760	SetSynthPreset
112147	0x78704cc	312	IterateEffects<FSourceEffectBitCrusher>
112241	0x78710b0	140	SetFeedbackModulator
112279	0x7871814	232	SetSpread
112312	0x78723f0	56	RegisterEnvelopeFollowerListener
112328	0x7872a84	108	~FSourceEffectFilter
112350	0x7873298	104	AddDefaulted_GetRef
112378	0x78738c8	32	Init
112402	0x7873be8	80	SetSettings
112423	0x78740a0	80	Init
112451	0x78746b0	80	SetSettings
112475	0x7874a10	148	~TSet
112512	0x787539c	360	GetPairedRearChannelIndices
112585	0x7876a70	260	Init
112643	0x7877a08	116	SetSettings
112682	0x7878514	116	OnPresetChanged
112707	0x7878a40	20	OnInit
112719	0x7878a54	96	SetSettings
112744	0x7878fc4	204	SetFilterAlgorithm
112783	0x78796c0	212	FSubmixEffectFlexiverb
112827	0x787a890	244	OnPresetChanged
112873	0x787b984	28	SetInterpolationTime
112886	0x787bb40	80	SetGainValue
112913	0x787bdd8	248	SetSettings
112961	0x787c720	144	SetSustainGain
112999	0x787cdc8	148	SetGrainPan
113042	0x787e100	404	operator=
113133	0x787f3a0	144	SetFilterEnvelopeSustainGain
113173	0x787f9dc	148	SetPositionEnvelopeBiasInvert
113213	0x787ffb8	296	SetCurveValue
113256	0x7880cc8	180	OnGenerateAudio
113292	0x78814d0	8	~USynthSamplePlayer
113303	0x78814fc	40	~USynthSamplePlayer
113315	0x7881928	8	GetSampleDuration
113325	0x7881940	28	GetCurrentPlaybackProgressPercent
113341	0x7881ac8	204	OnGenerateAudio
113388	0x7882d1c	88	IsLocked
113406	0x7883558	1708	OnMouseButtonDown
113935	0x788b740	44	HandleOnMouseCaptureBegin
113947	0x788b76c	12	HandleOnMouseCaptureEnd
113958	0x788b784	12	HandleOnControllerCaptureEnd
113969	0x788babc	140	ReleaseSlateResources
114023	0x788bc8c	104	SetStepSize
114050	0x788d0c4	808	~FSynthKnobStyle
114307	0x788e81c	184	~USourceEffectChorusPreset
114360	0x788ebc4	1084	~FSourceEffectChorus
114570	0x78909d8	236	~USubmixEffectTapDelayPreset
114635	0x7891c20	20	GetTypeName
114650	0x7891df0	20	GetTypeName
114665	0x7891f54	80	~UAudioImpulseResponse
114685	0x78925bc	120	ResizeForCopy
114720	0x7893068	120	ResizeForCopy
114756	0x78933d8	4	Call
114842	0x7893fc4	12	Destroy
114860	0x7893fd4	4	~TFunction_OwnedObject
114880	0x7894210	12	Destroy
114898	0x7894220	4	~TFunction_OwnedObject
114918	0x78942b4	120	ResizeForCopy
114953	0x7894760	52	~FRealCurve
114966	0x78948e0	48	SetKeyInterpMode
114980	0x7894a40	48	ReadjustTimeRange
114995	0x78951f4	144	ResizeGrow
115038	0x7895924	272	AddUninitialized
115114	0x7896234	76	FUN_07896234
115139	0x78963f4	8	FUN_078963f4
115147	0x7896410	76	FUN_07896410
115172	0x78965d4	40	FUN_078965d4
115187	0x7896794	8	FUN_07896794
115195	0x78967b0	36	FUN_078967b0
115212	0x78968a4	40	FUN_078968a4
115227	0x78969c0	12	FUN_078969c0
115238	0x7896a60	12	FUN_07896a60
115249	0x7896b1c	8	FUN_07896b1c
115257	0x7896bb4	40	FUN_07896bb4
115272	0x7896d18	40	FUN_07896d18
115287	0x7896e7c	12	FUN_07896e7c
115298	0x7896f34	40	FUN_07896f34
115313	0x7897154	4	FUN_07897154
115325	0x78971e4	12	FUN_078971e4
115336	0x7897294	4	FUN_07897294
115348	0x7897454	40	FUN_07897454
115363	0x789763c	40	FUN_0789763c
115378	0x78977a4	8	FUN_078977a4
115386	0x789785c	4	FUN_0789785c
115398	0x78978fc	4	FUN_078978fc
115410	0x78979ac	4	FUN_078979ac
115422	0x7897af8	12	FUN_07897af8
115433	0x7897bb8	104	FUN_07897bb8
115456	0x7897f70	12	FUN_07897f70
115467	0x7897fc4	12	FUN_07897fc4
115478	0x789806c	12	FUN_0789806c
115489	0x789810c	8	FUN_0789810c
115497	0x789817c	12	FUN_0789817c
115508	0x7898274	40	FUN_07898274
115523	0x7899664	136	ResizeTo
115566	0x78999d4	40	FUN_078999d4
115577	0x7899abc	12	FUN_07899abc
115588	0x7899b0c	40	FUN_07899b0c
115599	0x7899c3c	12	FUN_07899c3c
115610	0x7899cbc	12	FUN_07899cbc
115621	0x7899d34	8	FUN_07899d34
115629	0x7899d5c	8	FUN_07899d5c
115637	0x7899dd4	52	FUN_07899dd4
115651	0x789a9dc	344	ConditionalRehash
115749	0x789b540	440	Append<TSizedDefaultAllocator<32>>
115873	0x789c23c	8	GetAddress
115889	0x789c270	84	~TFunction_CopyableOwnedObject
115922	0x789c4b4	8	FUN_0789c4b4
115930	0x789c54c	40	FUN_0789c54c
115941	0x789c91c	84	~TFunction_CopyableOwnedObject
115974	0x789cc80	40	FUN_0789cc80
115985	0x789cdbc	56	FUN_0789cdbc
116000	0x789d418	156	ResizeTo
116040	0x789d91c	4	~TFunction_OwnedObject
116061	0x789d9b4	56	~TFunction_OwnedObject
116096	0x789db50	188	FUN_0789db50
116137	0x789e36c	40	FUN_0789e36c
116152	0x789e454	4	FUN_0789e454
116164	0x789e4f8	12	FUN_0789e4f8
116175	0x789e5b0	8	FUN_0789e5b0
116183	0x789e618	12	FUN_0789e618
116194	0x789e6d4	12	FUN_0789e6d4
116205	0x789f040	4	CheckCallable
116218	0x789f1b4	40	FUN_0789f1b4
116229	0x789f2ac	180	FUN_0789f2ac
116262	0x789f53c	8	FUN_0789f53c
116270	0x789f570	40	FUN_0789f570
116285	0x789f650	12	FUN_0789f650
116296	0x789f6e0	40	FUN_0789f6e0
116311	0x789f7cc	16	FUN_0789f7cc
116320	0x789f8c8	24	FUN_0789f8c8
116335	0x789fa1c	12	FUN_0789fa1c
116346	0x789facc	8	FUN_0789facc
116354	0x789fb38	4	FUN_0789fb38
116366	0x789fb90	16	FUN_0789fb90
116375	0x789fc8c	16	FUN_0789fc8c
116384	0x789fdd0	8	FUN_0789fdd0
116392	0x789fe2c	12	FUN_0789fe2c
116403	0x78a0000	12	FUN_078a0000
116414	0x78a00a0	8	FUN_078a00a0
116422	0x78a017c	40	FUN_078a017c
116437	0x78a0284	24	DestroyObject
116458	0x78a03c4	40	FUN_078a03c4
116473	0x78a0910	8	GetObjectForTimerManager
116488	0x78a0938	164	CreateCopy
116532	0x78a14d8	44	HasSameObject
116549	0x78a19f8	4	~TReferenceControllerWithDeleter
116567	0x78a1c78	4	~TBaseUObjectMethodDelegateInstance
116583	0x78a1da8	56	Execute
116610	0x78a1e98	32	IsSafeToExecute
116627	0x78a2000	24	DestroyObject
116648	0x78a22e8	144	ResizeGrow
116691	0x78a3864	12	Get_Z_Construct_UScriptStruct_FModularSynthPresetBankEntry_Hash
116702	0x78a3870	92	StaticStruct<FModularSynthPresetBankEntry>
116722	0x78a3ab0	16	NewProp_bEnableOscillatorSync_SetBit
116735	0x78a3ba4	76	Z_Construct_UEnum_Synthesis_ESynthModEnvPatch
116752	0x78a3dcc	92	StaticStruct
116770	0x78a4650	188	StaticClass
116789	0x78a51e4	168	execSetStereoDelayWetlevel
116828	0x78a57d4	168	execSetFilterFrequencyMod
116867	0x78a5d24	168	execSetModEnvDepth
116905	0x78a631c	168	execSetGainDb
116943	0x78a6e14	168	execSetPortamento
116981	0x78a7a00	192	StaticClass
117000	0x78a8090	76	Z_Construct_UFunction_UModularSynthComponent_SetFilterFrequencyMod
117019	0x78a846c	12	NewProp_bInvert_SetBit
117032	0x78a85a8	12	NewProp_bInvert_SetBit
117045	0x78a8600	76	Z_Construct_UFunction_UModularSynthComponent_SetModEnvPatch
117063	0x78a8a80	76	Z_Construct_UFunction_UModularSynthComponent_SetReleaseTime
117081	0x78a8e44	192	GetPrivateStaticClass
117100	0x78a97c8	92	StaticStruct
117117	0x78a9b04	8	HasStructuredSerializer
117127	0x78a9b50	8	HasPostScriptConstruct
117137	0x78a9c90	8	HasImportTextItem
117147	0x78a9d04	8	IsAbstract
117157	0x78aa0a8	284	ConstructForTests
117205	0x78aa5a8	8	GetComputedPropertyFlags
117215	0x78aa804	12	ClassPackage
117225	0x78aa830	12	ConstructForTests
117238	0x78aa87c	8	HasNetSharedSerialization
117248	0x78aa954	8	HasIdentical
117258	0x78aa99c	8	HasSerializeFromMismatchedTag
117268	0x78aa9bc	8	HasGetTypeHash
117278	0x78aa9fc	8	HasNoopConstructor
117288	0x78aaa2c	8	HasSerializer
117298	0x78aaa58	8	HasNetSerializer
117308	0x78aaa94	8	HasCopy
117318	0x78aaaf4	8	ImportTextItem
117331	0x78ab4e8	92	StaticStruct
117349	0x78abc18	76	Z_Construct_UFunction_USourceEffectBitCrusherPreset_SetBitModulator
117368	0x78abd94	76	Z_Construct_UFunction_USourceEffectBitCrusherPreset_SetSettings
117386	0x78ac2b8	52	NewStructOps
117401	0x78ac3fc	52	NewStructOps
117416	0x78ac9f4	168	execSetFrequencyModulator
117455	0x78acfa4	76	Z_Construct_UFunction_USourceEffectChorusPreset_SetDepth
117473	0x78ad2e8	76	Z_Construct_UFunction_USourceEffectChorusPreset_SetSpreadModulator
117492	0x78ad850	4	EmptyLinkFunctionForGeneratedCodeSourceEffectDynamicsProcessor
117503	0x78ad900	76	Z_Construct_UEnum_Synthesis_ESourceEffectDynamicsPeakMode
117520	0x78adaf8	92	StaticStruct<FSourceEffectDynamicsProcessorSettings>
117540	0x78ae0d4	188	StaticClass<USourceEffectDynamicsProcessorPreset>
117562	0x78ae8d0	168	execUnregisterEnvelopeFollowerListener
117602	0x78af108	92	StaticStruct
117620	0x78af300	92	StaticStruct<FSourceEffectEQBand>
117640	0x78afa78	76	Z_Construct_UEnum_Synthesis_ESourceEffectFilterParam
117657	0x78afb70	76	Z_Construct_UEnum_Synthesis_ESourceEffectFilterType
117674	0x78afe44	92	StaticStruct
117693	0x78b050c	172	USourceEffectFilterPreset
117730	0x78b0e40	92	StaticStruct
117748	0x78b1214	76	Z_Construct_UFunction_USourceEffectMidSideSpreaderPreset_SetSettings
117767	0x78b1690	12	Get_Z_Construct_UScriptStruct_FSourceEffectPannerSettings_Hash
117778	0x78b16f8	52	NewStructOps
117793	0x78b17e8	184	StaticRegisterNativesUSourceEffectPannerPreset
117814	0x78b2560	168	USourceEffectPhaserPreset
117849	0x78b2bd4	188	GetPrivateStaticClass
117869	0x78b3468	192	GetAssetActionName
117913	0x78b3c60	60	Init
117929	0x78b402c	44	CreateNewEffect
117943	0x78b40e0	88	~USourceEffectFilterPreset
117965	0x78b45e0	192	~USourceEffectFoldbackDistortionPreset
118020	0x78b500c	188	GetSupportedClass
118039	0x78b580c	188	GetAssetActionName
118083	0x78b5dc4	8	StructuredSerializeFromMismatchedTag
118096	0x78b5e50	8	HasStructuredSerializer
118107	0x78b5e7c	8	HasNetSharedSerialization
118118	0x78b5eb8	156	Copy
118181	0x78b632c	8	HasAddStructReferencedObjects
118192	0x78b6390	8	IsAbstract
118202	0x78b63f4	8	HasSerializer
118212	0x78b641c	4	PostSerialize
118224	0x78b645c	8	HasCopy
118234	0x78b64c4	8	HasAddStructReferencedObjects
118245	0x78b64f8	8	HasGetTypeHash
118255	0x78b65fc	4	~TCppStructOps
118268	0x78b66c0	8	HasNetDeltaSerializer
118279	0x78b6730	8	HasExportTextItem
118290	0x78b6764	8	HasSerializeFromMismatchedTag
118303	0x78b67bc	4	AddStructReferencedObjectsOrNot<FSourceEffectDynamicsProcessorSettings>
118316	0x78b68e0	8	HasStructuredSerializer
118327	0x78b6934	4	PostScriptConstruct
118339	0x78b6974	8	HasIdentical
118349	0x78b69cc	8	SerializeFromMismatchedTag
118362	0x78b6c1c	8	Serialize
118373	0x78b6c64	8	IsPlainOldData
118383	0x78b6d1c	8	HasExportTextItem
118393	0x78b6d58	8	HasStructuredSerializeFromMismatchedTag
118405	0x78b6db0	8	HasNoopConstructor
118415	0x78b6e0c	8	HasSerializer
118425	0x78b6e48	8	NetSerialize
118438	0x78b6edc	8	HasAddStructReferencedObjects
118448	0x78b6f38	8	GetComputedPropertyFlags
118458	0x78b7014	4	~TCppStructOps
118471	0x78b70f0	4	PostScriptConstruct
118481	0x78b71ec	8	HasAddStructReferencedObjects
118492	0x78b7250	8	IsAbstract
118502	0x78b72e8	8	Serialize
118515	0x78b732c	8	HasPostScriptConstruct
118528	0x78b739c	8	HasImportTextItem
118540	0x78b73d0	8	SerializeFromMismatchedTag
118553	0x78b7534	8	HasSerializer
118564	0x78b7554	8	HasPostSerialize
118575	0x78b75a4	44	Copy
118598	0x78b77a4	8	Serialize
118609	0x78b77e8	4	PostScriptConstruct
118620	0x78b784c	8	HasImportTextItem
118631	0x78b7888	8	StructuredSerializeFromMismatchedTag
118644	0x78b79a8	16	Construct
118657	0x78b7a18	8	HasNetDeltaSerializer
118667	0x78b7a44	156	Copy
118728	0x78b7d7c	8	HasAddStructReferencedObjects
118739	0x78b7dd8	8	GetComputedPropertyFlags
118749	0x78b7ee0	24	ConstructForTests
118765	0x78b7f98	8	HasIdentical
118775	0x78b7fd4	12	AddStructReferencedObjects
118787	0x78b9080	4	EmptyLinkFunctionForGeneratedCodeSourceEffectSimpleDelay
118798	0x78b9194	52	NewStructOps
118813	0x78b9624	184	InternalConstructor<USourceEffectSimpleDelayPreset>
118850	0x78b9e30	76	Z_Construct_UFunction_USourceEffectStereoDelayPreset_SetSettings
118868	0x78ba354	52	NewStructOps
118883	0x78ba5b8	76	Z_Construct_UClass_USourceEffectWaveShaperPreset
118900	0x78baa50	12	Get_Z_Construct_UEnum_Synthesis_ESubmixEffectConvolutionReverbBlockSize_Hash
118911	0x78baaa8	92	StaticStruct
118929	0x78bac10	12	NewProp_bInvertRearChannelBleedPhase_SetBit
118942	0x78bacec	180	StaticClass
118961	0x78bb658	92	StaticStruct
118979	0x78bbb8c	76	Z_Construct_UFunction_USubmixEffectDelayPreset_GetMaxDelayInMilliseconds
118998	0x78bbcbc	188	Z_Construct_UClass_USubmixEffectDelayPreset_NoRegister
119018	0x78bc420	168	execSetFilterQ
119056	0x78bcbb0	76	Z_Construct_UFunction_USubmixEffectFilterPreset_SetSettings
119074	0x78bd0b8	200	execSetSettings
119120	0x78bd864	12	NewProp_bAnalogMode_SetBit
119133	0x78bd87c	76	Z_Construct_UScriptStruct_FDynamicsBandSettings
119151	0x78bdcac	188	Z_Construct_UClass_USubmixEffectMultibandCompressorPreset_NoRegister
119173	0x78be624	200	InternalConstructor<USubmixEffectStereoDelayPreset>
119214	0x78bef68	168	execRemoveTap
119252	0x78bf564	76	Z_Construct_UFunction_USubmixEffectTapDelayPreset_SetTap
119270	0x78bfc04	176	execSetLocked
119308	0x78c02bc	188	GetPrivateStaticClass
119326	0x78c0d54	68	Init
119345	0x78c11bc	8	HasAssetActions
119355	0x78c11c4	52	Init
119370	0x78c14f0	208	CreateNewPreset
119421	0x78c1f24	8	HasNoopConstructor
119431	0x78c1f2c	8	HasZeroConstructor
119441	0x78c1f80	8	HasSerializer
119451	0x78c1fa0	8	HasPostSerialize
119461	0x78c1fbc	8	NetSerialize
119474	0x78c2024	12	Identical
119490	0x78c2074	8	SerializeFromMismatchedTag
119503	0x78c2218	8	HasStructuredSerializer
119514	0x78c223c	8	HasNetSerializer
119524	0x78c2270	8	IsPlainOldData
119534	0x78c22d4	8	HasImportTextItem
119544	0x78c2318	8	HasGetTypeHash
119554	0x78c241c	4	~TCppStructOps
119567	0x78c2498	8	NetSerialize
119580	0x78c25c8	8	StructuredSerializeFromMismatchedTag
119593	0x78c260c	188	Register
119613	0x78c2c90	8	HasPostSerialize
119623	0x78c2cd0	8	IsPlainOldData
119633	0x78c2d48	12	AddStructReferencedObjects
119643	0x78c2e78	4	~TCppStructOps
119656	0x78c2f30	8	IsPlainOldData
119666	0x78c2f98	8	HasAddStructReferencedObjects
119677	0x78c3004	4	AddStructReferencedObjectsOrNot<FSubmixEffectFlexiverbSettings>
119690	0x78c310c	40	ConstructForTests
119709	0x78c31c4	4	PostScriptConstruct
119721	0x78c329c	8	HasExportTextItem
119732	0x78c32e0	8	SerializeFromMismatchedTag
119745	0x78c3370	8	HasDestructor
119755	0x78c33a8	8	HasNetSerializer
119765	0x78c33d0	8	HasPostScriptConstruct
119775	0x78c342c	8	ExportTextItem
119789	0x78c34b4	188	Register
119810	0x78c3b5c	8	HasSerializeFromMismatchedTag
119820	0x78c3bb4	4	AddStructReferencedObjectsOrNot<FTapDelayInfo>
119831	0x78c4ccc	52	NewStructOps
119846	0x78c4eac	112	FUN_078c4eac
119863	0x78c5704	168	execSetGrainProbability
119901	0x78c5d30	168	execSetSoundWave
119939	0x78c6264	76	Z_Construct_UFunction_UGranularSynth_SetGrainPan
119957	0x78c6568	76	Z_Construct_UFunction_UGranularSynth_SetSustainGain
119975	0x78c6b8c	16	NewProp_bLockKeyframesToGridBool_SetBit
119988	0x78c6b9c	16	NewProp_bNormalizeWaveTables_SetBit
120001	0x78c6bf8	180	GetPrivateStaticClass
120020	0x78c7644	168	execSetPositionEnvelopeSustainGain
120059	0x78c7e34	168	execSetAmpEnvelopeDepth
120098	0x78c857c	20	execRefreshAllWaveTables
120117	0x78c8788	168	execSetFrequencyPitchBend
120156	0x78c8e00	76	Z_Construct_UFunction_USynthComponentMonoWaveTable_GetNumTableEntries
120175	0x78c9014	12	NewProp_bInBiasInvert_SetBit
120188	0x78c90b8	76	Z_Construct_UFunction_USynthComponentMonoWaveTable_SetAmpEnvelopeDepth
120207	0x78c9394	12	NewProp_bInBiasInvert_SetBit
120220	0x78c9444	76	Z_Construct_UFunction_USynthComponentMonoWaveTable_SetFilterEnvelopeInvert
120239	0x78c98d0	76	Z_Construct_UFunction_USynthComponentMonoWaveTable_SetPositionEnvelopeSustainGain
120258	0x78c9c30	8	InternalVTableHelperCtorCaller<USynthComponentMonoWaveTable>
120268	0x78c9f50	192	StaticClass
120288	0x78ca6dc	176	execSetScrubMode
120326	0x78cafc4	192	GetPrivateStaticClass
120345	0x78cba84	8	HasNoopConstructor
120355	0x78cba94	8	Construct
120368	0x78cbac4	8	HasStructuredSerializer
120378	0x78cbaf0	8	HasNetSharedSerialization
120388	0x78cbb2c	80	Copy
120405	0x78cc708	4	EmptyLinkFunctionForGeneratedCodeSynthKnob
120416	0x78cc7a4	76	Z_Construct_UDelegateFunction_Synthesis_OnControllerCaptureBeginEvent__DelegateSignature
120435	0x78cc7f0	76	Z_Construct_UDelegateFunction_Synthesis_OnMouseCaptureEndEvent__DelegateSignature
120454	0x78cccc8	12	NewProp_InValue_SetBit
120465	0x78ccd6c	76	Z_Construct_UFunction_USynthKnob_SetValue
120482	0x78cd074	120	USynthKnob
120512	0x78cd488	76	Z_Construct_UEnum_Synthesis_ESynthSlateSizeType
120529	0x78cd724	8	HasStructuredSerializer
120539	0x78cd748	8	HasNetSerializer
120549	0x78cd770	8	HasPostScriptConstruct
120559	0x78cd7e4	12	Identical
120575	0x78cd844	8	HasGetTypeHash
120585	0x78cd89c	8	ConstructForTests
120598	0x78cd92c	36	Copy
120623	0x78cde3c	16	operator.new
120639	0x78cdf1c	20	operator.delete[]
120650	0x78ce140	48	FUN_078ce140
120666	0x78ceaa4	16	CalculateMaxPresentTime
120677	0x78cead8	44	CalculateNearestVsTime
120702	0x78cefa0	44	FUN_078cefa0
120713	0x78d2440	44	FUN_078d2440
120724	0x78d2574	44	FUN_078d2574
120735	0x78d267c	44	FUN_078d267c
120744	0x78d27b0	44	FUN_078d27b0
120754	0x78d28b8	44	FUN_078d28b8
120764	0x78d29ec	44	FUN_078d29ec
120774	0x78d2b20	44	FUN_078d2b20
120784	0x78d2cac	44	FUN_078d2cac
120794	0x78d2db4	44	FUN_078d2db4
120804	0x78d2f14	44	FUN_078d2f14
120815	0x78d30a0	44	FUN_078d30a0
120825	0x78d31d4	44	FUN_078d31d4
120835	0x78d3334	44	FUN_078d3334
120845	0x78d34ec	44	FUN_078d34ec
120854	0x78d3678	44	FUN_078d3678
120864	0x78d3804	44	FUN_078d3804
120874	0x78d3964	44	FUN_078d3964
120884	0x78d3c24	1996	FreeVulkanLibrary
121060	0x78db7ac	172	BeginUniformUpdateBarrier
121092	0x78dbce0	328	AcquirePoolSetAndDescriptorsIfNeeded
121166	0x78dc50c	116	WaitForCmdBuffer
121186	0x78dcb0c	116	RefreshFenceStatus
121216	0x78dcec8	192	FreeUnusedCmdBuffers
121253	0x78dd488	32	RHISetUAVParameter
121274	0x78dd7f4	724	RHISetShaderTexture
121390	0x78df114	408	RHIClearMRT
121524	0x78dfd10	112	ReleaseDeferredContext
121545	0x78dfe70	44	FUN_078dfe70
121557	0x78e13b0	40	FUN_078e13b0
121566	0x78e1438	36	FUN_078e1438
121575	0x78e14a8	40	FUN_078e14a8
121584	0x78e285c	308	IsBufferFormatSupported
121644	0x78e3b9c	92	FUN_078e3b9c
121656	0x78e3cc8	40	FUN_078e3cc8
121665	0x78e49ec	72	NotifyDeletedImage
121684	0x78e4b48	100	NotifyDeletedComputePipeline
121709	0x78e4c3c	184	CreatePSOBinaryCacheFilename
121753	0x78e5b04	116	FVulkanIndexBuffer
121780	0x78e5cc0	368	RHICreateIndexBuffer
121852	0x78e63d8	156	~FVulkanIndexBuffer
121882	0x78e6c64	792	Rehash
122091	0x78e85b0	32	operator()
122113	0x78e8874	44	FUN_078e8874
122123	0x78e8bd8	296	Remove
122199	0x78e8eb0	48	CloneToEmptyStorage
122215	0x78e8f04	48	CloneToEmptyStorage
122231	0x78e93f8	180	ResizeGrow
122277	0x78e9908	292	ResizeTo
122346	0x78ea370	480	EmplaceImpl
122456	0x78eb3b0	144	ResizeGrow
122499	0x78eb7bc	168	ResizeGrow
122542	0x78ec29c	136	ResizeTo
122585	0x78ec628	144	ResizeGrow
122628	0x78ecac8	144	ResizeGrow
122671	0x78ed558	344	ConditionalRehash
122770	0x78f04e4	352	FUN_078f04e4
122833	0x78f1144	36	FUN_078f1144
122842	0x78f263c	40	FUN_078f263c
122852	0x78f31d8	36	FUN_078f31d8
122864	0x78f31fc	4	SetupValidationRequests
122874	0x78f3200	12	FVulkanTrackInfo
122886	0x78f320c	320	VulkanTrackGetString
122934	0x78f3650	636	UpdateMemoryProperties
123022	0x78f4040	44	FUN_078f4040
123033	0x78f4090	36	FUN_078f4090
123044	0x78f40b4	36	FUN_078f40b4
123055	0x78f4100	36	FUN_078f4100
123066	0x78f4148	28	GetEvictedMemoryProperties
123077	0x78f4594	1028	DumpMemory
123279	0x78f6fdc	280	FreeInternal
123341	0x78f76d8	52	FUN_078f76d8
123352	0x78f7768	84	FUN_078f7768
123364	0x78f795c	56	Unmap
123376	0x78f7994	152	FlushMappedMemory
123418	0x78f7c80	156	AppendAndTryToMerge
123454	0x78f7da0	4	SanityCheck
123464	0x78f7da4	252	Add
123516	0x78f8428	196	ReleasePage
123553	0x78f89f4	172	EvictToHost
123584	0x78f8b4c	8	GetIsDefragging
123596	0x78f984c	112	CanDefrag
123623	0x78f98bc	52	FUN_078f98bc
123634	0x78f98f0	740	DefragTick
123763	0x78fa568	956	AllocateResource
123929	0x78fb680	708	ReleaseFreedResources
124062	0x78fc410	336	EnqueueResourceAllocation
124131	0x78fc7d8	348	~FVulkanSubresourceAllocator
124192	0x78fdb58	60	FUN_078fdb58
124204	0x78fdb94	2724	AllocateBufferMemory
124914	0x79071fc	252	GetKey
124964	0x790788c	140	~FVulkanComputePipeline
124994	0x7907918	248	~FVulkanRHIGraphicsPipelineState
125044	0x79087ec	544	DestroyCache
125171	0x79097f4	40	FUN_079097f4
125183	0x7909fc8	156	OnShaderPipelineCachePrecompilationComplete
125228	0x790a66c	44	FUN_0790a66c
125240	0x790a6c4	44	FUN_0790a6c4
125251	0x790a900	228	Save
125295	0x790a9e4	48	FUN_0790a9e4
125307	0x790aa14	48	FUN_0790aa14
125319	0x790aa44	712	operator<<
125410	0x790aef4	28	ReadFrom
125425	0x790af10	28	WriteInto
125440	0x790af2c	340	operator<<
125493	0x790b278	36	ReadFrom
125509	0x790b29c	64	WriteInto
125534	0x790b2dc	388	operator<<
125589	0x790b51c	156	WriteInto
125620	0x790bccc	20	ReadFrom
125634	0x790bce0	20	WriteInto
125648	0x790bcf4	248	operator<<
125687	0x790c188	368	ReadFrom
125752	0x790c500	548	WriteInto
125846	0x790ce34	468	operator<<
125936	0x790d2fc	468	operator<<
126026	0x790d8e4	468	operator<<
126116	0x790e6a8	36	FUN_0790e6a8
126126	0x790e6cc	36	FUN_0790e6cc
126135	0x790e6f0	40	FUN_0790e6f0
126145	0x790e718	80	RebuildCache
126162	0x790e768	208	FVulkanShaderHashes
126223	0x790f074	44	GetVulkanShaders
126245	0x790f0a0	272	~FUniformBufferGatherInfo
126304	0x790f1b0	320	FVulkanRHIGraphicsPipelineState
126378	0x790f570	408	LRURemove
126459	0x790f708	120	DeleteVkPipeline
126488	0x790f780	1764	RHICreateGraphicsPipelineState
126859	0x7917e70	480	RHIEndRenderPass
126954	0x7918a64	2284	FVulkanRenderTargetLayout
127362	0x791c7a0	120	ResizeForCopy
127399	0x791c91c	120	ResizeForCopy
127436	0x791ca84	120	ResizeForCopy
127472	0x791cc64	192	~FVulkanCommonPipelineDescriptorState
127524	0x791d12c	144	ResizeGrow
127567	0x791d2f8	168	ResizeGrow
127611	0x791d794	176	ResizeGrow
127654	0x791d964	292	EmplaceByHash<TKeyInitializer<VulkanRHI::FDeviceMemoryBlockKey_const&>>
127732	0x791e280	152	ResizeShrink
127772	0x791e510	152	ResizeShrink
127812	0x791e6c8	144	ResizeGrow
127855	0x791ea60	144	FUN_0791ea60
127894	0x791ed28	144	ResizeGrow
127937	0x791ef9c	540	UnhashElements
128107	0x79203c4	316	Emplace<TPairInitializer<FVulkanDSetsKey&&,FVulkanDescriptorSetCache::FSetsEntry&&>>
128196	0x7920b5c	384	Emplace<TPairInitializer<FVulkanRHIGraphicsPipelineState*const&,FVulkanGraphicsPipelineDescriptorState*const&>>
128282	0x7921394	8	SetListSize
128295	0x792139c	272	Emplace<TPairInitializer<unsigned_int&&,FVulkanPipelineSize_const&>>
128371	0x7921bb4	4	~TCommonDelegateInstanceState
128391	0x7921bc4	8	GetObjectForTimerManager
128407	0x7921bd4	16	HasSameObject
128422	0x7921c98	28	Execute
128449	0x7921e00	144	ResizeGrow
128494	0x79221fc	136	ResizeTo
128539	0x7922a1c	368	FindId
128620	0x7923490	364	FindIdByHash<FVulkanDescriptorSetsLayoutInfo>
128698	0x7924634	288	EmplaceByHash<TKeyInitializer<unsigned_long_long_const&>>
128766	0x792492c	344	ConditionalRehash
128865	0x792536c	144	ResizeGrow
128908	0x7926b10	344	CreateRHI
128966	0x7928580	48	EmptyCache
128982	0x7928f0c	40	FUN_07928f0c
128991	0x792a270	2152	SelectAndInitDevice
129482	0x7939028	8	RHIFinalizeAsyncReallocateTexture2D
129493	0x7939030	8	RHICancelAsyncReallocateTexture2D
129504	0x7939038	592	RHILockTexture2D
129625	0x7939760	612	RHILockTexture2DArray
129746	0x793a4c0	1056	FVulkanTextureBase
129954	0x793bbfc	52	~FVulkanTexture2D
129966	0x793bc30	48	~FVulkanTexture2D
129978	0x793bd08	328	FVulkanTexture2DArray
130055	0x793c71c	48	~FVulkanTexture3D
130067	0x793c978	396	RHICreateTextureCubeArray
130154	0x793dfe8	104	FVulkanShaderResourceView
130196	0x793e050	264	~FVulkanShaderResourceView
130251	0x793ebec	100	FVulkanUnorderedAccessView
130297	0x793ed68	348	operator=
130394	0x793f668	976	UpdateView
130576	0x7941e84	288	FVulkanUniformBufferUploader
130630	0x7942ad0	440	StartFrame
130716	0x79433a4	52	Swap
130737	0x7943514	4	RHICopyVertexBuffer
130747	0x79437a8	712	RHICreateVertexDeclaration
130880	0x79462b8	112	Destroy
130904	0x7946a94	40	GetPixelFormatForNonDefaultSwapchain
130923	0x7946ad0	36	FUN_07946ad0
130935	0x79471b0	1044	RHIResizeViewport
131125	0x7948b30	12	RHICreateShaderResourceView_RenderThread
131139	0x7948bec	388	RHICreateTextureCube_RenderThread
131226	0x7949394	4	RHICalibrateTimers
131236	0x79493ac	4	RHIEndUpdateMultiFrameResource
131246	0x79493c8	4	RHIRayTraceIntersection
131259	0x79493e8	8	GetRHIResource
131269	0x7949428	8	GetNativeShaderResourceView
131279	0x794945c	24	AddRef
131302	0x7949794	12	GetRefCount
131312	0x79497e8	12	GetSizeXYZ
131326	0x794998c	24	AddRef
131349	0x7949a28	8	GetNativeWindow
131359	0x7949c44	24	GetInitializer
131376	0x7949ce0	8	GetTexture2D
131386	0x7949cf8	8	GetNativeResource
131396	0x7949d1c	24	AddRef
131419	0x7949f58	8	Release
131430	0x7949f60	12	GetRefCount
131440	0x794a16c	8	GetPatchingFrameNumber
131451	0x794a1d8	48	~FVulkanVertexBuffer
131463	0x794a244	112	GetInitializer
131489	0x794b1a4	784	operator<<
131630	0x794c78c	136	ResizeTo
131673	0x794ce14	144	ResizeGrow
131716	0x794d1b0	4	StoreDebugInfo
131728	0x794d1c8	4	~FRHITexture
131742	0x794d390	480	EmplaceImpl
131858	0x794e738	8	GetTiming
131868	0x794e744	4	StopTiming
131878	0x794e9f0	328	FVulkanEventNode
131951	0x794ff98	144	ResizeGrow
131994	0x79508f8	92	FUN_079508f8
132026	0x7950bb4	92	FUN_07950bb4
132058	0x79515b8	480	EmplaceImpl
132168	0x79524a8	24	AddRef
132194	0x79525f8	12	GetRefCount
132207	0x7952670	8	Release
132221	0x7952684	52	~TVulkanBaseShader
132236	0x79528a8	8	Release
132250	0x7952930	312	Release
132332	0x7953ef4	144	ResizeGrow
132375	0x7954a00	344	ConditionalRehash
132473	0x7956394	196	Call
132526	0x7957c84	196	Call
132579	0x79589c0	1408	ClearUAVShader_T<(EClearReplacementResourceType)3,(EClearReplacementValueType)0,4u,false>
132819	0x795b394	488	FUN_0795b394
132938	0x79628f4	12	LZ4_resetStream
132949	0x7962900	184	LZ4_resetStream_fast
132987	0x7967244	104	LZ4_saveDict
133012	0x7967e44	1276	LZ4_decompress_fast
133345	0x7969130	12	LZ4_createStreamDecode
133356	0x7969158	32	LZ4_setStreamDecode
133370	0x79691a0	2224	LZ4_decompress_safe_continue
133846	0x796c170	364	CallMethod<_jobject*>
133914	0x796caac	400	GetThreadName
133968	0x796e538	1592	FUN_0796e538
134176	0x7970ac8	120	GetBytesFromStatusLine
134206	0x7971834	84	FUN_07971834
134219	0x7971888	84	FUN_07971888
134232	0x7971bdc	84	FUN_07971bdc
134245	0x7971c30	100	GetVirtualSizeAlignment
134263	0x7971cf8	416	AllocateVirtual
134320	0x797201c	44	FUN_0797201c
134329	0x79720a4	4	LocalPrint
134339	0x79720e0	60	Java_com_epicgames_ue4_HeadsetReceiver_stateChanged
134350	0x797217c	348	Java_com_epicgames_ue4_BatteryReceiver_dispatchEvent
134425	0x79740e4	12	PlatformHandleSplashScreen
134439	0x79740f0	8	GetEnvironmentVariable
134450	0x79740f8	8	GetEnvironmentVariable
134464	0x79741b8	5052	MessageBoxExt
135201	0x798cb58	4	LZ4_decompress_fast_withPrefix64k
135534	0x798e1ec	1972	LZ4_decompress_fast_continue
135976	0x7991fc0	576	FileRootPath
136111	0x79931e8	144	~FFileHandleAndroid
136159	0x7993428	80	Flush
136180	0x7993504	8	Size
136190	0x799350c	88	DestroyObject
136221	0x7993e80	164	DestroyObject
136282	0x7994088	508	Compact
136431	0x7994ccc	1484	PathToAndroidPaths
136701	0x7998740	248	DeleteDirectory
136765	0x79997ac	652	Directory
136924	0x799a3f8	100	FileExists
136948	0x799a56c	180	FileRootPath
136980	0x799a8f8	40	FUN_0799a8f8
136990	0x799ac48	320	Init
137043	0x799ba58	24	FUN_0799ba58
137057	0x799ba78	8	FUN_0799ba78
137065	0x799ba90	40	SetThreadPriority
137082	0x799bc3c	400	CreateInternal
137155	0x799c8ac	60	FUN_0799c8ac
137167	0x799d01c	36	~FTaskGraphImplementation
137179	0x799d0f0	28	AttachToThread
137195	0x799d14c	32	RequestReturn
137209	0x799d648	144	AddShutdownCallback
137244	0x799d764	4	Exit
137254	0x799d7d8	104	~FTaskThreadAnyThread
137275	0x799dad8	4	~FTaskThreadBase
137289	0x799dc58	108	~FNamedTaskThread
137311	0x799dff0	108	~FNamedTaskThread
137333	0x799e8c4	104	~TGraphTask
137369	0x799ec7c	136	ResizeTo
137412	0x799efb8	8	HasSameObject
137424	0x799f06c	12	Execute
137439	0x799f270	92	~TGraphTask
137474	0x799fc0c	4	CheckCallable
137487	0x799fc10	136	ResizeTo
137530	0x79a034c	6116	_INIT_443
138255	0x7a91398	176	BuildInvariantDisplayString
138317	0x7a91a80	272	WriteToBuffer
138394	0x7a91fb0	876	Serialize
138601	0x7a94ee0	72	GetTableId
138621	0x7a95150	8	IdenticalTo
138631	0x7a95158	28	BuildLocalizedDisplayString
138652	0x7a95190	1412	Serialize
139012	0x7a9e938	308	Emplace<TPairInitializer<FString&,FICUInternationalization::FICUCachedFileData&&>>
139087	0x7a9fd34	4	~TReferenceControllerWithDeleter
139105	0x7a9ff3c	576	EmplaceImpl
139250	0x7aa13b8	136	ResizeTo
139293	0x7aa16c0	16	GetUnrealLegacyThreeLetterISOLanguageName
139308	0x7aa1720	16	GetScript
139321	0x7aa1c20	288	AddUninitialized
139397	0x7aa2e18	432	Emplace<TPairInitializer<FString_const&,TSharedRef<FManifestEntry,(ESPMode)1>const&>>
139512	0x7aa4c78	516	Remove
139628	0x7aa7370	376	FindOrAddImpl<ELocalizedTextSourceCategory>
139740	0x7aa88c8	792	Rehash
139950	0x7aaacc0	312	FindId
140044	0x7aac1c0	604	EmplaceImpl
140178	0x7aadabc	424	Remove
140287	0x7aae24c	244	operator.cast.to.TTuple
140355	0x7aaf0f8	8	OwnsLocalizedString
140365	0x7aaf108	36	GetLocalizedString
140396	0x7aaf150	232	GetLocalHistoryRevision
140476	0x7aafb64	4	~TIntrusiveReferenceController
140491	0x7aafc8c	284	~TGeneratedTextData
140577	0x7ab0b00	8	GetTextHistory
140588	0x7ab0b08	8	GetMutableTextHistory
140599	0x7ab0de0	4	~TTextData
140613	0x7ab0fc4	4	~TIntrusiveReferenceController
140628	0x7ab1098	8	GetMutableLocalizedString
140640	0x7ab10a8	8	GetMutableTextHistory
140651	0x7ab1510	4	~TTextData
140666	0x7ab16d0	68	~TGeneratedTextData
140685	0x7ab1a88	4	~TTextData
140700	0x7ab1a98	308	~TGeneratedTextData
140792	0x7ab2a70	36	GetLocalizedString
140823	0x7ab2ab8	232	GetLocalHistoryRevision
140904	0x7ab3614	8	GetDisplayString
140916	0x7ab3658	4	PersistText
140926	0x7ab365c	272	DestroyObject
141013	0x7ab42e8	148	DestroyObject
141068	0x7ab4f80	344	ConditionalRehash
141166	0x7ab6710	24	DestroyObject
141188	0x7ab6728	4	~TReferenceControllerWithDeleter
141206	0x7ab67a0	24	DestroyObject
141228	0x7ab67bc	24	DestroyObject
141250	0x7ab6814	12	MoveAssign
141268	0x7ab69b8	136	~FInlineDataStorage
141321	0x7ab6f20	4	~FInlineDataStorage
141334	0x7ab7030	4	~TReferenceControllerWithDeleter
141351	0x7ab7270	40	FUN_07ab7270
141362	0x7ab72e4	8	FUN_07ab72e4
141370	0x7ab7348	4	FUN_07ab7348
141382	0x7ab7384	12	FUN_07ab7384
141393	0x7ab78bc	344	ConditionalRehash
141494	0x7ab85e4	68	~TGeneratedTextData
141513	0x7ab9138	288	AddUninitialized
141590	0x7ab9dcc	4	CheckCallable
141603	0x7ab9dd0	544	FUN_07ab9dd0
141676	0x7abbd20	152	ResizeShrink
141716	0x7abc0d4	4	~TIntrusiveReferenceController
141733	0x7abc364	1648	_INIT_448
141931	0x7ac8be0	100	~BufCore
141968	0x7ac8df8	424	ReleaseMemory
142148	0x7acbbd4	68	~FIoDispatcher
142163	0x7acc074	320	GetSizeForChunk
142261	0x7acc53c	212	~FIoBatch
142330	0x7acce74	20	FIoRequest
142343	0x7accf84	16	operator=
142355	0x7acd094	592	GetResult
142632	0x7ad8848	68	~FLogScopedVerbosityOverride
142663	0x7ad89a4	108	~TDelegate
142698	0x7ad9188	128	Message
142738	0x7ad975c	124	Error
142778	0x7ad9a48	316	Open
142855	0x7adae58	12	SetIdentifier
142867	0x7adae64	256	SetMessageLink
142967	0x7adb65c	760	FAssetNameToken
143162	0x7addcb8	248	ConsumeSymbol<ExpressionParser::FMinusEquals>
143213	0x7ade380	248	ConsumeSymbol<ExpressionParser::FPercent>
143264	0x7adf52c	440	TransformBy
143360	0x7adff4c	76	FLinearColor
143377	0x7ae03e0	304	ToRGBE
143437	0x7ae115c	772	LerpUsingHSV
143578	0x7ae25a8	2860	CreateColorMap
143703	0x7ae8f1c	260	~FIoStoreWriteQueueEntry
143811	0x7ae9780	144	ResizeGrow
143854	0x7ae9930	472	EmplaceImpl
143963	0x7aea63c	168	ResizeGrow
144006	0x7aeab90	344	ConditionalRehash
144104	0x7aeb6e4	48	CloneToEmptyStorage
144128	0x7aeb730	400	operator()
144212	0x7aebe30	36	FUN_07aebe30
144238	0x7aebf70	272	Call
144322	0x7aed1b0	76	~FThreadBuffers
144341	0x7aed4cc	8	AddMessage
144353	0x7aed534	820	NewPage
144577	0x7af0520	256	FindId
144630	0x7af0c98	584	EmplaceImpl
144787	0x7af2560	288	AddUninitialized
144863	0x7af313c	660	EmplaceImpl
145013	0x7af4a34	696	Rehash
145213	0x7af6988	188	~FFileIoStoreContainerFile
145265	0x7af6ad4	96	~TGraphTask
145301	0x7af7064	252	ResizeGrow
145374	0x7af7da4	5140	Exec
146479	0x7b18184	40	FUN_07b18184
146488	0x7b181ac	40	FUN_07b181ac
146497	0x7b18224	44	FUN_07b18224
146506	0x7b18278	40	FUN_07b18278
146515	0x7b182c8	44	FUN_07b182c8
146524	0x7b18344	40	FUN_07b18344
146533	0x7b1836c	404	MapPreUnary<ExpressionParser::FPlus,FUnitExpressionParser::FUnitExpressionParser(EUnit)::{lambda(FNumericUnit<double>const&)#1}>
146614	0x7b18694	552	MapBinary<ExpressionParser::FPlus,FUnitExpressionParser::FUnitExpressionParser(EUnit)::{lambda(FNumericUnit<double>const&,FNumericUnit<double>const&)#1}>
146705	0x7b18f34	12	Destroy
146723	0x7b18f44	4	~TFunction_OwnedObject
146743	0x7b191c0	4	~FInlineDataStorage
146756	0x7b191e8	116	MoveAssign
146788	0x7b19448	312	Emplace<TPairInitializer<FGuid_const&,FOpParameters&&>>
146866	0x7b199d8	8	FUN_07b199d8
146874	0x7b199f0	4	FUN_07b199f0
146886	0x7b19b3c	460	FUN_07b19b3c
146957	0x7b1b494	40	FUN_07b1b494
146968	0x7b1b4bc	8	FUN_07b1b4bc
146976	0x7b1b4c4	12	FUN_07b1b4c4
146987	0x7b1b4d4	4	FUN_07b1b4d4
146999	0x7b1b4d8	580	operator()
147160	0x7b1d150	8	IsEnsuring
147170	0x7b1d158	16	GetNumEnsureFailures
147180	0x7b1d4a0	60	Get
147194	0x7b1db24	220	LowLevelFatalErrorHandler
147241	0x7b1dfcc	112	Get
147260	0x7b1e158	24	~FAsyncTaskNotification
147276	0x7b1e170	16	FAsyncTaskNotification
147290	0x7b1e180	76	operator=
147308	0x7b1e1cc	20	SetTitleText
147322	0x7b1e1e0	16	SetProgressText
147335	0x7b1e1f0	16	SetPromptText
147348	0x7b1e200	16	SetHyperlink
147362	0x7b1e210	20	SetComplete
147375	0x7b1e224	20	SetComplete
147390	0x7b1e248	16	SetCanCancel
147403	0x7b1e268	16	SetKeepOpenOnFailure
147416	0x7b1e288	580	GetAutomationLogLevel
147534	0x7b1ef80	136	RegisterAutomationTest
147571	0x7b1f0b4	92	EnqueueNetworkCommand
147610	0x7b1f6f0	1848	GetValidTestNames
147948	0x7b2411c	24	~FAutomationTestMessageFilter
147963	0x7b24134	24	~FAutomationTestOutputDevice
147977	0x7b2414c	420	ToString
148048	0x7b250b8	204	AddWarning
148102	0x7b254d4	28	AddErrorIfFalse
148120	0x7b254f0	4	AddErrorS
148227	0x7b255e0	212	AddInfo
148280	0x7b25c14	36	FUN_07b25c14
148292	0x7b25c48	384	operator=
148409	0x7b26768	372	TestEqual
148476	0x7b26fec	1124	Decode
148796	0x7b2c2b4	116	PrintToLog
148822	0x7b2c3e0	16	IsInitialized
148832	0x7b2c458	60	GetForLogging
148846	0x7b2c538	104	FUN_07b2c538
148859	0x7b2ccc4	28	GetSubprocessCommandline
148870	0x7b2d85c	148	~TMapBase
148907	0x7b2dad0	48	FUN_07b2dad0
148919	0x7b2dcb0	36	FUN_07b2dcb0
148931	0x7b2dd04	424	appUncompressMemoryStreamZLIB
149008	0x7b2ecdc	80	FUN_07b2ecdc
149020	0x7b2ed2c	376	UncompressMemoryStream
149069	0x7b2f3e8	12	VerifyCompressionFlagsValid
149079	0x7b2f3f4	752	ExpandValue
149258	0x7b31580	156	AddDynamicLayer
149292	0x7b31ee0	244	FindOrAddSection
149375	0x7b336c4	1636	ProcessInputFileContents
149815	0x7b3aa88	76	FindConfigFile
149842	0x7b3ad64	432	FindConfigFileWithBaseName
149949	0x7b3b628	1216	Parse1ToNSectionOfStrings
150208	0x7b3e8f4	1952	Dump
150587	0x7b43d20	36	FUN_07b43d20
150596	0x7b46498	400	LoadLocalIniFile
150673	0x7b47578	1880	FUN_07b47578
151104	0x7b4aafc	8	MigrateToAgnosticIni
151115	0x7b4ab04	468	RenameIni
151210	0x7b4b060	1580	MigrateConfigSection
151547	0x7b4cd54	120	~FAsyncTaskNotificationFactory
151584	0x7b4d070	172	~TArray
151633	0x7b4d2d4	124	GetErrorOutputDeviceDelegate
151653	0x7b4d530	108	~TDelegate
151688	0x7b4d750	124	GetRegisterEncryptionKeyMulticastDelegate
151708	0x7b4d9f0	108	~TDelegate
151741	0x7b4dd78	356	RegisterEncryptionKeyCallback
151794	0x7b4e338	8	FUN_07b4e338
151802	0x7b4e344	16	GetEmitDrawEvents
151813	0x7b4e38c	40	EnableEmitDrawEventsOnlyOnCommandlist
151829	0x7b4e41c	44	~FScopedBootTiming
151843	0x7b4e578	120	GetExecRegistry
151863	0x7b4e91c	104	FUN_07b4e91c
151876	0x7b4eaa4	124	TearDownCoreTicker
151901	0x7b4f15c	152	FBoolConfigValueHelper
151943	0x7b4f4e8	200	HandleException
152003	0x7b4f93c	324	MemCrc_DEPRECATED
152071	0x7b503b4	172	~TTupleBase
152122	0x7b50918	7128	_INIT_451
152983	0x7cde200	64	FBulkDataBase
153005	0x7cde5fc	12	IsDataMemoryMapped
153015	0x7cde608	40	CreateChunkId
153037	0x7cde7bc	204	MemoryMapBulkData
153078	0x7cdf400	328	FUN_07cdf400
153128	0x7cdf9f4	12	IsSingleUse
153138	0x7cdfa10	64	Realloc
153156	0x7cdfcc8	36	FUN_07cdfcc8
153168	0x7cdfebc	16	ClearRuntimeBulkDataFlags
153179	0x7cdfff4	12	IsStoredCompressedOnDisk
153189	0x7ce0184	156	GetFilename
153226	0x7ce0748	88	StealFileMapping
153251	0x7ce0d44	32	FUN_07ce0d44
153263	0x7ce0d88	792	InternalLoadFromFileSystem
153397	0x7ce307c	64	FUN_07ce307c
153410	0x7ce337c	148	operator<<
153440	0x7ce3d90	400	operator<<
153516	0x7ce4c10	116	operator<<
153544	0x7ce4ed4	16	operator<<
153557	0x7ce4ee4	44	operator<<
153568	0x7ce54c4	328	FObjectAndGatherFlags
153616	0x7ce74e4	544	GatherLocalizationDataFromStructFields
153733	0x7ce8760	92	~TMapBase
153764	0x7ce8d6c	1020	GetReferencerInternal
153967	0x7ceb024	4	StaticClass
154075	0x7cec318	424	CollectPropertyReferencedObjects
154162	0x7cedfc8	84	FUN_07cedfc8
154175	0x7ceec38	84	FUN_07ceec38
154188	0x7ceecbc	84	FUN_07ceecbc
154201	0x7ceed48	80	DestroyChildPropertiesAndResetPropertyLinks
154226	0x7ceeda8	36	~UStruct
154238	0x7cef84c	484	operator<<
154325	0x7ceff60	112	GetAuthoredNameForField
154355	0x7cf1b68	472	FUN_07cf1b68
154432	0x7cf21f4	56	Z_Construct_UClass_UStruct
154447	0x7cf233c	4	StaticClass
154555	0x7cf350c	40	FUN_07cf350c
154564	0x7cf35d4	208	Serialize
154607	0x7cf4444	32	SetStructTrashed
154624	0x7cf4464	40	FUN_07cf4464
154633	0x7cf448c	40	FUN_07cf448c
154642	0x7cf44b4	40	FUN_07cf44b4
154652	0x7cf47ac	768	CopyScriptStruct
154799	0x7cf4ff0	520	GetPrivateStaticClass
154900	0x7cf5fcc	144	GetDefaultPropertiesFeedbackContext
154920	0x7cf61c4	148	TagSubobjects
154951	0x7cf63e4	60	FUN_07cf63e4
154962	0x7cf64e0	88	GetDescription
154982	0x7cf65a4	60	PostLoad
154999	0x7cf6638	4	GetAssetRegistryTags
155291	0x7cf95a8	620	UClass
155432	0x7cfa05c	724	GetConfigName
155560	0x7cfab18	132	InitializeDerivedMembers
155607	0x7cfab9c	152	Invoke
155632	0x7cfafb8	68	PostLoad
155649	0x7cfb3b8	172	Link
155697	0x7cfb924	476	TheSameLayout
155780	0x7cfc11c	288	Get
155815	0x7cfc59c	288	Get
155850	0x7cfcc5c	288	Get
155885	0x7cfd43c	288	Get
155920	0x7cfde5c	636	GetPrivateStaticClass
156029	0x7cff278	332	AddReferencedObjects
156065	0x7cff67c	832	FindFieldChecked<FStructProperty>
156233	0x7d01e7c	244	Emplace<FName_const&,FEDLBootWaitingPackage_const&>
156297	0x7d0299c	540	UnhashElements
156467	0x7d03840	36	~FBulkDataIoDispatcherRequest
156480	0x7d03940	32	GetSize
156494	0x7d03ad0	48	CloneToEmptyStorage
156512	0x7d03b14	4	~TFunction_CopyableOwnedObject
156529	0x7d03d70	68	SizeRequest
156544	0x7d043cc	224	~FReadChunkIdRequest
156587	0x7d04744	1040	IntroSortInternal<UObject*,int,FIdentityFunctor,TLess<void>>
156827	0x7d0854c	8	IsIgnoringArchetypeRef
156837	0x7d0855c	284	HandleObjectReference
156890	0x7d092ec	552	FUN_07d092ec
157017	0x7d09e0c	44	FUN_07d09e0c
157027	0x7d0a1d4	8	CallWriteMemoryImage
157041	0x7d0a210	4	CallAppendHash
157159	0x7d0a79c	144	ResizeGrow
157204	0x7d0b524	288	AddUninitialized
157280	0x7d0bc10	484	EmplaceImpl
157396	0x7d0d670	540	UnhashElements
157566	0x7d0eb80	792	Rehash
157780	0x7d10a7c	4	Register
157888	0x7d1301c	276	FStaticallyLinkedModuleRegistrant
157937	0x7d139ac	588	RetrieveObjectInstances
158077	0x7d15654	904	CountBytes
158241	0x7d164d4	4	operator<<
158268	0x7d1670c	164	NetSerializeStruct
158336	0x7d17728	160	NormalizeNewName
158363	0x7d177c8	496	ParseValueChanges
158480	0x7d19c8c	1660	AddRedirectList
158762	0x7d68960	304	RenameNamesAfterDuplication
158833	0x7d68ce8	36	BeginDestroy
158845	0x7d68d0c	368	RemoveNamesFromMasterList
158909	0x7d69214	272	GetIndexByName
158964	0x7d6a088	636	GenerateEnumPrefix
159098	0x7d6aabc	44	FUN_07d6aabc
159109	0x7d6ab14	72	GetValueByNameString
159125	0x7d6ade4	744	SetEnums
159301	0x7d6c0dc	516	GetMaxNetSerializeBits
159466	0x7d6c758	1916	ExportTextItem
159916	0x7d6f490	1108	ConvertIntToEnumProperty<unsigned_long_long>
160183	0x7d70dc4	104	IsRooted
160218	0x7d71088	476	GetPathName
160315	0x7d71968	264	FindFProperty<FField>
160369	0x7d72470	628	FUN_07d72470
160494	0x7d73338	676	ImportText_Internal
160644	0x7d74d0c	208	FGCScopeGuard
160686	0x7d755e0	260	GCLock
160761	0x7d76a58	796	GatherUnreachableObjects
160916	0x7d77f0c	44	FUN_07d77f0c
160927	0x7d77f48	16	ContainsObjectReference
160941	0x7d77fc0	16	ContainsObjectReference
160955	0x7d77fd0	620	ContainsObjectReference
161104	0x7d790cc	88	EmitStride
161122	0x7d79178	36	EmitReturn
161137	0x7d791bc	64	FUN_07d791bc
161150	0x7d798fc	324	EmitReferenceInfo
161206	0x7d79c38	208	EmitStructArrayBegin
161238	0x7d79e68	32	EmitFixedArrayEnd
161254	0x7d7a178	60	FUN_07d7a178
161267	0x7d7a59c	60	FUN_07d7a59c
161279	0x7d7a5d8	412	GetGlobalSingleton
161344	0x7d7afec	208	FUN_07d7afec
161381	0x7d7bda8	212	Find
161447	0x7d7c69c	40	FUN_07d7c69c
161456	0x7d7c7f8	8	FCompressedChunk
161468	0x7d7c800	432	operator<<
161535	0x7d7cd30	112	SerializeSearchableNamesMap
161560	0x7d7d930	196	Serialize
161591	0x7d7d9f4	480	operator<<
161681	0x7d7e200	4	AddReferencedObjects
161691	0x7d7e204	1048	GetImportPathName
161900	0x7d80154	6444	FUN_07d80154
163663	0x7db533c	40	FUN_07db533c
163673	0x7db5364	40	FUN_07db5364
163682	0x7db53b4	16	Tell
163695	0x7db53c4	40	FUN_07db53c4
163704	0x7db5428	8	Preload
163715	0x7db5534	324	WillTextureBeLoaded
163761	0x7db56a4	40	FUN_07db56a4
163772	0x7db56f8	40	FUN_07db56f8
163784	0x7db577c	40	FUN_07db577c
163794	0x7db57a4	44	FUN_07db57a4
163805	0x7db5890	80	FUN_07db5890
163817	0x7db58e0	12	GetTransientPackage
163828	0x7db58ec	44	FUN_07db58ec
163839	0x7db5918	252	IsImportNative
163895	0x7db5f48	68	FUN_07db5f48
163907	0x7db5f8c	40	FUN_07db5f8c
163916	0x7db6048	48	FUN_07db6048
163927	0x7db607c	36	FUN_07db607c
163936	0x7db6388	44	FUN_07db6388
163945	0x7db63b4	40	FUN_07db63b4
163954	0x7db63dc	40	FUN_07db63dc
163963	0x7db6404	56	FUN_07db6404
163973	0x7db643c	124	MarkScriptSerializationStart
163998	0x7db654c	124	MarkScriptSerializationEnd
164023	0x7db6724	140	GetArchetypeFromLoader
164060	0x7db6b8c	644	FindPreviousNamesForClass
164181	0x7db720c	204	OnNewFileAdded
164239	0x7db759c	136	AttachExternalReadDependency
164271	0x7db7abc	576	~FLinkerManager
164385	0x7db8a74	596	Append<TSizedDefaultAllocator<32>>
164523	0x7db9778	1568	ResolvePlaceholderValues
164824	0x7dbb654	8	IsMarkedResolved
164835	0x7dbb65c	796	ResolvePropertyReferences
165023	0x7dbbf90	188	StaticClass
165042	0x7dbc14c	64	Bind
165056	0x7dbc200	180	GetPrivateStaticClass
165076	0x7dbc338	212	Z_Construct_UClass_ULinkerPlaceholderExportObject
165105	0x7dbc5a4	188	GetPrivateStaticClass
165124	0x7dbc750	220	Z_Construct_UClass_ULinkerPlaceholderFunction
165152	0x7dbca0c	204	FLinkerSave
165199	0x7dbce1c	8	~FLinkerSave
165210	0x7dbce48	40	~FLinkerSave
165222	0x7dbcf10	888	MapObject
165380	0x7dbdb34	216	Z_Construct_UClass_UMetaData
165408	0x7dbdd34	4340	Serialize
166263	0x7dcd678	36	~FSubobjectReferenceFinder
166276	0x7dcd6ac	224	HandleObjectReference
166327	0x7dcdc90	168	DestroyObject
166376	0x7dcdf14	36	FUN_07dcdf14
166385	0x7dce108	456	Reserve
166507	0x7dce9e8	420	Append<TSizedDefaultAllocator<32>>
166621	0x7dcf338	428	EmplaceImpl
166711	0x7dcf7d0	344	ConditionalRehash
166809	0x7dcfc08	288	AddUninitialized
166884	0x7dd0224	716	Rehash
167083	0x7dd1204	688	Rehash
167272	0x7dd216c	8	FUN_07dd216c
167280	0x7dd2174	12	FUN_07dd2174
167291	0x7dd2188	136	ResizeTo
167334	0x7dd23d4	144	ResizeGrow
167377	0x7dd283c	80	Call
167406	0x7dd2944	144	ResizeGrow
167449	0x7dd2a6c	312	FindOrAddImpl<TWeakObjectPtr<UObject,FWeakObjectPtr>>
167528	0x7dd304c	672	operator=
167714	0x7dd403c	284	FindOrAddImpl<void*const&>
167783	0x7dd45a8	344	ConditionalRehash
167885	0x7dd4c34	540	UnhashElements
168059	0x7dd5650	536	UnhashElements
168218	0x7dd5d3c	12	ClassPackage
168228	0x7dd5d48	440	__VTableCtorCaller
168301	0x7dd6b58	776	operator<<
168471	0x7dd769c	856	FUN_07dd769c
168620	0x7dd8c34	72	FObjectMemoryAnalyzer
168641	0x7dd8c7c	92	FObjectMemoryAnalyzer
168662	0x7dd93ac	120	FObjectMemoryAnalyzer
168695	0x7dd99dc	764	CalculateSizeRecursive
168846	0x7dd9dfc	180	GetFlagsString
168889	0x7dda230	336	GetObjectMemoryUsage
168972	0x7dda640	1264	GetResults
169231	0x7ddca98	120	operator<<
169256	0x7ddcc48	156	SetDirtyFlag
169280	0x7ddcd9c	208	GetExternalPackages
169327	0x7ddd1a8	64	BeginDestroy
169348	0x7ddd1e8	4	ManuallyRelease
169365	0x7ddd1ec	8	IsPostLoadThreadSafe
169375	0x7ddd1f4	180	GetPrivateStaticClass
169393	0x7ddd2a8	4	StaticRegisterNativesUPackage
169403	0x7ddd2ac	88	InternalConstructor<UPackage>
169428	0x7ddd304	4	InternalVTableHelperCtorCaller<UPackage>
169463	0x7ddd3dc	48	FPackageFileSummary
169508	0x7ddd40c	6240	operator<<
170578	0x7df0c80	1060	ImportText_Internal
170811	0x7df39a4	320	GetCPPType
170885	0x7df43f8	48	SameType
170898	0x7df4428	68	AddReferencedObjects
170911	0x7df446c	296	Construct
170949	0x7df4950	36	GetID
170965	0x7df4a38	1832	Identical
171276	0x7df9654	360	ClearValueInternal
171361	0x7df9960	8	PassCPPArgsByRef
171371	0x7df9968	1128	InstanceSubobjects
171591	0x7dfba58	300	Serialize
171641	0x7dfbb84	152	BeginDestroy
171678	0x7dfbeb8	156	StaticClass
171698	0x7dfc08c	272	StaticClass
171726	0x7dfc33c	108	RemoveDelegate
171755	0x7dfc63c	104	GetInvocationList
171784	0x7dfcac4	236	ImportText_Internal
171851	0x7dfcc20	196	AddDelegate
171897	0x7dfcfc0	272	StaticClass
171925	0x7dfd5d0	8	GetCPPTypeForwardDeclaration
171939	0x7dfd5d8	40	GetValueTypeHashInternal
171954	0x7dfd7d4	156	StaticClass
171974	0x7dfd998	156	StaticClass
171994	0x7dfdbf8	296	Construct
172031	0x7dfe144	296	Construct
172068	0x7dfe698	44	FUN_07dfe698
172080	0x7dfe6c4	80	FUN_07dfe6c4
172092	0x7dfe73c	8	GetSignedIntPropertyValue
172102	0x7dfe754	8	GetNumericPropertyValueToString
172116	0x7dfe8ac	188	GetCPPTypeForwardDeclaration
172150	0x7dfef24	392	SerializeItem
172213	0x7dff540	4	InternalVTableHelperCtorCaller<UProperty>
172240	0x7dff6e4	72	UEnumProperty
172258	0x7dff810	96	AddReferencedObjects
172271	0x7dff92c	4	StaticRegisterNativesUEnumProperty
172281	0x7dff978	4	InternalVTableHelperCtorCaller<UEnumProperty>
172308	0x7dffcf4	188	GetPrivateStaticClass
172326	0x7dffe38	484	Construct
172375	0x7e005ac	240	SetBoolSize
172442	0x7e00bac	188	GetPrivateStaticClass
172460	0x7e00ce0	56	Z_Construct_UClass_UBoolProperty
172475	0x7e00eac	188	StaticClass
172493	0x7e0110c	4	InternalVTableHelperCtorCaller<UByteProperty>
172520	0x7e014c0	96	AddReferencedObjects
172533	0x7e015dc	4	StaticRegisterNativesUClassProperty
172543	0x7e015e0	72	InternalConstructor<UClassProperty>
172561	0x7e0162c	188	StaticClass
172580	0x7e01924	4	BeginDestroy
172616	0x7e01c50	188	StaticClass
172635	0x7e01fd0	188	GetPrivateStaticClass
172654	0x7e021d8	188	StaticClass
172673	0x7e02558	188	GetPrivateStaticClass
172691	0x7e028d8	4	StaticRegisterNativesUInt16Property
172701	0x7e028dc	72	InternalConstructor<UInt16Property>
172719	0x7e02928	252	Z_Construct_UClass_UInt16Property
172749	0x7e02da8	176	Serialize
172776	0x7e02fe0	40	Construct
172790	0x7e031c4	188	StaticClass
172809	0x7e03544	92	UMapProperty
172831	0x7e03704	4	StaticRegisterNativesUMapProperty
172841	0x7e03708	72	InternalConstructor<UMapProperty>
172859	0x7e03754	56	Z_Construct_UClass_UMapProperty
172874	0x7e03a88	4	BeginDestroy
172910	0x7e03e7c	188	GetPrivateStaticClass
172930	0x7e03f88	252	Z_Construct_UClass_UMulticastInlineDelegateProperty
172962	0x7e044c0	4	StaticRegisterNativesUNameProperty
172972	0x7e044c4	72	InternalConstructor<UNameProperty>
172990	0x7e0450c	4	InternalVTableHelperCtorCaller<UNameProperty>
173017	0x7e04a78	188	GetPrivateStaticClass
173036	0x7e04c80	92	USetProperty
173057	0x7e04d10	68	AddReferencedObjects
173069	0x7e04e14	72	InternalConstructor<USetProperty>
173087	0x7e04e98	484	Construct
173136	0x7e05838	188	GetPrivateStaticClass
173154	0x7e05c68	152	UStructProperty
173185	0x7e05dc8	68	AddReferencedObjects
173197	0x7e05ecc	72	InternalConstructor<UStructProperty>
173215	0x7e05f50	484	Construct
173264	0x7e06880	4	InternalVTableHelperCtorCaller<UUInt64Property>
173291	0x7e06c44	188	StaticClass
173311	0x7e0714c	4	StaticRegisterNativesUPropertyWrapper
173321	0x7e07188	260	InternalVTableHelperCtorCaller<UPropertyWrapper>
173346	0x7e077ec	192	StaticClass
173366	0x7e07d50	440	RangesContainSameAmountsOfVal
173445	0x7e086c0	216	Identical
173502	0x7e09b0c	68	AddReferencedObjects
173522	0x7e0a108	16	GetCPPTypeForwardDeclaration
173535	0x7e0a118	1512	ExportTextItem
173820	0x7e0c9f8	412	Serialize
173891	0x7e0cea4	48	ExportTextItem
173908	0x7e0cfd8	36	~FByteProperty
173920	0x7e0cffc	8	PassCPPArgsByRef
173930	0x7e0d05c	200	CopyValuesInternal
174015	0x7e0d254	88	GetCPPType
174037	0x7e0d718	8	ClearValueInternal
174050	0x7e0d758	8	GetMinAlignment
174060	0x7e0d760	8	IsFloatingPoint
174070	0x7e0d768	8	IsInteger
174080	0x7e0d770	12	SetIntPropertyValue
174093	0x7e0d794	40	SetNumericPropertyValueFromString
174109	0x7e0d81c	20	CanHoldUnsignedValueInternal
174121	0x7e0d878	8	SupportsNetSharedSerialization
174131	0x7e0d8c4	12	LoadObjectPropertyValue
174144	0x7e0d8d0	36	~FObjectProperty
174156	0x7e0da20	140	CopyValuesInternal
174218	0x7e0db8c	4	DestroyValueInternal
174228	0x7e0db90	68	InitializeValueInternal
174256	0x7e0dc34	24	LinkInternal
174268	0x7e0dd54	52	ClearValueInternal
174290	0x7e0de40	8	GetMinAlignment
174300	0x7e0de48	8	ContainsObjectReference
174313	0x7e0de50	36	~FInterfaceProperty
174325	0x7e0deb4	4	DestroyValueInternal
174335	0x7e0deb8	52	InitializeValueInternal
174361	0x7e0dfa0	56	Identical
174386	0x7e0e024	4	DestroyValueInternal
174396	0x7e0e028	56	InitializeValueInternal
174421	0x7e0e1ec	8	PassCPPArgsByRef
174431	0x7e0e1f4	32	LinkInternal
174443	0x7e0e214	56	CopyValuesInternal
174476	0x7e0e388	48	SetMulticastDelegate
174492	0x7e0e484	36	~FMulticastInlineDelegateProperty
174506	0x7e0e4cc	160	CopyValuesInternal
174551	0x7e0e750	52	InitializeValueInternal
174574	0x7e0e818	36	~UPackage
174586	0x7e0e83c	8	NeedsLoadForClient
174596	0x7e0e844	8	NeedsLoadForServer
174606	0x7e0e84c	8	IsDestructionThreadSafe
174616	0x7e0e854	8	IsAsset
174626	0x7e0e864	36	~UObjectRedirector
174638	0x7e0e8d8	36	~UBoolProperty
174650	0x7e0e98c	36	~UArrayProperty
174662	0x7e0e9b0	36	~UMapProperty
174674	0x7e0ea40	36	~UMulticastDelegateProperty
174687	0x7e0eb1c	148	~FUObjectAnnotationDense
174728	0x7e0ed74	312	RemoveAnnotationInternal
174808	0x7e0f470	48	~FReplaceObjectReferencesArchive
174823	0x7e0f4a0	88	GetArchiveName
174847	0x7e0f66c	12	HandleObjectReference
174862	0x7e0f678	84	HandleObjectReferences
174886	0x7e0f72c	8	IsIgnoringArchetypeRef
174899	0x7e0f734	8	IsIgnoringTransient
174912	0x7e0f73c	12	HandleObjectReference
174930	0x7e0f79c	480	GetNewObjectAndEventData
175038	0x7e1009c	20	Call
175058	0x7e100cc	304	FindPairIndex
175126	0x7e108b4	20	Call
175143	0x7e108c8	28	Call
175160	0x7e109d4	276	ConstructItem
175213	0x7e10f98	48	SetNumericPropertyValueFromString
175230	0x7e11020	552	TConvertAndSet
175343	0x7e12158	88	operator()
175365	0x7e123e4	88	operator()
175387	0x7e1243c	36	~FInt16Property
175399	0x7e124f0	528	ConvertFromType
175497	0x7e13098	552	TConvertAndSet
175610	0x7e13b34	8	GetCPPTypeForwardDeclaration
175624	0x7e13e50	40	Identical
175639	0x7e13ee8	140	CopyValuesInternal
175703	0x7e13fdc	8	SetIntPropertyValue
175716	0x7e14028	8	GetUnsignedIntPropertyValue
175727	0x7e14040	16	GetNumericPropertyValueToString
175740	0x7e1452c	88	operator()
175762	0x7e1480c	564	TConvertAndSet
175872	0x7e150dc	20	CanHoldDoubleValueInternal
175882	0x7e15388	564	TConvertAndSet
175993	0x7e15fbc	88	operator()
176015	0x7e164bc	88	operator()
176037	0x7e1673c	88	operator()
176059	0x7e16794	556	TConvertAndSet
176170	0x7e173a0	4	DestroyValueInternal
176180	0x7e173d8	8	GetMinAlignment
176190	0x7e173e8	8	IsInteger
176200	0x7e173f8	8	SetIntPropertyValue
176213	0x7e1740c	48	SetNumericPropertyValueFromString
176230	0x7e1747c	16	CanHoldSignedValueInternal
176242	0x7e17704	548	TConvertAndSet
176355	0x7e186dc	716	ConvertFromType
176498	0x7e19fd0	140	CopyValuesInternal
176560	0x7e1a0b4	8	IsFloatingPoint
176570	0x7e1a0d0	12	SetIntPropertyValue
176583	0x7e1a10c	12	GetSignedIntPropertyValue
176594	0x7e1a12c	16	GetNumericPropertyValueToString
176608	0x7e1a8cc	88	operator()
176630	0x7e1ae00	1644	IntroSortInternal<FObjectMemoryUsage,int,FIdentityFunctor,TDereferenceWrapper<FObjectMemoryUsage,FObjectMemoryAnalyzer::FCompareFSortBySize>>
177095	0x7e1e5e4	340	operator<<
177148	0x7e1eabc	8	ExportTextItem
177162	0x7e1eb30	8	GetComputedPropertyFlags
177172	0x7e1eb58	16	Construct
177191	0x7e1ebf0	8	NetSerialize
177203	0x7e1ee4c	8	ExportTextItem
177217	0x7e1eec0	12	GetComputedPropertyFlags
177227	0x7e1eeec	16	Construct
177243	0x7e1ef4c	8	HasNetSharedSerialization
177253	0x7e1ef80	8	HasCopy
177263	0x7e1f024	8	HasExportTextItem
177273	0x7e1f058	8	HasSerializeFromMismatchedTag
177283	0x7e1f080	32	GetStructTypeHash
177294	0x7e1f0cc	36	Construct
177317	0x7e1f14c	8	HasNetSerializer
177327	0x7e1f188	8	HasCopy
177337	0x7e1f1e0	8	HasSerializeFromMismatchedTag
177347	0x7e1f228	12	GetComputedPropertyFlags
177357	0x7e1f25c	8	ConstructForTests
177371	0x7e1f2a8	8	HasPostSerialize
177381	0x7e1f2dc	8	HasPostScriptConstruct
177391	0x7e1f38c	12	AddStructReferencedObjects
177401	0x7e1f5b4	8	HasNoopConstructor
177411	0x7e1f5d4	8	HasDestructor
177421	0x7e1f5f0	136	Serialize
177446	0x7e1f7f8	8	Serialize
177456	0x7e1f82c	8	NetDeltaSerialize
177468	0x7e1f8d4	8	ImportTextItem
177481	0x7e1f938	12	GetComputedPropertyFlags
177491	0x7e1f95c	8	HasZeroConstructor
177501	0x7e1f988	8	HasSerializer
177511	0x7e1fa34	8	Serialize
177521	0x7e1fa70	8	HasPostScriptConstruct
177531	0x7e1fa9c	124	Identical
177553	0x7e1fc58	8	NetDeltaSerialize
177565	0x7e1fce0	8	HasImportTextItem
177575	0x7e1fd18	8	HasStructuredSerializeFromMismatchedTag
177585	0x7e1fd7c	8	IsAbstract
177595	0x7e1fd94	8	HasZeroConstructor
177605	0x7e1fe08	8	HasSerializer
177615	0x7e1fe44	8	NetSerialize
177627	0x7e20044	8	HasImportTextItem
177637	0x7e20088	8	HasGetTypeHash
177647	0x7e200c4	4	AddStructReferencedObjectsOrNot<FTransform>
177658	0x7e200ec	8	HasDestructor
177668	0x7e20118	8	HasPostSerialize
177678	0x7e20154	4	PostScriptConstruct
177688	0x7e20220	24	ExportTextItem
177703	0x7e202cc	4	Construct
177713	0x7e202f8	8	Serialize
177723	0x7e20324	8	HasNetDeltaSerializer
177733	0x7e20348	8	HasCopy
177743	0x7e20430	8	HasImportTextItem
177753	0x7e20460	8	HasSerializeFromMismatchedTag
177763	0x7e20488	52	GetStructTypeHash
177776	0x7e20538	8	NetSerialize
177790	0x7e20684	8	HasStructuredSerializeFromMismatchedTag
177800	0x7e206d0	12	GetComputedPropertyFlags
177810	0x7e206ec	8	HasNoopConstructor
177820	0x7e206fc	8	Construct
177833	0x7e20740	4	PostSerialize
177843	0x7e2076c	8	HasPostScriptConstruct
177853	0x7e2082c	28	Identical
177867	0x7e208f4	8	HasZeroConstructor
177877	0x7e20950	8	HasSerializer
177887	0x7e20968	8	Serialize
177900	0x7e209c0	176	Copy
177943	0x7e20edc	12	AddStructReferencedObjects
177953	0x7e20f10	404	GetStructTypeHash
178019	0x7e214dc	8	StructuredSerializeFromMismatchedTag
178033	0x7e21650	4	Destruct
178043	0x7e216b4	8	IsPlainOldData
178053	0x7e216f0	8	HasImportTextItem
178063	0x7e2172c	8	StructuredSerializeFromMismatchedTag
178074	0x7e21824	8	FUN_07e21824
178083	0x7e21c5c	288	AddUninitialized
178158	0x7e22994	548	TConvertAndSet
178271	0x7e23d80	192	Register
178291	0x7e243f0	12	ClassPackage
178301	0x7e24420	272	__VTableCtorCaller
178328	0x7e24de8	272	__VTableCtorCaller
178355	0x7e2589c	192	Register
178375	0x7e26070	192	Register
178394	0x7e266ec	272	__VTableCtorCaller
178421	0x7e27090	272	__VTableCtorCaller
178448	0x7e27a5c	24	FUN_07e27a5c
178459	0x7e27ca8	88	operator()
178481	0x7e284b4	572	TConvertAndSet
178590	0x7e2b2a4	192	GetObjectPropertyValue
178617	0x7e2b64c	56	CopySingleValueToScriptVM
178639	0x7e2b6c0	56	CopySingleValueFromScriptVM
178661	0x7e2b83c	148	StaticClass
178681	0x7e2c3b8	136	GetValueTypeHashInternal
178723	0x7e2c5e4	56	FStructProperty
178737	0x7e2c61c	168	FStructProperty
178763	0x7e2cb00	44	FUN_07e2cb00
178773	0x7e2cbe0	336	Serialize
178827	0x7e2d648	80	FUN_07e2d648
178839	0x7e2d8d0	120	operator<<
178864	0x7e2de70	64	~FPropertyTempVal
178883	0x7e2df40	36	ExportText
178900	0x7e2e074	152	StaticClass
178921	0x7e2e538	180	SerializeItem
178944	0x7e2ef68	528	GenerateValueArray<TSizedDefaultAllocator<32>>
179082	0x7e30774	416	DumpChain
179172	0x7e30cb4	160	FReferenceChainSearch
179209	0x7e31000	760	Cleanup
179392	0x7e3281c	4	ConditionallyExcludeObjectForTarget
179403	0x7e32820	404	GetCDOSubobjects
179482	0x7e3332c	88	operator<<
179507	0x7e3392c	864	UpdateLinker
179689	0x7e34afc	4268	SortExports
180618	0x7e4bd4c	268	~TAsyncRunnable
180703	0x7e4c2b8	4	~TFunction_UniqueOwnedObject
180719	0x7e4c2c0	164	DoThreadedWork
180759	0x7e4c424	180	~TAsyncQueuedWork
180815	0x7e4c70c	472	EmplaceImpl
180920	0x7e4cd54	100	FUN_07e4cd54
180940	0x7e4ce24	108	~FArchiveObjectCrc32NonEditorProperties
180968	0x7e4cf50	68	FUN_07e4cf50
180981	0x7e4d0e4	1048	_Z5AsyncIZN18TAsyncWorkSequenceI4FMD5E8FinalizeIZN12FSaveContext14GetFinalResultEvEUlRS1_E_EEDa15EAsyncExecutionOT_EUlvE_E7TFutureIDTclcl7ForwardIS8_Efp0_EEEES7_S9_15TUniqueFunctionIFvvEE
181256	0x7e50a70	36	~TDefaultReferenceCollector
181271	0x7e50df4	272	AddUninitialized
181347	0x7e510d0	344	ConditionalRehash
181446	0x7e5181c	344	ConditionalRehash
181545	0x7e51d9c	452	EmplaceImpl
181652	0x7e52ae8	5536	ProcessObjectArray
182617	0x7e64fe0	560	execLetWeakObjPtr
182751	0x7e65410	244	execLetMulticastDelegate
182807	0x7e66414	8	execContext_FailSilent
182818	0x7e66948	84	execVirtualFunction
182839	0x7e669ac	132	execLocalVirtualFunction
182865	0x7e66a6c	8	execCallMulticastDelegate
182876	0x7e66c9c	232	execAddMulticastDelegate
182923	0x7e66d84	216	execRemoveMulticastDelegate
182964	0x7e66ef0	20	execUInt64Const
182979	0x7e66f18	20	execFloatConst
182994	0x7e67260	292	execUnicodeStringConst
183059	0x7e67870	20	execPropertyConst
183074	0x7e67884	20	execObjectConst
183089	0x7e67898	308	execSoftObjectConst
183155	0x7e679cc	292	execFieldPathConst
183226	0x7e67af0	104	execInstanceDelegate
183254	0x7e67b58	196	execBindDelegate
183296	0x7e67c54	52	execRotationConst
183317	0x7e67d50	244	execStructConst
183361	0x7e68730	300	execArrayConst
183429	0x7e68aec	852	execMapConst
183580	0x7e69880	2084	DumpStackTraces
184026	0x7e6d4c0	580	GetSharedMulticastDelegate
184153	0x7e6e8f0	1112	Remove
184340	0x7e70860	80	FDeferredScriptTracker
184362	0x7e70930	368	ResolveDeferredScripts
184430	0x7e71488	88	ClearScriptCode
184452	0x7e714e0	36	IsPrimed
184465	0x7e71504	108	ResolveDeferredScriptLoads
184496	0x7e71714	764	ConvertFromType
184703	0x7e73178	200	GetPropertyChain
184742	0x7e732f4	40	FUN_07e732f4
184753	0x7e733ac	72	~FUObjectAnnotationDense
184772	0x7e73d58	68	FUN_07e73d58
184785	0x7e73de0	128	CacheArchetypeForObject
184813	0x7e73e6c	12	CleanupCachedArchetypes
184826	0x7e73f74	48	~FUObjectClusterContainer
184842	0x7e74084	552	AllocateObjectPool
184978	0x7e75fd0	64	FUN_07e75fd0
184991	0x7e76010	56	ResetSerialNumber
185012	0x7e760c8	224	FreeUObjectIndex
185055	0x7e7623c	180	RemoveUObjectCreateListener
185107	0x7e763d0	32	FUN_07e763d0
185116	0x7e763f0	36	FUN_07e763f0
185125	0x7e76434	32	FUN_07e76434
185134	0x7e76454	192	AllocateSerialNumber
185201	0x7e76610	52	FUN_07e76610
185214	0x7e76644	52	FUN_07e76644
185227	0x7e76684	40	UObjectBase
185244	0x7e766e0	308	AddObject
185313	0x7e76a78	996	CreatePackage
185508	0x7e79364	220	StaticFindObjectFast
185536	0x7e7991c	984	GetDynamicTypeClassName
185673	0x7e7b498	148	DissolveClusters
185710	0x7e7b52c	24	GetMinClusterSize
185726	0x7e7b5a4	216	CreateClustersFromPackage
185759	0x7e7c3ec	124	GetPreGarbageCollectDelegate
185779	0x7e7c5bc	8	ShouldReportProgress
185790	0x7e7c5c4	8	ShouldCreateThrottledSlowTask
185801	0x7e7c948	64	~FUObjectAnnotationDense
185818	0x7e7cdfc	56	FUN_07e7cdfc
185830	0x7e7d348	352	StripObjectClass
185935	0x7e7d598	664	GlobalSetProperty
186060	0x7e7deb8	60	FUN_07e7deb8
186072	0x7e7df40	44	FUN_07e7df40
186083	0x7e7dfac	44	FUN_07e7dfac
186095	0x7e7e114	240	ManuallyReleaseResourcesAndPackage
186142	0x7e7e774	44	FUN_07e7e774
186151	0x7e7e8fc	208	ParseObject
186199	0x7e7f060	60	FUN_07e7f060
186211	0x7e7f0ec	1636	StaticLoadClass
186611	0x7e84c44	80	FUN_07e84c44
186623	0x7e84c94	244	AssertIfSubobjectSetupIsNotAllowed
186682	0x7e8506c	552	SaveObjectFlags
186790	0x7e86190	804	PerformReachabilityAnalysis
186943	0x7e887c4	1372	ConstructUFunction
187179	0x7e89ed0	88	InitializeValueInternal
187199	0x7e89f30	168	~FDeferredScriptTracker
187236	0x7e8a480	28	Call
187253	0x7e8a7b4	656	Empty
187418	0x7e8b314	36	FUN_07e8b314
187427	0x7e8c4d0	4	NotifyUObjectDeleted
187488	0x7e8cb3c	296	Remove
187563	0x7e8cfd4	248	operator=
187627	0x7e8d3ec	44	operator()
187645	0x7e8d4f0	204	operator<<
187673	0x7e8daa4	144	ResizeGrow
187716	0x7e8dcc8	140	ResizeForCopy
187748	0x7e8df8c	340	RemoveAt
187839	0x7e8e7d8	532	EmplaceImpl
187962	0x7e8f8b0	296	EmplaceByHash<TKeyInitializer<FName_const&>>
188035	0x7e8fc2c	344	ConditionalRehash
188134	0x7e90238	8	GetObjectForTimerManager
188147	0x7e90248	8	HasSameObject
188160	0x7e90260	156	CreateCopy
188199	0x7e909ac	168	ResizeGrow
188242	0x7e90b88	296	Remove
188317	0x7e90edc	288	AddAnnotationInternal<FArchetypeInfo>
188380	0x7e91454	376	Emplace<TPairInitializer<UObjectBase*&&,FPendingRegistrantInfo&&>>
188465	0x7e91fc4	484	EmplaceImpl
188579	0x7e92ac8	720	Rehash
188781	0x7e977f0	88	~TDefaultReferenceCollector
188802	0x7e98594	300	AddAnnotationInternal<FPerClassNumberSuffixAnnotation>
188873	0x7e98bb8	792	Rehash
189082	0x7e998a4	304	OnUObjectArrayShutdown
189150	0x7e99d70	248	ResizeShrink
189228	0x7e9a18c	792	Rehash
189438	0x7ea5b64	200	StaticFindObjectFastExplicit
189464	0x7ea6aec	408	MatchOuterNames
189554	0x7ea7320	216	ShrinkUObjectHashTables
189586	0x7ea7f10	128	GetRegisteredClassesVersionNumber
189607	0x7ea7f94	3068	GetObjectsWithOuter
190216	0x7eaf6b0	372	GetObjectExternalPackageInternal
190266	0x7eaf89c	120	UnlockUObjectHashTables
190288	0x7eafd50	1224	GetKeys<TSizedDefaultAllocator<32>>
190580	0x7eb0ed4	988	LogHashOuterStatistics
190745	0x7eb237c	236	AddAnnotation
190806	0x7eb2468	84	FUN_07eb2468
190820	0x7eb24bc	132	GetLinker
190853	0x7eb2540	132	GetLinkerIndex
190883	0x7eb25c4	152	MarkObject
190919	0x7eb2768	160	UnMarkObject
190957	0x7eb2c9c	132	ObjectHasAnyMarks
190989	0x7eb2d20	132	ObjectHasAllMarks
191021	0x7eb2da4	112	ObjectGetAllMarks
191052	0x7eb2e14	772	GetObjectsWithAllMarks
191199	0x7eb3594	68	FUObjectSerializeContext
191229	0x7eb36a4	20	DecrementBeginLoadCount
191243	0x7eb3770	84	AddLoadedObject
191262	0x7eb3824	172	AttachLinker
191298	0x7eb39b0	156	IsValid
191336	0x7eb3b4c	120	Get
191364	0x7eb3cb8	16	Serialize
191375	0x7eb3cc8	284	FUObjectHashTables
191450	0x7eb4274	176	~TTupleBaseElement
191492	0x7eb45f4	548	Empty
191625	0x7eb4c60	36	operator()
191641	0x7eb4c84	480	Compact
191789	0x7eb56a4	508	Compact
191932	0x7eb6540	524	Compact
192067	0x7eb73ec	792	Rehash
192276	0x7eb8260	344	ConditionalRehash
192374	0x7eb8a18	660	EmplaceImpl
192520	0x7eb9a28	288	AddUninitialized
192596	0x7eba1a0	344	ConditionalRehash
192694	0x7eba898	248	ResizeShrink
192770	0x7ebae90	36	~FUObjectAnnotationChunked
192784	0x7ebb014	136	ResizeTo
192829	0x7ebb23c	116	Call
192860	0x7ebb574	244	Remove
192910	0x7ebbbd4	344	ConditionalRehash
193008	0x7ebc7c4	112	FUN_07ebc7c4
193025	0x7ebc88c	76	Z_Construct_UPackage__Script_CoreUObject
193041	0x7ebc940	12	NewProp_bAllowInvites_SetBit
193053	0x7ebc958	12	NewProp_bJoinViaPresenceFriendsOnly_SetBit
193066	0x7ebc9b0	12	Get_Z_Construct_UScriptStruct_FJoinabilitySettings_Hash
193077	0x7ebc9bc	4	EmptyLinkFunctionForGeneratedCodeCoreUObject_init
193088	0x7ebc9c0	76	Z_Construct_UScriptStruct_FGuid
193105	0x7ebcaa4	76	Z_Construct_UScriptStruct_FVector2D
193122	0x7ebcbd4	76	Z_Construct_UScriptStruct_FQuat
193139	0x7ebcd50	76	Z_Construct_UScriptStruct_FIntVector
193156	0x7ebcf64	76	Z_Construct_UScriptStruct_FMatrix
193173	0x7ebd178	76	Z_Construct_UScriptStruct_FInterpCurvePointQuat
193191	0x7ebd38c	76	Z_Construct_UScriptStruct_FRandomStream
193208	0x7ebd638	76	Z_Construct_UScriptStruct_FSoftClassPath
193225	0x7ebd800	76	Z_Construct_UScriptStruct_FInt32RangeBound
193243	0x7ebdaac	76	Z_Construct_UScriptStruct_FARFilter
193260	0x7ebdc2c	112	StaticEnum<EDataValidationResult>
193280	0x7ebdf7c	12	Get_Z_Construct_UEnum_CoreUObject_ELocalizedTextSourceCategory_Hash
193291	0x7ebdfd4	112	StaticEnum<ERangeBoundTypes::Type>
193311	0x7ebe324	12	Get_Z_Construct_UEnum_CoreUObject_EAppReturnType_Hash
193322	0x7ebe37c	112	StaticEnum<EPropertyAccessChangeNotifyMode>
193342	0x7ebe65c	112	FUN_07ebe65c
193359	0x7ebe948	76	Z_Construct_UEnum_CoreUObject_EInterpCurveMode
193376	0x7ebeb3c	112	FUN_07ebeb3c
193392	0x7ebee74	184	Z_Construct_UClass_UObject_NoRegister
193411	0x7ebf1c0	12	Get_Z_Construct_UScriptStruct_FBoxSphereBounds_Hash
193422	0x7ebf214	12	Get_Z_Construct_UScriptStruct_FPackedRGBA16N_Hash
193433	0x7ebf250	12	Get_Z_Construct_UScriptStruct_FPlane_Hash
193444	0x7ebf3e8	4	StaticRegisterNativesUObject
193454	0x7ebf5a4	184	Register
193472	0x7ec9bac	4	StartupModule
193482	0x7ec9c28	60	FKey
193515	0x7eca060	18132	_INIT_469
195223	0x81a404c	344	Reset
195329	0x81a41a4	44	CalculateLineViewVisualJustification
195351	0x81a41d0	1252	JustifyLayout
195638	0x81a559c	284	MarginLayout
195700	0x81a56b8	2728	FlowHighlights
196385	0x81acaec	60	SetLineHeightPercentage
196402	0x81acc5c	32	SetWrappingPolicy
196416	0x81acc9c	172	SetDebugSourceInfo
196450	0x81ad080	376	FLineModel
196559	0x81ad370	40	GetTextLength
196575	0x81ad398	276	FStaticallyLinkedModuleRegistrant
196623	0x81ad634	576	ExecuteOnClick
196804	0x81adef4	52	GetValue
196821	0x81adf58	48	GetValueAsVariant
196833	0x81adf88	576	GetText
196991	0x81aeb88	8	SetValue
197003	0x81aeda0	8	GetText
197014	0x81aeda8	312	IsPassword
197115	0x81aeee0	312	IsPassword
197216	0x81af150	312	IsReadOnly
197317	0x81af770	8	SetValue
197329	0x81af924	8	IsReadOnly
197340	0x81af92c	344	GetStepSize
197453	0x81afa84	8	GetStepSize
197464	0x81afa8c	328	GetMaximum
197568	0x81afe64	328	GetMinimum
197672	0x81b03e4	8	GetValueAsVariant
197683	0x81b03ec	516	SetValue
197827	0x81b1218	188	OnMouseButtonDown
197871	0x81b12d4	92	ComputeDesiredSize
197892	0x81b1330	916	Construct
198039	0x81b2048	704	OnMouseButtonUp
198277	0x81b26b8	472	CalcRelativePositionFromCenter
198356	0x81b2b24	12	ComputeDesiredSize
198368	0x81b2b30	76	OnMouseButtonDoubleClick
198404	0x81b2b7c	1336	OnMouseButtonDown
198856	0x81b4574	164	OnMouseMove
198900	0x81b48e8	232	CalcRelativePositionFromCenter
198945	0x81b49d0	4	SetContent
198955	0x81b49d4	8	IsActive
198965	0x81b49dc	8	IsForeground
198975	0x81b49e4	44	GetContent
199005	0x81b4a10	8	GetParentDockTabStack
199019	0x81b4a18	4	BringToFrontInParent
199029	0x81b4a1c	4	RemoveTabFromParent
199039	0x81b4a20	4	ActivateInParent
199049	0x81b4a24	4	Construct
199059	0x81b4a28	8	ShouldAutosize
199069	0x81b4a30	4	SetOnTabStackMenuOpening
199080	0x81b4a34	4	RequestCloseTab
199090	0x81b4a38	2852	OnMouseButtonDown
200050	0x81c2304	436	ContentScale<SThrobber,int>
200135	0x81c24b8	100	GetPieceScale
200159	0x81c251c	436	ColorAndOpacity<SThrobber,int>
200246	0x81c26d0	108	GetPieceColor
200268	0x81c273c	436	Image<SThrobber>
200352	0x81c28f0	8	GetPieceBrush
200362	0x81c28f8	8	SetPieceImage
200373	0x81c2900	8	SetNumPieces
200385	0x81c2908	8	SetAnimate
200396	0x81c2910	348	Construct
200489	0x81c2a6c	620	ConstructSequence
200666	0x81c2f88	16	ComputeDesiredSize
200676	0x81c2f98	176	SButton
200719	0x81c3048	12	OnDestroy
200732	0x81c3054	2968	Construct
201371	0x81d9fb8	284	OnClicked<SHyperlink>
201426	0x81da528	92	~TBaseSPMethodDelegateInstance
201465	0x81da64c	192	HasSameObject
201535	0x81da8f4	372	ExecuteIfSafe
201657	0x81dad4c	4	~TReferenceControllerWithDeleter
201675	0x81dad50	136	ResizeTo
201719	0x81dafc0	148	ResizeForCopy
201755	0x81db570	344	ConditionalRehash
201855	0x81dbb7c	556	EmplaceImpl
202003	0x81dc744	820	Rehash
202231	0x81dd8b0	996	GetTypeHash
202331	0x81dde34	624	EmplaceImpl
202488	0x81de2a4	344	ConditionalRehash
202587	0x81de6c8	540	UnhashElements
202758	0x81defc0	248	~SRichTextHyperlink
202827	0x81df540	92	~TBaseSPMethodDelegateInstance
202866	0x81df724	44	IsSafeToExecute
202883	0x81df814	248	Execute
202974	0x81dfdc8	16	DestroyObject
202994	0x81dfdd8	4	~TReferenceControllerWithDeleter
203012	0x81dfddc	24	DestroyObject
203033	0x81dfdf4	4	~TReferenceControllerWithDeleter
203050	0x81dfe10	4	~TReferenceControllerWithDeleter
203068	0x81dfe2c	4	~TReferenceControllerWithDeleter
203086	0x81dfe4c	24	DestroyObject
203107	0x81dfe80	4	~TReferenceControllerWithDeleter
203125	0x81dfea0	24	DestroyObject
203146	0x81e0064	120	ResizeForCopy
203181	0x81e00f4	4	~TReferenceControllerWithDeleter
203199	0x81e0114	168	ResizeGrow
203242	0x81e04ec	156	ResizeTo
203282	0x81e0748	168	ResizeGrow
203325	0x81e09e8	184	ResizeShrink
203363	0x81e0dec	164	ResizeTo
203406	0x81e0fa8	136	ResizeTo
203449	0x81e1180	68	~TBaseSPMethodDelegateInstance
203490	0x81e12e8	192	HasSameObject
203560	0x81e16cc	600	CreateSP<SDockTab>
203746	0x81e2324	196	CreateCopy
203805	0x81e2874	68	~TBaseSPMethodDelegateInstance
203846	0x81e28b8	92	~TBaseSPMethodDelegateInstance
203885	0x81e2a9c	44	IsSafeToExecute
203902	0x81e2ac8	196	CreateCopy
203961	0x81e2e94	92	~TBaseSPMethodDelegateInstance
204000	0x81e2fb0	8	GetBoundProgramCounterForTimerManager
204015	0x81e2fb8	192	HasSameObject
204085	0x81e33bc	600	CreateSP<SDockTab>
204271	0x81e3fb0	192	HasSameObject
204341	0x81e43cc	600	CreateSP<SDockTab>
204527	0x81e5018	92	~TBaseSPMethodDelegateInstance
204566	0x81e51fc	44	IsSafeToExecute
204583	0x81e52f4	272	Execute
204675	0x81e57f4	92	~TBaseSPMethodDelegateInstance
204714	0x81e5918	192	HasSameObject
204784	0x81e5d34	4	~TCommonDelegateInstanceState
204802	0x81e5d38	600	CreateSP<SThrobber>
204988	0x81e689c	192	HasSameObject
205058	0x81e6c80	600	CreateSP<SButton>
205244	0x81e7804	192	HasSameObject
205314	0x81e7ab4	308	ExecuteIfSafe
205418	0x81e7fa8	192	HasSameObject
205488	0x81e838c	600	CreateSP<SCheckBox>
205674	0x81e9040	44	IsSafeToExecute
205691	0x81e906c	196	CreateCopy
205750	0x81e94fc	8	DestroyObject
205763	0x81e9504	4	~TIntrusiveReferenceController
205777	0x81eb03c	1436	Construct
206114	0x81ed744	300	HighlightText
206197	0x81ed870	308	ColorAndOpacity
206286	0x81ed9a4	284	OnTextCommitted<SEditableLabel>
206344	0x81edac0	76	HandleEditableTextTextCommitted
206364	0x81edb0c	544	EnterTextMode
206493	0x81edfac	72	HasKeyboardFocus
206519	0x81edff4	1036	OnKeyDown
206867	0x81f18fc	120	ComputeDesiredSize
206890	0x81f1974	8	GetChildren
206901	0x81f197c	8	OnArrangeChildren
206914	0x81f1984	296	OnDragOver
207025	0x81f1aac	684	OnDrop
207264	0x81f1f60	336	OnKeyDown
207470	0x81f20bc	8	OnMouseButtonDown
207481	0x81f20cc	8	OnMouseMove
207492	0x81f20d4	8	OnMouseButtonDoubleClick
207503	0x81f2100	8	GetFocusBrush
207513	0x81f2108	88	IsInteractable
207531	0x81f2364	8	SetHintText
207542	0x81f236c	8	GetHintText
207553	0x81f2374	8	SetSearchText
207564	0x81f237c	8	GetSearchText
207575	0x81f2384	148	SetIsReadOnly
207608	0x81f2418	160	SetIsPassword
207642	0x81f25f4	156	SetMinDesiredWidth
207678	0x81f2690	148	SetIsCaretMovedWhenGainFocus
207711	0x81f2724	148	SetSelectAllTextWhenFocused
207744	0x81f284c	148	SetClearKeyboardFocusOnCommit
207778	0x81f2a08	8	SetJustification
207789	0x81f2aa4	148	SetVirtualKeyboardDismissAction
207823	0x81f2b48	8	AnyTextSelected
207834	0x81f2b58	8	ClearSelection
207845	0x81f2b78	8	ScrollTo
207856	0x81f2ba0	120	IsTextReadOnly
207877	0x81f2d08	120	IsTextPassword
207898	0x81f2e80	120	ShouldSelectAllTextWhenFocused
207919	0x81f2ff8	120	ShouldRevertTextOnEscape
207940	0x81f31d8	120	ShouldSelectAllTextOnCommit
207961	0x81f3250	120	ShouldSelectWordOnMouseDoubleClick
207982	0x81f33b8	104	CanTypeCharacter
208001	0x81f36c4	84	GetVirtualKeyboardType
208019	0x81f377c	84	GetVirtualKeyboardTrigger
208037	0x81f3824	84	GetVirtualKeyboardDismissAction
208055	0x81f38dc	108	GetSlateWidget
208101	0x81f3a2c	236	GetSlateWidgetPtr
208181	0x81f3c70	8	BuildContextMenuContent
208192	0x81f3c78	32	OnTextChanged
208208	0x81f3c98	32	OnTextChanged
208224	0x81f3cd8	32	OnTextCommitted
208240	0x81f3cf8	8	OnCursorMoved
208251	0x81f3d0c	8	UpdateAndClampHorizontalScrollBar
208262	0x81f3d1c	8	UpdateAndClampVerticalScrollBar
208272	0x81f3d2c	852	CreateAccessibleWidget
208539	0x81f6f48	156	GetBorderImage
208563	0x81f6fe4	716	BorderBackgroundColor<SEditableTextBox>
208741	0x81f75e4	328	DetermineForegroundColor
208862	0x81f78e0	124	DeterminePadding
208894	0x81f795c	300	SearchText
208977	0x81f7a88	700	Font<SEditableTextBox>
209157	0x81f817c	436	OnEditableTextCommitted
209241	0x81f8904	244	FArguments
209301	0x81f89f8	312	SetOnKeyCharHandler
209362	0x81f8b30	312	SetOnKeyDownHandler
209423	0x81f8c68	12	SetTextShapingMethod
209435	0x81f8c74	12	SetTextFlowDirection
209447	0x81f8c80	12	AnyTextSelected
209459	0x81f8c8c	12	SelectAllText
209471	0x81f8c98	12	ClearSelection
209483	0x81f8ca4	12	GetSelectedText
209494	0x81f8cb0	12	GoTo
209506	0x81f8cbc	12	ScrollTo
209518	0x81f8cc8	16	BeginSearch
209533	0x81f8cd8	16	AdvanceSearch
209545	0x81f8ce8	24	HasError
209561	0x81f8d00	168	SupportsKeyboardFocus
209622	0x81f8da8	64	HasKeyboardFocus
209642	0x81f8de8	412	OnFocusReceived
209780	0x81f8f84	820	OnKeyDown
210071	0x81f96d4	316	SetTextBoxForegroundColor
210161	0x81f994c	316	SetReadOnlyForegroundColor
210251	0x81f9bb8	148	SetSelectAllTextWhenFocused
210287	0x81f9c4c	148	SetRevertTextOnEscape
210322	0x81f9d74	148	SetSelectAllTextOnCommit
210358	0x81f9e9c	12	SetJustification
210370	0x81f9f3c	332	SetVirtualKeyboardDismissAction
210434	0x81fa3dc	248	GetDefaultAccessibleText
210514	0x81fa4d4	116	GetCollapsedVisibility
210537	0x81fa548	116	GetExpandedVisibility
210560	0x81fa5bc	7292	Construct
212472	0x821fe58	120	HandleSuggestionListViewSelectionChanged
212501	0x821ff08	244	ClearSuggestions
212564	0x8220184	196	GetSelectedSuggestionString
212606	0x8220248	1444	MarkActiveSuggestion
213031	0x8222574	284	OnGenerateWidget<STextComboBox>
213091	0x8222690	628	MakeItemWidget
213275	0x8222c08	552	Text<STextComboBox>
213404	0x82235a4	684	Text<STextComboBox,TSharedPtr<FString,(ESPMode)1>>
213582	0x8225688	284	OnGenerateWidget<STextComboPopup>
213642	0x8225ac8	284	OnSelectionChanged<STextComboPopup>
213702	0x8225be4	164	OnSelectionChanged
213770	0x8225c88	552	Text<STextComboPopup>
213899	0x8225fd4	164	OnOK
213943	0x8226078	600	CreateSP<STextComboPopup>
214131	0x82265e0	392	FocusDefaultWidget
214250	0x82268e8	6716	Construct
216118	0x8238d68	528	SetAttribute<float,float>
216224	0x82392dc	132	SConstraintCanvas
216245	0x8239360	208	Construct
216282	0x8239430	64	ClearChildren
216298	0x8239470	360	Empty
216379	0x82395d8	288	RemoveSlot
216439	0x823a1d8	660	OnPaint
216597	0x823a46c	656	ComputeDesiredSize
216729	0x823a6fc	368	NeedCareAboutDesiredSize
216825	0x823a86c	36	FUN_0823a86c
216836	0x823a890	36	FUN_0823a890
216848	0x823a8b4	8	GetChildren
216858	0x823a8bc	204	SDPIScaler
216891	0x823a988	436	Construct
217022	0x823b118	108	ComputeDesiredSize
217045	0x823b184	8	GetChildren
217055	0x823b18c	308	SetContent
217164	0x823b2c0	64	SetDPIScale
217181	0x823b300	84	GetRelativeLayoutScale
217201	0x823b354	8444	Construct
219400	0x82cdbf4	236	Create
219444	0x82cdfac	92	CanExecuteUndo
219462	0x82ce008	344	CutSelectedTextToClipboard
219533	0x82d01e4	924	RefreshImpl
219766	0x82d16e8	8	SetDebugSourceInfo
219778	0x82d16f0	412	GetHintText
219877	0x82d188c	1140	SetSearchText
220175	0x82d1dc8	48	GetSearchText
220207	0x82d1df8	148	SetTextStyle
220235	0x82d1f30	156	SetCursorBrush
220274	0x82d2068	156	SetCompositionBrush
220313	0x82d2104	316	GetPlainText
220387	0x82d2478	120	UpdatePreferredCursorScreenOffsetInLine
220410	0x82d3558	368	GetSelectedText
220494	0x82d3b24	312	SetAutoWrapText
220571	0x82d3d94	320	SetMargin
220651	0x82d4108	320	SetLineHeightPercentage
220732	0x82d44c0	208	SetDebugSourceInfo
220773	0x82d485c	192	ForceRefreshTextLayout
220818	0x82d4c70	288	SetScrollOffset
220900	0x82d53f8	96	LoadText
220920	0x82d5458	424	MakeUndoState
221048	0x82d59bc	228	ClearUndoStates
221115	0x82d5c24	556	HandleBackspace
221252	0x82d6050	3228	HandleKeyDown
221973	0x82e77c8	96	AnyTextSelected
221999	0x82e7a3c	216	InsertRunAtCursor
222075	0x82e7cf4	40	GetHScrollBar
222106	0x82e832c	8	ComputeDesiredSize
222117	0x82e8374	92	OnArrangeChildren
222144	0x82e873c	544	OnMouseButtonUp
222303	0x82e9300	88	IsInteractable
222322	0x82e946c	8	SetLineHeightGap
222334	0x82e9588	1308	~SRichTextBlock
222661	0x82eb7e4	20	SetLineHeightPercentage
222674	0x82eb80c	20	SetJustification
222688	0x82eba30	44	SetTextStyle
222700	0x82eba5c	20	SetMinDesiredWidth
222713	0x82eba70	88	SetDecoratorStyleSet
222733	0x82ebb08	44	SetTextBlockScale
222746	0x82ebb34	644	ComputeVolatility
222819	0x82ed810	108	GetStrikeBrush
222840	0x82ed87c	100	GetColorAndOpacity
222885	0x82ed958	120	GetShadowColorAndOpacity
222917	0x82edf58	188	SetText
222973	0x82ee828	1592	ComputeDesiredSize
223336	0x82f6b8c	216	ResetColumnWidths
223377	0x82f6d10	8	GetColumns
223387	0x82f6d18	72	AddColumn
223402	0x82f7220	8	AddColumn
223413	0x82f7228	496	InsertColumn
223552	0x82f7418	76	InsertColumn
223567	0x82f7464	380	Broadcast
223644	0x82f7804	4	RefreshColumns
227091	0x8402f38	440	RHILockIndexBuffer
227165	0x84030f0	992	RHIUnlockIndexBuffer
227363	0x8403a68	8	RHILockStagingBuffer
227376	0x8403a70	4	RHIUnlockStagingBuffer
227386	0x8403a74	516	LockStagingBuffer_RenderThread
227472	0x8403c78	180	UnlockStagingBuffer_RenderThread
227511	0x8403eac	204	FinalizeAsyncReallocateTexture2D_RenderThread
227552	0x8403f78	204	CancelAsyncReallocateTexture2D_RenderThread
227593	0x8404044	252	CreateVertexShader_RenderThread
227632	0x840423c	252	CreateGeometryShader_RenderThread
227671	0x8404434	252	CreateHullShader_RenderThread
227710	0x840462c	276	UpdateTexture2D_RenderThread
227750	0x84049bc	124	EndMultiUpdateTexture3D_RenderThread
227776	0x8404b58	540	LockTexture2D_RenderThread
227865	0x84050e8	360	UnlockTexture2DArray_RenderThread
227923	0x84055f4	340	RHICreateTexture2DArray_RenderThread
227968	0x840599c	244	RHICreateUnorderedAccessView_RenderThread
228007	0x8405c84	200	RHICreateUnorderedAccessView_RenderThread
228046	0x8405f40	224	RHICreateShaderResourceView_RenderThread
228084	0x84061e0	224	RHICreateShaderResourceViewWriteMask_RenderThread
228123	0x84064d4	320	RHICreateTextureCubeArray_RenderThread
228166	0x84069f8	536	RHIMapStagingSurface_RenderThread
228250	0x8407568	300	RHICopySubTextureRegion_RenderThread
228311	0x84077b0	644	FRHIGPUBufferReadback
228469	0x8407ebc	56	FRHIGPUTextureReadback
228484	0x8408568	220	EnqueueCopy
228535	0x84086e0	176	LockTexture
228577	0x8408850	220	DumpTransitionForResourceHandler
228625	0x8408cec	44	FUN_08408cec
228634	0x8408d40	272	SetDepthBoundsTest
228697	0x8409264	92	RHIGetSyncInterval
228722	0x84092c0	44	~TArray
228738	0x84092ec	36	Stop
228752	0x8409310	100	Initialize
228770	0x8409374	444	Shutdown
228871	0x8409690	148	~FRHIFrameFlipTrackingRunnable
228921	0x8409858	156	RHICompleteGraphEventOnFlip
228978	0x8409a88	72	RHIGetDefaultResourceState
229009	0x8409d4c	60	~FDynamicRHI
229024	0x8409d88	4	~FDynamicRHI
229038	0x8409d94	4	RHIAliasTextureResources
229048	0x8409d98	8	LockStructuredBuffer_BottomOfPipe
229059	0x8409da8	8	LockIndexBuffer_BottomOfPipe
229070	0x8409db4	4	UnlockVertexBuffer_BottomOfPipe
229081	0x8409dbc	256	~FGPUDefragAllocator
229138	0x840a26c	4	StoreDebugInfo
229150	0x840a270	332	ExecuteAndDestruct
229238	0x840a7ac	4	StoreDebugInfo
229250	0x840a7b0	332	ExecuteAndDestruct
229338	0x840aee4	4	StoreDebugInfo
229350	0x840aee8	36	FUN_0840aee8
229361	0x840b06c	360	Emplace<TPairInitializer<FString_const&,FGPUProfilerEventNodeStats_const&>>
229457	0x840b9c8	56	FUN_0840b9c8
229469	0x840bce8	48	FUN_0840bce8
229480	0x840bd18	348	FindOrAddImpl<FString_const&>
229560	0x840bf94	552	EmplaceImpl
229701	0x840c78c	28	operator()
229717	0x840c840	28	operator()
229733	0x840ce18	536	HeapSortInternal<TSparseArrayElementOrFreeListLink<TAlignedBytes<40,8u>>,FIdentityFunctor,TDereferenceWrapper<TSparseArrayElementOrFreeListLink<TAlignedBytes<40,8u>>,TSparseArray<TSetElement<TTuple<FString,FGPUProfileInfoPair>>,TSparseArrayAllocator<TSizedDefaultAllocator<32>,FDefaultBitArrayAllocator>>::FElementCompareClass<TSet<TTuple<FString,FGPUProfileInfoPair>,TDefaultMapHashableKeyFuncs<FString,FGPUProfileInfoPair,false>,FDefaultSetAllocator>::FElementCompareClass<TSortableMapBase<FString,FGPUProfileInfoPair,FDefaultSetAllocator,TDefaultMapHashableKeyFuncs<FString,FGPUProfileInfoPair,false>>::FValueComparisonClass<FGPUProfileStatSummary::PrintSummary()::{lambda(FGPUProfileInfoPair_const&,FGPUProfileInfoPair_const&)#1}>>>>>
229909	0x840d608	960	IntroSortInternal<TSparseArrayElementOrFreeListLink<TAlignedBytes<40,8u>>,int,FIdentityFunctor,TDereferenceWrapper<TSparseArrayElementOrFreeListLink<TAlignedBytes<40,8u>>,TSparseArray<TSetElement<TTuple<FString,FGPUProfileInfoPair>>,TSparseArrayAllocator<TSizedDefaultAllocator<32>,FDefaultBitArrayAllocator>>::FElementCompareClass<TSet<TTuple<FString,FGPUProfileInfoPair>,TDefaultMapHashableKeyFuncs<FString,FGPUProfileInfoPair,false>,FDefaultSetAllocator>::FElementCompareClass<TSortableMapBase<FString,FGPUProfileInfoPair,FDefaultSetAllocator,TDefaultMapHashableKeyFuncs<FString,FGPUProfileInfoPair,false>>::FValueComparisonClass<FGPUProfileStatSummary::PrintSummary()::{lambda(FGPUProfileInfoPair_const&,FGPUProfileInfoPair_const&)#3}>>>>>
230163	0x840f020	28	operator()
230180	0x840f03c	32	operator()
230199	0x840f05c	32	operator()
230218	0x840f07c	32	operator()
230237	0x840f0bc	32	operator()
230256	0x840f108	36	operator()
230275	0x840f164	4	~TReferenceControllerWithDeleter
230293	0x840f598	36	operator()
230317	0x840f5bc	36	operator()
230341	0x840f5e0	956	MergePSOUsageToMetaData
230557	0x84108b0	484	EmplaceImpl
