addr,size,note
0xa9b2110,4,"IInterface::_getUObject 转发(AWorldSettings)"
0xa9b2214,36,"UVOIPStatics 析构(Voice/VOIP 模块)"
0xa9b23e4,8,"TCppStructOps<FVoiceSettings>::HasSerializer 反射结构序列化查询"
0xa9b2428,8,"UScriptStruct::TCppStructOps<FVoiceSettings>::HasNetDeltaSerializer"
0xa9b244c,8,"UScriptStruct::TCppStructOps<FVoiceSettings>::HasCopy"
0xa9b24bc,12,"UScriptStruct::TCppStructOps<FVoiceSettings>::AddStructReferencedObjects"
0xa9b290c,12,"TClassCompiledInDefer<UVolumetricCloudComponent>::ClassPackage 类注册"
0xa9b2c3c,12,"TClassCompiledInDefer<UWindDirectionalSourceComponent>::ClassPackage"
0xa9b2c54,8,"TCppStructOps<FStreamingLevelsToConsider>::HasZeroConstructor"
0xa9b2c84,60,"UScriptStruct::TCppStructOps<FStreamingLevelsToConsider>::Destruct"
0xa9b2d14,8,"UScriptStruct::TCppStructOps<FStreamingLevelsToConsider>::HasPostScriptConstruct"
0xa9b2e28,8,"UScriptStruct::TCppStructOps<FStreamingLevelsToConsider>::HasIdentical"
0xa9b2e4c,8,"UScriptStruct::TCppStructOps<FStreamingLevelsToConsider>::HasImportTextItem"
0xa9b2e5c,8,"UScriptStruct::TCppStructOps<FStreamingLevelsToConsider>::HasAddStructReferencedObjects"
0xa9b2e70,8,"UScriptStruct::TCppStructOps<FStreamingLevelsToConsider>::HasSerializeFromMismatchedTag"
0xa9b2e88,8,"UScriptStruct::TCppStructOps<FStreamingLevelsToConsider>::StructuredSerializeFromMismatchedTag"
0xa9b2ec8,120,"FScriptArray ResizeForCopy(UE Core 容器)"
0xa9b319c,16,"UScriptStruct::TCppStructOps<FEndPhysicsTickFunction>::Destruct"
0xa9b322c,12,"UScriptStruct::TCppStructOps<FEndPhysicsTickFunction>::Identical"
0xa9b32c8,4,"~TCppStructOps"
0xa9b3404,8,"UScriptStruct::TCppStructOps<FStartPhysicsTickFunction>::HasImportTextItem"
0xa9b3484,4,"~TCppStructOps"
0xa9b35c0,8,"UScriptStruct::TCppStructOps<FLevelViewportInfo>::HasIdentical"
0xa9b3620,8,"UScriptStruct::TCppStructOps<FLevelViewportInfo>::StructuredSerializeFromMismatchedTag"
0xa9b37fc,8,"UScriptStruct::TCppStructOps<FWorldPSCPool>::Construct"
0xa9b39a4,8,"UScriptStruct::TCppStructOps<FWorldPSCPool>::HasAddStructReferencedObjects"
0xa9b3a08,8,"UScriptStruct::TCppStructOps<FWorldPSCPool>::IsAbstract"
0xa9b3c70,8,"UScriptStruct::TCppStructOps<FPSCPool>::HasNoopConstructor"
0xa9b3ccc,8,"UScriptStruct::TCppStructOps<FPSCPool>::HasStructuredSerializer"
0xa9b3cf0,8,"UScriptStruct::TCppStructOps<FPSCPool>::HasNetSerializer"
0xa9b3d24,8,"UScriptStruct::TCppStructOps<FPSCPool>::IsPlainOldData"
0xa9b3de4,8,"UScriptStruct::TCppStructOps<FPSCPool>::ExportTextItem"
0xa9b3e60,8,"UScriptStruct::TCppStructOps<FPSCPool>::IsAbstract"
0xa9b3e80,12,"UScriptStruct::TCppStructOps<FPSCPoolElem>::Construct"
0xa9b3ef0,8,"UScriptStruct::TCppStructOps<FPSCPoolElem>::NetDeltaSerialize"
0xa9b3fd8,8,"UScriptStruct::TCppStructOps<FPSCPoolElem>::IsAbstract"
0xa9b3ff8,100,"UScriptStruct::TCppStructOps<FBroadphaseSettings>::Construct"
0xa9b4264,4,"UScriptStruct::TCppStructOps<FHierarchicalSimplification>::PostSerialize"
0xa9b44e0,12,"UScriptStruct::TCppStructOps<FHierarchicalSimplification>::Identical"
0xa9b46d8,8,"UScriptStruct::TCppStructOps<FNetViewer>::HasZeroConstructor"
0xa9b4724,8,"UScriptStruct::TCppStructOps<FNetViewer>::Serialize"
0xa9b4760,8,"UScriptStruct::TCppStructOps<FNetViewer>::HasPostScriptConstruct"
0xa9b47dc,8,"UScriptStruct::TCppStructOps<FNetViewer>::HasAddStructReferencedObjects"
0xa9b4840,8,"UScriptStruct::TCppStructOps<FNetViewer>::IsAbstract"
0xa9b4860,100,"UScriptStruct::TCppStructOps<FLightmassWorldInfoSettings>::Construct"
0xa9b4d9c,3864,"静态初始化器: 写入 0x0c67f378-0x0c67f5xx 一批 float 常量表"
0xa9ea7ec,436,"BuildPatchServices::FBuildPatchInstaller::PreExit 安装器退出钩子"
0xa9ecedc,36,""
0xa9ecf74,36,""
0xa9f107c,4332,"BuildPatchServices::FBuildPatchInstaller::RunBackupAndMove 安装备份/移动流程"
0xaa15df8,240,"BuildPatchServices::FBlockEntry::Chop"
0xaa16400,116,"BuildPatchServices::BlockStructureHelpers::HasIntersection"
0xaa165d4,32,"BuildPatchServices::HeaderHelpers::ZeroHeader"
0xaa16ae8,28,"BuildPatchServices::FChunkInfo::FChunkInfo"
0xaa16d9c,20,"BuildPatchServices::FChunkDatabaseHeader::FChunkDatabaseHeader"
0xaa16de0,8,"BuildPatchServices::FScopeLockedChunkData::GetHeader"
0xaa16de8,8,"BuildPatchServices::FScopeLockedChunkData::GetData"
0xaa16f34,24,"BuildPatchServices::ManifestVersionHelpers::FeatureLevelToManifestMetaVersion"
0xaa16f4c,36,"BuildPatchServices::ManifestDataHelpers::GetFullDataSize"
0xaa17060,32,"BuildPatchServices::FManifestHeader::FManifestHeader"
0xaa17080,952,"BuildPatchServices::operator<<"
0xaa18c08,648,"~FBuildPatchServicesModule 模块析构"
0xaa19e4c,720,""
0xaa1ba18,616,"FBuildPatchManifestSet::GetInstallResumeIds 断点续装ID"
0xaa1cfbc,104,"BuildPatchServices::FBuildPatchManifestSet::IsRepairOnly"
0xaa1d1b8,500,""
0xaa1e5b8,540,""
0xaa1f314,1024,"异步并行目录枚举 Async(I lambda)"
0xaa224b4,144,""
0xaa22a34,288,""
0xaa23248,152,""
0xaa23754,716,""
0xaa250e4,288,""
0xaa25938,352,""
0xaa268f0,152,""
0xaa26dd8,8,""
0xaa26eb8,176,""
0xaa272a8,8,""
0xaa272b0,8,""
0xaa272c8,8,""
0xaa272d0,152,""
0xaa27c80,380,""
0xaa288a0,564,""
0xaa2956c,272,""
0xaa29f9c,144,""
0xaa2a5d4,168,"TArray<BuildPatchServices::FFileManifest, TSizedDefaultAllocator<32> >::ResizeGrow"
0xaa2a834,488,""
0xaa2c154,288,""
0xaa2c774,12,""
0xaa2c788,8,""
0xaa2cbe4,4,""
0xaa2cc3c,244,""
0xaa2d5d4,548,"任务执行 ExecuteTask(BuildPatch 线程任务)"
0xaa2ea40,396,""
0xaa2f3d4,4,""
0xaa2f494,180,""
0xaa2f758,8,"TBaseRawMethodDelegateInstance ExecuteIfSafe 委托安全执行"
0xaa2f820,48,""
0xaa2f86c,16,""
0xaa2f974,4,""
0xaa2f978,8,""
0xaa2f990,16,""
0xaa2fa68,48,""
0xaa2fb64,8,""
0xaa2fb8c,320,""
0xaa30914,8,""
0xaa30980,56,""
0xaa30e10,336,"TPromiseBase<TTuple<FString, bool, FGuid> >::TPromiseBase"
0xaa31bac,8,""
0xaa31bc0,4,""
0xaa31d7c,180,""
0xaa320fc,764,""
0xaa3376c,168,"TArray<BuildPatchServices::ISpeedRecorder::FRecord, TSizedDefaultAllocator<32> >::ResizeGrow"
0xaa343c4,540,""
0xaa34f74,300,""
0xaa35974,288,""
0xaa36308,4,""
0xaa36604,180,""
0xaa36bf4,4,""
0xaa36c60,188,""
0xaa3765c,12,"FSHAHashData::FSHAHashData"
0xaa37680,12,"FChunkPartData::FChunkPartData"
0xaa3773c,344,""
0xaa384e8,2072,"FManifestUObject::LoadInternal"
0xaa48a00,232,"BuildPatchServices::FPatchDataEnumerationFactory::Create"
0xaa4a248,40,""
0xaa4a270,40,""
0xaa4a298,44,""
0xaa4a2c4,3108,"BuildPatchServices::FChunkDatabaseWriter::OutputWorkerThread"
0xaa603d4,2508,"BuildPatchServices::FManifestBuilder::GetChunkPartsForFile"
0xaa63c34,184,""
0xaa63cec,36,""
0xaa63d10,488,"BuildPatchServices::FPackageChunks::Run"
0xaa63ef8,36,""
0xaa63f1c,36,""
0xaa63f40,36,"BuildPatchServices::FPackageChunks::MakeOptimiseCompleteDelegate"
0xaa63f64,1028,"BuildPatchServices::FPackageChunks::HandleManifestSelection"
0xaa6629c,52,"BuildPatchServices::FChunkEvictionPolicyFactory::Create"
0xaa662d0,128,"BuildPatchServices::FDownloadConnectionCountFactory::Create"
0xaa66350,564,"BuildPatchServices::FCloudChunkSourceFactory::Create"
0xaa667b0,32,""
0xaa667d0,2704,"BuildPatchServices::FPackageChunks::OnPackageComplete"
0xaa6c208,704,"BuildPatchServices::FChunkReferenceTracker::GetNextReferences"
0xaa6d56c,36,""
0xaa6d5b8,24,"BuildPatchServices::FCloudChunkSource::SetPaused"
0xaa6d600,24,""
0xaa6d708,116,"BuildPatchServices::FCloudChunkSource::EnsureAquiring"
0xaa6d808,80,"BuildPatchServices::FCloudChunkSource::AddRepeatRequirement"
0xaa6df40,10672,"BuildPatchServices::FCloudChunkSource::ThreadRun 云下载工作线程(最大函数)"
0xacaf048,124,"dtNodePool::findNode"
0xacaf2b0,1172,"dtNavMeshQuery::appendPortals"
0xacb1a54,64,""
0xacb1ad4,2588,"dtNavMeshQuery::findPolysAroundCircle"
0xacb42f8,2436,"dtNavMeshQuery::getPolyWallSegments"
0xacb88d4,252,"dtCrowd::updateTopologyOptimization 人群拓扑优化"
0xacb8ed4,380,"dtCrowd::updateStepPaths 人群路径步进"
0xacb9f04,552,"dtCrowd::updateStepAvoidance 人群避障步进"
0xacba444,236,"dtCrowd::updateStepCorridor"
0xacba6f8,728,"dtCrowd::updateStepOffMeshVelocity 离网速度步进"
0xacbbd34,168,""
0xacbc15c,28,"dtLocalBoundary::dtLocalBoundary"
0xacbc178,4,""
0xacbc17c,28,"dtLocalBoundary::reset"
0xacbc198,272,"dtLocalBoundary::addSegment"
0xacbcd64,60,"dtSharedBoundary::HasSample"
0xacbcda0,132,"dtLocalBoundary::isValid"
0xacbceb0,16,"dtObstacleAvoidanceDebugData::dtObstacleAvoidanceDebugData"
0xacbcf10,204,"dtObstacleAvoidanceDebugData::init"
0xacbd06c,1164,"dtObstacleAvoidanceDebugData::normalizeSamples"
0xacbffe0,168,"dtPathCorridor::isValid"
0xacc04dc,428,"dtPathQueue::init"
0xacc0f90,140,"dtProximityGrid::getItemCountAt"
0xacc1450,308,"dtSharedBoundary::FindData"
0xacc1f54,76,""
0xacc2050,48,"dtTileCache::dtTileCache"
0xacc2124,84,"dtTileCache::getTileByRef"
0xacc248c,56,"dtTileCache::getTileRef"
0xacc26d8,460,"dtTileCache::removeTile"
0xacc3a78,428,""
0xacc7418,36,""
0xacc743c,40,""
0xacc7464,6000,"dtBuildTileCacheContours Detour 瓦片缓存轮廓构建"
0xacde13c,764,""
0xacde438,632,""
0xacde6b0,720,""
0xacde980,1696,""
0xacdf808,728,""
0xacdfec8,1828,""
0xace3afc,32,""
0xace3b1c,532,""
0xace3d30,104,""
0xace3d98,104,""
0xace3e00,124,""
0xace3e7c,244,""
0xace564c,340,""
0xace58f8,328,""
0xace6358,1828,""
0xace6a7c,4816,"未命名 Recast 光栅化/轮廓内部(用 rcIntArray)"
0xaceabb0,300,"FNavigationPath::FNavigationPath"
0xaceb254,408,"AAbstractNavData::FindPathAbstract"
0xaceba10,104,"UNavArea::UNavArea"
0xaceba78,48,"UNavArea::FinishDestroy"
0xacebc50,88,"UNavArea::PostLoad"
0xacebca8,84,"UNavArea::RegisterArea"
0xacebcfc,88,"UNavArea::PostInitProperties"
0xacebd54,232,"UNavigationSystemV1::RequestAreaRegistering"
0xacebf9c,120,"UNavArea_Default::UNavArea_Default"
0xacec084,116,"UNavArea_Null::UNavArea_Null"
0xacec3c4,280,"UNavAreaMeta_SwitchByAgent::UNavAreaMeta_SwitchByAgent"
0xacec6f4,236,"UNavigationSystemV1::GetSupportedAgentIndex"
0xacec9e8,1432,"UNavCollision::GatherCollision"
0xacef1e0,548,"UNavigationQueryFilter::InitializeFilter"
0xacefcb8,112,""
0xacefd34,20,"FNavGraphNode::FNavGraphNode"
0xacefddc,48,"ANavigationGraphNode::ANavigationGraphNode"
0xacf05d8,656,"FPathFindingQuery::FPathFindingQuery"
0xacf10a8,344,"FSupportedAreaData::FSupportedAreaData"
0xacf2454,216,"FNavigationPath::TickPathObservation"
0xacf2628,24,"ANavigationData::OnRegistered"
0xacf2760,156,"ANavigationData::UnregisterAndCleanUp"
0xacf28ac,228,"ANavigationData::CleanUpAndMarkPendingKill"
0xacf2c48,156,"ANavigationData::GetNavigableBoundsInLevel"
0xacf3304,212,"ANavigationData::OnNavAreaRemoved"
0xacf33d8,4,"ANavigationData::OnNavAreaChanged"
0xacf35f0,88,"ANavigationData::GetNewAreaID"
0xacf3648,68,"ANavigationData::IsAreaAssigned"
0xacf368c,68,"ANavigationData::GetAreaClass"
0xacf36f4,4,"ANavigationData::UpdateCustomLink"
0xacf3774,184,"ANavigationData::LogMemUsed"
0xacf3aa0,644,"FNavigationDirtyAreasController::AddArea"
0xacf4eb8,40,""
0xacf4f04,520,"FNavigationOctree::AddNode"
0xacf56e4,604,"FNavigationDataHandler::UpdateNavOctreeParentChain"
0xacf63b4,32,""
0xacf6aa4,216,"FNavigationOctreeController::GetMutableDataForObject"
0xacf6df8,36,""
0xacf6e1c,856,"FNavigationDataHandler::RemoveLevelCollisionFromOctree"
0xacf7cb4,36,""
0xacf7cdc,4,"FNavigationDirtyAreasController::OnNavigationBuildUnlocked"
0xacf7ce4,4,"FNavigationDirtyAreasController::SetCanReportOversizedDirtyArea"
0xacf7d0c,48,"UNavNodeInterface::UNavNodeInterface"
0xacf7f58,124,"UNavigationSystemV1::UnregisterNavigationInvoker"
0xacf8148,640,""
0xacf9270,388,""
0xacf9e4c,252,"FNavigationPath::GetSegmentDirection"
0xacfa200,56,"UNavigationPath::BeginDestroy"
0xacfa238,176,"UNavigationPath::SetPathPointsFromPath"
0xacfa5a0,60,"UNavigationPath::GetPathLength"
0xacfa620,12,"UNavigationPath::IsValid"
0xacfa62c,8,"UNavigationPath::IsStringPulled"
0xacfa9c4,64,"FNavigationSystem::FCustomLinkOwnerInfo::FCustomLinkOwnerInfo"
0xacfab4c,812,"FNavigationSystem::MakeAllComponentsNeverAffectNav"
0xacfd120,1656,""
0xad004d8,356,"UNavigationSystemV1::SetCrowdManager 人群管理器设置"
0xad015c4,1076,"UNavigationSystemV1::UpdateInvokers 导航invoker更新"
0xad03a58,248,"UNavigationSystemV1::GetPathLengthAndCost"
0xad04b68,12,"UNavigationSystemV1::GetNavDataForProps"
0xad04b74,12,"UNavigationSystemV1::GetNavDataForProps"
0xad04b80,992,"UNavigationSystemV1::GetNavDataForProps 主实现"
0xad069ec,468,"UNavigationSystemV1::UnregisterNavData"
0xad0777c,224,"UNavigationSystemV1::UnregisterNavAreaClass"
0xad07a04,4,"UNavigationSystemV1::DescribeFilterFlags"
0xad07ad0,512,"UNavigationSystemV1::CreateNavigationSystem 创建导航系统"
0xad08d08,228,"UNavigationSystemV1::OnComponentUnregistered"
0xad093d4,228,"UNavigationSystemV1::OnNavigationBoundsUpdated"
0xad09dd4,552,"UNavigationSystemV1::Build 导航构建入口"
0xad0b8fc,40,""
0xad0bae8,156,"UNavigationSystemV1::IsNavigationBuildInProgress"
0xad0bc28,44,""
0xad0c078,36,""
0xad0c108,156,"UNavigationSystemV1::DestroyNavOctree"
0xad0cee0,268,"UNavigationSystemV1::IsNavigationBeingBuilt"
0xad0d0f4,116,"UNavigationSystemV1::K2_ReplaceAreaInOctreeData"
0xad0d168,100,"UNavigationSystemV1::ShouldGeneratorRun"
0xad0d330,180,"UNavigationSystemV1::HandleCountNavMemCommand"
0xad0da64,528,"TActorIteratorBase<TActorIterator<ARecastNavMesh> >::operator++"
0xad0f058,36,""
0xad0f2f8,216,"UNavigationSystemV1::AppendConfig"
0xad0f8c0,1464,"NavigationHelper::DefaultNavLinkProcessorImpl"
0xad169b8,12,"FNavLinkRenderingProxy::GetTypeHash"
0xad169c4,760,"FNavLinkRenderingProxy::GetDynamicMeshElements"
0xad18c04,200,"FNavMeshPath::GeneratePathCorridorEdges"
0xad194cc,340,"FNavMeshPath::DoesIntersectBox"
0xad19c58,108,"FNavMeshRenderingHelpers::LineInCorrectDistance"
0xad1a47c,96,"FNavMeshRenderingHelpers::GetClusterColor 调试簇颜色(非战斗渲染)"
0xad1a4dc,28,"FNavMeshRenderingHelpers::DarkenColor 调试颜色减半"
0xad1a4f8,44,"FNavMeshRenderingHelpers::SemiDarkenColor 调试颜色半暗"
0xad1a524,144,"FNavMeshRenderingHelpers::AddVertex"
0xad1a970,504,"FNavMeshRenderingHelpers::AddRecastGeometry"
0xad1e464,328,""
0xad1f934,1332,"FNavMeshSceneProxy::DrawDebugBox 导航调试盒绘制(唯一 FPrimitiveDrawInterface 用户)"
0xad2149c,36,""
0xad2176c,4,"ANavigationData::BeginBatchQuery"
0xad21770,4,"ANavigationData::FinishBatchQuery"
0xad21774,48,"ANavigationData::BatchRaycast"
0xad217dc,92,"ANavigationData::GetRandomPoint"
0xad219b0,56,"ANavigationData::CalcPathLengthAndCost"
0xad21b10,36,""
0xad21ba8,4,"AAbstractNavData::BatchProjectPoints"
0xad21bd0,4,"AAbstractNavData::OnNavAreaAdded"
0xad21be8,40,""
0xad21d00,12,"FDerivedDataNavCollisionCooker::GetVersionString"
0xad21de8,8,"FDerivedDataNavCollisionCooker::IsBuildThreadsafe"
0xad21e40,64,""
0xad21f18,8,"FNavDataGenerator::LogMemUsed"
0xad21fb8,76,""
0xad22144,124,""
0xad2238c,12,"UNavigationSystemV1::ShouldDiscardSubLevelNavData"
0xad22414,4,""
0xad22420,36,""
0xad2248c,4,""
0xad2254c,8,"UNavLinkComponent::ShouldRecreateProxyOnUpdateTransform"
0xad2261c,8,""
0xad22684,104,""
0xad22940,4,"UNavLinkCustomComponent::_getUObject"
0xad2294c,40,""
0xad229b4,8,""
0xad22a18,8,""
0xad22ac8,88,""
0xad22ca0,64,"FNavMeshPath::ContainsNode"
0xad22d5c,216,"FNavMeshSceneProxy::GetMemoryFootprint"
0xad2315c,860,""
0xad24da8,4,""
0xad24dc4,8,""
0xad24e70,12,""
0xad24e9c,4,""
0xad24eb8,8,""
0xad24ec0,8,""
0xad24f64,12,""
0xad24f94,8,""
0xad24fac,8,""
0xad24fbc,144,""
0xad2519c,8,""
0xad251a4,8,""
0xad25244,172,""
0xad25480,208,""
0xad258dc,144,""
0xad25b34,28,""
0xad25c0c,8,""
0xad25e48,8,""
0xad25e58,8,""
0xad25e70,156,""
0xad26254,12,""
0xad26294,8,""
0xad262a4,8,""
0xad2635c,8,""
0xad2636c,8,""
0xad2637c,8,""
0xad26420,32,""
0xad26510,8,""
0xad26520,8,""
0xad26624,112,""
0xad26a24,260,""
0xad2714c,24,""
0xad27168,24,""
0xad272a0,8,""
0xad272b0,8,""
0xad272c8,156,""
0xad27730,176,"TArray<FNavPathRecalculationRequest, TSizedDefaultAllocator<32> >::ResizeShrink"
0xad27ccc,240,""
0xad28658,396,""
0xad291d0,536,""
0xad2a8f0,164,""
0xad2a9a0,8,""
0xad2aa00,32,""
0xad2aacc,80,""
0xad2aba0,44,""
0xad2aeb8,168,"TArray<FAsyncPathFindingQuery, TSizedDefaultAllocator<32> >::ResizeTo"
0xad2b118,96,""
0xad2b3d0,4,""
0xad2b3dc,8,""
0xad2b500,64,""
0xad2b630,164,""
0xad2bda8,104,""
0xad2bebc,36,""
0xad2c160,356,""
0xad2d1dc,152,""
0xad2d490,792,""
0xad2e754,344,""
0xad2f058,296,""
0xad2fb24,288,""
0xad30980,272,""
0xad310cc,240,""
0xad31554,40,"FStaticallyLinkedModuleRegistrant<FNavigationSystemModule>::InitializeModule"
0xad315b0,164,""
0xad3192c,32,""
0xad31aa4,108,""
0xad31fdc,180,""
0xad32554,144,"TArray<FDebugRenderSceneProxy::FDebugLine, TSizedDefaultAllocator<32> >::ResizeGrow"
0xad32fe8,164,"TArray<FMeshBatchElement, TSizedDefaultAllocator<32> >::ResizeTo"
0xad33f40,196,"FNavTestSceneProxy::GatherPathStep"
0xad350f4,52,"UNavTestRenderingComponent::CreateSceneProxy"
0xad352d4,4,"UNavTestRenderingComponent::DestroyRenderState_Concurrent"
0xad353bc,12,"FRecastQueryFilter::SetIsVirtual"
0xad353fc,28,"FRecastQueryFilter::SetAreaCost"
0xad35424,32,"FRecastQueryFilter::SetExcludedArea"
0xad3554c,12,"FRecastQueryFilter::SetBacktrackingEnabled"
0xad35558,12,"FRecastQueryFilter::SetShouldIgnoreClosedNodes"
0xad3556c,8,"FRecastQueryFilter::GetHeuristicScale"
0xad35594,8,"FRecastQueryFilter::SetIncludeFlags"
0xad35624,52,"FPImplRecastNavMesh::FPImplRecastNavMesh"
0xad36464,1752,"FPImplRecastNavMesh::GetNavMeshTilesIn"
0xad3c6fc,672,"FPImplRecastNavMesh::ProjectPointMulti"
0xad3d78c,304,"FPImplRecastNavMesh::GetPolyVerts"
0xad3dc90,580,"FPImplRecastNavMesh::GetPolyEdges"
0xad3e80c,1592,"FPImplRecastNavMesh::GetDebugPolyEdges"
0xad41264,4,""
0xad4135c,272,"FRecastNavMeshGenerationProperties::FRecastNavMeshGenerationProperties"
0xad41a34,328,"ARecastNavMesh::TestPath"
0xad41d84,376,"ARecastNavMesh::NavMeshRaycast"
0xad4205c,40,""
0xad42904,36,""
0xad42c70,4,"ARecastNavMesh::RequestDrawingUpdate"
0xad42c74,92,"URecastNavMeshDataChunk::NeedAttachTiles"
0xad42d68,44,""
0xad42dfc,36,""
0xad43064,48,""
0xad4314c,236,"ARecastNavMesh::PostRegisterAllComponents"
0xad43670,364,""
0xad4472c,172,"ARecastNavMesh::SerializeRecastNavMesh"
0xad44d30,20,"ARecastNavMesh::BeginBatchQuery"
0xad44d44,16,"ARecastNavMesh::FinishBatchQuery"
0xad44d54,100,"ARecastNavMesh::GetNavMeshBounds"
0xad44f70,188,"ARecastNavMesh::GetNavMeshTileXY"
0xad454f0,28,"ARecastNavMesh::RemoveTileCacheLayers"
0xad4558c,232,"ARecastNavMesh::GetTileCacheLayers"
0xad45f60,1052,"ARecastNavMesh::GetPolysInBox"
0xad475b4,932,"ARecastNavMesh::CalcPathLengthAndCost"
0xad48508,16,"ARecastNavMesh::GetPolyVerts"
0xad48714,364,"ARecastNavMesh::SetPolyArrayArea"
0xad48fc8,76,"ARecastNavMesh::GetPolyTileIndex"
0xad49138,368,"ARecastNavMesh::GetPolysWithinPathingDistance"
0xad498f0,44,""
0xad49a38,384,"ARecastNavMesh::OnBoundingVolumeRemoved"
0xad4a560,812,"ARecastNavMesh::NavMeshRaycast"
0xad4c9e4,344,"FRecastNavMeshCachedData::OnAreaAdded"
0xad4ce20,36,""
0xad4ce68,584,"URecastNavMeshDataChunk::Serialize"
0xad4e574,48,""
0xad4e5c8,80,""
0xad4e640,8,"URecastNavMeshDataChunk::GetNumTiles"
0xad4e654,520,"TArray<FRecastTileData, TSizedDefaultAllocator<32> >::Reset"
0xad4ef30,960,"RecastGeometryExport::ExportPxConvexMesh"
0xad528f0,956,"FRecastGeometryExport::ExportPxTriMesh16Bit"
0xad5492c,184,""
0xad549e4,36,""
0xad5530c,32,"FRecastNavMeshGenerator::GatherGeometryOnGameThread"
0xad5532c,336,"FRecastTileGenerator::GatherGeometry"
0xad5547c,384,"FRecastTileGenerator::PrepareGeometrySources"
0xad555fc,684,"FRecastTileGenerator::GetUsedMemCount"
0xad55ce0,484,"FRecastTileGenerator::GenerateTileTimeSliced"
0xad560a4,236,"FRecastTileGenerator::DoWork"
0xad562cc,388,"FRecastTileGenerator::GenerateTile"
0xad56894,344,""
0xad56c48,156,"FRecastTileGenerator::HasVoxelCache"
0xad56fa4,240,"FRecastTileGenerator::AddVoxelCache"
0xad575e8,1296,"FRecastTileGenerator::ApplyVoxelFilter"
0xad591e4,912,"FRecastTileGenerator::GenerateNavigationData"
0xad5b704,1812,"FRecastTileGenerator::MarkDynamicAreas"
0xad5fa30,48,""
0xad5fbd0,512,"FRecastNavMeshGenerator::EnsureBuildCompletion"
0xad604e8,72,"FRecastNavMeshGenerator::RebuildDirtyAreas"
0xad60760,108,"FRecastNavMeshGenerator::IsInActiveSet"
0xad607cc,300,"FRecastNavMeshGenerator::ResetTimeSlicedTileGeneratorSync"
0xad61a60,864,"FRecastNavMeshGenerator::AddGeneratedTiles"
0xad64ce0,3540,"FRecastNavMeshGenerator::ExportRigidBodyGeometry"
0xad72288,120,""
0xad724ec,4,"INavRelevantInterface::GetNavigationData"
0xad724f0,160,""
0xad72960,4,"ANavModifierVolume::_getUObject"
0xad729a4,72,""
0xad72b54,8,""
0xad72c78,88,""
0xad732c0,76,""
0xad73424,8,""
0xad734ec,192,""
0xad7396c,76,""
0xad73a70,56,""
0xad73b98,4,""
0xad73ba0,192,""
0xad74038,12,"UNavArea::Serialize"
0xad7404c,192,""
0xad744c0,192,"UNavArea_LowHeight::StaticClass"
0xad74a4c,8,""
0xad74b14,76,"UNavArea_Null::UNavArea_Null"
0xad74ec8,76,"UNavArea_Obstacle::UNavArea_Obstacle"
0xad751a8,12,""
0xad751b4,8,""
0xad752cc,4,"UNavAreaMeta_SwitchByAgent::StaticRegisterNativesUNavAreaMeta_SwitchByAgent"
0xad75390,192,"UNavAreaMeta_SwitchByAgent::StaticClass"
0xad75834,76,""
0xad75be0,192,""
0xad76000,16,"Z_Construct_UClass_ANavigationData_Statics::NewProp_bEnableDrawing_SetBit"
0xad76020,16,"Z_Construct_UClass_ANavigationData_Statics::NewProp_bAutoDestroyWhenNoNavigation_SetBit"
0xad76060,192,"ANavigationData::GetPrivateStaticClass"
0xad76918,4,"ANavigationGraphNode::StaticRegisterNativesANavigationGraphNode"
0xad76a9c,76,""
0xad76ae8,192,"ANavigationGraphNode::GetPrivateStaticClass"
0xad77118,192,"UNavigationInvokerComponent::StaticClass"
0xad778f4,180,"UNavigationPath::StaticClass"
0xad77e48,4,""
0xad77e50,192,""
0xad78344,16,"Z_Construct_UScriptStruct_FNavigationFilterFlags_Statics::NewProp_bNavFlag2_SetBit"
0xad78394,16,"Z_Construct_UScriptStruct_FNavigationFilterFlags_Statics::NewProp_bNavFlag7_SetBit"
0xad783f4,16,"Z_Construct_UScriptStruct_FNavigationFilterFlags_Statics::NewProp_bNavFlag13_SetBit"
0xad784d8,92,""
0xad78c7c,224,"UNavigationSystemV1::execSimpleMoveToActor"
0xad79560,168,"UNavigationSystemV1::execUnregisterNavigationInvoker"
0xad79a88,536,"UNavigationSystemV1::execFindPathToActorSynchronously"
0xad7ad14,76,""
0xad7aeb8,76,""
0xad7b040,12,"Z_Construct_UFunction_UNavigationSystemV1_IsNavigationBeingBuiltOrLocked_Statics::NewProp_ReturnValue_SetBit"
0xad7b0a4,76,""
0xad7b398,76,""
0xad7b590,16,"Z_Construct_UClass_UNavigationSystemV1_Statics::NewProp_bShouldDiscardSubLevelNavData_SetBit"
0xad7b5e0,16,"Z_Construct_UClass_UNavigationSystemV1_Statics::NewProp_bGenerateNavigationOnlyAroundNavigationInvokers_SetBit"
0xad7ba00,4,"UNavigationSystemModuleConfig::StaticRegisterNativesUNavigationSystemModuleConfig"
0xad7bb94,16,"Z_Construct_UClass_UNavigationSystemModuleConfig_Statics::NewProp_bCreateOnClient_SetBit"
0xad7bcd0,12,""
0xad7bce4,192,""
0xad7c298,192,"TClassCompiledInDefer<UNavArea_Default>::Register"
0xad7c760,4,""
0xad7c7f0,8,"UScriptStruct::TCppStructOps<FNavCollisionBox>::Serialize"
0xad7c824,8,"UScriptStruct::TCppStructOps<FNavCollisionBox>::HasNetDeltaSerializer"
0xad7c850,44,"UScriptStruct::TCppStructOps<FNavCollisionBox>::Copy"
0xad7c998,8,"UScriptStruct::TCppStructOps<FNavCollisionCylinder>::Serialize"
0xad7c9e8,8,"UScriptStruct::TCppStructOps<FNavCollisionCylinder>::IsPlainOldData"
0xad7ca38,8,"UScriptStruct::TCppStructOps<FNavCollisionCylinder>::HasExportTextItem"
0xad7ca74,8,"UScriptStruct::TCppStructOps<FNavCollisionCylinder>::HasStructuredSerializeFromMismatchedTag"
0xad7cb88,12,"TClassCompiledInDefer<UNavCollision>::ClassPackage"
0xad7cc04,8,"UScriptStruct::TCppStructOps<FSupportedAreaData>::HasStructuredSerializer"
0xad7cc28,8,"UScriptStruct::TCppStructOps<FSupportedAreaData>::HasNetSerializer"
0xad7cc58,4,"UScriptStruct::TCppStructOps<FSupportedAreaData>::PostScriptConstruct"
0xad7cd10,12,"UScriptStruct::TCppStructOps<FSupportedAreaData>::Identical"
0xad7cd70,8,"UScriptStruct::TCppStructOps<FSupportedAreaData>::HasGetTypeHash"
0xad7cdac,192,"TClassCompiledInDefer<ANavigationData>::Register"
0xad7d258,8,"UScriptStruct::TCppStructOps<FNavGraphEdge>::HasGetTypeHash"
0xad7d42c,192,"TClassCompiledInDefer<UNavigationGraphNodeComponent>::Register"
0xad7d8f4,8,"UScriptStruct::TCppStructOps<FNavigationFilterFlags>::HasGetTypeHash"
0xad7d958,20,"UScriptStruct::TCppStructOps<FNavigationFilterArea>::ConstructForTests"
0xad7d9bc,8,"UScriptStruct::TCppStructOps<FNavigationFilterArea>::HasNetDeltaSerializer"
0xad7da28,8,"UScriptStruct::TCppStructOps<FNavigationFilterArea>::HasExportTextItem"
0xad7da7c,8,"UScriptStruct::TCppStructOps<FNavigationFilterArea>::HasGetTypeHash"
0xad7dc3c,12,"TClassCompiledInDefer<UNavigationSystemV1>::ClassPackage"
0xad7ed4c,12,""
0xad7eda8,192,""
0xad7f3f0,192,""
0xad7f7ac,12,""
0xad7f868,4,"UNavLinkCustomComponent::StaticRegisterNativesUNavLinkCustomComponent"
0xad7f92c,192,"UNavLinkCustomComponent::StaticClass"
0xad7ffa0,192,"UNavLinkCustomInterface::GetPrivateStaticClass"
0xad806d0,12,""
0xad807a4,64,"UNavLinkRenderingComponent::UNavLinkRenderingComponent"
0xad80a80,188,""
0xad811ac,8,""
0xad81364,188,"UNavModifierComponent::StaticRegisterNativesUNavModifierComponent"
0xad81b1c,192,""
0xad822c0,12,"Z_Construct_UFunction_UNavRelevantComponent_SetNavigationRelevancy_Statics::NewProp_bRelevant_SetBit"
0xad822cc,76,""
0xad826b8,4,"ANavSystemConfigOverride::StaticRegisterNativesANavSystemConfigOverride"
0xad826bc,192,""
0xad82dc4,64,"UNavTestRenderingComponent::UNavTestRenderingComponent"
0xad83098,8,""
0xad8315c,48,"URecastFilter_UseDefaultArea::URecastFilter_UseDefaultArea"
0xad8339c,124,""
0xad839e0,16,"Z_Construct_UClass_ARecastNavMesh_Statics::NewProp_bDrawDefaultPolygonCost_SetBit"
0xad83a30,16,"Z_Construct_UClass_ARecastNavMesh_Statics::NewProp_bDrawClusters_SetBit"
0xad83a90,16,"Z_Construct_UClass_ARecastNavMesh_Statics::NewProp_bSortNavigationAreasByCost_SetBit"
0xad83ae0,16,"Z_Construct_UClass_ARecastNavMesh_Statics::NewProp_bFilterLowSpanSequences_SetBit"
0xad83b30,16,"Z_Construct_UClass_ARecastNavMesh_Statics::NewProp_bUseVirtualFilters_SetBit"
0xad83cf4,80,"ARecastNavMesh::ARecastNavMesh"
0xad83fe4,8,""
0xad840ec,4,"ARecastNavMesh::GetBounds"
0xad84294,8,"UScriptStruct::TCppStructOps<FNavLinkCustomInstanceData>::HasNoopConstructor"
0xad84340,8,"UScriptStruct::TCppStructOps<FNavLinkCustomInstanceData>::HasSerializer"
0xad84358,8,"UScriptStruct::TCppStructOps<FNavLinkCustomInstanceData>::Serialize"
0xad84374,8,"UScriptStruct::TCppStructOps<FNavLinkCustomInstanceData>::HasNetSharedSerialization"
0xad843b0,88,"UScriptStruct::TCppStructOps<FNavLinkCustomInstanceData>::Copy"
0xad847dc,188,"TClassCompiledInDefer<UNavLinkTrivial>::Register"
0xad84d60,12,"TClassCompiledInDefer<UNavRelevantComponent>::ClassPackage"
0xad84e38,192,"TClassCompiledInDefer<UNavTestRenderingComponent>::Register"
0xad86588,56,"UAudioAnalyzerNRT::GetSettings"
0xad86a7c,44,""
0xad86ad4,4,""
0xad86af0,16,""
0xad86c10,4,""
0xad86f90,4,""
0xad86fe0,4,""
0xad86fe8,184,""
0xad87384,4,""
0xad8738c,192,""
0xad87798,192,"UAudioAnalyzerNRT::GetPrivateStaticClass"
0xad87b20,184,"TClassCompiledInDefer<UAudioAnalyzerAsset>::Register"
0xad88448,104,"UGameplayTask::PerformActivation"
0xad887ac,112,"UGameplayTask::GetOwnerActor"
0xad889d4,196,"UGameplayTask::OnDestroy"
0xad88f0c,4,"UGameplayTask::Activate"
0xad88f48,224,"UGameplayTask::Resume"
0xad89650,24,"UGameplayTasksComponent::FEventLock::FEventLock"
0xad896a0,548,"UGameplayTasksComponent::ProcessTaskEvents"
0xad8aa1c,272,"UGameplayTasksComponent::AddTaskToPriorityQueue"
0xad8c2e8,4,""
0xad8c368,32,"UGameplayTask_ClaimResource::ClaimResource"
0xad8c388,380,"UGameplayTask_ClaimResource::ClaimResource"
0xad8cf24,20,"UGameplayTask_TimeLimitedExecution::OnGameplayTaskActivated"
0xad8d028,220,""
0xad8d684,92,"UGameplayTask_WaitDelay::GetDebugString"
0xad8d714,4,"UGameplayTask::TickTask"
0xad8d728,8,""
0xad8d89c,100,""
0xad8db10,76,""
0xad8dc98,152,""
0xad8df7c,8,""
0xad8e064,48,""
0xad8e0e8,36,""
0xad8e268,8,""
0xad8e2e0,164,""
0xad8eb10,12,""
0xad8eb68,124,"FGameplayResourceSet::StaticStruct"
0xad8efcc,192,""
0xad8f768,184,""
0xad8fa84,12,""
0xad8fbac,4,""
0xad8fbfc,248,"UGameplayTask_SpawnActor::execFinishSpawningActor"
0xad90210,76,""
0xad90434,76,""
0xad905f8,76,""
0xad90894,8,""
0xad9089c,192,""
0xad90fc0,88,"UGameplayTask_WaitDelay::UGameplayTask_WaitDelay"
0xad911ec,56,""
0xad9131c,4,""
0xad913dc,16,"Z_Construct_UClass_UGameplayTaskResource_Statics::NewProp_bManuallySetID_SetBit"
0xad914f0,12,""
0xad91504,184,""
0xad91c94,192,""
0xad920d8,8,"UGameplayTasksComponent::GetGameplayTaskAvatar"
0xad92110,8,""
0xad92150,8,""
0xad92198,4,""
0xad921f0,4,"UScriptStruct::TCppStructOps<FGameplayResourceSet>::PostSerialize"
0xad9221c,8,"UScriptStruct::TCppStructOps<FGameplayResourceSet>::HasPostScriptConstruct"
0xad922d4,8,"UScriptStruct::TCppStructOps<FGameplayResourceSet>::HasIdentical"
0xad92310,12,"UScriptStruct::TCppStructOps<FGameplayResourceSet>::AddStructReferencedObjects"
0xad92364,8,"UScriptStruct::TCppStructOps<FGameplayResourceSet>::GetComputedPropertyFlags"
0xad924b4,192,"TClassCompiledInDefer<UGameplayTask_ClaimResource>::Register"
0xad93190,136,"UPawnAction::GetWorld"
0xad937a4,28,"UPawnAction::SetFinishResult"
0xad93848,8,"UPawnAction::SetInstigator"
0xad9389c,164,"UPawnAction::Activate"
0xad93a90,412,"UPawnActionsComponent::PushAction"
0xad94628,180,"UPawnAction_Move::ClearTimers"
0xad94cd0,736,"UPawnAction_Move::RequestMove"
0xad96140,24,"UPawnAction_Repeat::Start"
0xad962d4,112,"UPawnAction_Repeat::OnChildFinished"
0xad96650,24,"UPawnAction_Sequence::Start"
0xad96668,248,"UPawnAction_Sequence::PushNextActionCopy"
0xad96bc8,76,"UPawnAction_Wait::Pause"
0xad96cdc,28,"FPawnActionStack::Pause"
0xad96e8c,148,"UPawnActionsComponent::UPawnActionsComponent"
0xad97fc8,228,"UPawnActionsComponent::UpdateAILogicLock"
0xad984dc,132,"UPawnActionsComponent::K2_PerformAction"
0xad988fc,64,"AAIController::Tick"
0xad98aa4,84,"AAIController::Reset"
0xad98af8,640,"AAIController::DisplayDebug"
0xad9b488,36,"FAIMoveRequest::UpdateGoalLocation"
0xad9b4ac,1732,"AAIController::BuildPathfindingQuery"
0xad9f330,384,"FAIResourceSetup::FAIResourceSetup"
0xada0268,56,"UBehaviorTreeComponent::StartLogic"
0xada03f0,96,"UBehaviorTreeComponent::RestartLogic"
0xada0a4c,544,"UBehaviorTreeComponent::ResumeLogic"
0xada2eec,120,"UBehaviorTreeComponent::RequestExecution"
0xada358c,92,"UBehaviorTreeComponent::IsAuxNodeActive"
0xada38d0,284,"UBehaviorTreeComponent::RequestExecution"
0xada4818,92,"UBTAuxiliaryNode::GetMyNode"
0xada4984,84,"FBehaviorTreeInstance::AddToActiveAuxNodes"
0xada4a34,20,"FBehaviorTreeInstance::MarkParallelTaskAsAbortingAt"
0xada4cec,300,"UBTAuxiliaryNode::WrappedTickNode"
0xada6250,568,"UBehaviorTreeComponent::ProcessPendingExecution"
0xada7158,200,"UBehaviorTreeComponent::CopyInstanceMemoryFromPersistent"
0xada7998,588,"UBehaviorTreeComponent::RegisterMessageObserver"
0xada9508,200,"UBehaviorTreeComponent::GetTagCooldownEndTime"
0xada9764,348,""
0xadab028,976,"UBehaviorTreeManager::DumpUsageStats"
0xadad8d0,104,""
0xadada48,2032,""
0xadc2fdc,4,""
0xadc3068,164,""
0xadc405c,136,""
0xadc4748,168,"TArray<FBehaviorTreeTemplateInfo, TSizedDefaultAllocator<32> >::ResizeGrow"
0xadc4ac8,176,"TArray<FBehaviorTreeSearchUpdate, TSizedDefaultAllocator<32> >::ResizeShrink"
0xadc5a24,288,""
0xadc66c4,288,""
0xadc6c34,72,""
0xadc6d64,176,"UBTNode::GetWorld"
0xadc74e4,108,""
0xadc7a60,148,"UBTNode::GetBTComponentForTask"
0xadc7d94,200,"UBTService::GetStaticServiceDescription"
0xadc83dc,56,"UBTTaskNode::FinishLatentTask"
0xadc8688,232,"UBTComposite_Sequence::UBTComposite_Sequence"
0xadc99cc,84,"UBTDecorator_Blackboard::OnBlackboardKeyValueChange"
0xadc9c08,200,"UBTDecorator_BlackboardBase::InitializeFromAsset"
0xadca564,80,"UBTDecorator_BlueprintBase::OnBlackboardKeyValueChange"
0xadca888,52,"UBTDecorator_BlueprintBase::CalculateRawConditionValue"
0xadcab04,408,"UBTDecorator_CheckGameplayTagsOnActor::UBTDecorator_CheckGameplayTagsOnActor"
0xadcbd8c,376,"UBTDecorator_ConeCheck::TickNode"
0xadcc4d8,200,"UBTDecorator_Cooldown::GetStaticDescription"
0xadcd710,72,"FAIDataProviderValue::BindData"
0xadcda2c,292,"UBTDecorator_IsBBEntryOfClass::UBTDecorator_IsBBEntryOfClass"
0xadce74c,312,"UBTDecorator_KeepInCone::GetStaticDescription"
0xadcf078,8,"UBTDecorator_Loop::GetInstanceMemorySize"
0xadcf18c,48,"UBTDecorator_ReachedMoveGoal::CalculateRawConditionValue"
0xadcf2f8,152,"UBTDecorator_SetTagCooldown::GetStaticDescription"
0xadcf4fc,116,"UBTDecorator_TagCooldown::HasCooldownFinished"
0xadcfa74,120,"UBTDecorator_TimeLimit::OnNodeActivation"
0xadd01e0,92,"UBTService_BlueprintBase::OnBecomeRelevant"
0xadd0580,824,"UBTService_BlueprintBase::GetStaticServiceDescription"
0xadd2a0c,108,"UBTTask_BlueprintBase::SetOwner"
0xadd2c24,180,"UBTTask_BlueprintBase::FinishExecute"
0xadd3194,184,"UBTTask_FinishWithResult::GetStaticDescription"
0xadd3bc0,188,"UBTTask_MoveDirectlyToward::InitializeFromAsset"
0xadd48e8,192,"UBTTask_MoveTo::OnMessage"
0xadd4f44,8,"UBTTask_MoveTo::GetInstanceMemorySize"
0xadd4f4c,288,"UBTTask_PawnActionBase::UBTTask_PawnActionBase"
0xadd5994,32,"UBTTask_PlayAnimation::CleanUp"
0xadd5ca4,248,"UBTTask_PlaySound::GetStaticDescription"
0xadd6b88,732,"UBTTask_RotateToFaceBBEntry::TickTask"
0xadd8618,424,"UBTTask_RunEQSQuery::GetStaticDescription"
0xadd9198,252,"UBTTask_Wait::DescribeRuntimeValues"
0xadd9d74,1480,"UAIBlueprintHelperLibrary::CreateMoveToProxyObject"
0xade028c,4,"FEnvQueryDebugData::PrepareOption"
0xade0290,556,"FEnvQueryDebugProfileData::Add"
0xade1fd8,1204,"FEnvQueryInstance::FinalizeGeneration"
0xade3f48,392,"FEnvQueryResult::GetItemAsLocation"
0xade4e5c,200,"UEnvQueryManager::RunQuery"
0xade5388,556,"UEnvQueryManager::RunQuery"
0xade7c3c,44,""
0xade7c68,816,"UEnvQueryManager::FindQueryTemplate"
0xade8fec,84,"UEnvQueryTest::GetItemLocation"
0xade90c4,44,"UEnvQueryTest::PostLoad"
0xadee774,64,"UEnvQueryTest::SetWorkOnFloatValues"
0xadee7b4,4,"UEnvQueryTest::UpdatePreviewData"
0xadee954,524,""
0xadef274,440,""
0xadef7f0,600,""
0xadf07d4,1348,"FEQSHelpers::RunNavProjection"
0xadf4890,28,"FEnvTraceData::SetGeometryOnly"
0xadf48ac,28,"FEnvTraceData::SetNavmeshOnly"
0xadf48c8,76,"FEnvTraceData::OnPostLoad"
0xadf4914,280,"FEQSHelpers::FindNavigationDataForQuery"
0xadf4a2c,160,"FEnvQueryInstance::FEnvQueryInstance"
0xadf4acc,120,"FEnvQueryInstance::FEnvQueryInstance"
0xadf4e60,496,""
0xadf5220,836,""
0xadf5e78,12,"FEQSSceneProxy::GetTypeHash"
0xadf5e84,496,"FEQSSceneProxy::FEQSSceneProxy"
0xadf64e8,48,"UEQSQueryResultSourceInterface::UEQSQueryResultSourceInterface"
0xadf6710,8,""
0xadf6c5c,476,"AEQSTestingPawn::PostLoad"
0xadf75dc,1992,"UEnvQueryGenerator_ActorsOfClass::GetDescriptionTitle"
0xadfb524,156,""
0xadfb7cc,216,""
0xadfbd34,160,""
0xadfc0fc,116,""
0xadfc5e0,116,""
0xadfc948,80,""
0xadfcad4,8,"UBrainComponent::GetDebugInfoString"
0xadfcadc,4,"UBrainComponent::Cleanup"
0xadfcae4,8,""
0xadfcb1c,40,""
0xadfcc0c,36,""
0xadfcd24,36,""
0xadfcf50,264,""
0xadfd614,88,""
0xadfd9f0,188,""
0xadfdcac,64,""
0xadfdecc,116,""
0xadfe218,124,""
0xadfe860,572,""
0xadff3ac,44,""
0xadff510,100,""
0xadff764,8,""
0xadff7c4,32,""
0xadffa78,4,""
0xadffa88,8,""
0xadffb08,164,""
0xadffe54,8,""
0xadffebc,32,""
0xae00010,8,""
0xae0004c,36,""
0xae001f8,8,""
0xae0023c,36,""
0xae003dc,8,""
0xae003ec,8,""
0xae00464,164,""
0xae00988,76,""
0xae00cc0,168,"TArray<FEnvQueryDebugProfileData::FOptionStat, TSizedDefaultAllocator<32> >::ResizeGrow"
0xae01180,512,""
0xae022dc,4,""
0xae022e8,8,""
0xae02368,164,""
0xae0280c,288,""
0xae032d4,452,""
0xae04064,168,"TArray<FRayStartEnd, TSizedDefaultAllocator<32> >::ResizeGrow"
0xae04554,140,"TArray<FDebugRenderSceneProxy::FText3d, TSizedDefaultAllocator<32> >::ResizeForCopy"
0xae04870,192,"UEnvQueryGenerator_BlueprintBase::GenerateItems"
0xae05acc,152,"UEnvQueryGenerator_Composite::IsValidGenerator"
0xae05e80,112,"UEnvQueryGenerator_Cone::BindDataToDataProviders"
0xae067c4,2328,"UEnvQueryGenerator_Cone::GetDescriptionDetails"
0xae0f4b0,4,"UEnvQueryTest_Distance::GetDescriptionDetails"
0xae68888,4,"UAITask::StaticRegisterNativesUAITask"
0xae6894c,192,"UAITask::StaticClass"
0xae68cec,192,"UAITask_LockLogic::StaticClass"
0xae69014,844,"UAITask_MoveTo::execAIMoveTo"
0xae6abc0,12,"TClassCompiledInDefer<UAIPerceptionSystem>::ClassPackage"
0xae6abd0,8,"UScriptStruct::TCppStructOps<FAISenseAffiliationFilter>::HasNoopConstructor"
0xae6abd8,8,"UScriptStruct::TCppStructOps<FAISenseAffiliationFilter>::HasZeroConstructor"
0xae6ac00,8,"UScriptStruct::TCppStructOps<FAISenseAffiliationFilter>::HasDestructor"
0xae6ac08,4,"UScriptStruct::TCppStructOps<FAISenseAffiliationFilter>::Destruct"
0xae6ac1c,8,"UScriptStruct::TCppStructOps<FAISenseAffiliationFilter>::Serialize"
0xae6ac34,4,"UScriptStruct::TCppStructOps<FAISenseAffiliationFilter>::PostSerialize"
0xae6ac58,8,"UScriptStruct::TCppStructOps<FAISenseAffiliationFilter>::NetDeltaSerialize"
0xae6ac68,4,"UScriptStruct::TCppStructOps<FAISenseAffiliationFilter>::PostScriptConstruct"
0xae6ac7c,28,"UScriptStruct::TCppStructOps<FAISenseAffiliationFilter>::Copy"
0xae6accc,8,"UScriptStruct::TCppStructOps<FAISenseAffiliationFilter>::HasAddStructReferencedObjects"
0xae6acf8,8,"UScriptStruct::TCppStructOps<FAISenseAffiliationFilter>::StructuredSerializeFromMismatchedTag"
0xae6ad28,8,"UScriptStruct::TCppStructOps<FAISenseAffiliationFilter>::GetComputedPropertyFlags"
0xae6ad48,8,"UScriptStruct::TCppStructOps<FAIStimulus>::HasZeroConstructor"
0xae6af38,4,"UScriptStruct::TCppStructOps<FAIStimulus>::Destruct"
0xae6af3c,8,"UScriptStruct::TCppStructOps<FAIStimulus>::HasSerializer"
0xae6af5c,8,"UScriptStruct::TCppStructOps<FAIStimulus>::HasPostSerialize"
0xae6af68,8,"UScriptStruct::TCppStructOps<FAIStimulus>::HasNetSerializer"
0xae6af88,8,"UScriptStruct::TCppStructOps<FAIStimulus>::NetDeltaSerialize"
0xae6af98,4,"UScriptStruct::TCppStructOps<FAIStimulus>::PostScriptConstruct"
0xae6afac,76,"UScriptStruct::TCppStructOps<FAIStimulus>::Copy"
0xae6b058,8,"UScriptStruct::TCppStructOps<FAIStimulus>::StructuredSerializeFromMismatchedTag"
0xae6b088,8,"UScriptStruct::TCppStructOps<FAIStimulus>::GetComputedPropertyFlags"
0xae6b098,4,""
0xae6b168,192,"TClassCompiledInDefer<UAIResource_Movement>::Register"
0xae6b508,4,""
0xae6b52c,8,"UScriptStruct::TCppStructOps<FAIDamageEvent>::HasDestructor"
0xae6b538,8,"UScriptStruct::TCppStructOps<FAIDamageEvent>::HasSerializer"
0xae6b558,8,"UScriptStruct::TCppStructOps<FAIDamageEvent>::HasPostSerialize"
0xae6b56c,8,"UScriptStruct::TCppStructOps<FAIDamageEvent>::HasNetSharedSerialization"
0xae6b584,8,"UScriptStruct::TCppStructOps<FAIDamageEvent>::NetDeltaSerialize"
0xae6b5a8,56,"UScriptStruct::TCppStructOps<FAIDamageEvent>::Copy"
0xae6b650,32,"UScriptStruct::TCppStructOps<FAIDamageEvent>::GetStructTypeHash"
0xae6b75c,8,"UScriptStruct::TCppStructOps<FAINoiseEvent>::HasZeroConstructor"
0xae6b774,8,"UScriptStruct::TCppStructOps<FAINoiseEvent>::HasDestructor"
0xae6b780,8,"UScriptStruct::TCppStructOps<FAINoiseEvent>::HasSerializer"
0xae6b798,8,"UScriptStruct::TCppStructOps<FAINoiseEvent>::Serialize"
0xae6b7ac,8,"UScriptStruct::TCppStructOps<FAINoiseEvent>::HasNetSerializer"
0xae6b7c4,8,"UScriptStruct::TCppStructOps<FAINoiseEvent>::HasNetDeltaSerializer"
0xae6b7e0,8,"UScriptStruct::TCppStructOps<FAINoiseEvent>::IsPlainOldData"
0xae6b830,8,"UScriptStruct::TCppStructOps<FAINoiseEvent>::HasExportTextItem"
0xae6b840,8,"UScriptStruct::TCppStructOps<FAINoiseEvent>::HasImportTextItem"
0xae6b858,12,"UScriptStruct::TCppStructOps<FAINoiseEvent>::AddStructReferencedObjects"
0xae6b884,8,"UScriptStruct::TCppStructOps<FAINoiseEvent>::HasGetTypeHash"
0xae6b8b4,8,"UScriptStruct::TCppStructOps<FAINoiseEvent>::IsAbstract"
0xae6b980,12,"TClassCompiledInDefer<UAISense_Hearing>::ClassPackage"
0xae6b9a8,8,"UScriptStruct::TCppStructOps<FAIPredictionEvent>::ConstructForTests"
0xae6b9dc,8,"UScriptStruct::TCppStructOps<FAIPredictionEvent>::HasPostSerialize"
0xae6b9f0,8,"UScriptStruct::TCppStructOps<FAIPredictionEvent>::HasNetSharedSerialization"
0xae6ba00,8,"UScriptStruct::TCppStructOps<FAIPredictionEvent>::HasNetDeltaSerializer"
0xae6ba1c,8,"UScriptStruct::TCppStructOps<FAIPredictionEvent>::IsPlainOldData"
0xae6ba60,12,"UScriptStruct::TCppStructOps<FAIPredictionEvent>::Identical"
0xae6ba84,8,"UScriptStruct::TCppStructOps<FAIPredictionEvent>::ImportTextItem"
0xae6baa0,8,"UScriptStruct::TCppStructOps<FAIPredictionEvent>::HasSerializeFromMismatchedTag"
0xae6bab8,8,"UScriptStruct::TCppStructOps<FAIPredictionEvent>::StructuredSerializeFromMismatchedTag"
0xae6baf0,8,"UScriptStruct::TCppStructOps<FAIPredictionEvent>::IsAbstract"
0xae6bafc,192,"TClassCompiledInDefer<UAISense_Prediction>::Register"
0xae6be08,8,"UScriptStruct::TCppStructOps<FAITeamStimulusEvent>::HasNoopConstructor"
0xae6be28,16,"UScriptStruct::TCppStructOps<FAITeamStimulusEvent>::ConstructForTests"
0xae6be4c,8,"UScriptStruct::TCppStructOps<FAITeamStimulusEvent>::HasStructuredSerializer"
0xae6be6c,4,"UScriptStruct::TCppStructOps<FAITeamStimulusEvent>::PostSerialize"
0xae6be90,8,"UScriptStruct::TCppStructOps<FAITeamStimulusEvent>::NetDeltaSerialize"
0xae6beb4,56,"UScriptStruct::TCppStructOps<FAITeamStimulusEvent>::Copy"
0xae6bf84,8,"UScriptStruct::TCppStructOps<FAITeamStimulusEvent>::IsAbstract"
0xae6c050,12,"TClassCompiledInDefer<UAISense_Team>::ClassPackage"
0xae6c080,8,"UScriptStruct::TCppStructOps<FAITouchEvent>::HasDestructor"
0xae6c09c,8,"UScriptStruct::TCppStructOps<FAITouchEvent>::Serialize"
0xae6c0b8,8,"UScriptStruct::TCppStructOps<FAITouchEvent>::HasNetSerializer"
0xae6c0d0,8,"UScriptStruct::TCppStructOps<FAITouchEvent>::HasNetDeltaSerializer"
0xae6c0ec,8,"UScriptStruct::TCppStructOps<FAITouchEvent>::IsPlainOldData"
0xae6c128,12,"UScriptStruct::TCppStructOps<FAITouchEvent>::Identical"
0xae6c14c,8,"UScriptStruct::TCppStructOps<FAITouchEvent>::ImportTextItem"
0xae6c170,8,"UScriptStruct::TCppStructOps<FAITouchEvent>::HasStructuredSerializeFromMismatchedTag"
0xae6c188,8,"UScriptStruct::TCppStructOps<FAITouchEvent>::HasGetTypeHash"
0xae6c1c0,4,""
0xae6c290,188,"TClassCompiledInDefer<UAISenseBlueprintListener>::Register"
0xae6c5b4,192,"TClassCompiledInDefer<UAISenseConfig_Hearing>::Register"
0xae6c998,12,"TClassCompiledInDefer<UAISenseConfig_Touch>::ClassPackage"
0xae6ca68,188,"TClassCompiledInDefer<UAISenseEvent_Damage>::Register"
0xae6ce48,12,"TClassCompiledInDefer<UAISystem>::ClassPackage"
0xae6cf14,12,"TClassCompiledInDefer<UAITask>::ClassPackage"
0xae6cfe0,12,"TClassCompiledInDefer<UAITask_LockLogic>::ClassPackage"
0xae6d0ac,12,"TClassCompiledInDefer<UAITask_MoveTo>::ClassPackage"
0xae6d0b8,192,"TClassCompiledInDefer<UAITask_RunEQS>::Register"
0xae6d218,8,"UScriptStruct::TCppStructOps<FIntervalCountdown>::HasPostScriptConstruct"
0xae6d234,156,"UScriptStruct::TCppStructOps<FIntervalCountdown>::Copy"
0xae6d454,8,"UScriptStruct::TCppStructOps<FAIMoveRequest>::NetSerialize"
0xae6d480,8,"UScriptStruct::TCppStructOps<FAIMoveRequest>::HasCopy"
0xae6d588,12,"UScriptStruct::TCppStructOps<FAIMoveRequest>::Identical"
0xae6d5ac,8,"UScriptStruct::TCppStructOps<FAIMoveRequest>::ImportTextItem"
0xae6d5d0,8,"UScriptStruct::TCppStructOps<FAIMoveRequest>::HasStructuredSerializeFromMismatchedTag"
0xae6d5d8,8,"UScriptStruct::TCppStructOps<FAIMoveRequest>::SerializeFromMismatchedTag"
0xae6d620,4,""
0xae6d630,8,"UScriptStruct::TCppStructOps<FAIRequestID>::HasZeroConstructor"
0xae6d650,8,"UScriptStruct::TCppStructOps<FAIRequestID>::HasDestructor"
0xae6d664,8,"UScriptStruct::TCppStructOps<FAIRequestID>::HasStructuredSerializer"
0xae6d684,4,"UScriptStruct::TCppStructOps<FAIRequestID>::PostSerialize"
0xae6d6a8,8,"UScriptStruct::TCppStructOps<FAIRequestID>::NetDeltaSerialize"
0xae6d6cc,156,"UScriptStruct::TCppStructOps<FAIRequestID>::Copy"
0xae6f140,188,""
0xae6f2bc,76,""
0xae6f4c8,12,""
0xae6f4d4,8,""
0xae6f5d4,4,""
0xae6f5d8,256,"UBehaviorTreeComponent::execSetDynamicSubtree"
0xae6fa68,76,""
0xae6fb98,192,""
0xae70040,4,"UBehaviorTreeManager::StaticRegisterNativesUBehaviorTreeManager"
0xae70044,184,""
0xae70414,80,""
0xae70568,76,""
0xae707b0,16,"Z_Construct_UScriptStruct_FBlackboardKeySelector_Statics::NewProp_bNoneIsAllowedValue_SetBit"
0xae7087c,184,"UBehaviorTreeTypes::StaticClass"
0xae70d68,76,""
0xae70f48,48,"UBlackboardAssetProvider::UBlackboardAssetProvider"
0xae71154,288,"UBlackboardComponent::execGetLocationFromEntry"
0xae71994,248,"UBlackboardComponent::execSetValueAsInt"
0xae71fc0,248,"UBlackboardComponent::execGetValueAsString"
0xae725f8,192,"UBlackboardComponent::StaticClass"
0xae729d4,76,""
0xae72b04,12,"Z_Construct_UFunction_UBlackboardComponent_IsVectorValueSet_Statics::NewProp_ReturnValue_SetBit"
0xae72c98,76,""
0xae72f20,192,""
0xae732b8,92,""
0xae73634,4,""
0xae73688,80,""
0xae73780,80,""
0xae73ae0,12,""
0xae73bac,48,"UBlackboardKeyType::UBlackboardKeyType"
0xae73da8,188,"UBlackboardKeyType_Bool::GetPrivateStaticClass"
0xae742ec,4,""
0xae742f0,4,"UBlackboardKeyType_Enum::StaticRegisterNativesUBlackboardKeyType_Enum"
0xae742f4,188,""
0xae74854,188,"UBlackboardKeyType_Float::GetPrivateStaticClass"
0xae74d68,48,"UBlackboardKeyType_Int::UBlackboardKeyType_Int"
0xae74f64,188,"UBlackboardKeyType_Name::GetPrivateStaticClass"
0xae753b4,8,""
0xae75478,52,"UBlackboardKeyType_NativeEnum::UBlackboardKeyType_NativeEnum"
0xae75678,188,"UBlackboardKeyType_Object::GetPrivateStaticClass"
0xae75ac8,8,""
0xae75bbc,4,""
0xae75bc0,4,"UBlackboardKeyType_String::StaticRegisterNativesUBlackboardKeyType_String"
0xae75bc4,188,""
0xae760c8,76,""
0xae762d0,4,""
0xae76314,64,"UBrainComponent::execIsRunning"
0xae76448,188,"UBrainComponent::StaticRegisterNativesUBrainComponent"
0xae76c1c,4,""
0xae76c20,4,"UBTComposite_Selector::StaticRegisterNativesUBTComposite_Selector"
0xae76ce0,188,"UBTComposite_Selector::StaticClass"
0xae7739c,8,""
0xae773a4,188,""
0xae77a34,80,""
0xae77ccc,12,""
0xae77cd8,92,""
0xae78254,80,""
0xae783bc,188,"UBTDecorator_Blackboard::StaticClass"
0xae78b74,140,"UBTDecorator_BlueprintBase::PerformConditionCheckAI"
0xae78f60,124,"UBTDecorator_BlueprintBase::ReceiveObserverDeactivatedAI"
0xae7935c,76,""
0xae795c8,76,""
0xae7997c,68,"UBTDecorator_BlueprintBase::UBTDecorator_BlueprintBase"
0xae79ba4,8,"UScriptStruct::TCppStructOps<FBehaviorTreeTemplateInfo>::HasSerializer"
0xae79bc4,8,"UScriptStruct::TCppStructOps<FBehaviorTreeTemplateInfo>::HasPostSerialize"
0xae79be0,8,"UScriptStruct::TCppStructOps<FBehaviorTreeTemplateInfo>::NetSerialize"
0xae79c04,8,"UScriptStruct::TCppStructOps<FBehaviorTreeTemplateInfo>::IsPlainOldData"
0xae79c54,8,"UScriptStruct::TCppStructOps<FBehaviorTreeTemplateInfo>::HasExportTextItem"
0xae79c7c,12,"UScriptStruct::TCppStructOps<FBehaviorTreeTemplateInfo>::AddStructReferencedObjects"
0xae79cd0,8,"UScriptStruct::TCppStructOps<FBehaviorTreeTemplateInfo>::GetComputedPropertyFlags"
0xae79dac,8,"UScriptStruct::TCppStructOps<FBlackboardKeySelector>::HasNoopConstructor"
0xae79e14,44,"UScriptStruct::TCppStructOps<FBlackboardKeySelector>::Destruct"
0xae79f90,12,"UScriptStruct::TCppStructOps<FBlackboardKeySelector>::AddStructReferencedObjects"
0xae7a17c,12,"TClassCompiledInDefer<UBlackboardAssetProvider>::ClassPackage"
0xae7a258,8,"UScriptStruct::TCppStructOps<FBlackboardEntry>::HasNoopConstructor"
0xae7a284,28,"UScriptStruct::TCppStructOps<FBlackboardEntry>::ConstructForTests"
0xae7a2b4,8,"UScriptStruct::TCppStructOps<FBlackboardEntry>::HasStructuredSerializer"
0xae7a2cc,8,"UScriptStruct::TCppStructOps<FBlackboardEntry>::HasPostSerialize"
0xae7a2e8,8,"UScriptStruct::TCppStructOps<FBlackboardEntry>::NetSerialize"
0xae7a35c,8,"UScriptStruct::TCppStructOps<FBlackboardEntry>::HasExportTextItem"
0xae7a37c,8,"UScriptStruct::TCppStructOps<FBlackboardEntry>::HasAddStructReferencedObjects"
0xae7a3a8,8,"UScriptStruct::TCppStructOps<FBlackboardEntry>::StructuredSerializeFromMismatchedTag"
0xae7a3e8,4,""
0xae7a634,12,"TClassCompiledInDefer<UBlackboardKeyType_Bool>::ClassPackage"
0xae7a7d0,188,"TClassCompiledInDefer<UBlackboardKeyType_Float>::Register"
0xae7ad48,188,"TClassCompiledInDefer<UBlackboardKeyType_Vector>::Register"
0xae7b23c,60,"UScriptStruct::TCppStructOps<FBTCompositeChild>::Destruct"
0xae7b410,8,"UScriptStruct::TCppStructOps<FBTCompositeChild>::HasAddStructReferencedObjects"
0xae7b42c,8,"UScriptStruct::TCppStructOps<FBTCompositeChild>::HasStructuredSerializeFromMismatchedTag"
0xae7b570,4,""
0xae7b5b8,8,"UScriptStruct::TCppStructOps<FBTDecoratorLogic>::Serialize"
0xae7b5fc,8,"UScriptStruct::TCppStructOps<FBTDecoratorLogic>::HasPostScriptConstruct"
0xae7b6bc,12,"UScriptStruct::TCppStructOps<FBTDecoratorLogic>::Identical"
0xae7b6fc,8,"UScriptStruct::TCppStructOps<FBTDecoratorLogic>::HasSerializeFromMismatchedTag"
0xae7b71c,8,"UScriptStruct::TCppStructOps<FBTDecoratorLogic>::HasGetTypeHash"
0xae7b758,192,"TClassCompiledInDefer<UBTCompositeNode>::Register"
0xae7d1cc,12,""
0xae7d3a8,12,""
0xae7d400,4,"UBTDecorator_CompareBBEntries::StaticRegisterNativesUBTDecorator_CompareBBEntries"
0xae7d4c0,188,"UBTDecorator_CompareBBEntries::StaticClass"
0xae7da58,12,""
0xae7db64,4,"UBTDecorator_ConeCheck::StaticRegisterNativesUBTDecorator_ConeCheck"
0xae7dce0,76,""
0xae7ddf4,8,""
0xae7df54,4,""
0xae7df58,4,"UBTDecorator_Cooldown::StaticRegisterNativesUBTDecorator_Cooldown"
0xae7df5c,188,""
0xae7e3e0,4,"UBTDecorator_DoesPathExist::StaticRegisterNativesUBTDecorator_DoesPathExist"
0xae7e55c,16,"Z_Construct_UClass_UBTDecorator_DoesPathExist_Statics::NewProp_bUseSelf_SetBit"
0xae7e674,12,""
0xae7e7c4,4,""
0xae7e7cc,188,""
0xae7ece4,16,"Z_Construct_UClass_UBTDecorator_IsAtLocation_Statics::NewProp_bUseNavAgentGoalLocation_SetBit"
0xae7ed04,76,""
0xae7ef18,4,""
0xae7ef1c,4,"UBTDecorator_IsBBEntryOfClass::StaticRegisterNativesUBTDecorator_IsBBEntryOfClass"
0xae7f098,76,""
0xae7f1ac,8,""
0xae7f2ac,4,""
0xae7f2b4,188,""
0xae7f878,188,"UBTDecorator_Loop::GetPrivateStaticClass"
0xae7fe90,188,"UBTDecorator_SetTagCooldown::StaticClass"
0xae8041c,8,""
0xae804e0,64,"UBTDecorator_TagCooldown::UBTDecorator_TagCooldown"
0xae807a8,12,""
0xae808b4,152,"UBTFunctionLibrary::execStopUsingExternalEvent"
0xae81068,448,"UBTFunctionLibrary::execSetBlackboardValueAsString"
0xae82038,288,"UBTFunctionLibrary::execGetBlackboardValueAsFloat"
0xae82848,184,"UBTFunctionLibrary::StaticRegisterNativesUBTFunctionLibrary"
0xae82dc4,76,""
0xae830c8,76,""
0xae832dc,188,""
0xae8391c,16,"Z_Construct_UClass_UBTService_Statics::NewProp_bCallTickOnSearchStart_SetBit"
0xae8393c,76,""
0xae83b58,4,"UBTService_BlackboardBase::StaticRegisterNativesUBTService_BlackboardBase"
0xae83cdc,76,""
0xae83ebc,92,"UBTService_BlackboardBase::UBTService_BlackboardBase"
0xae8413c,120,"UBTService_BlueprintBase::ReceiveSearchStart"
0xae8454c,76,""
0xae84714,76,""
0xae8486c,16,"Z_Construct_UClass_UBTService_BlueprintBase_Statics::NewProp_bShowPropertyDetails_SetBit"
0xae84a5c,4,""
0xae84b20,188,"UBTService_DefaultFocus::StaticClass"
0xae85098,12,""
0xae85168,108,"UBTService_RunEQS::UBTService_RunEQS"
0xae8547c,4,"UBTTaskNode::StaticClass"
0xae859ec,124,"UBTTask_BlueprintBase::ReceiveExecuteAI"
0xae85dd0,12,"Z_Construct_UFunction_UBTTask_BlueprintBase_IsTaskAborting_Statics::NewProp_ReturnValue_SetBit"
0xae85e28,12,"Z_Construct_UFunction_UBTTask_BlueprintBase_IsTaskExecuting_Statics::NewProp_ReturnValue_SetBit"
0xae85ecc,76,""
0xae86094,76,""
0xae8646c,12,"TClassCompiledInDefer<UBTDecorator_CheckGameplayTagsOnActor>::ClassPackage"
0xae86534,12,"TClassCompiledInDefer<UBTDecorator_CompareBBEntries>::ClassPackage"
0xae865fc,12,"TClassCompiledInDefer<UBTDecorator_ConditionalLoop>::ClassPackage"
0xae866d0,188,"TClassCompiledInDefer<UBTDecorator_Cooldown>::Register"
0xae86d04,12,"TClassCompiledInDefer<UBTDecorator_ReachedMoveGoal>::ClassPackage"
0xae86dcc,12,"TClassCompiledInDefer<UBTDecorator_SetTagCooldown>::ClassPackage"
0xae86dd8,188,"TClassCompiledInDefer<UBTDecorator_TagCooldown>::Register"
0xae874e8,192,"TClassCompiledInDefer<UBTTask_BlackboardBase>::Register"
0xae888d4,60,"UBTTask_FinishWithResult::UBTTask_FinishWithResult"
0xae88ae4,76,""
0xae88d00,4,""
0xae88d04,4,"UBTTask_MakeNoise::StaticRegisterNativesUBTTask_MakeNoise"
0xae88d08,188,""
0xae89278,16,"Z_Construct_UClass_UBTTask_MoveDirectlyToward_Statics::NewProp_bProjectVectorGoalToNavigation_SetBit"
0xae89298,76,""
0xae89574,60,"UBTTask_MoveTo::UBTTask_MoveTo"
0xae896f8,16,"Z_Construct_UClass_UBTTask_MoveTo_Statics::NewProp_bStopOnOverlapNeedsUpdate_SetBit"
0xae897d4,8,""
0xae8989c,4,""
0xae898a4,192,""
0xae89dc0,16,"Z_Construct_UClass_UBTTask_PlayAnimation_Statics::NewProp_bLooping_SetBit"
0xae89e2c,188,"UBTTask_PlayAnimation::GetPrivateStaticClass"
0xae8a39c,188,""
0xae8a9c8,8,""
0xae8aac8,4,""
0xae8aacc,4,"UBTTask_RunBehavior::StaticRegisterNativesUBTTask_RunBehavior"
0xae8ab8c,188,"UBTTask_RunBehavior::StaticClass"
0xae8b0f0,8,""
0xae8b1b4,68,"UBTTask_RunBehaviorDynamic::UBTTask_RunBehaviorDynamic"
0xae8b440,76,""
0xae8b55c,188,""
0xae8bbb8,76,""
0xae8bdcc,4,""
0xae8bdd4,188,""
0xae8c3f0,4,""
0xae8c3f8,192,""
0xae8c900,192,"UCrowdFollowingComponent::StaticClass"
0xae8cdc0,12,""
0xae8ce5c,92,"FCrowdAvoidanceConfig::StaticStruct"
0xae8d240,12,""
0xae8d37c,4,"ADetourCrowdAIController::StaticRegisterNativesADetourCrowdAIController"
0xae8d440,192,"ADetourCrowdAIController::StaticClass"
0xae8d918,188,""
0xae8dff4,144,"UEnvQueryContext_BlueprintBase::ProvideSingleActor"
0xae8e364,192,"UEnvQueryContext_BlueprintBase::StaticClass"
0xae8e87c,8,""
0xae8e940,48,"UEnvQueryContext_Item::UEnvQueryContext_Item"
0xae8ebf8,12,""
0xae8ec0c,188,""
0xae8f224,16,"Z_Construct_UClass_UEnvQueryGenerator_Statics::NewProp_bAutoSortTests_SetBit"
0xae8f340,12,""
0xae8f418,56,"UEnvQueryGenerator::UEnvQueryGenerator"
0xae8f5d0,76,""
0xae8f6e4,8,""
0xae8f7fc,52,"UEnvQueryGenerator_BlueprintBase::execGetQuerier"
0xae8fa54,188,"UEnvQueryGenerator_BlueprintBase::StaticRegisterNativesUEnvQueryGenerator_BlueprintBase"
0xae90174,16,"Z_Construct_UClass_UEnvQueryGenerator_Composite_Statics::NewProp_bHasMatchingItemType_SetBit"
0xae90184,76,""
0xae9039c,4,""
0xae903a4,188,""
0xae90904,4,""
0xae9090c,188,""
0xae90e34,76,""
0xae910ac,4,""
0xae910b0,80,""
0xae911ac,188,""
0xae917c4,76,""
0xae918e0,188,"UEnvQueryGenerator_SimpleGrid::StaticClass"
0xae91f60,188,""
0xae92500,188,"TClassCompiledInDefer<UBTTask_PlayAnimation>::Register"
0xae92b38,12,"TClassCompiledInDefer<UBTTask_SetTagCooldown>::ClassPackage"
0xae92c00,12,"TClassCompiledInDefer<UBTTask_Wait>::ClassPackage"
0xae92c0c,188,"TClassCompiledInDefer<UBTTask_WaitBlackboardTime>::Register"
0xae92fa8,8,"UScriptStruct::TCppStructOps<FCrowdAvoidanceSamplingPattern>::HasSerializer"
0xae92fc8,8,"UScriptStruct::TCppStructOps<FCrowdAvoidanceSamplingPattern>::HasPostSerialize"
0xae92fdc,8,"UScriptStruct::TCppStructOps<FCrowdAvoidanceSamplingPattern>::HasNetSharedSerialization"
0xae93004,4,"UScriptStruct::TCppStructOps<FCrowdAvoidanceSamplingPattern>::PostScriptConstruct"
0xae930fc,8,"UScriptStruct::TCppStructOps<FCrowdAvoidanceSamplingPattern>::HasIdentical"
0xae93120,8,"UScriptStruct::TCppStructOps<FCrowdAvoidanceSamplingPattern>::HasImportTextItem"
0xae93138,12,"UScriptStruct::TCppStructOps<FCrowdAvoidanceSamplingPattern>::AddStructReferencedObjects"
0xae9316c,32,"UScriptStruct::TCppStructOps<FCrowdAvoidanceSamplingPattern>::GetStructTypeHash"
0xae93204,4,"UScriptStruct::TCppStructOps<FCrowdAvoidanceConfig>::Destruct"
0xae93220,8,"UScriptStruct::TCppStructOps<FCrowdAvoidanceConfig>::Serialize"
0xae93234,8,"UScriptStruct::TCppStructOps<FCrowdAvoidanceConfig>::HasNetSerializer"
0xae93268,8,"UScriptStruct::TCppStructOps<FCrowdAvoidanceConfig>::IsPlainOldData"
0xae932c0,8,"UScriptStruct::TCppStructOps<FCrowdAvoidanceConfig>::ExportTextItem"
0xae9330c,8,"UScriptStruct::TCppStructOps<FCrowdAvoidanceConfig>::HasGetTypeHash"
0xae93344,4,""
0xae93660,12,"TClassCompiledInDefer<UEnvQueryContext>::ClassPackage"
0xae937f4,12,"TClassCompiledInDefer<UEnvQueryContext_Item>::ClassPackage"
0xae938bc,12,"TClassCompiledInDefer<UEnvQueryContext_Querier>::ClassPackage"
0xae938c8,184,"TClassCompiledInDefer<UEnvQueryDebugHelpers>::Register"
0xae93f00,12,"TClassCompiledInDefer<UEnvQueryGenerator_Donut>::ClassPackage"
0xae93f0c,188,"TClassCompiledInDefer<UEnvQueryGenerator_OnCircle>::Register"
0xae958dc,252,"UEnvQueryInstanceBlueprintWrapper::execSetNamedParam"
0xae95f08,12,"Z_Construct_UFunction_UEnvQueryInstanceBlueprintWrapper_GetQueryResultsAsActors_Statics::NewProp_ReturnValue_SetBit"
0xae95f60,12,"Z_Construct_UFunction_UEnvQueryInstanceBlueprintWrapper_GetQueryResultsAsLocations_Statics::NewProp_ReturnValue_SetBit"
0xae95fb8,76,""
0xae962c8,12,""
0xae963dc,4,"UEnvQueryItemType::StaticRegisterNativesUEnvQueryItemType"
0xae96498,76,""
0xae9659c,12,""
0xae96668,48,"UEnvQueryItemType::UEnvQueryItemType"
0xae968b0,188,"UEnvQueryItemType_Actor::GetPrivateStaticClass"
0xae96d68,8,""
0xae96d70,192,"UEnvQueryItemType_VectorBase::StaticClass"
0xae97278,48,"UEnvQueryItemType_Direction::UEnvQueryItemType_Direction"
0xae97474,188,"UEnvQueryItemType_Point::GetPrivateStaticClass"
0xae97964,12,""
0xae979cc,52,"Z_Construct_UScriptStruct_FEnvQueryInstanceCache_Statics::NewStructOps"
0xae97b10,52,"Z_Construct_UScriptStruct_FEnvQueryRequest_Statics::NewStructOps"
0xae97f2c,76,""
0xae98110,8,""
0xae981d8,156,"UEnvQueryManager::UEnvQueryManager"
0xae98504,48,"UEnvQueryNode::UEnvQueryNode"
0xae986a4,192,""
0xae98b20,76,""
0xae98c9c,76,""
0xae98ee4,112,"UEnvQueryTest::UEnvQueryTest"
0xae99218,188,"UEnvQueryTest_Distance::GetPrivateStaticClass"
0xae996f8,76,""
0xae99a34,188,"UEnvQueryTest_GameplayTags::StaticClass"
0xae99f34,76,""
0xae99f80,188,"UEnvQueryTest_Overlap::GetPrivateStaticClass"
0xae9a54c,12,""
0xae9a6b4,4,""
0xae9a6b8,4,"UEnvQueryTest_PathfindingBatch::StaticRegisterNativesUEnvQueryTest_PathfindingBatch"
0xae9a6bc,188,""
0xae9ac38,76,""
0xae9acd0,188,"UEnvQueryTest_Project::GetPrivateStaticClass"
0xae9b1ac,188,""
0xae9b718,188,""
0xae9bbac,12,""
0xae9bbb8,80,""
0xae9bd50,12,""
0xae9bda8,80,""
0xae9c038,12,""
0xae9c090,80,""
0xae9c330,80,""
0xae9c580,80,""
0xae9c780,80,""
0xae9c9cc,92,"FAIDynamicParam::StaticStruct"
0xae9cc64,12,""
0xae9cccc,52,"Z_Construct_UScriptStruct_FEnvOverlapData_Statics::NewStructOps"
0xae9cd98,92,""
0xae9d034,92,""
0xae9d37c,184,""
0xae9d910,192,"UEQSRenderingComponent::GetPrivateStaticClass"
0xae9dda8,16,"Z_Construct_UClass_AEQSTestingPawn_Statics::NewProp_bShouldBeVisibleInGame_SetBit"
0xae9ddc8,76,""
0xae9e048,180,"TClassCompiledInDefer<UEnvQueryInstanceBlueprintWrapper>::Register"
0xae9e5b0,12,"TClassCompiledInDefer<UEnvQueryItemType_VectorBase>::ClassPackage"
0xae9e5c0,8,"UScriptStruct::TCppStructOps<FEnvQueryInstanceCache>::HasNoopConstructor"
0xae9e5d0,100,"UScriptStruct::TCppStructOps<FEnvQueryInstanceCache>::Construct"
0xae9e788,12,"UScriptStruct::TCppStructOps<FEnvQueryInstanceCache>::AddStructReferencedObjects"
0xae9e7f4,8,"UScriptStruct::TCppStructOps<FEnvQueryRequest>::HasNoopConstructor"
0xae9e86c,152,"UScriptStruct::TCppStructOps<FEnvQueryRequest>::Destruct"
0xae9ecb8,12,"TClassCompiledInDefer<UEnvQueryOption>::ClassPackage"
0xae9ee4c,12,"TClassCompiledInDefer<UEnvQueryTest_Distance>::ClassPackage"
0xae9ef14,12,"TClassCompiledInDefer<UEnvQueryTest_Dot>::ClassPackage"
0xae9ef20,188,"TClassCompiledInDefer<UEnvQueryTest_GameplayTags>::Register"
0xae9f48c,12,"TClassCompiledInDefer<UEnvQueryTest_Trace>::ClassPackage"
0xae9f498,188,"TClassCompiledInDefer<UEnvQueryTest_Volume>::Register"
0xae9f754,8,"UScriptStruct::TCppStructOps<FEQSParametrizedQueryExecutionRequest>::HasIdentical"
0xae9f790,12,"UScriptStruct::TCppStructOps<FEQSParametrizedQueryExecutionRequest>::AddStructReferencedObjects"
0xae9f7f4,4,""
0xae9f87c,8,"UScriptStruct::TCppStructOps<FAIDynamicParam>::HasDestructor"
0xae9f8b8,8,"UScriptStruct::TCppStructOps<FAIDynamicParam>::HasStructuredSerializer"
0xae9f8d0,8,"UScriptStruct::TCppStructOps<FAIDynamicParam>::HasPostSerialize"
0xae9f8ec,8,"UScriptStruct::TCppStructOps<FAIDynamicParam>::NetSerialize"
0xae9f918,8,"UScriptStruct::TCppStructOps<FAIDynamicParam>::HasCopy"
0xae9fa04,8,"UScriptStruct::TCppStructOps<FAIDynamicParam>::ExportTextItem"
0xae9fa38,8,"UScriptStruct::TCppStructOps<FAIDynamicParam>::HasStructuredSerializeFromMismatchedTag"
0xae9fa48,8,"UScriptStruct::TCppStructOps<FAIDynamicParam>::StructuredSerializeFromMismatchedTag"
0xae9fa8c,4,""
0xae9fb2c,8,"UScriptStruct::TCppStructOps<FEnvQueryResult>::Serialize"
0xae9fb50,8,"UScriptStruct::TCppStructOps<FEnvQueryResult>::HasNetSharedSerialization"
0xae9fb70,8,"UScriptStruct::TCppStructOps<FEnvQueryResult>::HasPostScriptConstruct"
0xae9fb8c,264,"UScriptStruct::TCppStructOps<FEnvQueryResult>::Copy"
0xaea003c,8,"UScriptStruct::TCppStructOps<FEnvTraceData>::HasIdentical"
0xaea0070,8,"UScriptStruct::TCppStructOps<FEnvTraceData>::HasAddStructReferencedObjects"
0xaea009c,8,"UScriptStruct::TCppStructOps<FEnvTraceData>::StructuredSerializeFromMismatchedTag"
0xaea00e4,8,"UScriptStruct::TCppStructOps<FEnvDirection>::HasNoopConstructor"
0xaea0110,8,"UScriptStruct::TCppStructOps<FEnvDirection>::HasDestructor"
0xaea013c,8,"UScriptStruct::TCppStructOps<FEnvDirection>::HasPostSerialize"
0xaea0178,4,"UScriptStruct::TCppStructOps<FEnvDirection>::PostScriptConstruct"
0xaea01c0,12,"UScriptStruct::TCppStructOps<FEnvDirection>::Identical"
0xaea0210,8,"UScriptStruct::TCppStructOps<FEnvDirection>::SerializeFromMismatchedTag"
0xaea0260,8,"UScriptStruct::TCppStructOps<FEnvNamedValue>::HasNoopConstructor"
0xaea0290,8,"UScriptStruct::TCppStructOps<FEnvNamedValue>::HasDestructor"
0xaea02ac,8,"UScriptStruct::TCppStructOps<FEnvNamedValue>::Serialize"
0xaea0304,8,"UScriptStruct::TCppStructOps<FEnvNamedValue>::HasCopy"
0xaea0354,8,"UScriptStruct::TCppStructOps<FEnvNamedValue>::ExportTextItem"
0xaea03a0,8,"UScriptStruct::TCppStructOps<FEnvNamedValue>::HasGetTypeHash"
0xaea03dc,184,"TClassCompiledInDefer<UEnvQueryTypes>::Register"
0xaea1cb8,76,""
0xaea1f6c,192,"UGenericTeamAgentInterface::GetPrivateStaticClass"
0xaea23d0,8,""
0xaea2498,88,"AGridPathAIController::AGridPathAIController"
0xaea2778,76,""
0xaea2898,192,""
0xaea2cb8,188,"UNavFilter_AIControllerDefault::GetPrivateStaticClass"
0xaea3110,188,"ANavLinkProxy::StaticRegisterNativesANavLinkProxy"
0xaea3618,192,""
0xaea3ef4,496,"UNavLocalGridManager::execAddLocalNavigationGridForPoints"
0xaea4894,180,""
0xaea4bc4,80,""
0xaea4e0c,56,"UPathFollowingComponent::execGetPathDestination"
0xaea50e0,76,""
0xaea51c4,76,""
0xaea5464,4,""
0xaea5468,4,"UPathFollowingManager::StaticRegisterNativesUPathFollowingManager"
0xaea5520,180,"UPathFollowingManager::StaticClass"
0xaea5820,80,""
0xaea5968,12,""
0xaea59c0,176,"UPawnAction::execFinish"
0xaea5e84,76,""
0xaea609c,184,""
0xaea64e8,76,""
0xaea668c,192,"UPawnAction_BlueprintBase::StaticClass"
0xaea6bbc,16,"Z_Construct_UClass_UPawnAction_Move_Statics::NewProp_bUsePathfinding_SetBit"
0xaea6c0c,76,""
0xaea6efc,188,"UPawnAction_Repeat::StaticClass"
0xaea73a0,188,"UPawnAction_Sequence::GetPrivateStaticClass"
0xaea7914,4,""
0xaea7974,76,""
0xaea7ab4,76,""
0xaea7f88,188,"UPawnActionsComponent::StaticRegisterNativesUPawnActionsComponent"
0xaea8364,8,""
0xaea842c,64,"UPawnActionsComponent::UPawnActionsComponent"
0xaea8554,28,"UPawnSensingComponent::execGetPeripheralVisionCosine"
0xaea86f4,176,"UPawnSensingComponent::execSetSensingInterval"
0xaea8a5c,76,""
0xaea8b98,16,"Z_Construct_UClass_UPawnSensingComponent_Statics::NewProp_bHearNoises_SetBit"
0xaea8d3c,68,"UPawnSensingComponent::UPawnSensingComponent"
0xaea8e94,52,"Z_Construct_UScriptStruct_FRecastGraphWrapper_Statics::NewStructOps"
0xaea9144,56,""
0xaea9290,4,""
0xaea9294,8,"UScriptStruct::TCppStructOps<FGenericTeamId>::HasNoopConstructor"
0xaea92a4,12,"UScriptStruct::TCppStructOps<FGenericTeamId>::Construct"
0xaea92c8,8,"UScriptStruct::TCppStructOps<FGenericTeamId>::HasSerializer"
0xaea92f4,8,"UScriptStruct::TCppStructOps<FGenericTeamId>::HasNetSerializer"
0xaea9324,4,"UScriptStruct::TCppStructOps<FGenericTeamId>::PostScriptConstruct"
0xaea9338,216,"UScriptStruct::TCppStructOps<FGenericTeamId>::Copy"
0xaea9970,12,"TClassCompiledInDefer<UNavLocalGridManager>::ClassPackage"
0xaea997c,192,"TClassCompiledInDefer<UPathFollowingComponent>::Register"
0xaea9ee4,12,"TClassCompiledInDefer<UPawnAction_Sequence>::ClassPackage"
0xaea9fb8,4,""
0xaea9fe4,4,"UScriptStruct::TCppStructOps<FPawnActionStack>::Destruct"
0xaea9ff8,8,"UScriptStruct::TCppStructOps<FPawnActionStack>::Serialize"
0xaeaa034,8,"UScriptStruct::TCppStructOps<FPawnActionStack>::NetDeltaSerialize"
0xaeaa108,8,"UScriptStruct::TCppStructOps<FPawnActionStack>::HasExportTextItem"
0xaeaa120,8,"UScriptStruct::TCppStructOps<FPawnActionStack>::ImportTextItem"
0xaeaa164,32,"UScriptStruct::TCppStructOps<FPawnActionStack>::GetStructTypeHash"
0xaeaa1ac,28,"UScriptStruct::TCppStructOps<FPawnActionEvent>::Construct"
0xaeaa21c,8,"UScriptStruct::TCppStructOps<FPawnActionEvent>::HasNetSerializer"
0xaeaa23c,8,"UScriptStruct::TCppStructOps<FPawnActionEvent>::NetDeltaSerialize"
0xaeaa2b8,8,"UScriptStruct::TCppStructOps<FPawnActionEvent>::ImportTextItem"
0xaeaa2f4,8,"UScriptStruct::TCppStructOps<FPawnActionEvent>::HasGetTypeHash"
0xaeaa32c,4,""
0xaeaa4cc,8,"UScriptStruct::TCppStructOps<FRecastGraphWrapper>::HasNoopConstructor"
0xaeaa50c,48,"UScriptStruct::TCppStructOps<FRecastGraphWrapper>::ConstructForTests"
0xaeaa574,4,"UScriptStruct::TCppStructOps<FRecastGraphWrapper>::PostSerialize"
0xaeaa5a8,4,"UScriptStruct::TCppStructOps<FRecastGraphWrapper>::PostScriptConstruct"
0xaeaa5bc,80,"UScriptStruct::TCppStructOps<FRecastGraphWrapper>::Copy"
0xaeaa768,12,"TClassCompiledInDefer<UVisualLoggerExtension>::ClassPackage"
0xaeab5d0,4,"UChaosDebugDrawComponent::BeginDestroy"
0xaeab91c,912,"UChaosGameplayEventDispatcher::DispatchPendingCollisionNotifies"
0xaead55c,4,"AChaosSolverActor::PostRegisterAllComponents"
0xaead5d4,12,"AChaosSolverActor::SetAsCurrentWorldSolver"
0xaead714,4,""
0xaead748,4,"FChaosSolverEnginePlugin::ShutdownModule"
0xaead74c,76,"UChaosSolverSettings::UChaosSolverSettings"
0xaead864,40,"UChaosSolverSettings::RegisterSolverActorProvider"
0xaead8b8,4,"UChaosSolverSettings::PostReloadConfig"
0xaead8bc,120,""
0xaeadb8c,728,""
0xaeaed08,792,""
0xaeb003c,1192,""
0xaeb2f7c,76,""
0xaeb3088,8,""
0xaeb3158,64,"UChaosSolverSettings::UChaosSolverSettings"
0xaeb33b0,192,"TClassCompiledInDefer<UChaosEventListenerComponent>::Register"
0xaeb372c,8,"UScriptStruct::TCppStructOps<FChaosHandlerSet>::StructuredSerializeFromMismatchedTag"
0xaeb3774,8,"UScriptStruct::TCppStructOps<FBreakEventCallbackWrapper>::HasNoopConstructor"
0xaeb37a0,8,"UScriptStruct::TCppStructOps<FBreakEventCallbackWrapper>::HasDestructor"
0xaeb37e0,8,"UScriptStruct::TCppStructOps<FBreakEventCallbackWrapper>::Serialize"
0xaeb3824,8,"UScriptStruct::TCppStructOps<FBreakEventCallbackWrapper>::HasPostScriptConstruct"
0xaeb3980,8,"UScriptStruct::TCppStructOps<FBreakEventCallbackWrapper>::ImportTextItem"
0xaeb39b4,8,"UScriptStruct::TCppStructOps<FBreakEventCallbackWrapper>::StructuredSerializeFromMismatchedTag"
0xaeb39fc,8,"UScriptStruct::TCppStructOps<FChaosBreakEvent>::HasNoopConstructor"
0xaeb3a24,4,"UScriptStruct::TCppStructOps<FChaosBreakEvent>::Destruct"
0xaeb3a38,8,"UScriptStruct::TCppStructOps<FChaosBreakEvent>::Serialize"
0xaeb3a6c,8,"UScriptStruct::TCppStructOps<FChaosBreakEvent>::HasNetDeltaSerializer"
0xaeb3ac4,8,"UScriptStruct::TCppStructOps<FChaosBreakEvent>::HasIdentical"
0xaeb3b00,12,"UScriptStruct::TCppStructOps<FChaosBreakEvent>::AddStructReferencedObjects"
0xaeb3c28,12,"TClassCompiledInDefer<UChaosGameplayEventDispatcher>::ClassPackage"
0xaeb3c64,8,"UScriptStruct::TCppStructOps<FChaosPhysicsCollisionInfo>::HasSerializer"
0xaeb3c74,8,"UScriptStruct::TCppStructOps<FChaosPhysicsCollisionInfo>::Serialize"
0xaeb3cb8,8,"UScriptStruct::TCppStructOps<FChaosPhysicsCollisionInfo>::HasPostScriptConstruct"
0xaeb3d30,8,"UScriptStruct::TCppStructOps<FChaosPhysicsCollisionInfo>::HasExportTextItem"
0xaeb3d6c,8,"UScriptStruct::TCppStructOps<FChaosPhysicsCollisionInfo>::HasStructuredSerializeFromMismatchedTag"
0xaeb3d8c,32,"UScriptStruct::TCppStructOps<FChaosPhysicsCollisionInfo>::GetStructTypeHash"
0xaeb4014,4,""
0xaeb405c,8,"UScriptStruct::TCppStructOps<FChaosDebugSubstepControl>::Serialize"
0xaeb4088,8,"UScriptStruct::TCppStructOps<FChaosDebugSubstepControl>::NetSerialize"
0xaeb40a0,8,"UScriptStruct::TCppStructOps<FChaosDebugSubstepControl>::HasPostScriptConstruct"
0xaeb40e8,8,"UScriptStruct::TCppStructOps<FChaosDebugSubstepControl>::HasIdentical"
0xaeb4104,8,"UScriptStruct::TCppStructOps<FChaosDebugSubstepControl>::ExportTextItem"
0xaeb4150,8,"UScriptStruct::TCppStructOps<FChaosDebugSubstepControl>::HasGetTypeHash"
0xaeb4180,8,"UScriptStruct::TCppStructOps<FChaosDebugSubstepControl>::IsAbstract"
0xaeb4258,192,"TClassCompiledInDefer<UChaosSolverSettings>::Register"
0xaeb5280,596,"UFieldSystemComponent::GetPhysicsScenes"
0xaeb65e4,468,"UFieldSystemComponent::ApplyStayDynamicField"
0xaeb7230,12,"UFieldSystemComponent::AddPersistentField"
0xaeb7240,264,"UFieldSystemComponent::ResetFieldSystem"
0xaeb7410,8,"UFieldSystemMetaDataIteration::SetMetaDataIteration"
0xaeb74e8,8,"UUniformInteger::SetUniformInteger"
0xaeb74f0,248,"URadialIntMask::NewEvaluationGraph"
0xaeb75fc,216,"UUniformScalar::NewEvaluationGraph"
0xaeb78fc,268,"UPlaneFalloff::NewEvaluationGraph"
0xaeb7e98,12,"URadialVector::SetRadialVector"
0xaeb7ea4,216,"URandomVector::NewEvaluationGraph"
0xaeb8bd0,24,"UCullingField::Type"
0xaeb8dd0,4,"UReturnResultsTerminal::SetReturnResultsTerminal"
0xaeb8dd4,56,"FFieldSystemSceneProxy::FFieldSystemSceneProxy"
0xaeb8e10,36,""
0xaeb8eac,8,"UFieldSystemMetaDataIteration::Type"
0xaeb8eb4,116,""
0xaeb901c,8,"UFieldSystemMetaDataProcessingResolution::Type"
0xaeb9024,116,""
0xaeb9208,124,""
0xaeb94e8,124,""
0xaeb974c,116,""
0xaeb97c0,124,""
0xaeb9bf8,124,""
0xaeb9d60,124,""
0xaeba038,124,""
0xaeba310,124,""
0xaeba5e0,124,""
0xaeba844,116,""
0xaebaa88,8,"UFieldSystemComponent::HasAnySockets"
0xaebaa98,40,""
0xaebabfc,136,""
0xaebaf50,60,"FFieldSystemMetaDataFilter::NewCopy"
0xaebb304,344,""
0xaebc17c,192,""
0xaebc508,180,"UFieldSystem::StaticClass"
0xaebc808,388,"UFieldSystemComponent::execAddFieldCommand"
0xaebd334,328,"UFieldSystemComponent::execApplyStayDynamicField"
0xaebd740,12,"Z_Construct_UFunction_UFieldSystemComponent_AddFieldCommand_Statics::NewProp_Enabled_SetBit"
0xaebd918,76,""
0xaebda14,12,"Z_Construct_UFunction_UFieldSystemComponent_ApplyPhysicsField_Statics::NewProp_Enabled_SetBit"
0xaebda6c,12,"Z_Construct_UFunction_UFieldSystemComponent_ApplyRadialForce_Statics::NewProp_Enabled_SetBit"
0xaebda78,76,""
0xaebdc24,76,""
0xaebddf4,192,""
0xaebe228,64,""
0xaebe418,188,"UFieldSystemMetaDataIteration::StaticRegisterNativesUFieldSystemMetaDataIteration"
0xaebe8b4,56,"UFieldSystemMetaDataIteration::UFieldSystemMetaDataIteration"
0xaebeb18,192,""
0xaebee70,176,"UFieldSystemMetaDataFilter::execSetMetaDataFilterType"
0xaebf15c,76,""
0xaebf3bc,56,"UFieldSystemMetaDataFilter::UFieldSystemMetaDataFilter"
0xaebf604,8,""
0xaebf6cc,56,"UFieldNodeBase::UFieldNodeBase"
0xaebf8d4,192,"UFieldNodeInt::GetPrivateStaticClass"
0xaebfca4,192,"UFieldNodeFloat::GetPrivateStaticClass"
0xaec017c,192,""
0xaec06b8,72,""
0xaec09d8,188,"URadialIntMask::StaticRegisterNativesURadialIntMask"
0xaec0e8c,56,"URadialIntMask::URadialIntMask"
0xaec10f0,192,""
0xaec135c,192,""
0xaec1998,192,"UWaveScalar::GetPrivateStaticClass"
0xaec2064,76,""
0xaec20fc,192,"URadialFalloff::GetPrivateStaticClass"
0xaec2820,76,""
0xaec286c,76,""
0xaec29ec,8,""
0xaec2ab4,56,"UPlaneFalloff::UPlaneFalloff"
0xaec2d3c,188,"UBoxFalloff::StaticRegisterNativesUBoxFalloff"
0xaec30d0,112,""
0xaec3498,192,"UNoiseField::StaticClass"
0xaec36b0,192,"UNoiseField::GetPrivateStaticClass"
0xaec3c40,76,""
0xaec3cd8,192,"UUniformVector::GetPrivateStaticClass"
0xaec42b4,192,"URadialVector::GetPrivateStaticClass"
0xaec4a1c,56,"URandomVector::URandomVector"
0xaec4e6c,76,""
0xaec4fcc,8,""
0xaec4fd4,192,""
0xaec5450,192,"UToIntegerField::GetPrivateStaticClass"
0xaec5bac,56,"UToFloatField::UToFloatField"
0xaec5fb0,76,""
0xaec6108,8,""
0xaec6110,192,""
0xaec6748,60,""
0xaec6a74,120,""
0xaec6f6c,12,"TClassCompiledInDefer<AFieldSystemActor>::ClassPackage"
0xaec6f78,180,"TClassCompiledInDefer<UFieldSystem>::Register"
0xaec7564,192,"TClassCompiledInDefer<UFieldSystemMetaDataProcessingResolution>::Register"
0xaec7aec,12,"TClassCompiledInDefer<UUniformInteger>::ClassPackage"
0xaec7d50,12,"TClassCompiledInDefer<UWaveScalar>::ClassPackage"
0xaec7e28,192,"TClassCompiledInDefer<UPlaneFalloff>::Register"
0xaec82f0,192,"TClassCompiledInDefer<UOperatorField>::Register"
0xaec9b6c,636,"UChaosDestructionListener::UpdateEvents"
0xaece560,592,"FChaosTrailingEventFilter::FilterEvents"
0xaed00cc,12,"UGeometryCollection::GetStateGuid"
0xaed01a0,168,"UGeometryCollectionCache::SetSupportedCollection"
0xaed07ec,16,"UGeometryCollectionCache::CompatibleWithForRecord"
0xaed07fc,112,"UGeometryCollectionCache::CompatibleWithForPlayback"
0xaed0bf4,32,""
0xaed0c14,168,""
0xaed0cbc,4,""
0xaed0ce0,592,"FGeometryCollectionRepData::NetSerialize"
0xaed4484,8,"UGeometryCollectionComponent::ShouldCreatePhysicsState"
0xaed448c,16,"UGeometryCollectionComponent::HasValidPhysicsState"
0xaed449c,200,"UGeometryCollectionComponent::SetNotifyBreaks"
0xaed4564,176,"UGeometryCollectionComponent::UpdateBreakEventRegistration"
0xaed46a0,144,"UGeometryCollectionComponent::DispatchBreakEvent"
0xaed4fe0,148,"UGeometryCollectionComponent::DispatchChaosPhysicsCollisionBlueprintEvents"
0xaed5074,152,""
0xaed51d8,268,""
0xaed5468,1352,"UGeometryCollectionComponent::UpdateRepData"
0xaed7330,124,""
0xaed73ac,392,"UGeometryCollectionComponent::DispatchFieldCommand"
0xaed7624,1396,"UGeometryCollectionComponent::GetInitializationCommands"
0xaed9788,144,"AGeometryCollectionDebugDrawActor::MakeDarker"
0xaed9818,44,"AGeometryCollectionDebugDrawActor::GetLevel"
0xaed9844,4,"AGeometryCollectionDebugDrawActor::OnPropertyChanged"
0xaed9848,544,""
0xaed9de0,4,"AGeometryCollectionDebugDrawActor::DrawRigidBodyId"
0xaed9de8,4,"AGeometryCollectionDebugDrawActor::DrawRigidBodiesTransform"
0xaed9df0,4,"AGeometryCollectionDebugDrawActor::DrawRigidBodyTransformNoChecks"
0xaed9dfc,4,"AGeometryCollectionDebugDrawActor::DrawRigidBodyInertiaNoChecks"
0xaed9e04,4,"AGeometryCollectionDebugDrawActor::DrawRigidBodyCollision"
0xaed9e0c,4,"AGeometryCollectionDebugDrawActor::DrawRigidBodiesInfo"
0xaed9e14,4,"AGeometryCollectionDebugDrawActor::DrawRigidBodyInfoNoChecks"
0xaed9e1c,4,"AGeometryCollectionDebugDrawActor::DrawConnectivityEdges"
0xaed9e20,4,"AGeometryCollectionDebugDrawActor::DrawConnectivityEdgesNoChecks"
0xaed9e2c,4,"AGeometryCollectionDebugDrawActor::DrawRigidBodyVelocityNoChecks"
0xaed9e34,4,"AGeometryCollectionDebugDrawActor::DrawRigidBodyForce"
0xaed9e3c,96,"UGeometryCollectionDebugDrawComponent::UGeometryCollectionDebugDrawComponent"
0xaed9ea4,164,"UGeometryCollectionDebugDrawComponent::TickComponent"
0xaeda014,128,""
0xaeda094,7500,"GeometryCollectionEngineUtility::PrintDetailedStatistics"
0xaf3d04c,356,""
0xaf3d468,428,""
0xaf3dc00,424,""
0xaf3e8dc,64,""
0xaf3e91c,252,""
0xaf3ebb4,8,""
0xaf3ebbc,20,""
0xaf3ec90,736,""
0xaf3fb20,116,""
0xaf3fe5c,20,""
0xaf3ff78,304,""
0xaf40a24,76,""
0xaf40c6c,48,""
0xaf40d30,108,""
0xaf41700,516,""
0xaf426b8,252,""
0xaf43088,440,""
0xaf4415c,24,""
0xaf44174,32,""
0xaf44194,4,""
0xaf44198,16,""
0xaf442f4,12,""
0xaf44300,32,""
0xaf4438c,64,""
0xaf44820,260,""
0xaf453e8,240,""
0xaf45c64,24,""
0xaf45d58,156,""
0xaf45e58,156,""
0xaf460f8,584,""
0xaf478ac,28,""
0xaf47d70,116,""
0xaf47de4,136,""
0xaf47efc,112,""
0xaf47fec,116,""
0xaf480e8,128,""
0xaf4864c,140,""
0xaf48b90,268,""
0xaf490e8,76,""
0xaf494cc,1144,""
0xaf4ce30,1148,""
0xaf51264,88,""
0xaf514d0,32,""
0xaf51520,460,""
0xaf51e9c,344,""
0xaf52254,100,""
0xaf52400,20,""
0xaf5276c,168,""
0xaf53010,8,""
0xaf53530,884,""
0xaf55bf0,64,""
0xaf55ffc,292,""
0xaf56b34,24,""
0xaf56c48,40,""
0xaf5711c,288,""
0xaf57dd8,400,""
0xaf58b08,8,""
0xaf58b10,152,""
0xaf59a54,200,""
0xaf5a048,68,""
0xaf5a1cc,4,""
0xaf5a1d4,4,""
0xaf5a2e0,348,""
0xaf5b390,304,""
0xaf5c580,84,""
0xaf5c5d4,120,""
0xaf5c7f0,12,""
0xaf5c7fc,4,""
0xaf5c800,80,""
0xaf5c850,132,""
0xaf5cb70,188,""
0xaf5d2b8,316,""
0xaf5d7bc,20,""
0xaf5d8f8,244,""
0xaf5e244,12,""
0xaf5e274,124,""
0xaf5e514,32,""
0xaf5e55c,80,""
0xaf5e674,408,""
0xaf5f36c,344,""
0xaf5f940,3536,""
0xaf7156c,572,""
0xaf72c10,172,""
0xaf72e8c,492,""
0xaf73ae8,232,""
0xaf73fd0,464,""
0xaf750d4,372,""
0xaf7534c,136,""
0xaf75458,852,""
0xaf76a48,488,""
0xaf7701c,280,""
0xaf77370,100,""
0xaf774e8,1532,""
0xaf7ce50,8,""
0xaf7ce58,8,""
0xaf7ce60,192,""
0xaf7d028,52,""
0xaf7d05c,272,""
0xaf7d614,188,""
0xaf7dbe0,244,""
0xaf7e310,168,""
0xaf7e3b8,76,""
0xaf7e4cc,360,""
0xaf7f220,348,""
0xaf80108,732,""
0xaf811b0,2680,""
0xaf8bd04,996,""
0xaf8f250,300,""
0xaf8fb90,300,""
0xaf90950,324,""
0xaf918b0,212,""
0xaf92648,112,""
0xaf92ad0,912,""
0xaf9601c,4,""
0xaf96054,8,""
0xaf960b4,160,""
0xaf96224,80,""
0xaf96408,16,""
0xaf964bc,64,""
0xaf964fc,68,""
0xaf96554,16,""
0xaf965c0,8,""
0xaf965d8,152,""
0xaf96a04,200,""
0xaf97088,304,""
0xaf97ba8,492,""
0xaf99170,64,""
0xaf99388,124,""
0xaf99970,316,""
0xaf9a368,488,""
0xaf9ba5c,156,""
0xaf9bf6c,4,""
0xaf9c254,148,""
0xaf9c71c,64,""
0xaf9ca24,292,""
0xaf9d3f4,24,""
0xaf9d454,184,""
0xaf9e1b8,16,""
0xaf9e1c8,16,""
0xaf9e1d8,312,""
0xaf9ebdc,80,""
0xaf9ed44,44,""
0xaf9ee24,100,""
0xaf9fb48,96,""
0xafa0730,348,""
0xafa0aa0,484,""
0xafa63d4,2116,""
0xafb0dc4,692,""
0xafb184c,56,""
0xafb1afc,436,""
0xafb2a38,732,""
0xafb4810,320,""
0xafb4e48,20,""
0xafb4edc,80,""
0xafb4f2c,88,""
0xafb4fd4,8,""
0xafb4fdc,44,""
0xafb506c,152,""
0xafb56c0,956,""
0xafb8184,72,""
0xafb81cc,76,""
0xafb82f0,92,""
0xafb88e8,612,""
0xafb9d4c,436,""
0xafbb430,240,""
0xafbba74,780,""
0xafbd1b0,444,""
0xafbda00,100,""
0xafbdabc,268,""
0xafbdca8,96,""
0xafbddb0,12,""
0xafbdde8,68,""
0xafbdf54,120,""
0xafbe130,2696,""
0xafc9e28,164,""
0xafcabe4,152,""
0xafcb8bc,276,""
0xafcbd94,312,""
0xafcbecc,260,""
0xafcc7f0,1292,""
0xafd18bc,8,""
0xafd18dc,8,""
0xafd19fc,140,""
0xafd1d94,264,""
0xafd27e8,16,""
0xafd2890,192,""
0xafd2cf8,188,""
0xafd30dc,36,""
0xafd36f8,44,""
0xafd430c,288,""
0xafd57d8,2616,""
0xafde8f8,352,""
0xafdf460,592,""
0xafe11d8,48,""
0xafe15f0,292,""
0xafe25a4,1408,""
0xafe6f20,228,""
0xafe746c,220,""
0xafe799c,136,""
0xafe7b48,4,""
0xafe7b68,20,""
0xafe7d34,64,""
0xafe7dc0,12,""
0xafe7dd4,680,""
0xafe90fc,12,""
0xafe918c,4,""
0xafe9190,156,""
0xafe95ec,136,""
0xafe9964,208,""
0xafea518,1024,""
0xafecb14,36,""
0xafecc28,16,""
0xafecc48,8,""
0xafecc58,116,""
0xafed024,212,""
0xafed690,44,""
0xafed6e0,36,""
0xafedb8c,8,""
0xafedb94,252,""
0xafee638,8,""
0xafee648,24,""
0xafee6c8,40,""
0xafee854,248,""
0xafeedf0,176,""
0xafefb54,788,""
0xaff2348,32,""
0xaff2390,64,""
0xaff24b4,72,""
0xaff29a4,40,""
0xaff2c4c,56,""
0xaff32e8,640,""
0xaff4214,164,""
0xaff4620,264,""
0xaff5744,28,""
0xaff5760,404,""
0xaff679c,36,""
0xaff68c8,432,""
0xaff79f0,20,""
0xaff7a6c,104,""
0xaff7ea8,240,""
0xaff846c,144,""
0xaff8c20,184,""
0xaff8f8c,584,""
0xaffb174,480,""
0xaffc4d4,8,""
0xaffc4f4,16,""
0xaffc5e8,12,""
0xaffc5f4,64,""
0xaffc6b8,68,""
0xaffc80c,224,""
0xaffced0,256,""
0xaffd9b8,72,""
0xaffda9c,80,""
0xaffdc1c,40,""
0xaffdc90,232,""
0xaffe314,16,""
0xaffe46c,164,""
0xaffea4c,336,""
0xafffb2c,132,""
0xb0000a0,188,""
0xb000adc,472,""
0xb003320,124,""
0xb003614,708,""
0xb005218,460,""
0xb006c00,572,""
0xb0080e0,320,""
0xb008bc0,408,""
0xb0096cc,8,""
0xb00976c,4,""
0xb0097f8,200,""
0xb009ee4,116,""
0xb00a06c,164,""
0xb00a518,408,""
0xb00b478,444,""
0xb00c73c,84,""
0xb00c8e0,384,""
0xb00dbc8,12,""
0xb00dc6c,4,""
0xb00dc70,8,""
0xb00dd30,100,""
0xb00de68,112,""
0xb00eb08,444,""
0xb010770,504,""
0xb012690,76,""
0xb012a20,404,""
0xb013170,132,""
0xb013924,148,""
0xb013e6c,112,""
0xb014354,40,""
0xb014520,280,""
0xb014d2c,428,""
0xb015cdc,468,""
0xb016824,1400,""
0xb01a438,180,""
0xb01a860,48,""
0xb01a890,92,""
0xb01a8ec,64,""
0xb01a974,84,""
0xb01aa28,216,""
0xb01ada4,60,""
0xb01ade0,296,""
0xb01b590,480,""
0xb01c1ac,200,""
0xb01c790,224,""
0xb01c98c,20,""
0xb01c9a0,168,""
0xb01da84,444,""
0xb01ec74,2372,""
0xb02da1c,212,""
0xb02e214,372,""
0xb02ede0,460,""
0xb02fd3c,36,""
0xb02fd60,44,""
0xb02fde4,88,""
0xb02ff30,100,""
0xb030240,444,""
0xb030f1c,252,""
0xb031294,4,""
0xb031298,584,""
0xb032df0,872,""
0xb037550,108,""
0xb0375bc,536,""
0xb0377d4,216,""
0xb0378ac,1284,""
0xb03d170,1116,""
0xb03df10,1112,""
0xb03ecac,276,""
0xb03edc0,80,""
0xb03ee10,72,""
0xb03ee58,4,""
0xb03ee60,268,""
0xb03ef6c,68,""
0xb03efb0,8,""
0xb03efb8,28,""
0xb03efd4,1716,""
0xb04010c,696,""
0xb0408b0,304,""
0xb0409e0,728,""
0xb0413d4,100,""
0xb041438,12,""
0xb041444,68,""
0xb0416d8,316,""
0xb041aa0,8,""
0xb041aa8,236,""
0xb0420b0,4,""
0xb0420b8,732,""
0xb043880,20,""
0xb043894,332,""
0xb0439e0,2872,""
0xb067fa4,1032,""
0xb068a04,440,""
0xb069df8,48,""
0xb069e28,416,""
0xb06b400,108,""
0xb06b4a8,68,""
0xb06b530,68,""
0xb06b748,440,""
0xb06d9ac,88,""
0xb06db18,4,""
0xb06db1c,908,""
0xb06ebf8,988,""
0xb0714e0,16,""
0xb071520,92,""
0xb0715cc,64,""
0xb071804,8,""
0xb07180c,24,""
0xb071ec8,208,"physx::NpPhysics::initOffsetTables"
0xb072304,496,"physx::NpPhysics::createScene"
0xb072c7c,108,"physx::NpPhysics::updateMaterial"
0xb072d08,16,"physx::NpPhysics::getTriangleMeshes"
0xb072d48,16,"physx::NpPhysics::createConvexMesh"
0xb072da8,16,"physx::NpPhysics::getClothFabrics"
0xb0733e0,448,"physx::NpPhysics::unregisterDeletionListenerObjects"
0xb0739e8,220,"physx::NpMaterialManager::resize"
0xb0744f4,2284,"physx::NpFactory::NpFactory"
0xb07af58,424,""
0xb07bccc,220,""
0xb07cb40,220,"physx::shdfnd::internal::Stack<physx::shdfnd::ReflectionAllocator<physx::NpClothFabric> >::grow"
0xb07d290,220,"physx::shdfnd::internal::Stack<physx::shdfnd::ReflectionAllocator<physx::NpCloth> >::grow"
0xb07e024,268,""
0xb07e95c,464,""
0xb07ff4c,464,""
0xb0821f4,268,""
0xb082e98,812,""
0xb0850f0,332,""
0xb08613c,24,"physx::NpMaterial::resolveReferences"
0xb0862d8,8,"physx::NpMaterial::getReferenceCount"
0xb086318,8,"physx::NpMaterial::getStaticFriction"
0xb086454,12,"physx::NpMaterial::getRestitutionCombineMode"
0xb0864d0,168,"physx::NpAggregate::NpAggregate"
0xb087088,248,"physx::NpAggregate::resolveReferences"
0xb0879e4,384,"physx::NpActor::addConnector"
0xb0895c8,20,"physx::NpConstraint::getActors"
0xb089ab0,12,"physx::NpConstraint::markDirty"
0xb089d04,76,"physx::NpConstraint::updateConstants"
0xb089fc0,164,"physx::NpConstraintGetRigidObjectsFromScb"
0xb08a5d8,152,""
0xb08abbc,160,"physx::NpArticulation::setSleepThreshold"
0xb08b780,8,"physx::NpArticulation::setName"
0xb08b790,16,"physx::NpArticulation::getOwnerScene"
0xb08b80c,8,"physx::NpArticulation::releaseDriveCache"
0xb08b984,84,"physx::PxArticulation::isKindOf"
0xb08bd94,336,"physx::NpArticulationLink::resolveReferences"
0xb08d92c,16,"physx::NpArticulationLink::setGlobalPose"
0xb08dd40,596,"physx::NpArticulationLink::visualize"
0xb08fdc0,948,"physx::NpRigidBodyTemplate<physx::PxArticulationLink>::setRigidBodyFlags"
0xb092a10,952,"physx::NpRigidDynamic::setGlobalPose"
0xb0965e0,52,"physx::NpRigidBodyTemplate<physx::PxRigidDynamic>::getCMassLocalPose"
0xb096838,108,"physx::NpRigidBodyTemplate<physx::PxRigidDynamic>::getMassSpaceInertiaTensor"
0xb097234,160,"physx::NpRigidBodyTemplate<physx::PxRigidDynamic>::setMaxContactImpulse"
0xb0975b0,4,""
0xb0976f4,244,"physx::NpActorTemplate<physx::PxRigidDynamic>::setActorFlags"
0xb098164,88,"physx::NpRigidStaticGetShapes"
0xb0983ec,8,"physx::NpRigidStatic::getType"
0xb0984c4,968,"physx::NpRigidActorTemplate<physx::PxRigidStatic>::setActorFlag"
0xb09c410,344,"physx::NpScene::removeRigidStatic"
0xb09d634,80,"physx::NpScene::getAggregates"
0xb09dd50,100,"physx::NpScene::getActiveTransforms"
0xb09dec8,76,"physx::NpScene::getRenderBuffer"
0xb09e344,136,"physx::NpScene::setClientBehaviorFlags"
0xb09e450,8,"physx::NpScene::getClothInterCollisionDistance"
0xb09e49c,8,"physx::NpScene::getClothInterCollisionStiffness"
0xb09e4e8,8,"physx::NpScene::getClothInterCollisionNbIterations"
0xb09e53c,68,"physx::NpScene::setContactModifyCallback"
0xb09e67c,8,"physx::NpScene::getNbBroadPhaseRegions"
0xb09e734,8,"physx::NpScene::getFilterShaderDataSize"
0xb09eb6c,656,"physx::NpRigidActorTemplate<physx::PxRigidDynamic>::resetFiltering"
0xb0a041c,240,"physx::NpScene::createVolumeCache"
0xb0a15f0,88,"physx::NpScene::releaseBatchQuery"
0xb0a16e8,8,"physx::Cm::RenderBuffer::getNbTexts"
0xb0a1714,68,"physx::NpScene::SceneCompletion::release"
0xb0a3238,328,""
0xb0a4720,268,""
0xb0a5570,268,""
0xb0a5da4,220,""
0xb0a6570,252,""
0xb0a6af8,344,""
0xb0a74cc,352,""
0xb0a8600,332,""
0xb0a9938,2172,"physx::NpBatchQuery::execute"
0xb0b6978,80,"physx::NpCloth::release"
0xb0b6c50,4,"physx::NpCloth::sendPvdSeparationConstraints"
0xb0b6c54,104,"physx::NpCloth::getSeparationConstraints"
0xb0b6ec0,104,"physx::NpCloth::getNbCollisionSpheres"
0xb0b7118,96,"physx::NpCloth::removeCollisionTriangle"
0xb0b73c8,96,"physx::NpCloth::addCollisionConvex"
0xb0b75bc,96,"physx::NpCloth::getVirtualParticles"
0xb0b7a1c,128,"physx::NpCloth::getExternalAcceleration"
0xb0b7d04,180,"physx::NpCloth::setCentrifugalInertiaScale"
0xb0b8214,128,"physx::NpCloth::getLinearDragCoefficient"
0xb0b844c,96,"physx::NpCloth::setCollisionMassScale"
0xb0b8770,8,"physx::NpCloth::getNbSelfCollisionIndices"
0xb0b88ac,108,"physx::NpCloth::getSolverFrequency"
0xb0b8c38,224,"physx::NpCloth::setClothFlag"
0xb0b91fc,104,"physx::NpCloth::getWakeCounter"
0xb0b9724,96,"physx::NpCloth::setContactOffset"
0xb0ba13c,4,"physx::NpActorTemplate<physx::PxCloth>::getScene"
0xb0ba4d4,212,"physx::NpActorTemplate<physx::PxCloth>::setOwnerClient"
0xb0ba740,8,"physx::NpActorTemplate<physx::PxCloth>::exportExtraData"
0xb0baa80,220,""
0xb0baff4,36,""
0xb0bb098,72,""
0xb0bb278,8,"physx::NpClothFabric::load"
0xb0bb2a0,8,"physx::NpClothFabric::getNbRestvalues"
0xb0bb2b8,8,"physx::NpClothFabric::getSets"
0xb0bb2d8,8,"physx::NpClothFabric::getTetherLengths"
0xb0bb480,456,"physx::Scb::Aggregate::addActor"
0xb0bc678,608,"physx::Scb::Scene::addActor"
0xb0bdde4,16,"physx::Scb::Scene::addArticulationJoint"
0xb0bddf4,284,""
0xb0be29c,172,"physx::Scb::Scene::updateMaterial"
0xb0be730,244,"physx::Scb::Scene::removeCloth"
0xb0beef8,584,"physx::Scb::Body::syncCollisionWriteThroughState"
0xb0c109c,8,"physx::Scb::Scene::getBroadPhaseType"
0xb0c10a4,8,"physx::Scb::Scene::getBroadPhaseCaps"
0xb0c10ac,8,"physx::Scb::Scene::getNbBroadPhaseRegions"
0xb0c10b4,8,"physx::Scb::Scene::getBroadPhaseRegions"
0xb0c10bc,80,"physx::Scb::Scene::addBroadPhaseRegion"
0xb0c1468,752,"physx::Scb::RigidObject::syncState"
0xb0c3404,144,"physx::Scb::ParticleSystem::ForceUpdates::destroy"
0xb0c3524,292,"physx::Scb::ParticleSystem::createParticles"
0xb0c4310,460,"physx::Scb::Shape::setMaterialsHelper"
0xb0c5a48,680,"physx::immediate::PxSolveConstraints"
0xb0c6e6c,60,"physx::NpActorTemplate<physx::PxParticleFluid>::getOwnerClient"
0xb0c6ea8,180,"physx::NpActorTemplate<physx::PxParticleFluid>::setClientBehaviorFlags"
0xb0c73ec,248,""
0xb0c7b00,52,"physx::NpParticleBaseTemplate<physx::PxParticleFluid, physx::NpParticleFluid>::setGridSize"
0xb0c7d14,4,""
0xb0c7f28,12,"physx::NpParticleFluidReadData::getDataAccessFlags"
0xb0c8038,80,""
0xb0c8460,8,"physx::NpActorTemplate<physx::PxParticleSystem>::getName"
0xb0c86ac,244,"physx::NpActorTemplate<physx::PxParticleSystem>::setActorFlags"
0xb0c90f8,28,"physx::NpParticleBaseTemplate<physx::PxParticleSystem, physx::NpParticleSystem>::getRestitution"
0xb0c932c,164,""
0xb0c97dc,12,"physx::NpActorTemplate<physx::PxParticleSystem>::release"
0xb0c992c,4,"physx::PxcContactSphereCapsule"
0xb0c9964,4,"physx::PxcContactBoxBox"
0xb0c99cc,4,"physx::PxcPCMContactBoxBox"
0xb11532c,188,"physx::Sq::BitArray::resize"
0xb115528,240,"physx::Sq::AABBTree::markNodeForRefit"
0xb1156d8,388,"physx::Sq::AABBTree::refitMarkedNodes"
0xb1160dc,640,"physx::Sq::AABBTree::mergeTree"
0xb116b54,136,"physx::Sq::AABBTreeBuildNode::_buildHierarchy"
0xb116bdc,220,""
0xb1170a8,88,"physx::Sq::PrunerExt::preallocate"
0xb117270,176,"physx::Sq::PrunerExt::addToDirtyList"
0xb117408,468,"physx::Sq::SceneQueryManager::SceneQueryManager"
0xb118500,64,"physx::Sq::SceneQueryManager::shiftOrigin"
0xb118584,4,""
0xb118834,324,"physx::Sq::AABBPruner::release"
0xb119950,844,""
0xb11c5b0,136,"physx::Sq::PruningPool::removeObject"
0xb11c81c,316,"physx::Sq::AABBTreeUpdateMap::invalidate"
0xb11cd1c,36,""
0xb11cecc,504,"physx::Sq::ExtendedBucketPruner::addTree"
0xb11dc3c,172,"physx::Sq::ExtendedBucketPruner::invalidateObject"
0xb11dfd4,288,"physx::Sq::ExtendedBucketPruner::cleanTrees"
0xb11ea6c,348,"physx::Sq::ExtendedBucketPruner::sweep"
0xb11ed1c,204,""
0xb11ede8,460,""
0xb11f308,108,"MainTreeRaycastPrunerCallback<false>::invoke"
0xb11f3d4,4,""
0xb11f434,4,""
0xb11f438,92,"MainTreeOverlapPrunerCallback<physx::Gu::CapsuleAABBTest>::invoke"
0xb11f564,4,""
0xb11f684,284,""
0xb11fe2c,252,"physx::Sq::IncrementalAABBPrunerCore::swapIndex"
0xb120128,320,"physx::Sq::IncrementalAABBPrunerCore::removeMarkedObjects"
0xb120720,612,""
0xb121340,1584,""
0xb12b1e8,544,"physx::Sq::BucketPrunerCore::overlap"
0xb12bcc0,1376,""
0xb12c82c,2172,"physx::Sq::BucketPrunerCore::shiftOrigin"
0xb12f304,152,""
0xb12f490,248,"physx::shdfnd::Array<char, physx::shdfnd::ReflectionAllocator<char> >::resize"
0xb12f798,112,"physx::Sc::ArticulationSim::internalWakeUp"
0xb12f978,120,"physx::Sc::ArticulationSim::saveLastCCDTransform"
0xb12fac4,88,"physx::Sc::ArticulationSim::updateDriveCache"
0xb12fb48,464,"physx::Sc::ArticulationSim::applyImpulse"
0xb13060c,224,""
0xb130bc4,1456,""
0xb133a64,256,"physx::IG::IslandSim::removeConnectionInternal"
0xb1342cc,248,"physx::IG::IslandSim::removeEdgeFromActivatingList"
0xb13476c,100,"physx::IG::IslandSim::unwindRoute"
0xb1347d0,292,"physx::IG::IslandSim::activateIsland"
0xb1348f4,360,"physx::IG::IslandSim::deactivateIsland"
0xb134a5c,1496,"physx::IG::IslandSim::wakeIslands"
0xb138ec4,224,""
0xb13918c,320,"physx::Sc::BodyCore::BodyCore"
0xb139458,60,"physx::Sc::BodyCore::setAngularVelocity"
0xb139620,532,"physx::Sc::BodyCore::setupSimStateData"
0xb13a284,28,"physx::Sc::BodyCore::checkSimStateKinematicStatus"
0xb13a2a0,12,"physx::Sc::BodyCore::invalidateKinematicTarget"
0xb13a330,32,"physx::Sc::getPxActorFromBodyCore"
0xb13a388,20,"physx::Sc::BodyCore::setSolverIterationCounts"
0xb13a534,44,"physx::Sc::BodyCore::getHasValidKinematicTarget"
0xb13a910,440,"physx::Sc::BodySim::setActive"
0xb13b480,104,"physx::Sc::BodySim::postSwitchToKinematic"
0xb13b720,184,"physx::Sc::BodySim::deactivateInteractions"
0xb13b9c4,348,"physx::Sc::BodySim::internalWakeUp"
0xb13c5d4,68,"physx::Sc::BodySim::onConstraintDetach"
0xb13c87c,92,"physx::Sc::BodySim::freezeTransforms"
0xb13ca4c,412,""
0xb13ce18,36,"physx::Sc::ConstraintCore::getForce"
0xb13ce84,20,"physx::Sc::ConstraintCore::getBreakForce"
0xb13ceac,20,"physx::Sc::ConstraintCore::getPxConstraint"
0xb13cee4,16,"physx::Sc::ConstraintCore::prepareForSetBodies"
0xb13cfd4,28,"physx::Sc::ConstraintGroupNode::initProjectionData"
0xb13d004,4,"physx::Sc::ConstraintGroupNode::projectPose"
0xb13e45c,412,""
0xb13ec24,348,"physx::Sc::ConstraintProjectionTree::rankConstraint"
0xb13f7d0,364,""
0xb1405e0,680,"physx::Sc::ConstraintSim::postBodiesChange"
0xb141604,16,"physx::Sc::ConstraintInteraction::updateState"
0xb141614,188,"physx::Sc::ConstraintInteraction::onActivate"
0xb141c3c,2460,""
0xb14a864,920,""
0xb14d344,332,""
0xb14e0f0,332,""
0xb14eeb0,164,"physx::Bp::PersistentActorAggregatePair::update"
0xb14f80c,136,""
0xb14ffe4,592,"physx::Bp::SimpleAABBManager::SimpleAABBManager"
0xb1519fc,24,"physx::Bp::FinalizeUpdateTask::runInternal"
0xb151a14,328,"physx::Bp::SimpleAABBManager::finalizeUpdate"
0xb152688,228,"physx::Bp::SimpleAABBManager::createPersistentActorAggregatePair"
0xb153850,52,"physx::Bp::SimpleAABBManager::shiftOrigin"
0xb153a48,12,"physx::Bp::FinalizeUpdateTask::getName"
0xb153ae8,164,""
0xb153f38,296,""
0xb154c70,860,""
0xb156cbc,32,""
0xb156eac,20,"physx::cloth::ClothImpl<physx::cloth::SwCloth>::getGravity"
0xb157074,268,"physx::cloth::ClothImpl<physx::cloth::SwCloth>::setLinearDrag"
0xb158f08,668,"physx::cloth::ClothImpl<physx::cloth::SwCloth>::setConvexes"
0xb15a8e8,76,""
0xb15adbc,168,""
0xb15af24,76,""
0xb15b0d8,8,""
0xb15b0f8,8,""
0xb15b3ac,8,""
0xb15b420,8,""
0xb15b44c,8,""
0xb15b54c,8,""
0xb15b580,8,""
0xb15b588,8,""
0xb15b698,8,""
0xb15b708,116,""
0xb15bb28,8,""
0xb15bb70,8,""
0xb15bba8,8,""
0xb15bfc0,552,""
0xb15d758,464,""
0xb15e44c,276,"physx::cloth::ClothImpl<physx::cloth::SwCloth>::setPhaseConfig"
0xb15f4b0,184,""
0xb15f848,208,"physx::cloth::transform"
0xb1606f0,272,""
0xb1611d8,12,"physx::cloth::SwFabric::getFactory"
0xb161200,8,"physx::cloth::SwFabric::getNumRestvalues"
0xb161210,12,"physx::cloth::SwFabric::getNumSets"
0xb161258,8,""
0xb161290,124,"physx::cloth::SwFabric::scaleRestvalues"
0xb161724,180,"physx::shdfnd::Array<unsigned short, physx::shdfnd::NonTrackingAllocator>::recreate"
0xb161a64,40,""
0xb161e08,8,""
0xb161ecc,188,""
0xb1623d8,44,"physx::cloth::SwSolver::CpuClothSimulationTask::CpuClothSimulationTask"
0xb162930,416,"physx::cloth::SwSolver::CpuClothSimulationTask::release"
0xb163a74,504,""
0xb1645f4,116,"physx::cloth::SwCollision<Simd4f>::deallocate"
0xb164dd4,1720,"physx::cloth::SwCollision<Simd4f>::collideTriangles"
0xb16cf70,952,"physx::cloth::SwSolverKernel<Simd4f>::constrainSeparation"
0xb1749d8,968,"physx::Sc::Scene::allocatePointerBlock"
0xb175728,16,"physx::Sc::Scene::setBounceThresholdVelocity"
0xb175738,16,"physx::Sc::Scene::getBounceThresholdVelocity"
0xb1757d0,12,"physx::Sc::Scene::getFrictionType"
0xb1757dc,156,"physx::Sc::Scene::endSimulation"
0xb176454,520,"physx::Sc::Scene::clearSleepWakeBodies"
0xb17665c,364,"physx::Sc::Scene::processLostTouchPairs"
0xb176aa4,180,"physx::Sc::Scene::removeConstraint"
0xb176b58,284,"physx::Sc::Scene::addArticulation"
0xb176db4,136,"physx::Sc::Scene::addBrokenConstraint"
0xb176eb0,96,"physx::Sc::Scene::removeActiveBreakableConstraint"
0xb177378,260,"physx::Sc::Scene::scheduleCloth"
0xb177590,416,"physx::Sc::Scene::scheduleParticleShapeGeneration"
0xb177924,84,"physx::Sc::Scene::scheduleParticleCollisionCpu"
0xb177978,48,"physx::Sc::Scene::scheduleParticleGpu"
0xb1779a8,1312,"physx::Sc::Scene::advanceStep"
0xb17a01c,180,"physx::Sc::Scene::addToLostTouchList"
0xb17a14c,500,"physx::Sc::Scene::islandGen"
0xb17acc0,320,"physx::Sc::Scene::processLostContacts2"
0xb17b200,1788,"physx::Sc::Scene::updateCCDMultiPass"
0xb17ee6c,8,"physx::Sc::Scene::setScratchBlock"
0xb17f124,312,"physx::Sc::Scene::removeShapes"
0xb17f510,108,"physx::Sc::Scene::prefetchForRemove"
0xb17f8ec,548,"physx::Sc::Scene::removeBody"
0xb1806f8,120,"physx::Sc::Scene::setDominanceGroupPair"
0xb1807ac,20,"physx::Sc::Scene::setCreateContactReports"
0xb180824,36,"physx::Sc::Scene::setVisualizationCullingBox"
0xb180854,12,"physx::Sc::Scene::getFrictionOffsetThreshold"
0xb180868,876,"physx::Sc::Scene::buildActiveTransforms"
0xb18338c,12,"ScSimulationControllerCallback::getNbCcdBodies"
0xb183398,4,""
0xb1833a0,4,""
0xb183778,440,""
0xb184524,220,""
0xb184c6c,220,""
0xb184d48,424,""
0xb185b8c,4,""
0xb185b9c,88,"SpeculativeCCDContactDistanceUpdateTask::runInternal"
0xb185c18,4,""
0xb185c28,80,"DirtyShapeUpdatesTask::runInternal"
0xb185d48,12,"ConstraintProjectionTask::getName"
0xb185d54,404,"ConstraintProjectionTask::runInternal"
0xb1866ac,412,""
0xb1871b0,8,""
0xb1871b8,80,""
0xb1872f0,80,""
0xb1874b4,8,""
0xb187560,8,""
0xb1875d0,236,""
0xb187bb0,80,""
0xb187f04,8,""
0xb187f0c,24,""
0xb188054,232,""
0xb188fdc,220,""
0xb18944c,268,""
0xb189bb4,260,""
0xb18a87c,352,""
0xb18b3dc,80,""
0xb18b5f8,16,""
0xb18b76c,80,""
0xb18bb54,80,""
0xb18c110,452,""
0xb18cf10,220,""
0xb18da90,352,""
0xb18f068,20,"physx::PxTaskMgr::release"
0xb18f0e0,8,"physx::PxTaskMgr::addReference"
0xb18f330,320,"physx::PxTaskMgr::dispatchTask"
0xb18fd4c,20,"physx::PxTaskMgr::getReference"
0xb18fd70,8,"physx::PxTaskMgr::getCpuDispatcher"
0xb190040,380,""
0xb191d60,2228,"physx::PxsCCDPair::sweepAdvanceToToi"
0xb19b8e8,144,"MBP::addToOutOfBoundsArray"
0xb19bd70,600,"MBP::addRegion"
0xb19d52c,76,"MBP::finalize"
0xb19d578,628,"MBP::shiftOrigin"
0xb19f96c,2140,"physx::Bp::BroadPhaseSap::setUpdateData"
0xb1a95e4,4,""
0xb1a9704,1912,"physx::Dy::PxsSolverConstraintPostProcessTask::mergeContacts"
0xb1b435c,372,""
0xb1b49ac,8,"physx::Sc::ShapeCore::ShapeCore"
0xb1b4a40,48,"physx::Sc::ShapeCore::getNbMaterialIndices"
0xb1b4aa0,384,"physx::Sc::ShapeCore::setGeometry"
0xb1b59bc,376,"physx::Sc::ShapeInteraction::getContactPointData"
0xb1b7460,780,"physx::Sc::ShapeInteraction::createManager"
0xb1b8cec,1120,"physx::Sc::ShapeSim::updateSweptBounds"
0xb1bc47c,436,""
0xb1bd95c,16,"physx::Sc::ClothCore::getNbMotionConstraints"
0xb1bd9b0,104,"physx::Sc::ClothCore::getMotionConstraintConfig"
0xb1bda18,16,"physx::Sc::ClothCore::getNbSeparationConstraints"
0xb1bda38,16,"physx::Sc::ClothCore::getNbParticleAccelerations"
0xb1bda8c,128,"physx::Sc::ClothCore::removeCollisionSphere"
0xb1bdc4c,68,"physx::Sc::ClothCore::addCollisionTriangle"
0xb1bdde4,128,"physx::Sc::ClothCore::setCollisionPlanes"
0xb1bdf34,16,"physx::Sc::ClothCore::setLinearInertiaScale"
0xb1bdfc8,16,"physx::Sc::ClothCore::setDampingCoefficient"
0xb1be018,16,"physx::Sc::ClothCore::getLinearDragCoefficient"
0xb1be068,16,"physx::Sc::ClothCore::setSelfCollisionDistance"
0xb1be0a8,16,"physx::Sc::ClothCore::getNbSelfCollisionIndices"
0xb1be1f4,68,"physx::Sc::ClothCore::setTetherConfig"
0xb1be458,16,"physx::Sc::ClothCore::isSleeping"
0xb1be498,284,"physx::Sc::ClothCore::getParticleData"
0xb1bf3c4,536,""
0xb1c067c,16,"physx::Sc::ClothFabricCore::getNbPhases"
0xb1c069c,16,"physx::Sc::ClothFabricCore::getNbParticleIndices"
0xb1c06cc,516,"physx::Sc::ClothFabricCore::getPhases"
0xb1c4e28,888,"physx::Sc::ClothSim::addCollisionHeightfield"
0xb1c6a14,612,""
0xb1c7a4c,224,"physx::Sc::ParticlePacketShape::reallocInteractions"
0xb1c82a4,8,"physx::Sc::ParticleSystemCore::getParticleMass"
0xb1c82e4,8,"physx::Sc::ParticleSystemCore::getSimulationFilterData"
0xb1c83e0,12,"physx::Sc::ParticleSystemCore::getParticleReadDataFlags"
0xb1c844c,8,"physx::Sc::ParticleSystemCore::setRestOffset"
0xb1c846c,76,"physx::Sc::ParticleSystemCore::setRestParticleDistance"
0xb1c8a20,60,"physx::Sc::ParticleSystemCore::getParticleCount"
0xb1c8e48,32,"physx::Sc::ParticleSystemSim::getSimulationFilterData"
0xb1c8fdc,164,"physx::Sc::ParticleSystemSim::addInteraction"
0xb1ca45c,188,"physx::Sc::ParticleSystemSim::visualizeBroadPhaseBounds"
0xb1cabc8,152,"physx::Sc::ParticleSystemSim::createShapeUpdateInput"
0xb1caf38,216,"physx::Sc::ParticleSystemSim::schedulePipelineGpu"
0xb1cb558,80,""
0xb1cb84c,144,""
0xb1cba94,464,""
0xb1cd870,220,""
0xb1cdb50,296,""
0xb1ce1a8,296,""
0xb1ced98,20,"physx::Ext::D6Joint::getDrive"
0xb1cedf8,48,"physx::Ext::D6Joint::setLinearLimit"
0xb1cee88,48,"physx::Ext::D6Joint::setSwingLimit"
0xb1cefcc,12,"physx::Ext::D6Joint::getProjectionAngularTolerance"
0xb1ceff0,12,"physx::Ext::D6Joint::getProjectionLinearTolerance"
0xb1cf72c,60,"physx::Ext::D6Joint::resolveReferences"
0xb1d0a88,12,"physx::PxD6Joint::getConcreteTypeName"
0xb1d0a94,92,""
0xb1d1148,1016,"physx::Ext::Joint<physx::PxD6Joint, physx::PxD6JointGeneratedValues>::getRelativeTransform"
0xb1d5350,448,""
0xb1d5e50,4,"physx::shdfnd::ThreadT<physx::shdfnd::ReflectionAllocator<physx::shdfnd::ThreadImpl> >::execute"
0xb1d5e54,404,"physx::PxDefaultSimulationFilterShader"
0xb1d8364,16,"physx::RepXSerializerImpl<physx::PxParticleSystem>::objectToFile"
0xb1d864c,552,""
0xb1d9aec,452,""
0xb1da754,392,""
0xb1dc1d8,424,""
0xb1dd1c8,452,""
0xb1dddb4,452,""
0xb1df3c0,848,""
0xb1e2288,452,""
0xb1e2e18,52,""
0xb1e2e4c,12,"physx::RepXSerializerImpl<physx::PxD6Joint>::getTypeName"
0xb1e2e58,16,"physx::RepXSerializerImpl<physx::PxD6Joint>::objectToFile"
0xb1e3088,312,""
0xb1e41fc,364,""
0xb1e4f00,548,""
0xb1e6bcc,452,""
0xb1e7d88,532,""
0xb1e969c,392,""
0xb1eb188,1128,""
0xb1ee230,452,""
0xb1efefc,452,""
0xb1f0e80,424,""
0xb1f2acc,552,""
0xb1f40b0,12,""
0xb1f42b8,16,""
0xb1f4578,12,""
0xb1f45e8,12,""
0xb1f4698,12,""
0xb1f4bcc,12,""
0xb1f4bfc,12,""
0xb1f4c38,12,""
0xb1f4ccc,12,""
0xb1f500c,12,""
0xb1f52c4,16,""
0xb1f53c4,12,""
0xb1f53d0,12,""
0xb1f53dc,12,""
0xb1f5454,12,""
0xb1f54c0,12,""
0xb1f5524,12,""
0xb1f5a1c,12,""
0xb1f5a64,12,""
0xb1f5ac4,12,""
0xb1f5b1c,12,""
0xb1f5ebc,12,""
0xb1f5f80,96,"physx::PxAggregateGeneratedValues::PxAggregateGeneratedValues"
0xb1f60a4,12,""
0xb1f61e4,180,"physx::PxConstraintGeneratedValues::PxConstraintGeneratedValues"
0xb1f6704,12,""
0xb1f674c,12,""
0xb1f68c8,12,""
0xb1f695c,12,""
0xb1f6998,96,""
0xb1f6bc0,96,""
0xb1f6d34,12,""
0xb1f6dd4,12,""
0xb1f6e28,12,""
0xb1f6e64,12,""
0xb1f6ec4,1640,"physx::PxClothGeneratedInfo::PxClothGeneratedInfo"
0xb1fcf94,12,""
0xb1fcfc4,24,""
0xb1fd01c,8,"physx::Ext::Joint<physx::PxDistanceJoint, physx::PxDistanceJointGeneratedValues>::getName"
0xb1fd0f4,468,""
0xb1fe25c,24,"physx::Ext::FixedJoint::setProjectionAngularTolerance"
0xb1fe360,172,"physx::Ext::FixedJoint::createObject"
0xb1ff95c,1016,""
0xb203a0c,24,""
0xb203a48,12,""
0xb203a78,8,""
0xb203a90,24,"physx::Ext::Joint<physx::PxPrismaticJoint, physx::PxPrismaticJointGeneratedValues>::getScene"
0xb203c08,468,""
0xb2051ec,84,"physx::Ext::RevoluteJoint::getVelocity"
0xb20527c,12,"physx::Ext::RevoluteJoint::getDriveVelocity"
0xb205288,24,"physx::Ext::RevoluteJoint::setDriveVelocity"
0xb20530c,24,"physx::Ext::RevoluteJoint::setProjectionLinearTolerance"
0xb205384,92,"physx::Ext::RevoluteJoint::prepareData"
0xb2061d0,12,"physx::PxRevoluteJoint::getConcreteTypeName"
0xb206610,32,""
0xb206890,1016,""
0xb2095b4,692,"physx::PxRigidBodyExt::computeMassPropertiesFromShapes"
0xb20dd90,24,"physx::Ext::SphericalJoint::getLimitCone"
0xb20de60,100,""
0xb20ec24,16,"physx::Ext::Joint<physx::PxSphericalJoint, physx::PxSphericalJointGeneratedValues>::release"
0xb20ed6c,776,""
0xb21119c,12,""
0xb2111c0,12,""
0xb2111f0,12,""
0xb21126c,12,""
0xb21129c,12,""
0xb2112c0,12,""
0xb211548,8,""
0xb211738,12,""
0xb21175c,12,""
0xb211780,12,""
0xb2117a4,12,""
0xb2117c8,12,""
0xb211804,12,""
0xb211834,1148,"physx::PxD6JointGeneratedInfo::PxD6JointGeneratedInfo"
0xb215cd0,20,"physx::Sn::SerializationRegistry::getSerializerType"
0xb215cfc,132,"physx::Sn::SerializationRegistry::registerBinaryMetaDataCallback"
0xb216778,20,"physx::Sn::SerializationRegistry::release"
0xb2167b0,504,""
0xb21810c,764,"physx::NpShape::getBinaryMetaData"
0xb21cd64,1160,"physx::Sc::ConstraintCore::getBinaryMetaData"
0xb221008,716,"physx::Scb::Body::getBinaryMetaData"
0xb222da0,8,"physx::PxSerializerDefaultAdapter<physx::Gu::RTreeTriangleMesh>::getConcreteTypeName"
0xb222e78,8,"physx::PxSerializerDefaultAdapter<physx::Gu::RTreeTriangleMesh>::getClassSize"
0xb222e80,12,"physx::PxSerializerDefaultAdapter<physx::Gu::RTreeTriangleMesh>::createObject"
0xb222f84,8,"physx::PxSerializerDefaultAdapter<physx::Gu::BV4TriangleMesh>::getClassSize"
0xb222f9c,4,""
0xb222ff0,20,"physx::PxSerializerDefaultAdapter<physx::Gu::HeightField>::exportData"
0xb2230c4,8,"physx::PxSerializerDefaultAdapter<physx::NpRigidDynamic>::getConcreteTypeName"
0xb2230fc,8,"physx::PxSerializerDefaultAdapter<physx::NpRigidDynamic>::getClassSize"
0xb223130,8,"physx::PxSerializerDefaultAdapter<physx::NpRigidStatic>::isSubordinate"
0xb22314c,20,"physx::PxSerializerDefaultAdapter<physx::NpRigidStatic>::exportData"
0xb22323c,8,"physx::PxSerializerDefaultAdapter<physx::NpShape>::isSubordinate"
0xb22326c,8,"physx::PxSerializerDefaultAdapter<physx::NpShape>::getClassSize"
0xb2232a0,8,"physx::PxSerializerDefaultAdapter<physx::NpMaterial>::isSubordinate"
0xb2232c0,140,"physx::PxSerializerDefaultAdapter<physx::NpMaterial>::registerReferences"
0xb223660,12,"physx::PxSerializerDefaultAdapter<physx::NpArticulation>::createObject"
0xb223790,8,"physx::PxSerializerDefaultAdapter<physx::NpArticulationJoint>::getConcreteTypeName"
0xb223864,4,""
0xb22396c,4,""
0xb223a74,4,""
0xb223ab8,20,"physx::PxSerializerDefaultAdapter<physx::NpClothFabric>::exportExtraData"
0xb223bec,140,"physx::PxSerializerDefaultAdapter<physx::NpParticleSystem>::registerReferences"
0xb227000,12,"physx::Sn::getBinaryPlatformTag"
0xb22700c,308,"physx::Sn::isBinaryPlatformTagValid"
0xb22732c,20,"physx::PxJointRepXSerializer<physx::PxFixedJoint>::PxJointRepXSerializer"
0xb227610,256,"physx::PxJointRepXSerializer<physx::PxFixedJoint>::objectToFileImpl"
0xb227b48,720,"physx::PxJointRepXSerializer<physx::PxD6Joint>::fileToObject"
0xb22a150,448,"physx::operator<<"
0xb22c094,320,""
0xb22d32c,388,""
0xb22ed9c,664,""
0xb23101c,276,""
0xb231e20,388,""
0xb233614,276,""
0xb234600,412,""
0xb2367e0,276,""
0xb237188,388,""
0xb238304,276,""
0xb239544,320,""
0xb23aa14,412,""
0xb23c20c,320,""
0xb23d018,568,""
0xb243614,936,"physx::PxHeightFieldRepXSerializer::objectToFileImpl"
0xb249024,644,""
0xb249a5c,568,""
0xb249c94,496,""
0xb24a38c,52,""
0xb24a448,16,"physx::RepXSerializerImpl<physx::PxConvexMesh>::objectToFile"
0xb24a580,320,"physx::RepXSerializerImpl<physx::PxRigidStatic>::objectToFileImpl"
0xb24ae40,8,"physx::PxClothFabricRepXSerializer::allocateObject"
0xb24ae7c,12,"physx::RepXSerializerImpl<physx::PxCloth>::getTypeName"
0xb24ae98,108,"physx::RepXSerializerImpl<physx::PxCloth>::fileToObjectImpl"
0xb24b154,108,""
0xb24b244,52,""
0xb24b2fc,80,""
0xb24b9bc,340,""
0xb24be50,280,""
0xb24c4fc,328,""
0xb24c9c0,268,""
0xb24d45c,280,""
0xb24d574,524,""
0xb24e290,944,"physx::Sn::StrToImpl<physx::PxQuat>::strto"
0xb254228,488,""
0xb25580c,296,""
0xb256578,388,""
0xb2577a8,388,""
0xb258960,564,""
0xb25a0f8,728,""
0xb25c92c,388,""
0xb25e344,388,""
0xb25f410,276,""
0xb260604,304,"physx::Sn::StrToImpl<physx::PxClothFabricPhase>::strto"
0xb261eb8,388,""
0xb262e2c,388,""
0xb263acc,276,""
0xb264e74,388,""
0xb265c68,276,""
0xb26661c,328,"physx::Sn::StrToImpl<physx::PxClothParticleMotionConstraint>::strto"
0xb267c1c,452,""
0xb2692d4,452,""
0xb26a670,292,""
0xb26af90,380,""
0xb26c6b4,452,""
0xb26dd7c,388,""
0xb26ef70,276,""
0xb270000,412,""
0xb271488,388,""
0xb272d40,388,""
0xb2743ac,392,""
0xb276928,244,""
0xb2779f8,284,""
0xb278b98,412,""
0xb279df8,388,""
0xb27ab3c,388,""
0xb27b9d0,276,""
0xb27cd00,316,""
0xb27d4c0,548,""
0xb27ff64,392,""
0xb281aa0,328,""
0xb281d30,208,""
0xb2821e8,548,""
0xb283538,272,""
0xb2846a8,424,""
0xb285508,2136,""
0xb295114,392,"physx::Cooking::cookTriangleMesh"
0xb29625c,4,""
0xb2964ac,24,"physx::TriangleMeshBuilder::TriangleMeshBuilder"
0xb29655c,4,""
0xb296560,660,"physx::TriangleMeshBuilder::remapTopology"
0xb2993d0,540,"physx::TriangleMeshBuilder::checkMeshIndicesSize"
0xb29a25c,4,"physx::TriangleMeshBuilder::onMeshIndexFormatChange"
0xb29a260,8,"physx::BV4TriangleMeshBuilder::getMidphaseID"
0xb29a268,8,"physx::RTreeTriangleMeshBuilder::getMidphaseID"
0xb29a270,468,""
0xb29c140,124,""
0xb29ce48,1812,"physx::SubSortSAH::sort4"
0xb2a9670,20,"physx::ReducedVertexCloud::ReducedVertexCloud"
0xb2a9684,92,""
0xb2a9740,1216,"physx::ReducedVertexCloud::Reduce"
0xb2ae908,132,""
0xb2aeb08,296,"local::HullSimplex::hasVolume"
0xb2af22c,260,""
0xb2af77c,400,"local::computeOBBSIMD"
0xb2b2778,296,""
0xb2b30f8,188,"physx::ConvexHull::copyHull"
0xb2b3290,444,"physx::ConvexHullLib::shiftAndcleanupVertices"
0xb2b3c30,528,"physx::ConvexHullLib::swapLargestFace"
0xb2b4794,144,"physx::createQuantizer"
0xb2b4824,656,"QuantizerImpl::kmeansQuantize3D"
0xb2b4e44,56,"local::QuickHullHalfEdge::getOppositeFaceDistance"
0xb2b523c,668,"local::QuickHullFace::connectHalfEdges"
0xb2b5a64,296,"local::MemBlock<local::QuickHullFace, true>::init"
0xb2b5cc8,64,"local::QuickHull::parseInputVertices"
0xb2b5d08,904,"local::QuickHull::computeMinMaxVerts"
0xb2b7394,136,"local::QuickHull::nextPointToAdd"
0xb2b741c,740,"local::QuickHull::addPointToHull"
0xb2b8a5c,64,""
0xb2b8a9c,1244,"physx::QuickHullConvexHullLib::createConvexHull"
0xb2c2080,516,"physx::Cm::visualizeDoubleCone"
0xb2c4244,12,"physx::Gu::getBoxEdges"
0xb2c4250,280,"physx::Gu::computeOBBPoints"
0xb2c4368,692,"physx::PxGeometryQuery::isValid"
0xb2c4e04,32,"physx::PxGeometryQuery::getWorldBounds"
0xb2c4e24,176,"physx::PxGeometryQuery::computePenetration"
0xb2c5090,68,"physx::Gu::computeBoxPoints"
0xb2c50d4,104,"physx::Gu::getPlane"
0xb2c513c,128,"physx::Gu::computeBoundsAroundVertices"
0xb2c5548,300,"physx::GuMeshFactory::GuMeshFactory"
0xb2c5824,64,""
0xb2c5864,140,"physx::GuMeshFactory::release"
0xb2c58f0,200,"physx::GuMeshFactory::addTriangleMesh"
0xb2c5b34,4788,"physx::GuMeshFactory::createTriangleMesh"
0xb2fb7c8,4,""
0xb2fb7cc,324,"physx::Gu::sweepBoxTriangles_Precise"
0xb2fb910,2004,""
0xb2feadc,604,"physx::transformBoxOrthonormal"
0xb2fed38,296,""
0xb2fee60,496,""
0xb2ff050,1076,""
0xb300560,1496,""
0xb3019f4,2304,""
0xb307e34,6760,""
0xb3354a8,524,"physx::operator*"
0xb335d68,228,"physx::Gu::getPolygonalData_Convex"
0xb335f7c,712,""
0xb33641c,332,"physx::Gu::PolygonalBox::PolygonalBox"
0xb336940,360,"physx::Gu::distancePointBoxSquared"
0xb336aa8,764,"physx::Gu::closestPtPointTriangle"
0xb337a64,1164,""
0xb3384c8,416,"physx::Gu::distanceSegmentSegmentSquared"
0xb338668,388,"physx::Gu::distanceSegmentSegmentSquared"
0xb3387ec,536,"physx::Gu::distanceSegmentSegmentSquared4"
0xb33afd8,3440,"physx::Gu::EPA::PenetrationDepth"
0xb35002c,1048,""
0xb354bac,84,""
0xb35599c,2188,"physx::Gu::intersectBoxVsMesh_RTREE"
0xb35d944,244,"physx::Gu::RTree::computeBottomLevelCount"
0xb35e544,796,""
0xb362378,52,"physx::Gu::TriangleMesh::getLocalBounds"
0xb36257c,488,""
0xb362dac,12,"physx::Gu::RTreeTriangleMesh::getVerticesForModification"
0xb362db8,288,"physx::Gu::RTreeTriangleMesh::refitBVH"
0xb3634ac,108,""
0xb363b3c,1224,"physx::Gu::BuildBV32Ex"
0xb372680,4036,"physx::Gu::pcmContactCapsuleConvex"
0xb387318,1408,"physx::Gu::pcmContactConvexMesh"
0xb388e8c,6332,"physx::Gu::generateFullContactManifold"
0xb3939fc,1356,""
0xb3978cc,168,"physx::Gu::PersistentContactManifold::replaceManifoldPoint"
0xb398630,308,"physx::Gu::PersistentContactManifold::addManifoldContactsToContactBuffer"
0xb39894c,144,"physx::Gu::PersistentContactManifold::addBatchManifoldContacts"
0xb3989dc,1924,"physx::Gu::PersistentContactManifold::reduceBatchContacts"
0xb39e2b4,3012,"physx::Gu::sweepCapsuleBox"
0xb3a88ac,4,"physx::shdfnd::TlsGet"
0xb3a8928,4,""
0xb3a8bd4,8,"physx::pvdsdk::PvdDefaultSocketTransport::isConnected"
0xb3a8c8c,8,"physx::pvdsdk::PvdDefaultSocketTransport::unlock"
0xb3a8ca4,20,"physx::pvdsdk::PvdDefaultSocketTransport::release"
0xb3a90b8,68,"physx::shdfnd::socketSetBlockingInternal"
0xb3a9408,8,"physx::shdfnd::SocketImpl::flush"
0xb3a9480,112,"physx::shdfnd::SocketImpl::read"
0xb3a9828,128,""
0xb3a99dc,32,"physx::shdfnd::Socket::flush"
0xb3a9b14,4,""
0xb3a9cdc,340,"physx::pvdsdk::PvdImpl::PvdImpl"
0xb3aac3c,16,""
0xb3aac7c,8,"physx::pvdsdk::PvdImpl::unRegisterObject"
0xb3aadb8,128,"physx::pvdsdk::PvdImpl::zoneStart"
0xb3ab308,120,"physx::pvdsdk::MetaDataProvider::release"
0xb3ab59c,208,"physx::pvdsdk::MetaDataProvider::getInstanceClassType"
0xb3abc30,20,"physx::pvdsdk::EventStreamifier<physx::PxPvdTransport>::streamify"
0xb3abd1c,140,"physx::pvdsdk::EventStreamifier<physx::PxPvdTransport>::streamify"
0xb3abfa0,120,"physx::pvdsdk::EventStreamifier<physx::PxPvdTransport>::streamify"
0xb3ad150,564,""
0xb3adbb0,392,""
0xb3af6f4,864,""
0xb3b1908,4,""
0xb3b1ad8,4,""
0xb3b1c30,84,"physx::shdfnd::Time::peekElapsedSeconds"
0xb3b27e8,1500,"physx::profile::PxProfileBulkMemoryEventHandler::parseEventBuffer"
0xb3bb9a4,616,""
0xb3bcc30,8,"physx::pvdsdk::PvdMemClient::getUserRender"
0xb3bcc38,4,"physx::pvdsdk::PvdMemClient::setObjectRegistrar"
0xb3bcce8,92,"physx::pvdsdk::PvdMemClient::onPvdDisconnected"
0xb3bce2c,148,"physx::pvdsdk::PvdMemClient::handleBufferFlush"
0xb3bff0c,36,""
0xb3bff30,120,""
0xb3c0840,276,""
0xb3c2620,504,""
0xb3c37fc,220,""
0xb3c3f14,40,"physx::pvdsdk::PvdMarshalling<signed char, short>::marshalBlock"
0xb3c3fb4,40,"physx::pvdsdk::PvdMarshalling<signed char, long>::marshalBlock"
0xb3c4004,44,"physx::pvdsdk::PvdMarshalling<signed char, float>::marshalBlock"
0xb3c40fc,40,"physx::pvdsdk::PvdMarshalling<unsigned char, long>::marshalBlock"
0xb3c41f4,40,"physx::pvdsdk::PvdMarshalling<short, long>::marshalBlock"
0xb3c429c,40,"physx::pvdsdk::PvdMarshalling<unsigned short, int>::marshalBlock"
0xb3c4410,44,"physx::pvdsdk::PvdMarshalling<int, double>::marshalBlock"
0xb3c4510,44,"physx::pvdsdk::PvdMarshalling<unsigned long, double>::marshalBlock"
0xb3c4618,320,""
0xb3c56f8,420,""
0xb3c6944,300,""
0xb3c73bc,72,"physx::pvdsdk::PvdProfileZoneClient::onPvdDisconnected"
0xb3c78d0,20,"physx::pvdsdk::ProfileZoneClient::handleClientRemoved"
0xb3c7bb4,100,""
0xb3c7de4,8,""
0xb3c7e48,8,""
0xb3c7f14,64,""
0xb3c8214,572,""
0xb3ca9f0,116,""
0xb3cb2f4,532,""
0xb3cecec,196,""
0xb3cf0bc,176,""
0xb3cfaa8,32,""
0xb3cfbd0,32,""
0xb3d0068,116,""
0xb3d1484,480,""
0xb3d1b1c,12,""
0xb3d1b28,108,""
0xb3d1c60,8,""
0xb3d1d50,68,""
0xb3d20f4,148,""
0xb3d23ec,116,""
0xb3d2e20,136,""
0xb3d3500,676,""
0xb3d7244,136,""
0xb3d72cc,160,""
0xb3d7824,52,""
0xb3d79cc,336,""
0xb3d9520,372,""
0xb3d9e60,504,""
0xb3dabf8,600,""
0xb3dba40,316,""
0xb3dcb90,112,""
0xb3dccac,268,""
0xb3dd564,1088,""
0xb3e01e4,48,""
0xb3e0268,1372,""
0xb3e7694,104,""
0xb3e77e8,60,""
0xb3e7e1c,2588,""
0xb3f6944,104,""
0xb3f721c,184,""
0xb3f7560,344,""
0xb3f9264,248,""
0xb3facd0,192,""
0xb3fafc8,232,""
0xb3fb3d8,3116,""
0xb413888,372,""
0xb413bfc,12,""
0xb413c5c,12,""
0xb413ce0,12,""
0xb413d70,12,""
0xb413dac,12,""
0xb4141b8,8,""
0xb414440,32,""
0xb4150d8,104,""
0xb415d14,236,""
0xb416454,356,""
0xb416a6c,272,""
0xb4177ac,60,""
0xb417e6c,400,""
0xb418888,224,""
0xb4192bc,220,""
0xb419cf8,88,""
0xb41a03c,100,""
0xb41a2b0,36,""
0xb41a378,24,""
0xb41a3c0,8,""
0xb41a6c8,48,""
0xb41ac40,4584,""
0xb4355b4,8,""
0xb4358ac,76,""
0xb435a54,104,""
0xb435dd0,1084,""
0xb438394,44,""
0xb438698,60,""
0xb438ef0,188,""
0xb43a1c0,304,""
0xb43aeac,8,""
0xb43aec4,8,""
0xb43aedc,8,""
0xb43b598,288,""
0xb43c440,8,""
0xb43c448,8,""
0xb43c46c,84,""
0xb43c5c0,8,""
0xb43cc18,596,""
0xb43d2e8,8,""
0xb43d5e8,12,""
0xb43d714,1020,""
0xb43ff28,32,""
0xb43ff54,12,""
0xb440470,44,""
0xb440eb0,300,""
0xb442dc8,292,""
0xb4441e4,28,""
0xb444208,8,""
0xb444260,120,""
0xb444970,80,""
0xb444dc8,8,""
0xb444de8,8,""
0xb444ea8,8,""
0xb444fd0,500,""
0xb445e7c,920,""
0xb46f81c,740,""
0xb472168,76,""
0xb4721d4,8,""
0xb4721dc,108,""
0xb4727b4,92,""
0xb472870,8,""
0xb472878,220,""
0xb472be0,156,""
0xb4730e0,16,""
0xb47310c,8,""
0xb473180,40,""
0xb47355c,12,""
0xb4742cc,16,""
0xb474320,16,""
0xb4743b8,68,""
0xb4749ec,740,""
0xb477934,328,""
0xb4799a8,176,""
0xb47a058,804,""
0xb47c25c,108,""
0xb47c36c,92,""
0xb47c410,168,""
0xb47cf28,200,""
0xb47d174,96,""
0xb47d4d4,156,""
0xb47f578,3400,""
0xb49b0d0,484,""
0xb49c6f0,328,""
0xb49d4b0,60,""
0xb49d5dc,60,""
0xb49d77c,60,""
0xb49e144,12,""
0xb49e91c,328,""
0xb49f9d4,12,""
0xb4a008c,940,""
0xb4a313c,100,""
0xb4a41a0,1076,""
0xb4a7c34,12,""
0xb4a7c70,12,""
0xb4a7cc4,12,""
0xb4a7d24,12,""
0xb4a7d30,200,""
0xb4a9f20,2632,""
0xb51100c,348,""
0xb5125f0,12,""
0xb5143ec,28,""
0xb514708,12,""
0xb5148b4,172,""
0xb515884,28,""
0xb515990,76,""
0xb516244,2996,""
0xb5235c8,80,""
0xb524388,8,""
0xb524aa0,8,""
0xb524e48,204,""
0xb526148,100,""
0xb526c68,8,""
0xb526c78,512,""
0xb527114,324,""
0xb52791c,228,""
0xb527e14,8,""
0xb5291b4,8,""
0xb529200,72,""
0xb52949c,80,""
0xb52a24c,8,""
0xb52a29c,8,""
0xb52a2d4,8,""
0xb52a35c,8,""
0xb52a598,100,""
0xb52b24c,20,""
0xb52b2dc,72,""
0xb52b36c,72,""
0xb52ca38,124,""
0xb52de84,20,""
0xb52dea0,416,""
0xb52eeb0,8,""
0xb52f0e8,240,""
0xb530130,960,""
0xb532698,336,""
0xb53789c,208,""
0xb537efc,184,""
0xb538a3c,8,""
0xb538a84,24,""
0xb538b6c,56,""
0xb539860,84,""
0xb53a4a8,1700,""
0xb542074,288,""
0xb5422d4,796,""
0xb545554,40,""
0xb5455f0,176,""
0xb546f48,3628,""
0xb5580dc,548,""
0xb5599c8,392,""
0xb55b918,452,""
0xb55d0c8,596,""
0xb55f560,392,""
0xb5617a8,452,""
0xb563dd0,540,""
0xb565c74,548,""
0xb56775c,832,""
0xb56aaf4,276,""
0xb56b4f8,536,""
0xb56d8ec,488,""
0xb56f710,784,""
0xb57318c,124,"physx::PxVehicleDriveNW::PxVehicleDriveNW"
0xb5733e0,164,""
0xb573f04,388,""
0xb574934,288,""
0xb575674,276,""
0xb575e00,276,""
0xb576f14,388,""
0xb577eb0,836,""
0xb57c94c,276,""
0xb57d600,248,""
0xb57ef24,388,""
0xb5801f4,320,""
0xb580d6c,276,""
0xb5822f8,388,""
0xb5831f8,388,""
0xb5849cc,836,""
0xb588968,504,""
0xb58a478,24,"physx::PxVehicleDrivableSurfaceToTireFrictionPairs::getTypePairFriction"
0xb58a530,64,"physx::PxVehicleSetSweepHitRejectionAngles"
0xb58ac24,1376,"physx::MatrixNNLUSolver::decomposeLU"
0xb599e30,1176,"physx::PxVehicleUpdate::updateSingleVehicleAndStoreTelemetryData"
0xb59de50,472,"physx::PxVehicleWheels::computeSidewaysSpeed"
0xb59ed04,60,"physx::processDigitalValue"
0xb59f364,1252,"physx::PxVehicleDriveTankSmoothAnalogRawInputsAndSetAnalogInputs"
0xb5a1cf0,8,""
0xb5a1ddc,8,""
0xb5a1e0c,8,""
0xb5a1e40,420,"physx::PxVehicleWheelDataGeneratedInfo::PxVehicleWheelDataGeneratedInfo"
0xb5a2908,812,"physx::PxVehicleWheelsSimDataGeneratedInfo::PxVehicleWheelsSimDataGeneratedInfo"
0xb5a4930,444,""
0xb5a765c,172,""
0xb5a793c,36,""
0xb5a8234,300,""
0xb5a88b4,12,""
0xb5a88c0,372,""
0xb5a8e04,60,"oo2::OodleCore_Plugin_GetJobTargetParallelism"
0xb5abe04,164,"oo2::rrsprintf"
0xb5ac054,260,"oo2::rrsnprintf"
0xb5ac324,16,"oo2::rrIlog2floorf"
0xb5ac334,24,"oo2::rrIlog2ceilf"
0xb5ac34c,28,"oo2::rrIlog2roundf"
0xb5ac388,20,"oo2::rr_isnaninf_f"
0xb5ac3f0,44,"oo2::rrNextPow2"
0xb5ac4b4,44,"oo2::rrNextPow2_A"
0xb5ac5b0,24,"oo2::ooLogErrorPre"
0xb5ac718,312,"oo2::newlz_scratchblock::extend"
0xb5ad294,848,"oo2::Kraken_Decode_Headerless"
0xb5adfdc,420,""
0xb5aeb58,1652,""
0xb5b4144,76,""
0xb5b4190,104,""
0xb5b41f8,60,""
0xb5b4280,332,"oo2::CTMF<unsigned int, 1, 0, 4>::allocate"
0xb5b46cc,60,""
0xb5b4708,76,""
0xb5b48a0,572,"oo2::CTMF<unsigned int, 2, 0, 4>::set_base_and_preload"
0xb5b5244,76,""
0xb5b53dc,684,"oo2::CTMF<unsigned int, 2, 8, 4>::set_base_and_preload"
0xb5b67d4,600,""
0xb5b6ec4,1544,"oo2::newLZ_put_array_histo"
0xb5b92c8,64,"oo2::simd_dotproduct_s16_s16_256"
0xb5b9308,224,"oo2::simd_dotproduct_s32_s16_256"
0xb5b93e8,260,"oo2::simd_dotproduct_s32_s8_256"
0xb5b9684,180,"oo2::simd_mul_s32_sub_u8"
0xb5b9738,276,"oo2::simd_interleave_8x2"
0xb5b984c,424,"oo2::simd_find_max_U32_256"
0xb5bd1e8,144,"oo2::newLZ_encode_uniform_U8_block"
0xb5bd278,136,"oo2::newLZ_encode_variable_U8_block"
0xb5bd3d0,260,"oo2::newLZ_decode_unary_block"
0xb5bd61c,544,"oo2::newLZ_decode_rice_U8_bottom_block"
0xb5bdc08,1180,"oo2::newLZ_decode_alphabet_shape_runlens"
0xb5c0a04,3980,"oo2::newlz_tans_PackCounts"
0xb5cf030,3256,"oo2::Mermaid_DecodeOneQuantum"
0xb5da7f4,2976,""
0xb5e0ecc,928,""
0xb5e2984,448,""
0xb5e2b48,9764,""
0xb611ef0,28,""
0xb611f10,820,""
0xb612550,484,""
0xb612e40,536,""
0xb613334,8,""
0xb61333c,16,""
0xb6133c4,8,""
0xb6133cc,8,""
0xb6133d4,8,""
0xb6133dc,8,""
0xb6133e4,48,""
0xb613430,8,""
0xb613438,60,""
0xb613500,3296,"oo2net::OodleNetwork1TCP_State::Reset"
0xb6177e4,1068,""
0xb618228,1172,"oo2net::O1ACNOSBValueCoder<9, 3>::encode"
0xb618c38,984,"oo2net::SRCoder4U8::encode_withexclude"
0xb61a5d4,1012,"oo2net::O1BinaryArithCoder<9, 4>::decode"
0xb61a9c8,988,"oo2net::SRCoder4U8::decode_withexclude"
0xb61cbe8,8736,"oo2net::rrTANS_UnPackCounts"
0xb63fc8c,1220,""
0xb641630,32,""
0xb641650,32,""
0xb641670,52,""
0xb6417c0,400,""
0xb6419e4,104,""
0xb641d28,108,""
0xb641e68,16,""
0xb641e78,112,""
0xb642050,360,""
0xb642224,284,""
0xb642784,468,""
0xb642ca4,240,""
0xb6431c0,104,""
0xb643228,12,""
0xb643234,4,""
0xb643238,2232,""
0xb648c7c,612,""
0xb649704,864,""
0xb64aa7c,400,""
0xb64ac0c,32,""
0xb64ac2c,688,""
0xb64b2e0,64,""
0xb64b358,1000,""
0xb64c810,664,""
0xb65053c,36,""
0xb650560,104,""
0xb650a00,1252,""
0xb6512ac,1160,""
0xb651f8c,20,""
0xb651fa0,4952,""
0xb65e3dc,452,""
0xb65e844,8,""
0xb65e84c,8,""
0xb65e854,8,""
0xb65e85c,8,""
0xb65e864,8,""
0xb65e86c,8,""
0xb65e874,8,""
0xb65e87c,8,""
0xb65e884,8,""
0xb65e88c,8,""
0xb65e894,8,""
0xb65e89c,272,""
0xb65ea40,3276,""
0xb666684,384,""
0xb666804,56,""
0xb66683c,80,""
0xb66688c,508,""
0xb666a88,244,""
0xb666b7c,24,""
0xb666b94,116,""
0xb666c08,20,""
0xb666c1c,12,""
0xb666c28,12,""
0xb666c34,180,""
0xb666ce8,128,""
0xb666d68,440,""
0xb666f20,172,""
0xb666fcc,44,""
0xb666ff8,24,""
0xb667010,272,""
0xb667120,80,""
0xb6671c0,80,""
0xb66727c,4,""
0xb667280,36,""
0xb6673f0,100,"icu_64::ResourceDataValue::getAliasString"
0xb667454,52,"icu_64::ResourceDataValue::getInt"
0xb667488,52,"icu_64::ResourceDataValue::getUInt"
0xb6674bc,100,"icu_64::ResourceDataValue::getIntVector"
0xb667584,132,"icu_64::ResourceDataValue::getArray"
0xb6676ec,248,"icu_64::ResourceDataValue::isNoInheritanceMarker"
0xb66786c,516,""
0xb667f70,56,"icu_64::ResourceArray::internalGetResource"
0xb667fa8,740,""
0xb668c80,1984,""
0xb66bbe4,264,""
0xb66c3c4,208,""
0xb66c8c4,12,""
0xb66c8d0,1836,""
0xb672e44,48,"icu_64::Locale::getDisplayScript"
0xb672fbc,436,""
0xb673890,48,"icu_64::Locale::getDisplayName"
0xb6738c0,328,"icu_64::Locale::getDisplayName"
0xb674754,584,""
0xb675adc,548,""
0xb676840,688,""
0xb677b48,200,"icu_64::Edits::growArray"
0xb677fe8,96,"icu_64::Edits::Iterator::readLength"
0xb6780b0,16,"icu_64::Edits::Iterator::noNext"
0xb6780c0,976,"icu_64::Edits::Iterator::next"
0xb679328,424,""
0xb6794d0,324,""
0xb679d44,32,"icu_64::UnicodeString::UnicodeString"
0xb679d64,88,"icu_64::UnicodeString::UnicodeString"
0xb67a158,64,"icu_64::UnicodeString::UnicodeString"
0xb67a1ac,228,"icu_64::UnicodeString::UnicodeString"
0xb67a4dc,888,"icu_64::UnicodeString::cloneArrayIfNeeded"
0xb67c53c,260,"icu_64::UnicodeString::tempSubString"
0xb67c928,460,"icu_64::UnicodeString::toUTF8"
0xb67d314,348,"icu_64::UnicodeString::setTo"
0xb67df18,412,"icu_64::UnicodeString::doReverse"
0xb67e6f8,4,""
0xb67e6fc,4,""
0xb67e78c,140,"icu_64::Appendable::appendString"
0xb67ec20,24,""
0xb67eebc,460,""
0xb67f778,40,""
0xb67f7a0,564,""
0xb680928,132,""
0xb680a5c,44,""
0xb680bf4,36,""
0xb680d30,80,""
0xb680d80,140,""
0xb681158,16,""
0xb68138c,16,""
0xb681b8c,16,""
0xb681b9c,1196,""
0xb684800,284,""
0xb684b34,1012,""
0xb685cd4,508,""
0xb686674,72,""
0xb6866f4,152,""
0xb686824,160,"icu_64::CaseMap::toLower"
0xb686964,12,"icu_64::StringCharacterIterator::getStaticClassID"
0xb686970,12,"icu_64::StringCharacterIterator::getDynamicClassID"
0xb68697c,72,"icu_64::StringCharacterIterator::StringCharacterIterator"
0xb686ae0,252,"icu_64::StringCharacterIterator::StringCharacterIterator"
0xb686dac,52,""
0xb686de0,60,""
0xb686e80,252,"icu_64::StringCharacterIterator::operator=="
0xb68721c,140,"icu_64::UCharCharacterIterator::UCharCharacterIterator"
0xb6873e4,60,"icu_64::UCharCharacterIterator::hashCode"
0xb6874e0,44,"icu_64::UCharCharacterIterator::last"
0xb6875c4,44,"icu_64::UCharCharacterIterator::nextPostInc"
0xb6876a4,120,"icu_64::UCharCharacterIterator::first32PostInc"
0xb687a70,96,"icu_64::UCharCharacterIterator::move"
0xb687da4,20,"icu_64::ForwardCharacterIterator::ForwardCharacterIterator"
0xb687e10,72,"icu_64::CharacterIterator::CharacterIterator"
0xb687f08,60,"icu_64::CharacterIterator::firstPostInc"
0xb688124,100,""
0xb688384,124,""
0xb6885b8,36,""
0xb688690,8,""
0xb6886f4,64,""
0xb688924,80,""
0xb688aa8,1000,""
0xb68bef4,36,"icu_64::FullCaseFoldingIterator::FullCaseFoldingIterator"
0xb68bf18,276,"icu_64::FullCaseFoldingIterator::next"
0xb68c2f4,372,""
0xb68db28,180,"icu_64::PropNameData::findProperty"
0xb68dc90,104,"icu_64::PropNameData::getName"
0xb68ddc0,312,"icu_64::PropNameData::getPropertyName"
0xb68e2d0,12,""
0xb68e3a8,16,""
0xb68e3c8,24,""
0xb68e530,56,"icu_64::BytesTrie::current"
0xb68e568,676,"icu_64::BytesTrie::branchNext"
0xb68f36c,452,""
0xb6931e4,268,""
0xb694080,200,""
0xb6942a4,72,""
0xb694434,116,""
0xb694624,1572,""
0xb699e28,84,"icu_64::BreakIterator::getLocale"
0xb699f8c,16,"icu_64::ICUBreakIteratorFactory::handleCreate"
0xb69a210,36,""
0xb69a2f8,92,"icu_64::SimpleFilteredSentenceBreakIterator::SimpleFilteredSentenceBreakIterator"
0xb69a588,84,"icu_64::SimpleFilteredSentenceBreakIterator::resetState"
0xb69a840,256,"icu_64::SimpleFilteredSentenceBreakIterator::internalNext"
0xb69ada0,52,""
0xb69ba90,4,""
0xb69bb48,4,"icu_64::FilteredBreakIteratorBuilder::createInstance"
0xb69bd38,20,"icu_64::SimpleFilteredSentenceBreakIterator::createBufferClone"
0xb69bfe0,208,"icu_64::UCharsTrie::next"
0xb69c880,216,"icu_64::UCharsTrie::getNextUChars"
0xb69ca9c,248,"icu_64::UCharsTrieElement::setTo"
0xb69cd3c,80,"icu_64::UCharsTrieBuilder::UCharsTrieBuilder"
0xb69cdf4,36,""
0xb69d3f4,20,""
0xb69d408,76,"icu_64::UCharsTrieBuilder::getElementStringLength"
0xb69d644,176,"icu_64::UCharsTrieBuilder::skipElementsBySomeUnits"
0xb69d978,364,"icu_64::UCharsTrieBuilder::createLinearMatchNode"
0xb69e2a8,648,"icu_64::StringTrieBuilder::writeNode"
0xb69ff1c,36,""
0xb69ffb0,12,"icu_64::UVector::getStaticClassID"
0xb69ffc8,108,"icu_64::UVector::UVector"
0xb6a02f4,100,"icu_64::UVector::removeAllElements"
0xb6a0680,172,"icu_64::UVector::operator=="
0xb6a095c,256,"icu_64::UVector::insertElementAt"
0xb6a10bc,396,"icu_64::UVector::retainAll"
0xb6a207c,276,""
0xb6a296c,112,""
0xb6a2c18,192,""
0xb6a3074,168,""
0xb6a3cb4,36,""
0xb6a44ac,540,""
0xb6a5468,488,""
0xb6a5ff8,328,"icu_64::RuleBasedBreakIterator::operator="
0xb6a6a40,104,"icu_64::RuleBasedBreakIterator::previous"
0xb6a71e0,536,"icu_64::RuleBasedBreakIterator::handleSafePrevious"
0xb6a87c0,2508,"icu_64::UnicodeSet::applyPattern"
0xb6b3a48,988,"icu_64::BMPSet::span"
0xb6b5028,692,""
0xb6b5e78,188,""
0xb6b6878,228,""
0xb6b6f2c,12,"icu_64::Normalizer2WithImpl::normalizeSecondAndAppend"
0xb6b7114,216,"icu_64::Normalizer2WithImpl::getCombiningClass"
0xb6b7560,176,"icu_64::ComposeNormalizer2::normalizeUTF8"
0xb6b7c4c,8,"icu_64::FCDNormalizer2::hasBoundaryAfter"
0xb6b7ce0,72,"icu_64::NoopNormalizer2::normalize"
0xb6b7ee4,8,"icu_64::NoopNormalizer2::hasBoundaryBefore"
0xb6b7f98,464,"icu_64::Normalizer2WithImpl::normalizeSecondAndAppend"
0xb6ba148,1888,"icu_64::Normalizer2Impl::decomposeShort"
0xb6c55a0,156,"icu_64::Norm2AllModes::getNFKC_CFInstance"
0xb6c5cb0,132,""
0xb6c60d0,168,""
0xb6c6384,8,""
0xb6c63e0,208,""
0xb6c674c,912,""
0xb6c8554,492,""
0xb6c9f34,2028,""
0xb6cfae4,8,"icu_64::UVector32::removeAllElements"
0xb6cfb3c,208,"icu_64::UVector32::expandCapacity"
0xb6cfe6c,8,"icu_64::UCharsDictionaryMatcher::getType"
0xb6cfe74,488,"icu_64::UCharsDictionaryMatcher::matches"
0xb6d0620,48,"icu_64::UStack::UStack"
0xb6d0678,84,"icu_64::UStack::pop"
0xb6d0720,48,"icu_64::UStack::search"
0xb6d07e8,316,"icu_64::RBBIDataWrapper::init"
0xb6d129c,640,"icu_64::RBBIRuleBuilder::flattenData"
0xb6d3618,52,"icu_64::RBBIRuleScanner::error"
0xb6d389c,528,"icu_64::RBBIRuleScanner::scanSet"
0xb6d4828,104,"icu_64::RBBISetBuilder::addValToSets"
0xb6d49b4,80,"icu_64::RBBISetBuilder::mergeCategories"
0xb6d4a84,12,"icu_64::RBBISetBuilder::getNumCharCategories"
0xb6d4c6c,52,""
0xb6d5068,584,""
0xb6d7118,268,""
0xb6d735c,108,""
0xb6d73c8,1536,""
0xb6db014,628,"icu_64::RBBITableBuilder::setAdd"
0xb6dc230,72,"icu_64::RBBITableBuilder::getSafeTableSize"
0xb6dc278,324,"icu_64::RBBITableBuilder::exportSafeTable"
0xb6dcbcc,20,"icu_64::RuleBasedBreakIterator::BreakCache::reset"
0xb6dcbe0,28,""
0xb6dcc34,40,"icu_64::RuleBasedBreakIterator::BreakCache::current"
0xb6dcdc0,200,"icu_64::RuleBasedBreakIterator::BreakCache::seek"
0xb6dd3a4,72,"icu_64::RuleBasedBreakIterator::BreakCache::nextOL"
0xb6dd3ec,836,"icu_64::RuleBasedBreakIterator::BreakCache::populateFollowing"
0xb6de7b0,4,""
0xb6de824,120,"icu_64::ICUService::get"
0xb6df048,8,"icu_64::ICUService::handleDefault"
0xb6df050,12,"icu_64::ICUService::getVisibleIDs"
0xb6df3f4,64,"icu_64::ICUService::getDisplayName"
0xb6df6b0,864,"icu_64::ICUService::getDisplayNames"
0xb6e0da4,204,"icu_64::ICULocaleService::validateFallbackLocale"
0xb6e1c48,64,""
0xb6e1c8c,60,""
0xb6e1cd8,196,"icu_64::LocaleKey::createWithCanonicalFallback"
0xb6e20fc,192,"icu_64::LocaleKey::currentDescriptor"
0xb6e2718,248,"icu_64::LocaleKeyFactory::updateVisibleIDs"
0xb6e2b10,12,"icu_64::ResourceBundle::getStaticClassID"
0xb6e2c74,72,"icu_64::ResourceBundle::ResourceBundle"
0xb6e2efc,124,"icu_64::ResourceBundle::getString"
0xb6e3168,128,"icu_64::ResourceBundle::getNextString"
0xb6e3640,8,"icu_64::ResourceBundle::getVersionNumber"
0xb6e37c4,92,"icu_64::SimpleLocaleKeyFactory::SimpleLocaleKeyFactory"
0xb6e3b98,12,"icu_64::SimpleLocaleKeyFactory::getStaticClassID"
0xb6e3d08,16,"icu_64::ICU_Utility::isUnprintable"
0xb6e3d18,452,"icu_64::ICU_Utility::escapeUnprintable"
0xb6e4b3c,624,""
0xb6e8ec0,288,""
0xb6e95d4,3088,""
0xb70838c,84,"icu_64::SimpleDateFormat::getNumberFormatForField"
0xb7083e4,236,"icu_64::SimpleDateFormat::isAtNumericField"
0xb7085c4,2628,"icu_64::SimpleDateFormat::parse"
0xb716a24,280,"icu_64::MessageImpl::appendSubMessageWithoutSkipSyntax"
0xb716da8,128,"icu_64::ChoiceFormat::ChoiceFormat"
0xb716f60,312,"icu_64::ChoiceFormat::dtos"
0xb717a0c,280,"icu_64::ChoiceFormat::parseArgument"
0xb718578,152,""
0xb718ac0,244,""
0xb71929c,440,"icu_64::UnicodeString::trim"
0xb71a1b0,288,"icu_64::SimpleFormatter::format"
0xb71aa10,320,"icu_64::SimpleFormatter::getTextWithNoArguments"
0xb71b3dc,60,"icu_64::RelativeDateFormat::clone"
0xb71bb70,88,"icu_64::RelativeDateFormat::getStringForDay"
0xb71bbc8,4,"icu_64::RelativeDateFormat::format"
0xb71c120,84,"icu_64::RelativeDateFormat::toPatternTime"
0xb71c544,52,""
0xb71c6cc,12,"icu_64::DateFormatSymbols::getDynamicClassID"
0xb71c798,216,""
0xb723c0c,504,"icu_64::DateFormatSymbols::createZoneStrings"
0xb726b18,328,"icu_64::DateFormatSymbols::setEraNames"
0xb72789c,328,"icu_64::DateFormatSymbols::setShortWeekdays"
0xb728974,8,"icu_64::DateFormatSymbols::setTimeSeparatorString"
0xb728a3c,732,"icu_64::DateFormatSymbols::initZoneStringsArray"
0xb72b1b0,80,""
0xb72b234,208,""
0xb72b40c,96,"icu_64::LocaleCacheKey<icu_64::SharedDateFormatSymbols>::operator=="
0xb72b4bc,12,"icu_64::DTSkeletonEnumeration::getStaticClassID"
0xb72b4ec,164,"icu_64::DateTimePatternGenerator::createInstance"
0xb72be54,256,"icu_64::DateTimePatternGenerator::initData"
0xb72c434,516,"icu_64::DateTimePatternGenerator::operator="
0xb72ce74,28,"icu_64::DateTimePatternGenerator::operator!="
0xb72ce90,756,""
0xb72de34,452,"icu_64::DateTimePatternGenerator::getAllowedHourFormats"
0xb72e6a4,228,"icu_64::DateTimePatternGenerator::getBaseSkeleton"
0xb72ee00,204,"icu_64::FormatParser::set"
0xb72f204,292,"icu_64::DateTimePatternGenerator::getCalendarTypeToUse"
0xb72f3ac,60,""
0xb72f66c,268,"icu_64::DateTimePatternGenerator::initHashtable"
0xb72f888,220,"icu_64::DateTimePatternGenerator::getAppendName"
0xb7305a0,1496,"icu_64::DateTimePatternGenerator::adjustFieldTypes"
0xb7335e0,16,"icu_64::SkeletonFields::clearField"
0xb7336e4,40,"icu_64::PtnSkeleton::clear"
0xb733940,216,"icu_64::FormatParser::setTokens"
0xb733e98,96,""
0xb734350,8,"icu_64::DTSkeletonEnumeration::reset"
0xb734370,152,""
0xb734cf0,1028,""
0xb737f24,80,"icu_64::RuleBasedNumberFormat::getNumberOfRuleSetNames"
0xb737f74,24,"icu_64::RuleBasedNumberFormat::getNumberOfRuleSetDisplayNameLocales"
0xb7381ac,552,"icu_64::RuleBasedNumberFormat::getRuleSetDisplayName"
0xb739af0,148,"icu_64::RuleBasedNumberFormat::initializeDecimalFormatSymbols"
0xb73a45c,8,"icu_64::RuleBasedNumberFormat::getDefaultInfinityRule"
0xb73a464,8,"icu_64::RuleBasedNumberFormat::getDefaultNaNRule"
0xb73a46c,280,"icu_64::RuleBasedNumberFormat::adoptDecimalFormatSymbols"
0xb73b398,952,"icu_64::NFRule::extractSubstitutions"
0xb73e6ec,204,"icu_64::NFRuleList::deleteAll"
0xb73eccc,504,"icu_64::NFRuleSet::setDecimalFormatSymbols"
0xb73fb84,80,""
0xb73fcb4,80,""
0xb73fde4,80,""
0xb740734,4,""
0xb740754,12,"icu_64::NFSubstitution::getStaticClassID"
0xb740814,300,"icu_64::NFSubstitution::toString"
0xb7413b8,220,"icu_64::ModulusSubstitution::doParse"
0xb7425ac,16,"icu_64::MultiplierSubstitution::composeRuleValue"
0xb7425c8,8,"icu_64::MultiplierSubstitution::tokenChar"
0xb74261c,12,"icu_64::ModulusSubstitution::transformNumber"
0xb742690,12,"icu_64::IntegralPartSubstitution::calcUpperBound"
0xb7426d4,8,"icu_64::FractionalPartSubstitution::composeRuleValue"
0xb742710,8,"icu_64::AbsoluteValueSubstitution::tokenChar"
0xb742744,8,"icu_64::NumeratorSubstitution::tokenChar"
0xb74277c,220,"icu_64::NumberingSystem::NumberingSystem"
0xb7435e0,68,""
0xb7439e0,4,""
0xb743a90,308,""
0xb744860,856,""
0xb7484cc,4,"icu_64::Calendar::add"
0xb753bb0,104,"icu_64::TZEnumeration::snext"
0xb754380,304,"icu_64::TZEnumeration::getID"
0xb754d48,272,"icu_64::SimpleTimeZone::decodeStartRule"
0xb755da8,172,"icu_64::SimpleTimeZone::checkTransitionRules"
0xb756850,12,"icu_64::OlsonTimeZone::getStaticClassID"
0xb756868,48,"icu_64::OlsonTimeZone::constructEmpty"
0xb757044,236,"icu_64::OlsonTimeZone::deleteTransitionRules"
0xb7578bc,128,"icu_64::OlsonTimeZone::getRawOffset"
0xb758b98,1044,"icu_64::OlsonTimeZone::getPreviousTransition"
0xb75ae1c,92,"icu_64::IslamicCalendar::handleGetExtendedYear"
0xb75b3d8,272,"icu_64::IslamicCalendar::initializeSystemDefaultCentury"
0xb75c43c,4,""
0xb75c444,316,"icu_64::CalendarAstronomer::getSunRiseSet"
0xb75d0dc,60,""
0xb75d27c,44,"icu_64::MoonRiseSetCoordFunc::eval"
0xb75d2a8,12,"icu_64::JapaneseCalendar::getStaticClassID"
0xb75d300,76,"icu_64::JapaneseCalendar::JapaneseCalendar"
0xb75d878,8,"icu_64::JapaneseCalendar::defaultCenturyStart"
0xb75d954,284,"icu_64::JapaneseCalendar::getActualMaximum"
0xb75f17c,276,""
0xb76039c,36,""
0xb760500,12,"icu_64::ChineseCalendar::getFieldResolutionTable"
0xb760764,12,"icu_64::ChineseCalendar::add"
0xb7609f0,200,"icu_64::ChineseCalendar::millisToDays"
0xb7610b4,532,"icu_64::ChineseCalendar::majorSolarTerm"
0xb7629a4,12,"icu_64::DangiCalendar::getType"
0xb762a98,4,""
0xb7632ec,212,"icu_64::CollationElementIterator::next"
0xb7640a0,84,"icu_64::CollationElementIterator::getMaxExpansion"
0xb76413c,36,""
0xb7643bc,128,"icu_64::Collator::makeInstance"
0xb764ab4,84,"icu_64::Collator::compare"
0xb76516c,4,""
0xb7651e4,4,"icu_64::Collator::setLocales"
0xb76524c,120,"icu_64::Collator::registerInstance"
0xb765674,460,"icu_64::CFactory::CFactory"
0xb7669d0,84,""
0xb766e68,96,""
0xb767734,64,""
0xb768440,200,"icu_64::CollationLoader::makeCacheEntry"
0xb768968,40,""
0xb768bbc,68,""
0xb7690bc,76,"icu_64::CollationData::getIndirectCE32"
0xb769404,68,"icu_64::CollationData::getScriptIndex"
0xb769d30,132,"icu_64::Collation::incTwoBytePrimaryByOffset"
0xb76a080,256,"icu_64::CollationTailoring::CollationTailoring"
0xb76af74,96,"icu_64::CollationSettings::setAlternateHandling"
0xb76bab4,52,""
0xb76bdb8,140,""
0xb76c45c,336,"icu_64::RuleBasedCollator::cloneRuleData"
0xb76e360,208,"icu_64::CollationIterator::backwardNumSkipped"
0xb76ff3c,816,"icu_64::CollationIterator::previousCEUnsafe"
0xb771150,672,"icu_64::FCDUTF16CollationIterator::previousSegment"
0xb772918,1124,"icu_64::ContractionsAndExpansions::handleCE32"
0xb778698,204,"icu_64::RuleBasedCollator::compare"
0xb7792f8,620,""
0xb77b670,196,"icu_64::RuleBasedCollator::getMaxExpansion"
0xb77b968,56,""
0xb77b9f0,36,""
0xb77baa4,36,""
0xb77bb44,12,"icu_64::CollationKey::getStaticClassID"
0xb77bb7c,200,"icu_64::CollationKey::CollationKey"
0xb77c148,88,"icu_64::CollationKey::hashCode"
0xb77c30c,4,""
0xb77e958,1600,"icu_64::CollationCompare::compareUpToQuaternary"
0xb783180,96,"icu_64::RuleBasedCollator::RuleBasedCollator"
0xb783784,164,"icu_64::RuleBasedCollator::RuleBasedCollator"
0xb784534,280,"icu_64::CollationBuilder::finalizeCEs"
0xb78559c,336,"icu_64::CollationBuilder::findOrInsertNodeForPrimary"
0xb786380,380,"icu_64::CollationBuilder::insertTailoredNodeAfter"
0xb787500,780,"icu_64::CollationBuilder::mergeCompositeIntoString"
0xb788cf8,12,"icu_64::CanonicalIterator::getStaticClassID"
0xb788d04,12,"icu_64::CanonicalIterator::getDynamicClassID"
0xb788d10,196,"icu_64::CanonicalIterator::CanonicalIterator"
0xb7892f8,204,"icu_64::CanonicalIterator::cleanPieces"
0xb78a33c,1100,"icu_64::CanonicalIterator::extract"
0xb78e058,368,"icu_64::CollationRuleParser::setErrorContext"
0xb78e65c,92,"icu_64::CollationRuleParser::isSyntaxChar"
0xb78ea18,568,"icu_64::CollationRuleParser::parseReordering"
0xb78f360,36,""
0xb78f5e4,40,"icu_64::DataBuilderCollationIterator::resetToOffset"
0xb78f6d0,52,"icu_64::DataBuilderCollationIterator::forwardNumCodePoints"
0xb78f820,1468,"icu_64::CollationDataBuilder::buildContext"
0xb795b44,340,"icu_64::UnicodeSet::applyPattern"
0xb796de8,164,"icu_64::CollationFastLatinBuilder::resetCEs"
0xb797398,936,"icu_64::CollationFastLatinBuilder::getCEsFromCE32"
0xb7a236c,16,"icu_64::RegexMatcher::groupCount"
0xb7a237c,8,"icu_64::RegexMatcher::hasAnchoringBounds"
0xb7a2384,8,"icu_64::RegexMatcher::hasTransparentBounds"
0xb7a2394,240,"icu_64::RegexMatcher::input"
0xb7a27cc,512,"icu_64::RegexMatcher::lookingAt"
0xb7a3444,8,"icu_64::RegexMatcher::requireEnd"
0xb7a3568,108,"icu_64::RegexMatcher::reset"
0xb7a35d4,236,"icu_64::RegexMatcher::refreshInputText"
0xb7a4428,96,"icu_64::RegexMatcher::start64"
0xb7a44f8,60,"icu_64::RegexMatcher::setTimeLimit"
0xb7a4580,24,"icu_64::RegexMatcher::setFindProgressCallback"
0xb7a467c,424,"icu_64::RegexMatcher::isWordBoundary"
0xb7a5260,60,""
0xb7a53b4,368,"icu_64::RegexPattern::operator=="
0xb7a5c7c,268,"icu_64::RegexPattern::matches"
0xb7a638c,100,""
0xb7ab7a4,128,"icu_64::RegexCompile::allocateStackData"
0xb7abb58,1152,"icu_64::RegexCompile::minMatchLength"
0xb7ad8cc,588,"icu_64::RegexCompile::compileInterval"
0xb7ae144,88,"icu_64::RegexCompile::setPushOp"
0xb7ae9bc,320,"icu_64::RegexCompile::findCaseInsensitiveStarters"
0xb7b023c,2372,"icu_64::RegexStaticSets::RegexStaticSets"
0xb7b71f4,12,"icu_64::TimeArrayTimeZoneRule::getDynamicClassID"
0xb7b73e4,180,"icu_64::TimeArrayTimeZoneRule::TimeArrayTimeZoneRule"
0xb7b75b4,60,"icu_64::TimeArrayTimeZoneRule::clone"
0xb7b7694,200,"icu_64::TimeArrayTimeZoneRule::operator=="
0xb7b7a3c,24,""
0xb7b7a6c,92,"icu_64::TimeZoneTransition::TimeZoneTransition"
0xb7b7bdc,96,""
0xb7b7e08,196,"icu_64::TimeZoneTransition::operator=="
0xb7b83fc,112,""
0xb7b87bc,36,"icu_64::VTimeZone::operator!="
0xb7b8954,432,"icu_64::VTimeZone::createVTimeZoneFromBasicTimeZone"
0xb7b90fc,84,"icu_64::VTimeZone::getTZURL"
0xb7b91f0,1232,"icu_64::VTimeZone::write"
0xb7bdac0,1240,"icu_64::VTimeZone::writeFinalRule"
0xb7c12e4,832,"icu_64::ZoneMeta::createMetazoneMappings"
0xb7c1f70,596,"icu_64::ZoneMeta::formatCustomID"
0xb7c231c,108,"icu_64::ZoneMeta::getShortID"
0xb7c24a0,12,"icu_64::PluralKeywordEnumeration::getDynamicClassID"
0xb7c24c4,152,"icu_64::PluralRules::PluralRules"
0xb7c26b8,68,""
0xb7c27b8,144,"icu_64::PluralRules::getAvailableLocales"
0xb7c3380,140,"icu_64::PluralRules::createDefaultRules"
0xb7c359c,472,"icu_64::PluralRules::internalForLocale"
0xb7c3f10,212,"icu_64::PluralRules::select"
0xb7c41a0,244,"icu_64::PluralRules::select"
0xb7c43f0,168,"icu_64::PluralRules::getKeywords"
0xb7c44ac,12,"icu_64::PluralRules::getUniqueKeywordValue"
0xb7c44b8,16,"icu_64::PluralRules::getAllKeywordValues"
0xb7c44c8,292,"icu_64::PluralRules::getSamples"
0xb7c4b0c,108,"icu_64::PluralRules::getKeywordOther"
0xb7c4b88,640,"icu_64::PluralRules::operator=="
0xb7c5450,380,"icu_64::PluralRuleParser::checkSyntax"
0xb7c56fc,124,"icu_64::PluralRuleParser::getNumberValue"
0xb7c6540,92,""
0xb7c659c,96,""
0xb7c65fc,360,"icu_64::AndConstraint::isFulfilled"
0xb7c68c8,96,""
0xb7c6990,300,"icu_64::RuleChain::RuleChain"
0xb7c6d24,112,"icu_64::RuleChain::getKeywords"
0xb7c6d94,160,"icu_64::RuleChain::isKeyword"
0xb7c6e74,20,""
0xb7c6ebc,1164,"icu_64::PluralRuleParser::getKeyType"
0xb7c7760,268,"icu_64::FixedDecimal::FixedDecimal"
0xb7c7b70,236,"icu_64::FixedDecimal::getFractionalDigits"
0xb7c7cb4,684,"icu_64::FixedDecimal::init"
0xb7c8e24,88,"icu_64::LocaleCacheKey<icu_64::SharedPluralRules>::clone"
0xb7c8f30,12,"icu_64::PluralFormat::getStaticClassID"
0xb7c8f48,184,"icu_64::PluralFormat::PluralFormat"
0xb7c9514,272,"icu_64::PluralFormat::PluralFormat"
0xb7c9c74,248,"icu_64::PluralFormat::PluralFormat"
0xb7ca698,160,"icu_64::PluralFormat::format"
0xb7caba8,92,"icu_64::PluralFormat::toPattern"
0xb7cace4,112,"icu_64::PluralFormat::setNumberFormat"
0xb7cada4,244,"icu_64::PluralFormat::operator="
0xb7cb2e0,4,""
0xb7cb2e4,4,""
0xb7cb2e8,44,""
0xb7cb358,8,"icu_64::PluralFormat::PluralSelectorAdapter::select"
0xb7cb360,12,"icu_64::SelectFormat::getStaticClassID"
0xb7cb36c,12,"icu_64::SelectFormat::getDynamicClassID"
0xb7cb378,132,"icu_64::SelectFormat::SelectFormat"
0xb7cb4cc,56,""
0xb7cb544,132,"icu_64::SelectFormat::format"
0xb7cb700,512,"icu_64::SelectFormat::findSubMessage"
0xb7cbbe8,56,"icu_64::CurrencyPluralInfo::CurrencyPluralInfo"
0xb7cbc80,236,"icu_64::CurrencyPluralInfo::operator="
0xb7cc1f4,116,"icu_64::CurrencyPluralInfo::operator=="
0xb7cc2f8,8,"icu_64::CurrencyPluralInfo::getPluralRules"
0xb7cc470,92,"icu_64::CurrencyPluralInfo::setPluralRules"
0xb7cc5ec,4,"icu_64::CurrencyPluralInfo::setLocale"
0xb7cd014,520,"icu_64::SimpleDateFormatStaticSets::SimpleDateFormatStaticSets"
0xb7cda38,28,"icu_64::FieldPositionIterator::FieldPositionIterator"
0xb7cdb44,72,"icu_64::FieldPositionIterator::operator=="
0xb7cdca4,224,"icu_64::FieldPositionIterator::next"
0xb7ce0f8,52,""
0xb7ce164,4,""
0xb7ce168,236,""
0xb7ce4b8,4,""
0xb7ce4bc,120,"icu_64::TimeZoneNames::createInstance"
0xb7ce818,20,"icu_64::TimeZoneNames::MatchInfoCollection::MatchInfoCollection"
0xb7ce858,68,""
0xb7cea2c,172,"icu_64::TimeZoneNames::MatchInfoCollection::matches"
0xb7cecb0,32,"icu_64::TimeZoneNames::MatchInfoCollection::getMatchLengthAt"
0xb7ced34,100,"icu_64::TimeZoneNames::MatchInfoCollection::getMetaZoneIDAt"
0xb7cedec,8,"icu_64::CharacterNode::clear"
0xb7cedf4,44,"icu_64::CharacterNode::deleteValues"
0xb7cef70,284,""
0xb7cf570,132,"icu_64::TextTrieMap::growNodes"
0xb7cf758,232,"icu_64::TextTrieMap::search"
0xb7cfb48,72,""
0xb7cfd0c,40,"icu_64::ZNStringPool::freeze"
0xb7cfd5c,12,"icu_64::MetaZoneIDsEnumeration::getStaticClassID"
0xb7cfdac,68,"icu_64::MetaZoneIDsEnumeration::MetaZoneIDsEnumeration"
0xb7cfedc,8,"icu_64::MetaZoneIDsEnumeration::count"
0xb7cff74,28,"icu_64::ZNameSearchHandler::ZNameSearchHandler"
0xb7cffbc,68,""
0xb7d0564,80,""
0xb7d0680,408,"icu_64::TimeZoneNamesImpl::loadTimeZoneNames"
0xb7d0e40,36,"icu_64::TimeZoneNamesImpl::_getMetaZoneID"
0xb7d0f8c,316,"icu_64::TimeZoneNamesImpl::getMetaZoneDisplayName"
0xb7d1dc4,532,"icu_64::TimeZoneNamesImpl::internalLoadAllDisplayNames"
0xb7d2da8,48,"icu_64::TZDBNames::getName"
0xb7d2dd8,32,"icu_64::TZDBNames::getParseRegions"
0xb7d2e14,44,""
0xb7d3110,28,"icu_64::TZDBNameSearchHandler::getMatches"
0xb7d322c,52,""
0xb7d329c,12,"icu_64::TZDBTimeZoneNames::operator=="
0xb7d32a8,60,"icu_64::TZDBTimeZoneNames::clone"
0xb7d3338,132,"icu_64::TZDBTimeZoneNames::getReferenceZoneID"
0xb7d3c74,616,"icu_64::ZNames::ZNamesLoader::put"
0xb7d526c,472,"icu_64::TimeZoneFormat::truncateOffsetPattern"
0xb7d5d70,112,"icu_64::TimeZoneFormat::createInstance"
0xb7d5ebc,424,"icu_64::TimeZoneFormat::setGMTOffsetPattern"
0xb7d6f5c,404,"icu_64::TimeZoneFormat::formatSpecific"
0xb7d862c,164,"icu_64::TimeZoneFormat::createTimeZoneForOffset"
0xb7d8914,56,"icu_64::TimeZoneFormat::getTimeType"
0xb7d894c,204,"icu_64::TimeZoneFormat::getTimeZoneID"
0xb7d8b5c,256,"icu_64::TimeZoneFormat::getTimeZoneGenericNames"
0xb7d9340,64,"icu_64::TimeZoneFormat::parseObject"
0xb7d9674,980,"icu_64::TimeZoneFormat::formatOffsetLocalizedGMT"
0xb7daf2c,348,"icu_64::TimeZoneFormat::parseSingleLocalizedDigit"
0xb7db5b8,364,"icu_64::TimeZoneFormat::unquote"
0xb7db8bc,44,"icu_64::TimeZoneGenericNameMatchInfo::getMatchLength"
0xb7db9a8,68,""
0xb7dba38,400,"icu_64::GNameSearchHandler::handleMatch"
0xb7dc320,232,""
0xb7dc83c,328,"icu_64::TZGNCore::getGenericLocationName"
0xb7dd558,804,"icu_64::TZGNCore::getPartialLocationName"
0xb7df3fc,380,"icu_64::LocaleDisplayNamesImpl::LocaleDisplayNamesImpl"
0xb7df758,36,""
0xb7df77c,8,"icu_64::LocaleDisplayNamesImpl::getLocale"
0xb7df784,8,"icu_64::LocaleDisplayNamesImpl::getDialectHandling"
0xb7df78c,64,"icu_64::LocaleDisplayNamesImpl::getContext"
0xb7df8ec,2652,"icu_64::LocaleDisplayNamesImpl::localeDisplayName"
0xb7e68e8,36,"icu_64::MeasureUnit::getCubicFoot"
0xb7e6a24,104,"icu_64::MeasureUnit::createCubicMeter"
0xb7e6ce0,104,"icu_64::MeasureUnit::createDeciliter"
0xb7e7028,104,"icu_64::MeasureUnit::createLiter"
0xb7e7368,104,"icu_64::MeasureUnit::createTablespoon"
0xb7e75d0,28,"icu_64::MeasureUnit::getOffset"
0xb7e7738,268,"icu_64::MeasureUnit::getAvailable"
0xb7e81f4,160,"icu_64::DayPeriodRules::getMidPointForDayPeriod"
0xb7e8ed0,352,"icu_64::DayPeriodRulesCountSink::put"
0xb7e9bc8,576,"icu_64::number::impl::AffixUtils::unescape"
0xb7eb52c,12,"icu_64::number::impl::DecimalQuantity::roundToMagnitude"
0xb7eb668,16,"icu_64::number::impl::DecimalQuantity::isZero"
0xb7eb678,368,"icu_64::number::impl::DecimalQuantity::toDecNum"
0xb7ec0a4,292,"icu_64::number::impl::DecimalQuantity::setToInt"
0xb7ec864,204,"icu_64::number::impl::DecimalQuantity::setToDouble"
0xb7ecea8,352,"icu_64::number::impl::DecimalQuantity::_setToDecNum"
0xb7ee44c,180,"icu_64::number::impl::DecimalQuantity::ensureCapacity"
0xb7ee954,456,"icu_64::number::impl::DecimalQuantity::toString"
0xb7ef868,100,"icu_64::number::NumberFormatterSettings<icu_64::number::UnlocalizedNumberFormatter>::adoptUnit"
0xb7efc68,48,"icu_64::number::NumberFormatterSettings<icu_64::number::UnlocalizedNumberFormatter>::roundingMode"
0xb7efdf4,60,"icu_64::number::NumberFormatterSettings<icu_64::number::UnlocalizedNumberFormatter>::integerWidth"
0xb7f007c,96,"icu_64::number::NumberFormatterSettings<icu_64::number::UnlocalizedNumberFormatter>::adoptSymbols"
0xb7f0250,48,"icu_64::number::NumberFormatterSettings<icu_64::number::UnlocalizedNumberFormatter>::decimal"
0xb7f0460,48,"icu_64::number::NumberFormatterSettings<icu_64::number::UnlocalizedNumberFormatter>::threshold"
0xb7f0610,252,"icu_64::number::NumberFormatterSettings<icu_64::number::UnlocalizedNumberFormatter>::macros"
0xb7f0f4c,84,"icu_64::number::NumberFormatterSettings<icu_64::number::LocalizedNumberFormatter>::adoptPerUnit"
0xb7f1178,60,"icu_64::number::NumberFormatterSettings<icu_64::number::LocalizedNumberFormatter>::integerWidth"
0xb7f13f0,48,"icu_64::number::NumberFormatterSettings<icu_64::number::LocalizedNumberFormatter>::unitWidth"
0xb7f1454,48,"icu_64::number::NumberFormatterSettings<icu_64::number::LocalizedNumberFormatter>::sign"
0xb7f1600,52,"icu_64::number::NumberFormatterSettings<icu_64::number::LocalizedNumberFormatter>::threshold"
0xb7f1bf0,72,"icu_64::number::NumberFormatterSettings<icu_64::number::LocalizedNumberFormatter>::clone"
0xb7f1c38,160,"icu_64::number::NumberFormatterSettings<icu_64::number::LocalizedNumberFormatter>::copyErrorTo"
0xb7f1e08,12,"icu_64::number::NumberFormatter::forSkeleton"
0xb7f1e14,4,"icu_64::number::NumberFormatter::forSkeleton"
0xb7f44dc,136,"icu_64::number::impl::NumberFormatterImpl::preProcess"
0xb7f54bc,364,"icu_64::number::impl::NumberFormatterImpl::writeIntegerDigits"
0xb7f6354,204,""
0xb7f6af0,104,"icu_64::number::impl::Grouper::forProperties"
0xb7f6d5c,8,"icu_64::number::impl::Grouper::getPrimary"
0xb7f6d64,8,"icu_64::number::impl::Grouper::getSecondary"
0xb7f6d84,32,"icu_64::number::IntegerWidth::zeroFillTo"
0xb7f6e20,164,"icu_64::number::IntegerWidth::apply"
0xb7f7f00,608,"icu_64::number::impl::LongNameHandler::multiSimpleFormatsToModifiers"
0xb7f9344,8,"icu_64::number::impl::SimpleModifier::getPrefixLength"
0xb7f934c,100,"icu_64::number::impl::SimpleModifier::getCodePointCount"
0xb7f9828,8,"icu_64::number::impl::ConstantMultiFieldModifier::isStrong"
0xb7f9874,12,"icu_64::number::impl::ConstantMultiFieldModifier::getParameters"
0xb7f9fcc,56,"icu_64::number::impl::CurrencySpacingEnabledModifier::getInsertString"
0xb7fa114,172,"icu_64::number::impl::CurrencySpacingEnabledModifier::applyCurrencySpacing"
0xb7fa4c8,88,""
0xb7fa7e8,80,""
0xb7faab8,144,"icu_64::number::FormattedNumber::getAllFieldPositions"
0xb7fb008,12,"icu_64::number::impl::MutablePatternModifier::createImmutable"
