0xa2e30e8,1032,
0xa2e447c,188,
0xa2e4960,612,
0xa2e5128,844,
0xa2e6404,28,
0xa2e6420,200,
0xa2e672c,88,
0xa2e684c,2308,
0xa2fb688,24,
0xa2fb6a0,72,
0xa2fbd58,244,
0xa2fcac8,220,
0xa2fce8c,4,
0xa2fcef8,332,
0xa2fdae4,688,
0xa2fefdc,296,
0xa2ffe38,140,
0xa3008f0,608,
0xa3021d0,8,
0xa302234,8,
0xa30223c,92,
0xa3027ec,252,
0xa3039bc,28,
0xa303a9c,96,
0xa303b6c,16,
0xa303c28,84,
0xa30417c,572,
0xa305798,48,
0xa305ae8,152,
0xa305d9c,28,
0xa30612c,520,
0xa3072c8,1952,
0xa30d0e0,36,
0xa30d3dc,348,
0xa30d9c8,216,
0xa30e190,176,
0xa30e93c,260,
0xa30fb68,76,
0xa3102d0,480,
0xa311b40,592,
0xa312368,124,
0xa3123e4,80,
0xa31296c,8,
0xa312978,332,
0xa313040,8,
0xa313094,188,
0xa3137b0,276,
0xa314a68,140,
0xa3151ac,4,
0xa3155f0,64,
0xa315630,188,
0xa315cb0,28,
0xa315ce0,108,
0xa3160c8,408,
0xa317df0,504,
0xa31a1e8,756,
0xa31ac9c,284,
0xa31adb8,48,
0xa31ade8,156,
0xa31aefc,136,
0xa31aff4,4,
0xa31b228,44,
0xa31b2b8,4,
0xa31b2bc,4,
0xa31b584,44,
0xa31b5b0,4,
0xa31b878,4,
0xa31b87c,4,
0xa31bb44,4,
0xa31bb48,4,
0xa31c3b0,1184,
0xa31e328,88,
0xa31e3d8,52,
0xa31e4f4,76,
0xa31e718,96,
0xa31e894,76,
0xa31e908,140,
0xa31ec7c,124,
0xa31ef6c,124,
0xa31f310,72,
0xa31f754,48,
0xa31f81c,56,
0xa320164,148,
0xa320794,68,
0xa3209dc,52,
0xa320f48,216,
0xa32174c,1016,
0xa324908,772,
0xa326b58,2620,DrawWireCapsule:调试线框胶囊绘制(含FLinearColor)
0xa32c63c,32,
0xa32c714,148,
0xa32cf08,184,
0xa32d104,72,
0xa32d478,200,
0xa32dcb4,200,
0xa32e364,200,
0xa32e884,200,
0xa32effc,200,
0xa32f6a0,1164,
0xa331a14,884,
0xa334120,4,
0xa33413c,8,
0xa334148,4,
0xa33414c,312,
0xa3362a4,1900,
0xa33abfc,204,
0xa33b04c,968,
0xa33c758,52,
0xa33c804,316,
0xa33d124,808,
0xa33e4d0,4,
0xa33e5f8,48,
0xa33e6a0,416,
0xa33f5d4,184,
0xa33fd84,20,
0xa33fd98,32,
0xa33fee0,36,
0xa341130,40,
0xa341220,160,
0xa342348,60,
0xa342608,52,
0xa342714,172,
0xa342be4,716,
0xa343fd4,8,
0xa343fdc,36,
0xa344028,256,
0xa344cf4,168,
0xa345be0,56,
0xa346000,392,
0xa3467dc,304,
0xa347100,100,
0xa347434,12,
0xa34755c,4,
0xa347ac8,100,
0xa3486e0,48,
0xa348864,48,
0xa348894,40,
0xa348954,220,
0xa34933c,116,
0xa349510,1328,
0xa34efec,24,
0xa34f050,160,
0xa34f454,520,
0xa3512a0,780,
0xa352a28,44,
0xa352abc,132,
0xa352dd0,44,
0xa352e64,132,
0xa353438,40,
0xa3534b8,72,
0xa35455c,324,
0xa355a5c,476,
0xa3574b0,36,
0xa357968,356,
0xa357f40,40,
0xa357f68,36,
0xa357f8c,84,
0xa358c58,4476,FReplayHelper::SaveCheckpoint:网络回放存档检查点
0xa36cfec,372,
0xa36e300,8,
0xa36e324,8,
0xa36e33c,8,
0xa36e36c,20,
0xa36e3cc,8,
0xa36e3e8,40,
0xa36ed2c,372,
0xa3701e4,8,
0xa370268,8,
0xa370278,12,
0xa370330,132,
0xa370c10,88,
0xa370da4,28,
0xa370e34,20,
0xa370f78,8,
0xa370fe4,4,
0xa372ef4,28,
0xa372f64,12,
0xa372ff0,20,
0xa373064,372,
0xa374be8,1184,
0xa3772a4,532,
0xa378258,8,
0xa3782a8,12,
0xa378478,12,
0xa3786c0,32,
0xa37880c,140,
0xa37903c,424,
0xa37a470,156,
0xa37afc8,220,
0xa37be4c,296,
0xa37e144,72,
0xa37e4cc,4,
0xa37e54c,8,
0xa37e568,4,
0xa37e5b0,108,
0xa37ec5c,148,
0xa37f844,8,
0xa37fb18,112,
0xa381108,272,
0xa381ed4,388,
0xa3837e4,36,
0xa383878,480,
0xa38539c,44,
0xa386228,44,
0xa386280,48,
0xa386374,80,
0xa3866fc,84,
0xa386850,84,
0xa3877a8,592,
0xa388f4c,80,
0xa3894c8,472,
0xa38a64c,352,
0xa38c4cc,40,
0xa38c680,596,
0xa38db0c,488,
0xa38e3ac,312,
0xa38f004,208,
0xa38f5e4,380,
0xa390000,140,
0xa390234,88,
0xa3925a4,44,
0xa3925f0,92,
0xa392720,44,
0xa393108,40,
0xa393180,40,
0xa393674,1116,
0xa3983fc,120,
0xa398d98,132,
0xa398e1c,2276,
0xa39b7c8,192,
0xa39c6d4,4,
0xa39c6dc,56,
0xa39cf88,96,
0xa39d040,52,
0xa39d18c,212,
0xa39d668,344,
0xa39e3f8,44,
0xa39e724,188,
0xa39ecac,48,
0xa39ed28,48,
0xa39eda0,176,
0xa39f2ec,60,
0xa39f77c,220,
0xa39fcd4,200,
0xa3a0b60,3780,Scalability::SetQualityLevels:画质分级设置(写r.* cvar)
0xa3bf304,3044,FSceneView::SetupCommonViewUniformBufferParameters:视图uniform buffer参数组装(FViewUniformShaderParameters)
0xa3c7c5c,88,
0xa3c7d00,688,
0xa3c9a8c,48,
0xa3c9c50,1388,
0xa3cf7e0,44,
0xa3cf8e4,340,
0xa3d04ec,1292,
0xa3d452c,60,
0xa3d4590,40,
0xa3d4604,40,
0xa3d4678,64,
0xa3d49f8,120,
0xa3d4bcc,8,
0xa3d4bd4,40,
0xa3d4bfc,60,
0xa3d5db4,4028,FShaderCompilingManager::BlockOnAllShaderMapCompletion:阻塞等待着色器编译完成
0xa3e3430,304,
0xa3e3890,200,
0xa3e3bb0,200,
0xa3e405c,200,
0xa3e4380,200,
0xa3e45dc,200,
0xa3e48fc,200,
0xa3e4ce4,200,
0xa3e5004,200,
0xa3e5324,200,
0xa3e570c,200,
0xa3e5af8,200,
0xa3e5ee0,200,
0xa3e6458,200,
0xa3e6840,200,
0xa3e6c28,200,
0xa3e7010,200,
0xa3e74c0,200,
0xa3e7970,200,
0xa3e7d58,200,
0xa3e82d0,200,
0xa3e8780,200,
0xa3e8dc0,200,
0xa3e9338,200,
0xa3e98b0,200,
0xa3e9e28,200,
0xa3ea468,200,
0xa3eac38,200,
0xa3eb340,200,
0xa3eba48,200,
0xa3ec088,200,
0xa3ec6c8,200,
0xa3ecd08,200,
0xa3ed348,200,
0xa3ed988,200,
0xa3ee2e8,200,
0xa3ee9f0,200,
0xa3ef0f8,200,
0xa3ef800,200,
0xa3f0098,200,
0xa3f0868,200,
0xa3f0f70,200,
0xa3f1740,200,
0xa3f20a0,200,
0xa3f27a4,8,
0xa3f293c,200,
0xa3f310c,200,
0xa3f374c,200,
0xa3f3f1c,200,
0xa3f4624,200,
0xa3f4df4,200,
0xa3f55c4,200,
0xa3f5d94,200,
0xa3f6564,200,
0xa3f6d34,200,
0xa3f75cc,200,
0xa3f7f2c,200,
0xa3f8954,200,
0xa3f91ec,200,
0xa3f99bc,200,
0xa3fa31c,200,
0xa3fad44,200,
0xa3fb5dc,200,
0xa3fbe74,200,
0xa3fc710,196,
0xa3fcfa8,284,
0xa3fe1ac,36,
0xa3fea84,64,
0xa3febd8,144,
0xa3ff93c,872,
0xa4023d8,448,
0xa4030a4,144,
0xa4031d8,588,
0xa404da0,12,
0xa404df4,160,
0xa405224,152,
0xa405894,168,
0xa406104,792,
0xa408738,288,
0xa409774,396,
0xa40a428,344,
0xa40e564,16,
0xa40e580,84,
0xa40f184,8,
0xa40f32c,468,
0xa41a424,2500,FEngineShowFlags::AddNameByIndex:显示标志名映射(大switch)
0xa41de60,100,
0xa41df24,236,
0xa41e110,576,
0xa41ea14,620,
0xa41fb40,2408,FSimpleElementDistanceFieldGammaPS::SetParameters:2D元素距离场PS参数(含FLinearColor着色)
0xa4220a0,292,
0xa422c38,8,
0xa422c40,28,
0xa422c5c,76,
0xa422ea0,28,
0xa422f64,64,
0xa423200,56,
0xa4234ac,4,
0xa4234b4,52,
0xa423820,536,
0xa424748,180,
0xa424d40,276,
0xa425790,12,
0xa42579c,1644,
0xa42dd80,64,
0xa42de14,912,
0xa42fdc4,72,
0xa430134,364,
0xa430830,36,
0xa4308b4,8,
0xa430b10,168,
0xa430f40,272,
0xa4316fc,328,
0xa43233c,28,
0xa432358,20,
0xa432384,28,
0xa432614,156,
0xa432878,540,
0xa433998,180,
0xa433ee4,144,
0xa435008,2240,
0xa43d5a4,24,
0xa43d5bc,428,
0xa43e394,400,
0xa43ef60,1928,
0xa443110,592,
0xa44ccd0,7068,FSkeletalMeshMerge::GenerateLODModel<TGPUSkinVertexFloat32Uvs<2>>:骨骼网格合并生成LOD渲染数据
0xa461e80,64,
0xa461f50,856,
0xa46427c,116,
0xa4664d4,96,
0xa4683ac,1024,
0xa46c768,8,
0xa46c790,36,
0xa46c7b8,4,
0xa46c8d4,144,
0xa46d15c,200,
0xa46dd88,1844,
0xa4716a4,92,
0xa47198c,80,
0xa471c38,416,
0xa472740,412,
0xa473228,92,
0xa473484,524,
0xa474640,412,
0xa475270,412,
0xa47618c,372,
0xa477040,96,
0xa477590,92,
0xa47763c,412,
0xa477fd4,152,
0xa479070,220,
0xa479890,52,
0xa47a1a8,1744,
0xa47dea0,12,
0xa47deac,220,
0xa47e064,36,
0xa47e088,36,
0xa47e0fc,92,
0xa47e420,8,
0xa47e5bc,2080,
0xa49bc58,2156,
0xa4a11a8,8,
0xa4a11b0,8,
0xa4a11b8,228,
0xa4a19a0,176,
0xa4a1a54,396,
0xa4a1fd4,124,
0xa4a296c,144,
0xa4a2e1c,116,
0xa4a34d8,140,
0xa4a39ec,8,
0xa4a3a68,8,
0xa4a3afc,192,
0xa4a436c,160,
0xa4a4914,160,
0xa4a4f8c,132,
0xa4a50f8,160,
0xa4a55b0,2124,
0xa4aadcc,32,
0xa4aadf4,152,
0xa4abb04,4,
0xa4ac6c8,228,
0xa4ac9f4,36,
0xa4acb30,4,
0xa4ad23c,572,
0xa4aea2c,36,
0xa4aebe4,912,
0xa4aff54,280,
0xa4b1800,180,
0xa4b21bc,8,
0xa4b21c4,20,
0xa4b2210,168,
0xa4b26c0,312,
0xa4b2ea4,8,
0xa4b3014,64,
0xa4b30f0,92,
0xa4b3390,104,
0xa4b36e0,8,
0xa4b3778,72,
0xa4b3a84,4,
0xa4b3a88,4,
0xa4b3a94,8,
0xa4b3aa4,40,
0xa4b3e1c,256,
0xa4b43f4,24,
0xa4b469c,4,
0xa4b486c,36,
0xa4b51e0,216,
0xa4b556c,640,
0xa4b7040,340,
0xa4b7a34,92,
0xa4b7c98,144,
0xa4b7eec,8,
0xa4b7f04,16,
0xa4b82a8,92,
0xa4b857c,256,
0xa4b8ecc,92,
0xa4b92a0,308,
0xa4b9a0c,332,
0xa4bad48,4,
0xa4bad4c,260,
0xa4bb320,156,
0xa4bbab0,720,
0xa4bda4c,344,
0xa4be124,664,
0xa4bf8a8,296,
0xa4bff6c,4,
0xa4bff70,396,
0xa4c1170,8,
0xa4c1180,12,
0xa4c12b8,168,
0xa4c162c,240,
0xa4c22fc,384,
0xa4c2d8c,12,
0xa4c2db4,8,
0xa4c2e34,164,
0xa4c33ac,8,
0xa4c33c8,344,
0xa4c446c,88,
0xa4c46ec,48,
0xa4c560c,512,
0xa4c5c4c,60,
0xa4c6e10,416,
0xa4cbdb4,32,
0xa4cc084,1608,
0xa4cf9d0,72,
0xa4cfb94,720,
0xa4d20b0,656,
0xa4d2834,96,
0xa4d28dc,2324,
0xa4db024,84,
0xa4db138,152,
0xa4db308,1708,
0xa4de05c,84,
0xa4de0b0,8,
0xa4de0b8,8,
0xa4de0c0,76,
0xa4de174,356,
0xa4de780,128,
0xa4dee44,3136,FStaticMeshSceneProxy::DrawStaticElements:静态网格静态绘制通道
0xa4ed664,868,
0xa4ee698,640,
0xa4f00a4,436,
0xa4f0bdc,776,
0xa4f1df4,32,
0xa4f1ee0,84,
0xa4f1fec,24,
0xa4f2100,140,
0xa4f28c0,340,
0xa4f4100,176,
0xa4f4330,20,
0xa4f4344,64,
0xa4f4384,304,
0xa4f5378,252,
0xa4f5768,120,
0xa4f58ec,272,
0xa4f612c,92,
0xa4f62f8,524,
0xa4f79f8,204,
0xa4f7e38,168,
0xa4f86e4,516,
0xa4f9b2c,516,
0xa4fc000,24,
0xa4fc10c,192,
0xa4fc3c4,1160,
0xa4ff6f0,608,
0xa5011d4,88,
0xa5012cc,420,
0xa502980,40,
0xa5029d0,200,
0xa502f24,24,
0xa5030b4,20,
0xa5030c8,240,
0xa503748,584,
0xa504f68,300,
0xa505ef8,1308,
0xa508b24,344,
0xa509384,352,
0xa50aa54,316,
0xa50b658,1736,
0xa50eb30,472,
0xa50f480,144,
0xa50f73c,36,
0xa50fab8,136,
0xa50fd78,144,
0xa510560,656,
0xa511a70,88,
0xa512354,8,
0xa51235c,184,
0xa512a50,68,
0xa512ca4,196,
0xa5135fc,136,
0xa513df4,352,
0xa515024,384,
0xa515978,56,
0xa515e94,288,
0xa51682c,144,
0xa516b5c,236,
0xa517d20,152,
0xa517fdc,8,
0xa517fec,8,
0xa517ffc,8,
0xa518188,4,
0xa51818c,268,
0xa51878c,40,
0xa518864,4,
0xa5188a0,12,
0xa518900,8,
0xa5194c0,152,
0xa5199d4,92,
0xa519ce8,204,
0xa51a384,292,
0xa51aac0,8,
0xa51aad8,8,
0xa51ab20,4,
0xa51ab7c,8,
0xa51ac28,40,
0xa51ae18,156,
0xa51b19c,4,
0xa51b25c,4,
0xa51b2b4,116,
0xa51b52c,4,
0xa51b628,8,
0xa51b67c,8,
0xa51b73c,8,
0xa51b7cc,48,
0xa51bd20,4,
0xa51bd4c,40,
0xa51beec,8,
0xa51bf08,200,
0xa51c6d0,8,
0xa51c6d8,44,
0xa51c714,48,
0xa51c7b0,4,
0xa51c800,4,
0xa51c85c,112,
0xa51cb78,12,
0xa51cb94,48,
0xa51ccf0,8,
0xa51ce70,48,
0xa51d184,100,
0xa51d4a0,8,
0xa51d4c0,164,
0xa51db18,412,
0xa51f558,144,
0xa51fb00,288,
0xa5205e4,252,
0xa521ae4,176,
0xa522378,36,
0xa5226cc,180,
0xa522944,48,
0xa522bbc,640,
0xa5250f8,672,
0xa526390,128,
0xa526410,84,
0xa526464,752,
0xa52aed0,440,
0xa52b1b0,388,
0xa52c198,756,
0xa52d280,192,
0xa52d464,448,
0xa52dec0,128,
0xa52e89c,288,
0xa52f084,244,
0xa52f2c0,216,
0xa52f454,404,
0xa53077c,36,
0xa5307a0,60,
0xa5307dc,164,
0xa530880,152,
0xa5309e8,172,
0xa531160,1616,
0xa535a88,64,
0xa535ac8,264,
0xa535f98,136,
0xa5365d4,48,
0xa5366b0,16,
0xa536714,36,
0xa5367a4,72,
0xa536f44,36,
0xa537bb0,36,
0xa537e1c,3496,FSubtitleManager::SplitLinesToSafeZone:字幕安全区分行
0xa54b6ac,40,
0xa54b784,4,
0xa54b7d4,284,
0xa54c14c,344,
0xa54d104,472,
0xa54d8a8,720,
0xa54ee1c,308,
0xa54fccc,188,
0xa54fe6c,28,
0xa5500bc,4,
0xa5500d8,16,
0xa5501b0,48,
0xa55026c,12,
0xa5502bc,92,
0xa5507cc,80,
0xa550d14,92,
0xa550dc0,460,
0xa551bdc,100,
0xa551f14,256,
0xa55264c,244,
0xa552d04,16,
0xa552e18,104,
0xa552f48,876,
0xa5562e4,8,
0xa5562ec,8,
0xa556320,16,
0xa556340,12,
0xa55647c,44,
0xa5565d0,324,
0xa55732c,8,
0xa557334,4,
0xa557338,180,
0xa557a18,12,
0xa557a24,36,
0xa557a48,8,
0xa557a50,8,
0xa557a60,8,
0xa557ab8,80,
0xa557b08,132,
0xa557ff8,152,
0xa558090,136,
0xa558118,8,
0xa558174,72,
0xa558530,1304,
0xa55b5c4,160,
0xa55b748,72,
0xa55bb10,1304,
0xa55ddd4,144,
0xa55e140,40,
0xa55e724,40,
0xa55ee88,40,
0xa55ef08,120,
0xa55f2b0,1188,
0xa56262c,16,
0xa56263c,132,
0xa562740,204,
0xa562b14,392,
0xa563124,264,
0xa56322c,36,
0xa56337c,264,
0xa56394c,32,
0xa5639c0,28,
0xa563a8c,244,
0xa563d4c,16,
0xa563d68,212,
0xa564130,100,
0xa56425c,16,
0xa564284,12,
0xa5642b4,40,
0xa5643cc,12,
0xa5643e0,84,
0xa564798,64,
0xa564824,32,
0xa5649e4,8,
0xa564a60,72,
0xa564e1c,284,
0xa565638,256,
0xa56598c,88,
0xa5663d4,48,
0xa566554,4,
0xa566564,60,
0xa5666d8,128,
0xa566a44,36,
0xa5671b4,40,
0xa567244,40,
0xa567bb0,104,
0xa567fdc,1104,
0xa56f364,576,
0xa57040c,432,
0xa570634,4,
0xa57063c,116,
0xa57082c,4,
0xa5708ec,196,
0xa570c20,8,
0xa570c28,8,
0xa570c58,36,
0xa570cf4,40,
0xa570f68,176,
0xa571288,40,
0xa57131c,176,
0xa5717e8,72,
0xa571948,4,
0xa571984,8,
0xa571b94,124,
0xa57242c,100,
0xa5728e8,452,
0xa573554,220,
0xa5741ac,1236,
0xa5771b0,452,
0xa578ad0,456,
0xa579d10,84,
0xa57a2b0,48,
0xa57a370,284,
0xa57ab88,36,
0xa57aca0,4,
0xa57acfc,92,
0xa57b3e8,80,
0xa57b61c,92,
0xa57b8dc,80,
0xa57bae4,92,
0xa57bb40,80,
0xa57be6c,80,
0xa57c354,80,
0xa57c6dc,472,
0xa57d628,144,
0xa57d9f8,136,
0xa57dd18,168,
0xa57e954,272,
0xa57f140,336,
0xa58017c,4,
0xa580180,8,
0xa580188,8,
0xa580198,16,
0xa580270,48,
0xa5802cc,8,
0xa58039c,4,
0xa581174,192,
0xa5829c4,272,
0xa583380,1380,
0xa586800,128,
0xa587a30,968,
0xa5896bc,172,
0xa589968,3884,FViewport::GetRawHitProxyData:命中代理像素读取
0xa5950a8,408,
0xa59527c,540,
0xa595a84,404,
0xa595f40,404,
0xa596590,2124,
0xa59b164,20,
0xa59b1b0,8,
0xa59b214,64,
0xa59c95c,152,
0xa59ca34,272,
0xa59ce58,152,
0xa59d048,48,
0xa59d07c,1840,
0xa5a00e4,172,
0xa5a0374,48,
0xa5a03d4,416,
0xa5a0920,192,
0xa5a0c04,76,
0xa5a0f64,44,
0xa5a1048,536,
0xa5a1bb8,444,
0xa5a2c6c,384,
0xa5a2fc0,868,
0xa5a5e50,1272,
0xa5a9b04,780,
0xa5aa98c,72,
0xa5aaa70,248,
0xa5aae30,48,
0xa5aaf1c,68,
0xa5ab0b8,140,
0xa5ab2dc,296,
0xa5ab8d0,64,
0xa5abba0,104,
0xa5abc08,32,
0xa5abc28,44,
0xa5abc7c,2800,CommitMapChange:流送地图切换提交
0xa5b3ebc,92,
0xa5b4110,92,
0xa5b416c,80,
0xa5b4374,312,
0xa5b4788,144,
0xa5b4eb0,364,
0xa5b51e0,344,
0xa5b5634,28,
0xa5b56a4,8,
0xa5b5758,96,
0xa5b5a48,292,
0xa5b5e10,4,
0xa5b5e14,8,
0xa5b5e7c,32,
0xa5b5fa8,124,
0xa5b60b0,8,
0xa5b60b8,164,
0xa5b63fc,8,
0xa5b6414,44,
0xa5b65b8,164,
0xa5b67f0,116,
0xa5b6a3c,36,
0xa5b6a84,36,
0xa5b6b14,36,
0xa5b6e90,380,
0xa5b7470,144,
0xa5b78f0,344,
0xa5b7f84,412,
0xa5b89ec,396,
0xa5b9298,344,
0xa5b9924,184,
0xa5bac4c,148,
0xa5bace0,516,
0xa5bbed8,1064,
0xa5bd9b0,36,
0xa5bd9d4,264,
0xa5bdadc,176,
0xa5bdc90,36,
0xa5bdcd8,80,
0xa5bde80,312,
0xa5be20c,296,
0xa5be5b0,352,
0xa5beabc,564,
0xa5bf304,4,
0xa5bf550,148,
0xa5bf644,564,
0xa5c0110,24,
0xa5c0128,88,
0xa5c0180,4,
0xa5c0414,188,
0xa5c0544,564,
0xa5c0f54,188,
0xa5c12c0,28,
0xa5c13d0,24,
0xa5c1440,4,
0xa5c1614,48,
0xa5c16b8,4,
0xa5c16bc,88,
0xa5c1718,428,
0xa5c4434,44,
0xa5c4460,704,
0xa5c48a4,100,
0xa5c497c,264,
0xa5c4d78,392,
0xa5c51f4,4,
0xa5c59d0,68,
0xa5c5a88,4,
0xa5c6214,720,
0xa5c6b44,216,
0xa5c6d74,516,
0xa5c75fc,176,
0xa5c773c,152,
0xa5c7e04,100,
0xa5c7e68,196,
0xa5c7f2c,780,
0xa5c8930,384,
0xa5c915c,336,
0xa5c9650,624,
0xa5c9bf8,400,
0xa5cab40,184,
0xa5cb928,324,
0xa5cba6c,344,
0xa5cbbc4,24,
0xa5cbbdc,128,
0xa5cbcc8,116,
0xa5cbda0,36,
0xa5cc190,244,
0xa5cc284,80,
0xa5cc2d4,1000,
0xa5ccbf4,528,
0xa5cce04,248,
0xa5ccefc,164,
0xa5cd104,512,
0xa5cd400,356,
0xa5cd73c,140,
0xa5cd7c8,44,
0xa5cd9bc,108,
0xa5cda28,224,
0xa5cdbb4,12,
0xa5cdbc0,32,
0xa5cddfc,172,
0xa5cdfd4,1848,
0xa5d59e8,92,
0xa5d5a44,28,
0xa5d5a60,16,
0xa5d5a70,212,
0xa5d5b44,484,
0xa5d5ed8,516,
0xa5d7314,60,
0xa5d7674,172,
0xa5d7b5c,188,
0xa5d7c78,1472,
0xa5db504,4,
0xa5db574,556,
0xa5dc610,8,
0xa5dc618,404,
0xa5dc7ac,232,
0xa5dc9bc,220,
0xa5dca98,144,
0xa5dcd50,652,
0xa5dd674,72,
0xa5dd6f0,228,
0xa5dda78,52,
0xa5ddbbc,372,
0xa5de558,116,
0xa5de704,8,
0xa5de70c,8,
0xa5de71c,88,
0xa5de84c,916,
0xa5e0ad8,384,
0xa5e0c58,28,
0xa5e0c74,16,
0xa5e0d70,412,
0xa5e1238,1216,
0xa5eae0c,288,
0xa5eaf2c,200,
0xa5eb2a4,312,
0xa5eb5fc,300,
0xa5eba0c,724,
0xa5ec9c0,748,
0xa5ed6e4,124,
0xa5ed760,244,
0xa5eda2c,4,
0xa5eda30,40,
0xa5eda58,48,
0xa5ee314,220,
0xa5ee544,1636,
0xa5ef8b0,40,
0xa5ef8d8,12,
0xa5ef8e4,1116,
0xa5f0a58,48,
0xa5f0f88,40,
0xa5f0fb0,976,
0xa5f23a4,88,
0xa5f2458,240,
0xa5f2884,16,
0xa5f28c0,28,
0xa5f29ec,260,
0xa5f3664,4,
0xa5f368c,36,
0xa5f36e8,40,
0xa5f3990,304,
0xa5f41fc,424,
0xa5f51d4,344,
0xa5f5c58,720,
0xa5f6de4,200,
0xa5f728c,8,
0xa5f7294,76,
0xa5f7eac,724,
0xa5f941c,472,
0xa5fa3fc,936,
0xa5fc174,8,
0xa5fc1b8,36,
0xa5fc2d8,76,
0xa5fc42c,188,
0xa5fcefc,1108,
0xa5ff2a4,540,
0xa5ffdec,456,
0xa6010cc,4,
0xa6010d0,208,
0xa6034f4,284,
0xa6040b8,304,
0xa6052d4,8,
0xa6052dc,184,
0xa6056f0,584,
0xa60613c,272,
0xa6064ec,184,
0xa606968,176,
0xa60753c,868,
0xa609c10,92,
0xa609c6c,104,
0xa609cd4,1096,
0xa60cdd8,36,
0xa60cdfc,8,
0xa60ce04,40,
0xa60ce2c,332,
0xa60d708,948,
0xa60f184,4300,SMultiColumnTableRow<FRTInfo>::GenerateColumns:Slate多列表格列构建(工具UI)
0xa62a6a8,44,
0xa62a720,8,
0xa62a7ac,132,
0xa62a970,136,
0xa62ad34,8,
0xa62ad3c,520,
0xa62b9c8,68,
0xa62be08,40,
0xa62bec8,24,
0xa62bfbc,180,
0xa62f014,264,
0xa62f3a4,68,
0xa62f3e8,624,
0xa630968,168,
0xa631134,512,
0xa631b88,228,
0xa6320b0,60,
0xa6321f0,1408,
0xa635d54,48,
0xa636950,96,
0xa636a98,136,
0xa636de0,844,
0xa63764c,40,
0xa6380f8,8,
0xa638100,196,
0xa638734,160,
0xa6389e4,12,
0xa638a54,132,
0xa638c8c,40,
0xa638cb4,84,
0xa638d60,84,
0xa638dd4,8,
0xa638e7c,64,
0xa639020,340,
0xa639778,576,
0xa639d94,36,
0xa63a228,2400,~UWorld:世界析构
0xa63eb24,696,
0xa641b60,344,
0xa6422b0,312,
0xa64256c,168,
0xa64281c,352,
0xa6430b4,196,
0xa6435b8,336,
0xa6442bc,964,
0xa646ed4,8,
0xa646ee8,80,
0xa647218,40,
0xa64735c,48,
0xa647688,48,
0xa6479b8,156,
0xa649a08,44,
0xa649adc,40,
0xa649bcc,48,
0xa649cc8,40,
0xa64a0d8,176,
0xa64abe4,148,
0xa64b9d8,32,
0xa64b9f8,36,
0xa64be74,36,
0xa64bec0,408,
0xa64c6b0,32,
0xa64c6d0,36,
0xa64c8b0,388,
0xa64e084,1092,
0xa64f76c,284,
0xa64fffc,128,
0xa6500c8,52,
0xa65014c,36,
0xa6505e4,36,
0xa650b64,32,
0xa650bc4,56,
0xa650c9c,316,
0xa651350,1256,
0xa652b14,200,
0xa6532cc,84,
0xa653688,764,
0xa6544e0,472,
0xa654ed8,316,
0xa6551b8,40,
0xa6552c0,112,
0xa6556ac,4,
0xa6557cc,344,
0xa6563dc,388,
0xa656930,144,
0xa656ae0,244,
0xa65748c,144,
0xa6579e4,12,
0xa6579f0,184,
0xa657d00,412,
0xa658f64,136,
0xa6592f8,140,
0xa659720,144,
0xa659fc0,144,
0xa65a45c,124,
0xa65a5e4,144,
0xa65a88c,152,
0xa65ac20,4,
0xa65ac34,8,
0xa65ad44,176,
0xa65dbec,80,
0xa65e274,96,
0xa65eb68,180,
0xa65ec1c,948,
0xa6602a0,224,
0xa660b24,240,
0xa661368,436,
0xa662378,224,
0xa662594,8,
0xa6626d0,48,
0xa662734,332,
0xa662b94,416,
0xa663f3c,584,
0xa664614,140,
0xa6646a0,592,
0xa66523c,168,
0xa6658e4,76,
0xa665a60,76,
0xa665c74,76,
0xa665eac,12,
0xa665f14,52,
0xa666590,232,
0xa666978,28,
0xa666af0,268,
0xa66714c,28,
0xa66719c,168,
0xa667668,176,
0xa667bb0,320,
0xa668818,456,
0xa66993c,504,
0xa66a47c,176,
0xa66a774,168,
0xa66b0ec,88,
0xa66b51c,184,
0xa66b76c,28,
0xa66b90c,28,
0xa66ba80,168,
0xa66be00,68,
0xa66c204,360,
0xa66c9a4,12,
0xa66c9fc,12,
0xa66ca14,76,
0xa66cc8c,76,
0xa66cf5c,76,
0xa66d188,76,
0xa66d4cc,76,
0xa66d72c,76,
0xa66d900,76,
0xa66daec,76,
0xa66dd20,76,
0xa66df60,76,
0xa66e224,76,
0xa66e3d0,12,
0xa66e440,12,
0xa66e560,12,
0xa66e5d0,12,
0xa66e634,12,
0xa66e724,76,
0xa66e8f8,76,
0xa66ebf0,76,
0xa66ee10,76,
0xa66ef40,12,
0xa66f138,76,
0xa66f324,76,
0xa66f560,16,
0xa66f5e0,16,
0xa66f670,16,
0xa66f6f0,16,
0xa66f750,16,
0xa66f84c,184,
0xa66fe48,8,
0xa66fe9c,32,
0xa67050c,192,
0xa670870,232,
0xa670d84,168,
0xa6712b0,184,
0xa67166c,32,
0xa6717bc,180,
0xa671cd4,76,
0xa671e74,76,
0xa672008,12,
0xa6720ac,76,
0xa672390,100,
0xa67254c,4,
0xa6726c8,76,
0xa6728a4,68,
0xa672ab4,188,
0xa672f10,12,
0xa672fdc,72,
0xa67317c,76,
0xa673504,240,
0xa673ac4,8,
0xa673acc,192,
0xa673ef4,92,
0xa6740ec,12,
0xa6741e4,76,
0xa67442c,12,
0xa6744c8,92,
0xa6746b4,12,
0xa674750,4,
0xa674754,184,
0xa674b9c,12,
0xa674bcc,4,
0xa674bd4,192,
0xa675100,52,
0xa675278,92,
0xa6755b4,92,
0xa675884,92,
0xa675bd0,192,
0xa6760f8,4,
0xa676294,136,
0xa67665c,12,
0xa67666c,8,
0xa6766ac,8,
0xa6766b4,152,
0xa676a4c,12,
0xa676b30,20,
0xa676b7c,8,
0xa676ba8,8,
0xa676bc4,8,
0xa676c14,8,
0xa676c2c,8,
0xa676c50,8,
0xa676c90,8,
0xa676d64,12,
0xa676da4,4,
0xa676dc8,8,
0xa676df4,8,
0xa676e60,8,
0xa676ea4,8,
0xa676ef4,8,
0xa676f80,8,
0xa676fa4,8,
0xa676fc4,8,
0xa676fe8,60,
0xa6771c0,8,
0xa6771dc,8,
0xa677204,4,
0xa67737c,12,
0xa6773cc,8,
0xa67742c,44,
0xa6774f8,8,
0xa677574,8,
0xa677590,8,
0xa6775d0,8,
0xa6775f8,16,
0xa677634,8,
0xa677660,8,
0xa6776c0,8,
0xa6776f4,8,
0xa677718,8,
0xa677764,4,
0xa677814,4,
0xa67785c,348,
0xa677eb4,8,
0xa677ed4,8,
0xa677ee8,8,
0xa677f10,32,
0xa678044,60,
0xa678208,8,
0xa67824c,32,
0xa6782a0,12,
0xa678318,4,
0xa67833c,8,
0xa678470,8,
0xa678488,12,
0xa6784ec,4,
0xa678540,56,
0xa678658,8,
0xa67869c,32,
0xa6786e4,8,
0xa67873c,8,
0xa6787b0,8,
0xa67882c,8,
0xa678858,12,
0xa6788b4,8,
0xa6788d8,8,
0xa678948,12,
0xa6789b4,8,
0xa6789f0,8,
0xa678a34,8,
0xa678a74,8,
0xa678ab0,12,
0xa678b0c,8,
0xa678b44,8,
0xa678b68,8,
0xa678b94,8,
0xa678bc0,44,
0xa678ca4,28,
0xa678d84,8,
0xa678dc0,12,
0xa679e68,76,
0xa679ff4,12,
0xa67a05c,48,
0xa67a1d0,92,
0xa67a4dc,76,
0xa67a73c,12,
0xa67a91c,12,
0xa67a928,4,
0xa67a930,184,
0xa67ae14,76,
0xa67afdc,52,
0xa67b0c8,92,
0xa67b50c,8,
0xa67b6bc,4,
0xa67b6c0,92,
0xa67b7b8,92,
0xa67b974,52,
0xa67bb70,76,
0xa67bdb4,188,
0xa67c29c,60,
0xa67c3d4,76,
0xa67c628,52,
0xa67c7f8,192,
0xa67cba8,12,
0xa67cc7c,52,
0xa67cf38,12,
0xa67cf4c,188,
0xa67d48c,188,
0xa67da60,16,
0xa67dabc,188,
0xa67def4,188,
0xa67e31c,12,
0xa67e3d0,76,
0xa67e4b8,4,
0xa67e630,76,
0xa67e800,48,
0xa67e9b0,76,
0xa67eb88,48,
0xa67ee40,12,
0xa67ee54,188,
0xa67f384,180,
0xa67f72c,80,
0xa67f934,52,
0xa67fac4,52,
0xa67fc54,52,
0xa67fde8,92,
0xa680010,80,
0xa680204,12,
0xa68025c,80,
0xa6804ec,80,
0xa6806f4,52,
0xa6808b8,92,
0xa680f20,248,
0xa6813e8,192,
0xa6819a8,248,
0xa682028,248,
0xa682698,256,
0xa682cc0,184,
0xa68315c,176,
0xa68351c,320,
0xa684260,548,
0xa684c6c,76,
0xa684de8,76,
0xa684fb0,76,
0xa6851c4,76,
0xa685340,192,
0xa685840,76,
0xa685a9c,76,
0xa685cd4,76,
0xa685ec0,76,
0xa6860a0,76,
0xa68630c,12,
0xa6863bc,76,
0xa68659c,16,
0xa6866ac,12,
0xa6868fc,644,
0xa6875f8,8,
0xa687620,8,
0xa687ae0,8,
0xa687b08,8,
0xa687b28,8,
0xa687ba4,8,
0xa687bcc,8,
0xa687bec,8,
0xa687c34,8,
0xa687c54,8,
0xa687c7c,8,
0xa687d10,8,
0xa687d48,8,
0xa688380,4,
0xa688398,4,
0xa6883a8,8,
0xa6883c0,8,
0xa6883d4,8,
0xa6883e4,8,
0xa6883fc,8,
0xa688420,8,
0xa68843c,8,
0xa688468,8,
0xa688480,8,
0xa6884b8,8,
0xa6884d0,8,
0xa6884dc,4,
0xa6884fc,8,
0xa688530,8,
0xa68854c,8,
0xa68856c,12,
0xa6885a0,12,
0xa6885f4,8,
0xa688614,8,
0xa6886ac,8,
0xa6886e0,8,
0xa688708,8,
0xa6887b4,8,
0xa6887cc,12,
0xa688b38,4,
0xa688b6c,8,
0xa688b74,4,
0xa688b98,8,
0xa688bb4,8,
0xa688bd8,8,
0xa688c20,8,
0xa688c28,8,
0xa688c5c,8,
0xa688cac,4,
0xa688efc,4,
0xa688f60,188,
0xa689124,8,
0xa68913c,8,
0xa68949c,120,
0xa6897fc,8,
0xa68980c,8,
0xa689840,8,
0xa689858,4,
0xa689908,8,
0xa689924,8,
0xa68993c,8,
0xa689950,8,
0xa689968,8,
0xa6899a0,8,
0xa6899b0,8,
0xa6899d0,8,
0xa689a24,8,
0xa689a40,8,
0xa689b1c,8,
0xa689b50,8,
0xa689b78,32,
0xa689c04,8,
0xa689c2c,4,
0xa689c64,8,
0xa689d24,8,
0xa689da0,8,
0xa689dc0,36,
0xa689ec0,8,
0xa689ed4,8,
0xa689f50,8,
0xa689f74,8,
0xa689f94,8,
0xa68a1b0,4,
0xa68a34c,8,
0xa68a35c,8,
0xa68a3b0,8,
0xa68a3c8,4,
0xa68a3e4,8,
0xa68a400,8,
0xa68a4b8,8,
0xa68a4d8,8,
0xa68a4f4,8,
0xa68a4fc,8,
0xa68a53c,8,
0xa68a5cc,8,
0xa68a614,4,
0xa68a620,8,
0xa68a64c,8,
0xa68a674,4,
0xa68a6bc,12,
0xa68a6f0,12,
0xa68a758,4,
0xa68a7bc,8,
0xa68a81c,8,
0xa68a864,8,
0xa68a87c,8,
0xa68a98c,192,
0xa68af14,8,
0xa68af34,4,
0xa68af58,8,
0xa68af7c,8,
0xa68afa0,8,
0xa68aff0,8,
0xa68b01c,8,
0xa68b070,184,
0xa68b764,8,
0xa68b7a8,32,
0xa68b88c,8,
0xa68b8ac,8,
0xa68b8f0,8,
0xa68b90c,80,
0xa68c284,8,
0xa68c33c,8,
0xa68c344,8,
0xa68c35c,4,
0xa68c368,8,
0xa68c378,8,
0xa68c380,8,
0xa68c394,8,
0xa68c3a4,364,
0xa68c8b4,8,
0xa68c900,8,
0xa68c920,8,
0xa68c944,8,
0xa68c970,36,
0xa68ca38,4,
0xa68cac4,8,
0xa68cb1c,8,
0xa68cb58,12,
0xa68cc44,72,
0xa68cedc,8,
0xa68cf24,8,
0xa68cf54,16,
0xa68cfe4,8,
0xa68d11c,8,
0xa68d158,8,
0xa68d1a0,8,
0xa68d1d0,8,
0xa68d21c,8,
0xa68d258,8,
0xa68d314,12,
0xa68d348,12,
0xa68d3ac,4,
0xa68ebdc,80,
0xa68ee74,76,
0xa68f020,92,
0xa68f470,4,
0xa68f474,80,
0xa68f614,12,
0xa68f6b0,188,
0xa68fc30,80,
0xa68ff38,52,
0xa69007c,52,
0xa69029c,12,
0xa6902a8,92,
0xa690664,8,
0xa6907d0,4,
0xa69087c,12,
0xa690888,92,
0xa690964,16,
0xa690a6c,12,
0xa690a78,92,
0xa690d58,80,
0xa690ffc,92,
0xa691370,76,
0xa691568,52,
0xa691764,76,
0xa691994,4,
0xa6919f4,76,
0xa691c24,4,
0xa691cd0,12,
0xa691d38,52,
0xa691ecc,12,
0xa691f8c,92,
0xa69225c,80,
0xa692550,92,
0xa6927e4,76,
0xa692a20,92,
0xa692d04,76,
0xa692ea0,92,
0xa693170,92,
0xa693324,8,
0xa693360,8,
0xa6933e8,8,
0xa69342c,8,
0xa6934a4,40,
0xa69354c,8,
0xa69364c,8,
0xa693680,8,
0xa6936d0,8,
0xa6936f8,8,
0xa69372c,4,
0xa693760,4,
0xa6937a0,8,
0xa6937cc,8,
0xa69380c,12,
0xa6938f0,4,
0xa6939a0,8,
0xa6939c8,8,
0xa693a10,8,
0xa693a44,8,
0xa693a78,8,
0xa693ab4,184,
0xa694408,8,
0xa69442c,8,
0xa69444c,8,
0xa694458,8,
0xa6944b0,8,
0xa6944e4,8,
0xa694524,8,
0xa69453c,8,
0xa6945c8,8,
0xa6945e8,8,
0xa6945f8,8,
0xa69460c,8,
0xa69463c,4,
0xa694694,8,
0xa6946c8,8,
0xa6946ec,8,
0xa69473c,4,
0xa6947dc,8,
0xa694800,8,
0xa694918,8,
0xa694944,8,
0xa69498c,8,
0xa694a34,8,
0xa694a4c,8,
0xa694a68,8,
0xa694a94,8,
0xa694b90,8,
0xa694bd4,32,
0xa694cec,8,
0xa694d34,4,
0xa694d68,4,
0xa694d7c,108,
0xa694ef0,4,
0xa694f28,8,
0xa694f98,8,
0xa694fd4,8,
0xa695018,4,
0xa69507c,4,
0xa6950c4,80,
0xa695364,8,
0xa6953b0,4,
0xa6954f8,12,
0xa695548,8,
0xa695890,308,
0xa695d08,8,
0xa695d78,8,
0xa695da4,8,
0xa695dc0,8,
0xa695ebc,8,
0xa695f28,8,
0xa695fe0,4,
0xa695ffc,8,
0xa696020,8,
0xa69608c,8,
0xa6960d4,8,
0xa69611c,8,
0xa6961ac,108,
0xa69644c,8,
0xa696484,8,
0xa6964a4,8,
0xa6964e0,4,
0xa696634,8,
0xa696660,8,
0xa6966b4,4,
0xa69678c,8,
0xa6967b8,8,
0xa6967d4,8,
0xa6967e4,300,
0xa696e20,60,
0xa696f24,8,
0xa696f4c,8,
0xa696f78,8,
0xa697030,8,
0xa69705c,8,
0xa697224,320,
0xa697850,8,
0xa69787c,8,
0xa6978bc,8,
0xa697d3c,492,
0xa6984d0,8,
0xa69850c,12,
0xa6986f4,4,
0xa69875c,8,
0xa6987a0,416,
0xa698e1c,8,
0xa698e90,8,
0xa698ecc,8,
0xa698f24,8,
0xa698fd0,8,
0xa698ffc,8,
0xa69902c,4,
0xa6990a4,8,
0xa6990d8,8,
0xa699100,32,
0xa699350,4,
0xa69935c,8,
0xa6993a0,8,
0xa69941c,8,
0xa699458,8,
0xa699498,8,
0xa6994e4,8,
0xa699534,8,
0xa69957c,8,
0xa6995b0,8,
0xa6995d0,8,
0xa69962c,20,
0xa699690,8,
0xa6996b4,8,
0xa699704,8,
0xa699740,8,
0xa699788,8,
0xa6997cc,8,
0xa6997f8,8,
0xa69982c,8,
0xa69988c,8,
0xa699900,4,
0xa699950,8,
0xa69996c,8,
0xa6999f0,8,
0xa699a3c,8,
0xa699a8c,8,
0xa699adc,8,
0xa699b08,8,
0xa699b8c,8,
0xa699bb8,8,
0xa69b120,4,
0xa69b268,188,
0xa69b7b0,12,
0xa69b808,192,
0xa69be58,4,
0xa69bf1c,188,
0xa69c4b0,8,
0xa69c4b8,192,
0xa69cbbc,8,
0xa69cbcc,188,
0xa69d1bc,76,
0xa69d328,8,
0xa69d444,48,
0xa69d588,52,
0xa69d74c,92,
0xa69dc1c,76,
0xa69dccc,76,
0xa69e12c,76,
0xa69e240,8,
0xa69e248,188,
0xa69e7e0,76,
0xa69ea84,188,
0xa69ef70,92,
0xa69f1f8,92,
0xa69f474,12,
0xa69f4dc,52,
0xa69f6e4,12,
0xa69f810,12,
0xa69f9ac,12,
0xa69f9b8,4,
0xa69fa0c,80,
0xa69fbf8,192,
0xa6a029c,4,
0xa6a02ec,332,
0xa6a0e60,76,
0xa6a0f44,12,
0xa6a0fa8,76,
0xa6a113c,12,
0xa6a11ec,12,
0xa6a1244,12,
0xa6a1468,12,
0xa6a1474,8,
0xa6a15d4,8,
0xa6a1604,436,
0xa6a212c,12,
0xa6a2138,188,
0xa6a248c,8,
0xa6a24fc,8,
0xa6a2524,8,
0xa6a2608,8,
0xa6a265c,32,
0xa6a26c0,8,
0xa6a26f4,8,
0xa6a2720,8,
0xa6a2770,8,
0xa6a27c4,32,
0xa6a2b08,12,
0xa6a2b20,8,
0xa6a2b50,8,
0xa6a2b58,60,
0xa6a2bf0,4,
0xa6a2bf4,8,
0xa6a2d0c,12,
0xa6a2d30,8,
0xa6a2d74,32,
0xa6a2e14,8,
0xa6a2e34,4,
0xa6a2e6c,8,
0xa6a2f48,8,
0xa6a2f94,8,
0xa6a2fc4,8,
0xa6a2ff0,12,
0xa6a306c,8,
0xa6a309c,4,
0xa6a31b4,8,
0xa6a3200,8,
0xa6a3240,8,
0xa6a32b4,8,
0xa6a32cc,8,
0xa6a32f8,8,
0xa6a342c,8,
0xa6a3468,8,
0xa6a34a0,4,
0xa6a34d0,8,
0xa6a3524,8,
0xa6a3558,8,
0xa6a366c,8,
0xa6a36a8,12,
0xa6a36fc,8,
0xa6a3724,12,
0xa6a37e4,8,
0xa6a3810,8,
0xa6a3838,4,
0xa6a38a4,12,
0xa6a38d8,12,
0xa6a3904,8,
0xa6a3b58,140,
0xa6a3dfc,4,
0xa6a3e18,8,
0xa6a3e30,4,
0xa6a3e44,148,
0xa6a510c,92,
0xa6a52e0,4,
0xa6a5334,80,
0xa6a5530,76,
0xa6a570c,12,
0xa6a5774,52,
0xa6a58d0,52,
0xa6a5a60,92,
0xa6a5cb4,52,
0xa6a5f58,76,
0xa6a6120,48,
0xa6a62d0,76,
0xa6a638c,188,
0xa6a68ac,12,
0xa6a68b8,76,
0xa6a6af4,80,
0xa6a6d90,76,
0xa6a6f30,76,
0xa6a70c0,12,
0xa6a7128,48,
0xa6a729c,76,
0xa6a74f0,52,
0xa6a7634,52,
0xa6a77d0,76,
0xa6a7964,76,
0xa6a7b3c,80,
0xa6a7f08,4,
0xa6a7fbc,188,
0xa6a848c,184,
0xa6a8934,12,
0xa6a899c,48,
0xa6a8a84,76,
0xa6a8dec,12,
0xa6a8df8,12,
0xa6a8e04,12,
0xa6a8e10,12,
0xa6a8e28,12,
0xa6a8e40,12,
0xa6a8e58,12,
0xa6a8ec8,180,
0xa6a9430,92,
0xa6a9704,12,
0xa6a9774,192,
0xa6a9c3c,168,
0xa6a9fd0,8,
0xa6a9fdc,8,
0xa6aa050,8,
0xa6aa070,8,
0xa6aa09c,8,
0xa6aa294,160,
0xa6aa4d8,8,
0xa6aa518,8,
0xa6aa540,24,
0xa6aa5cc,8,
0xa6aa6d8,8,
0xa6aa71c,8,
0xa6aa75c,272,
0xa6aae30,8,
0xa6aae6c,8,
0xa6aafa8,4,
0xa6ab000,8,
0xa6ab034,8,
0xa6ab044,8,
0xa6ab068,8,
0xa6ab090,4,
0xa6ab170,8,
0xa6ab190,12,
0xa6ab1ec,8,
0xa6ab204,8,
0xa6ab274,8,
0xa6ab288,8,
0xa6ab2ac,8,
0xa6ab2bc,8,
0xa6ab33c,8,
0xa6ab378,8,
0xa6ab3b8,8,
0xa6ab3e0,24,
0xa6ab488,8,
0xa6ab4b4,196,
0xa6ab7ec,32,
0xa6ab890,8,
0xa6ab8cc,8,
0xa6ab928,8,
0xa6ab938,8,
0xa6ab97c,8,
0xa6ab9b4,4,
0xa6abb64,16,
0xa6abbe8,8,
0xa6abc04,8,
0xa6abd70,12,
0xa6abda4,12,
0xa6abe00,8,
0xa6abe18,8,
0xa6abe38,4,
0xa6abe5c,8,
0xa6abe90,8,
0xa6abf5c,8,
0xa6abf90,8,
0xa6abfb0,8,
0xa6abfe0,8,
0xa6ac018,8,
0xa6ac074,8,
0xa6ac090,8,
0xa6ac1b4,8,
0xa6ac1fc,8,
0xa6ac21c,8,
0xa6ac2d4,8,
0xa6ac37c,60,
0xa6ac52c,12,
0xa6ac560,12,
0xa6ac5bc,8,
0xa6ac6c4,8,
0xa6ac6e8,8,
0xa6ac700,8,
0xa6ac724,8,
0xa6ac790,8,
0xa6ac7c4,8,
0xa6ac7ec,32,
0xa6ac96c,8,
0xa6ac984,8,
0xa6ac9b0,8,
0xa6ac9d4,8,
0xa6aca98,8,
0xa6acacc,8,
0xa6acb18,4,
0xa6acba4,8,
0xa6acbd8,8,
0xa6acca0,8,
0xa6acd0c,8,
0xa6acd2c,8,
0xa6acd70,4,
0xa6acda4,4,
0xa6ace70,8,
0xa6acfb8,12,
0xa6ad158,8,
0xa6ad178,4,
0xa6ad1a8,8,
0xa6ad1c8,8,
0xa6ad208,8,
0xa6ad244,8,
0xa6ad284,12,
0xa6ad41c,4,
0xa6ad47c,60,
0xa6ad678,12,
0xa6ad6cc,8,
0xa6ad6ec,8,
0xa6ad73c,8,
0xa6ad764,4,
0xa6ad7a4,8,
0xa6ad81c,8,
0xa6ad848,8,
0xa6ad888,8,
0xa6ad8a8,8,
0xa6ad924,8,
0xa6ad940,8,
0xa6ad97c,228,
0xa6aef0c,12,
0xa6aefc0,12,
0xa6af05c,12,
0xa6af074,76,
0xa6af318,4,
0xa6af3d0,180,
0xa6af944,12,
0xa6af99c,332,
0xa6b02c0,76,
0xa6b05f0,192,
0xa6b0c28,8,
0xa6b0c30,188,
0xa6b132c,72,
0xa6b170c,76,
0xa6b18b0,8,
0xa6b1974,72,
0xa6b1d54,76,
0xa6b1ea8,80,
0xa6b2338,184,
0xa6b2760,188,
0xa6b2d20,76,
0xa6b2e64,76,
0xa6b334c,168,
0xa6b373c,168,
0xa6b3b9c,76,
0xa6b3dfc,76,
0xa6b3f98,192,
0xa6b44a0,92,
0xa6b4960,48,
0xa6b4a78,12,
0xa6b4ad0,76,
0xa6b4cac,76,
0xa6b4ef4,212,
0xa6b57e8,244,
0xa6b5e80,260,
0xa6b6b60,168,
0xa6b6e00,76,
0xa6b6f48,12,
0xa6b6fa0,12,
0xa6b7044,12,
0xa6b709c,12,
0xa6b70f4,12,
0xa6b714c,12,
0xa6b723c,76,
0xa6b741c,76,
0xa6b76a0,76,
0xa6b78fc,16,
0xa6b793c,16,
0xa6b7a4c,12,
0xa6b7cc0,8,
0xa6b7cf4,8,
0xa6b7d04,20,
0xa6b7d5c,8,
0xa6b7d80,8,
0xa6b7eac,8,
0xa6b7ec4,8,
0xa6b7f28,8,
0xa6b7f48,8,
0xa6b7f68,8,
0xa6b7fa4,8,
0xa6b7fcc,4,
0xa6b8118,8,
0xa6b8138,8,
0xa6b8164,8,
0xa6b81a8,4,
0xa6b8234,8,
0xa6b8250,8,
0xa6b82a8,8,
0xa6b82f4,8,
0xa6b833c,8,
0xa6b835c,4,
0xa6b8388,4,
0xa6b83c0,8,
0xa6b8418,8,
0xa6b843c,8,
0xa6b8484,8,
0xa6b861c,188,
0xa6b8c70,8,
0xa6b8dc0,8,
0xa6b8de0,8,
0xa6b8e00,4,
0xa6b8e1c,8,
0xa6b8e2c,8,
0xa6b8e48,80,
0xa6b8f08,32,
0xa6b9044,8,
0xa6b9060,8,
0xa6b90b0,8,
0xa6b9114,8,
0xa6b9138,8,
0xa6b9158,8,
0xa6b9188,8,
0xa6b9264,8,
0xa6b929c,8,
0xa6b92ac,8,
0xa6b92f0,8,
0xa6b93f0,12,
0xa6b9430,8,
0xa6b9450,8,
0xa6b954c,4,
0xa6b95a4,8,
0xa6b95e0,8,
0xa6b963c,8,
0xa6b9664,12,
0xa6b96cc,192,
0xa6ba9e0,76,
0xa6bab70,12,
0xa6babd8,52,
0xa6bad54,192,
0xa6bb234,12,
0xa6bb2e8,76,
0xa6bb490,92,
0xa6bb774,352,
0xa6bc138,192,
0xa6bc674,188,
0xa6bcac8,52,
0xa6bcc8c,76,
0xa6bcf1c,92,
0xa6bd1e8,92,
0xa6bd480,12,
0xa6bd48c,92,
0xa6bd720,92,
0xa6bd9b0,184,
0xa6bdfb4,52,
0xa6be1ec,76,
0xa6be394,184,
0xa6be8ec,56,
0xa6bea38,52,
0xa6bebb4,192,
0xa6bf3c8,188,
0xa6bfa8c,8,
0xa6bfaa4,8,
0xa6bfadc,8,
0xa6bfaf0,8,
0xa6bfb20,4,
0xa6bfb74,12,
0xa6bfbd4,8,
0xa6bfc14,8,
0xa6bfc7c,8,
0xa6bfc9c,4,
0xa6bfcd4,8,
0xa6bfdb8,8,
0xa6bfde4,8,
0xa6bfdfc,8,
0xa6bfe34,4,
0xa6bfeac,8,
0xa6bfed8,8,
0xa6bff0c,8,
0xa6c0000,8,
0xa6c0034,8,
0xa6c00ec,8,
0xa6c0184,8,
0xa6c01a8,8,
0xa6c02e0,8,
0xa6c0304,8,
0xa6c032c,32,
0xa6c0458,4,
0xa6c0474,8,
0xa6c04b0,8,
0xa6c0510,8,
0xa6c0544,8,
0xa6c056c,32,
0xa6c05d8,44,
0xa6c0734,12,
0xa6c0774,8,
0xa6c079c,32,
0xa6c08a4,8,
0xa6c08c4,4,
0xa6c08fc,8,
0xa6c0b00,8,
0xa6c0b34,8,
0xa6c0b54,8,
0xa6c0b8c,4,
0xa6c0d30,8,
0xa6c0d58,60,
0xa6c0de8,8,
0xa6c0ee8,8,
0xa6c0f1c,8,
0xa6c0f30,8,
0xa6c0f50,8,
0xa6c0f90,8,
0xa6c0fb0,20,
0xa6c1010,8,
0xa6c102c,8,
0xa6c1054,4,
0xa6c1130,12,
0xa6c1178,8,
0xa6c1198,32,
0xa6c1278,8,
0xa6c12bc,8,
0xa6c12f0,80,
0xa6c1e74,296,
0xa6c2050,4,
0xa6c207c,8,
0xa6c2098,296,
0xa6c24fc,8,
0xa6c2530,8,
0xa6c2554,8,
0xa6c26cc,8,
0xa6c26ec,8,
0xa6c2728,4,
0xa6c27c0,4,
0xa6c27e4,8,
0xa6c2918,8,
0xa6c2954,8,
0xa6c299c,8,
0xa6c2a58,8,
0xa6c2a78,4,
0xa6c2aac,4,
0xa6c2b34,8,
0xa6c2b58,8,
0xa6c2b80,32,
0xa6c2c58,8,
0xa6c2c6c,8,
0xa6c2c9c,4,
0xa6c2d14,8,
0xa6c2d2c,8,
0xa6c2db8,12,
0xa6c2e88,4,
0xa6c2f78,12,
0xa6c2fd8,8,
0xa6c3018,8,
0xa6c3058,152,
0xa6c3334,8,
0xa6c3380,8,
0xa6c33ac,8,
0xa6c33d4,4,
0xa6c34d4,12,
0xa6c352c,8,
0xa6c3574,8,
0xa6c3630,8,
0xa6c3664,8,
0xa6c3684,8,
0xa6c3714,8,
0xa6c372c,12,
0xa6c3a04,12,
0xa6c3a40,8,
0xa6c3a6c,8,
0xa6c3aa0,8,
0xa6c3b0c,8,
0xa6c3b84,184,
0xa6c40f8,8,
0xa6c4114,8,
0xa6c4218,12,
0xa6c434c,192,
0xa6c59e8,92,
0xa6c5e0c,4,
0xa6c5f18,76,
0xa6c606c,12,
0xa6c61fc,68,
0xa6c6594,12,
0xa6c66a8,4,
0xa6c66ac,80,
0xa6c68ac,76,
0xa6c6a48,92,
0xa6c6dbc,76,
0xa6c6fec,192,
0xa6c7694,12,
0xa6c76a0,76,
0xa6c7890,76,
0xa6c7b74,76,
0xa6c7dfc,76,
0xa6c8084,76,
0xa6c82c4,12,
0xa6c83f0,16,
0xa6c84a8,192,
0xa6c8cdc,8,
0xa6c8d98,12,
0xa6c8e60,180,
0xa6c9458,12,
0xa6c94c0,52,
0xa6c9638,76,
0xa6c9898,52,
0xa6c9ac0,92,
0xa6c9dd8,188,
0xa6ca890,708,
0xa6cb7a4,36,
0xa6cb95c,12,
0xa6cb96c,8,
0xa6cb97c,28,
0xa6cba00,8,
0xa6cba60,12,
0xa6cbab0,8,
0xa6cbd58,8,
0xa6cbd84,28,
0xa6cbdcc,8,
0xa6cbdf0,8,
0xa6cbe14,8,
0xa6cbe74,8,
0xa6cbef0,8,
0xa6cbf30,8,
0xa6cbf54,8,
0xa6cbf88,8,
0xa6cc00c,8,
0xa6cc038,8,
0xa6cc090,24,
0xa6cc134,8,
0xa6cc1a4,12,
0xa6cc220,16,
0xa6cc2a8,4,
0xa6cc314,8,
0xa6cc388,4,
0xa6cc4bc,8,
0xa6cc4e0,8,
0xa6cc51c,8,
0xa6cc5f4,8,
0xa6cc660,8,
0xa6cc678,8,
0xa6cc6b0,8,
0xa6cc73c,8,
0xa6cc778,12,
0xa6cc9b4,8,
0xa6cca54,8,
0xa6cca80,8,
0xa6ccba8,8,
0xa6ccbd4,8,
0xa6ccbec,8,
0xa6ccc34,8,
0xa6cccb0,8,
0xa6cccd8,176,
0xa6cd108,8,
0xa6cd1e0,148,
0xa6cd8d0,8,
0xa6cd8f0,8,
0xa6cd904,8,
0xa6cd930,8,
0xa6cd9f8,12,
0xa6cda40,8,
0xa6cda60,32,
0xa6cdad4,8,
0xa6cdb18,8,
0xa6cdc0c,8,
0xa6cdc48,12,
0xa6cdcb4,8,
0xa6cdd4c,8,
0xa6cdd70,8,
0xa6cdd98,8,
0xa6cde30,8,
0xa6cde6c,8,
0xa6ce068,496,
0xa6cec08,8,
0xa6cec58,44,
0xa6ced24,4,
0xa6ced58,4,
0xa6ced7c,8,
0xa6cedc4,8,
0xa6cee24,8,
0xa6cee90,8,
0xa6ceeb8,8,
0xa6ceee4,8,
0xa6cef20,4,
0xa6cef58,8,
0xa6cefe4,8,
0xa6cf018,8,
0xa6cf054,8,
0xa6cf0ac,8,
0xa6cf0e8,8,
0xa6cf230,8,
0xa6cf300,12,
0xa6cf360,8,
0xa6cf5e4,556,
0xa6d1e68,156,
0xa6d246c,372,
0xa6d3014,324,
0xa6d39a4,156,
0xa6d3ce4,156,
0xa6d42fc,156,
0xa6d494c,156,
0xa6d5000,156,
0xa6d563c,76,
0xa6d585c,76,
0xa6d5a7c,76,
0xa6d5d74,76,
0xa6d60d0,76,
0xa6d6420,12,
0xa6d6478,12,
0xa6d658c,76,
0xa6d68e8,76,
0xa6d6c2c,76,
0xa6d6e00,76,
0xa6d71b8,76,
0xa6d7380,76,
0xa6d75f8,80,
0xa6d7a50,344,
0xa6d88e8,76,
0xa6d8ba8,8,
0xa6d8d58,12,
0xa6d8e30,188,
0xa6d97a4,436,
0xa6da448,76,
0xa6da6c0,76,
0xa6da9cc,48,
0xa6daba0,12,
0xa6dabac,92,
0xa6dae3c,52,
0xa6db050,16,
0xa6db178,12,
0xa6db258,92,
0xa6db450,92,
0xa6db76c,4,
0xa6db824,180,
0xa6dbf34,12,
0xa6dc000,188,
0xa6dc5ec,92,
0xa6dc894,184,
0xa6dd0a4,76,
0xa6dd254,192,
0xa6dd8e0,48,
0xa6ddba4,12,
0xa6ddcb4,4,
0xa6ddcbc,180,
0xa6de158,80,
0xa6de518,16,
0xa6de628,76,
0xa6de954,52,
0xa6deb68,184,
0xa6df2b8,8,
0xa6df3b8,4,
0xa6df574,180,
0xa6df97c,52,
0xa6dfb50,76,
0xa6dfe8c,4,
0xa6dfee0,8,
0xa6dfefc,8,
0xa6dff38,8,
0xa6dff64,8,
0xa6dffa0,8,
0xa6dffe4,4,
0xa6e00a4,8,
0xa6e0180,8,
0xa6e01ec,8,
0xa6e02ec,24,
0xa6e035c,8,
0xa6e03e8,12,
0xa6e0454,8,
0xa6e0488,8,
0xa6e04bc,8,
0xa6e05c8,12,
0xa6e0634,8,
0xa6e0688,8,
0xa6e06dc,8,
0xa6e0794,12,
0xa6e081c,8,
0xa6e0854,8,
0xa6e0878,8,
0xa6e0894,8,
0xa6e0908,8,
0xa6e0944,8,
0xa6e0994,4,
0xa6e0a8c,4,
0xa6e0abc,8,
0xa6e0af8,8,
0xa6e0c14,12,
0xa6e0c78,4,
0xa6e0d5c,4,
0xa6e0d8c,8,
0xa6e0db0,8,
0xa6e0ddc,8,
0xa6e0e18,8,
0xa6e0e2c,8,
0xa6e0e44,8,
0xa6e0f58,8,
0xa6e0f78,4,
0xa6e0fa4,4,
0xa6e0fec,8,
0xa6e1028,8,
0xa6e105c,8,
0xa6e1090,8,
0xa6e122c,192,
0xa6e1828,8,
0xa6e184c,8,
0xa6e1878,8,
0xa6e189c,8,
0xa6e18e4,8,
0xa6e1904,8,
0xa6e1928,8,
0xa6e1a4c,8,
0xa6e1ab8,8,
0xa6e1ae4,8,
0xa6e1be8,8,
0xa6e1c4c,8,
0xa6e1de4,12,
0xa6e1f80,8,
0xa6e1fac,28,
0xa6e1fec,8,
0xa6e2010,8,
0xa6e203c,8,
0xa6e209c,8,
0xa6e20d8,8,
0xa6e2114,4,
0xa6e2198,8,
0xa6e2204,8,
0xa6e2240,12,
0xa6e22ec,8,
0xa6e2318,8,
0xa6e2354,4,
0xa6e23b8,8,
0xa6e23f4,8,
0xa6e2444,8,
0xa6e24c0,8,
0xa6e2500,8,
0xa6e25d4,8,
0xa6e2600,8,
0xa6e2648,8,
0xa6e2714,24,
0xa6e2794,4,
0xa6e27ec,8,
0xa6e2814,12,
0xa6e3b80,192,
0xa6e417c,12,
0xa6e4244,52,
0xa6e4634,76,
0xa6e4828,184,
0xa6e5314,184,
0xa6e57c4,188,
0xa6e5fa8,28,
0xa6e641c,180,
0xa6e67d0,180,
0xa6e7010,12,
0xa6e71dc,12,
0xa6e71e8,76,
0xa6e732c,92,
0xa6e76c4,48,
0xa6e7810,52,
0xa6e79e4,76,
0xa6e7e48,76,
0xa6e8210,12,
0xa6e8224,184,
0xa6e8908,252,
0xa6e9230,76,
0xa6e9414,80,
0xa6e9640,92,
0xa6eaa14,592,
0xa6eba84,12,
0xa6eba90,180,
0xa6ebee0,8,
0xa6ebeec,8,
0xa6ebf18,8,
0xa6ebf38,8,
0xa6ebfa4,8,
0xa6ec038,8,
0xa6ec08c,8,
0xa6ec0b8,8,
0xa6ec0e4,8,
0xa6ec19c,8,
0xa6ec1d0,8,
0xa6ec228,120,
0xa6ec4a8,32,
0xa6ec510,4,
0xa6ec540,8,
0xa6ec574,8,
0xa6ec5e4,8,
0xa6ec600,8,
0xa6ec654,4,
0xa6ec6e0,4,
0xa6ec7d4,12,
0xa6ec82c,8,
0xa6ec93c,8,
0xa6ec998,4,
0xa6ec9cc,4,
0xa6ecad4,8,
0xa6ecb48,8,
0xa6ecb70,116,
0xa6ecec8,8,
0xa6ecf5c,116,
0xa6ed278,4,
0xa6ed28c,8,
0xa6ed2d8,4,
0xa6ed3e8,8,
0xa6ed424,8,
0xa6ed52c,184,
0xa6eda1c,4,
0xa6eda5c,8,
0xa6edbb8,8,
0xa6edbe4,8,
0xa6edc48,12,
0xa6edc8c,8,
0xa6edcc8,8,
0xa6edd20,8,
0xa6edd54,8,
0xa6eec64,4,
0xa6eef54,128,
0xa6ef2e8,76,
0xa6ef51c,68,
0xa6ef750,12,
0xa6ef7ec,4,
0xa6ef830,272,
0xa6f0260,76,
0xa6f0390,76,
0xa6f05f0,12,
0xa6f0654,76,
0xa6f0a98,184,
0xa6f0fb8,12,
0xa6f106c,12,
0xa6f10d4,52,
0xa6f12a4,56,
0xa6f17c8,28,
0xa6f1b60,64,
0xa6f1c34,28,
0xa6f1d3c,248,
0xa6f3d50,832,
0xa6f4fd8,148,
0xa6f5350,12,
0xa6f535c,76,
0xa6f54a4,12,
0xa6f54bc,76,
0xa6f570c,12,
0xa6f577c,76,
0xa6f59b4,76,
0xa6f5cdc,12,
0xa6f5e18,76,
0xa6f615c,76,
0xa6f6894,16,
0xa6f68f8,224,
0xa6f6c20,8,
0xa6f6c5c,8,
0xa6f6c7c,32,
0xa6f6cec,4,
0xa6f6d1c,8,
0xa6f6d3c,8,
0xa6f6dc4,8,
0xa6f6df8,8,
0xa6f6f00,184,
0xa6f7300,8,
0xa6f7320,8,
0xa6f73b8,8,
0xa6f73e0,8,
0xa6f73f4,8,
0xa6f74b8,8,
0xa6f7508,8,
0xa6f7628,2264,
0xa704180,8,
0xa7041cc,8,
0xa70422c,8,
0xa7042bc,8,
0xa7043d8,8,
0xa704420,8,
0xa704460,8,
0xa7044a0,8,
0xa70451c,8,
0xa704578,32,
0xa704778,4,
0xa70478c,8,
0xa70481c,8,
0xa704864,8,
0xa70488c,32,
0xa70499c,8,
0xa704a2c,8,
0xa704ab0,8,
0xa704b2c,8,
0xa704b54,8,
0xa704b78,8,
0xa704bb4,8,
0xa704c28,8,
0xa704d80,12,
0xa704dec,8,
0xa704e68,8,
0xa704e94,8,
0xa70505c,12,
0xa7050b4,8,
0xa705118,4,
0xa70523c,8,
0xa705290,32,
0xa70541c,8,
0xa705460,4,
0xa705498,8,
0xa705514,8,
0xa705588,4,
0xa7055d4,8,
0xa705610,8,
0xa705690,8,
0xa7056d4,8,
0xa70571c,8,
0xa705748,8,
0xa705774,8,
0xa7057e4,12,
0xa70586c,8,
0xa706934,76,
0xa706cb4,76,
0xa706fc8,92,
0xa7073e0,76,
0xa7077f4,28,
0xa7078f8,168,
0xa708458,192,
0xa708c98,12,
0xa708cfc,76,
0xa7091a4,92,
0xa7094d0,76,
0xa7098b0,16,
0xa7098f0,76,
0xa709c44,4,
0xa709d08,192,
0xa70a61c,8,
0xa70a6b0,8,
0xa70a6dc,8,
0xa70a708,208,
0xa70aa68,8,
0xa70ab44,8,
0xa70ab94,8,
0xa70abd8,8,
0xa70ac20,8,
0xa70ac90,12,
0xa70ad28,8,
0xa70ad5c,8,
0xa70ad90,8,
0xa70adf8,8,
0xa70ae64,4,
0xa70aecc,8,
0xa70af08,44,
0xa70b028,8,
0xa70b064,4,
0xa70b0f4,8,
0xa70b144,4,
0xa70b30c,16,
0xa70b368,8,
0xa70b424,8,
0xa70b44c,32,
0xa70b62c,8,
0xa70b670,4,
0xa70b6a8,8,
0xa70b780,8,
0xa70b7ec,8,
0xa70b988,2444,_INIT_981:静态初始化
0xa71b3fc,52,
0xa71b62c,76,
0xa71b7f4,76,
0xa71ba4c,12,
0xa71bb20,60,
0xa71c058,76,
0xa71c0f0,76,
0xa71c484,56,
0xa71c858,4,
0xa71c85c,4,
0xa71c860,192,
0xa71cdd8,12,
0xa71cde4,92,
0xa71d040,28,
0xa71d270,12,
0xa71d3e0,12,
0xa71d4c0,192,
0xa71dab8,76,
0xa71de50,76,
0xa71e078,4,
0xa71e07c,4,
0xa71e080,180,
0xa71e81c,4,
0xa71e8dc,188,
0xa71eeb4,52,
0xa71f198,4,
0xa71f29c,180,
0xa71fb28,8,
0xa71fbf4,48,
0xa71fe28,168,
0xa72057c,192,
0xa720c7c,12,
0xa720e18,16,
0xa720fd8,88,
0xa7211ec,152,
0xa721730,8,
0xa72178c,8,
0xa72193c,8,
0xa7219a0,8,
0xa7219dc,8,
0xa721a58,8,
0xa721a94,8,
0xa721acc,4,
0xa721c14,8,
0xa721c58,8,
0xa721c8c,8,
0xa721d78,8,
0xa721dac,8,
0xa721dd8,8,
0xa721e18,4,
0xa722140,12,
0xa72222c,12,
0xa722280,8,
0xa722298,8,
0xa7222ac,8,
0xa7222d8,8,
0xa7223a0,8,
0xa7223dc,8,
0xa72241c,8,
0xa722474,64,
0xa722660,8,
0xa7226a4,8,
0xa722bec,12,
0xa722d84,12,
0xa722f08,12,
0xa722fd0,12,
0xa722fdc,4,
0xa722ff0,8,
0xa723000,8,
0xa723034,8,
0xa72303c,8,
0xa723054,8,
0xa723078,8,
0xa72309c,8,
0xa723188,8,
0xa7231b4,8,
0xa7231fc,8,
0xa723224,44,
0xa7233c0,8,
0xa7234cc,4,
0xa723568,8,
0xa7235a4,268,
0xa724cb4,184,
0xa725308,56,
0xa725644,8,
0xa725708,56,
0xa72590c,188,
0xa726118,8,
0xa72621c,4,
0xa7262e0,188,
0xa72699c,80,
0xa726bf0,92,
0xa727104,56,
0xa727458,188,
0xa727ca4,4,
0xa727d64,188,
0xa728588,16,
0xa7286ac,8,
0xa7287b8,4,
0xa72887c,192,
0xa7290e0,192,
0xa72975c,8,
0xa72981c,48,
0xa729bb8,180,
0xa72a198,80,
0xa72a4f0,4,
0xa72a668,76,
0xa72ab14,8,
0xa72ac1c,4,
0xa72ac20,4,
0xa72ac24,188,
0xa72b388,16,
0xa72b3b8,16,
0xa72b49c,52,
0xa72b8a8,76,
0xa72ba94,12,
0xa72bb30,76,
0xa72bd7c,184,
0xa72c628,188,
0xa72cad0,8,
0xa72cb20,8,
0xa72ce48,12,
0xa72d0a0,12,
0xa72d230,12,
0xa72d2fc,12,
0xa72d308,192,
0xa72d6d8,8,
0xa72d774,8,
0xa72d7b8,4,
0xa72d818,8,
0xa72d894,8,
0xa72dafc,44,
0xa72dc20,8,
0xa72dc44,8,
0xa72dc6c,44,
0xa72df50,72,
0xa72e0d8,4,
0xa72e148,8,
0xa72e284,8,
0xa72e3cc,8,
0xa72e418,4,
0xa72e48c,12,
0xa72e4dc,8,
0xa72e890,120,
0xa7303d4,252,
0xa7309c4,76,
0xa730c24,192,
0xa731444,80,
0xa731790,52,
0xa731a24,52,
0xa731df0,52,
0xa731fd4,76,
0xa73234c,92,
0xa7326e8,16,
0xa732754,16,
0xa7327f0,76,
0xa732fec,8,
0xa7330f8,12,
0xa7331dc,8,
0xa7331e4,12,
0xa733268,4,
0xa73327c,8,
0xa7333b8,8,
0xa7333dc,8,
0xa733404,32,
0xa733458,12,
0xa7334a4,8,
0xa7334cc,4,
0xa7334e0,44,
0xa7335b4,8,
0xa733620,8,
0xa73364c,8,
0xa7336e4,8,
0xa733720,32,
0xa733788,4,
0xa7337b8,8,
0xa73384c,8,
0xa733864,12,
0xa73393c,8,
0xa733970,8,
0xa733a88,8,
0xa733ad4,32,
0xa733b88,8,
0xa733bc4,8,
0xa733c90,8,
0xa733cc4,8,
0xa733cf0,8,
0xa733d48,24,
0xa733df0,8,
0xa733e24,8,
0xa733f48,8,
0xa733f9c,32,
0xa73406c,8,
0xa734098,8,
0xa7340cc,8,
0xa734184,8,
0xa7341b0,8,
0xa7341ec,8,
0xa734228,4,
0xa7343e0,8,
0xa73440c,8,
0xa734488,8,
0xa7344cc,8,
0xa734a9c,4,
0xa734ac4,8,
0xa734ae0,8,
0xa734b40,36,
0xa734c1c,16,
0xa734ca8,8,
0xa734d04,8,
0xa734d78,8,
0xa734db0,16,
0xa734e3c,44,
0xa734f18,8,
0xa734fc4,8,
0xa734fe8,8,
0xa735158,12,
0xa7351b8,8,
0xa7352b8,2500,_INIT_985:静态初始化
0xa7423a0,156,
0xa74268c,40,
0xa7427c4,12,
0xa74288c,8,
0xa7428b8,8,
0xa742948,8,
0xa742a58,8,
0xa742a8c,8,
0xa742b98,8,
0xa742c04,4,
0xa742c40,8,
0xa742c6c,8,
0xa742cf0,8,
0xa742d4c,32,
0xa742dc0,8,
0xa742e0c,8,
0xa742e88,8,
0xa742ef8,4,
0xa742f9c,8,
0xa7430a4,8,
0xa7430fc,8,
0xa743160,8,
0xa74318c,8,
0xa74329c,8,
0xa7432f8,4,
0xa7433b4,8,
0xa7434b4,8,
0xa743500,8,
0xa743570,8,
0xa74359c,8,
0xa7435d8,4,
0xa743644,8,
0xa7436c8,8,
0xa74371c,8,
0xa743740,8,
0xa7437dc,8,
0xa743830,8,
0xa743884,8,
0xa7438cc,8,
0xa743960,8,
0xa7439b8,8,
0xa743a84,12,
0xa743b0c,8,
0xa744620,8,
0xa744640,4,
0xa74466c,4,
0xa744750,8,
0xa744784,8,
0xa7447b0,8,
0xa744808,4,
0xa744888,16,
0xa7448c0,4,
0xa7448ec,8,
0xa7449e0,8,
0xa744a64,4,
0xa744a8c,16,
0xa744ad4,8,
0xa744b04,4,
0xa744b70,8,
0xa744bdc,8,
0xa744c6c,8,
0xa744ca4,8,
0xa744cd8,8,
0xa744d58,8,
0xa744d94,12,
0xa744e24,20,
0xa744ea4,8,
0xa744f08,8,
0xa744f3c,8,
0xa744f9c,24,
0xa745090,8,
0xa7451b4,4,
0xa7451ec,8,
0xa74525c,12,
0xa7452bc,8,
0xa745320,20,
0xa7453dc,8,
0xa745434,8,
0xa74564c,8,
0xa745738,8,
0xa74576c,8,
0xa7458c8,8,
0xa745918,8,
0xa74599c,8,
0xa745a10,4,
0xa745a88,8,
0xa745bac,8,
0xa745be0,8,
0xa745c30,8,
0xa745c48,8,
0xa745c7c,8,
0xa745cd4,8,
0xa745d3c,12,
0xa745dd8,4,
0xa745e30,8,
0xa745e88,8,
0xa745ef8,4,
0xa745f7c,8,
0xa745fec,12,
0xa746088,4,
0xa7460c4,8,
0xa7460ec,4,
0xa74619c,12,
0xa746254,8,
0xa746290,8,
0xa7462a8,4,
0xa7462fc,8,
0xa746348,32,
0xa7463d8,8,
0xa746414,8,
0xa74646c,8,
0xa7464f8,36,
0xa746604,8,
0xa7466bc,28,
0xa74674c,8,
0xa7467b4,12,
0xa7468a4,8,
0xa74695c,8,
0xa7469e4,8,
0xa746a24,8,
0xa746aa0,8,
0xa746ae4,8,
0xa746c1c,8,
0xa746c50,8,
0xa746dac,8,
0xa746dfc,8,
0xa746e34,4,
0xa746e64,8,
0xa746e98,8,
0xa746f14,8,
0xa746f50,32,
0xa746fcc,8,
0xa747010,4,
0xa747084,12,
0xa747174,8,
0xa7471d4,168,
0xa7475d8,8,
0xa747670,8,
0xa7476ec,8,
0xa74775c,4,
0xa747780,8,
0xa7477b4,8,
0xa747808,8,
0xa747878,32,
0xa747918,8,
0xa7479c8,8,
0xa747a3c,20,
0xa747b2c,8,
0xa747b9c,4,
0xa747cd8,8,
0xa747d20,8,
0xa747d78,4,
0xa747ddc,8,
0xa747f0c,8,
0xa747f64,8,
0xa74a64c,76,
0xa74aaac,76,
0xa74ad88,168,
0xa74b570,168,
0xa74bb18,76,
0xa74bdc4,76,
0xa74c154,12,
0xa74c524,184,
0xa74cc9c,192,
0xa74d3f8,4,
0xa74d4b4,180,
0xa74d9e0,16,
0xa74da30,16,
0xa74dd94,52,
0xa74dfc8,180,
0xa74e9ac,76,
0xa74eae8,180,
0xa74f114,52,
0xa74f2e0,16,
0xa74f4a8,12,
0xa74f570,52,
0xa74f9c4,76,
0xa74fb10,176,
0xa7503f8,8,
0xa7506a0,36,
0xa750728,168,
0xa750c24,8,
0xa750c44,8,
0xa750c4c,4,
0xa750ca8,8,
0xa750eb4,12,
0xa750fa0,16,
0xa750fd4,8,
0xa751020,8,
0xa7510a4,8,
0xa7510bc,12,
0xa751378,180,
0xa751aa0,8,
0xa751ac0,8,
0xa751bec,8,
0xa751d24,192,
0xa7521a8,8,
0xa7521d8,4,
0xa7522fc,12,
0xa7524e4,12,
0xa7533fc,8,
0xa7534c8,48,
0xa7534fc,176,
0xa753b34,76,
0xa753dac,192,
0xa7548ac,188,
0xa755004,28,
0xa7550f8,64,
0xa7551d0,60,
0xa755614,124,
0xa755af0,140,
0xa755f40,76,
0xa756250,12,
0xa75625c,76,
0xa756678,16,
0xa756774,8,
0xa7568e0,12,
0xa756acc,16,
0xa756ae8,12,
0xa756b64,192,
0xa757a18,392,
0xa759518,168,
0xa7597b8,168,
0xa759ec8,212,
0xa75b17c,228,
0xa75b688,224,
0xa75b9c0,608,
0xa75d120,632,
0xa75dd2c,820,
0xa75f12c,844,
0xa761668,556,
0xa762d0c,328,
0xa763ac4,76,
0xa763ba8,76,
0xa763cfc,12,
0xa763dac,76,
0xa763f94,76,
0xa7641a4,76,
0xa7644a4,76,
0xa7647a8,76,
0xa764a84,76,
0xa764e14,76,
0xa76510c,76,
0xa765368,12,
0xa7653d8,12,
0xa765494,76,
0xa7657b0,12,
0xa765854,76,
0xa765b48,76,
0xa765dc0,76,
0xa766034,76,
0xa76637c,76,
0xa7668f0,192,
0xa76731c,76,
0xa7675bc,12,
0xa76775c,76,
0xa767b08,76,
0xa767d2c,8,
0xa767eb4,164,
0xa76847c,76,
0xa768774,192,
0xa768fb0,60,
0xa7691c4,168,
0xa769870,168,
0xa769fa4,28,
0xa76a07c,20,
0xa76a154,56,
0xa76a438,52,
0xa76a578,52,
0xa76a818,184,
0xa76ae98,184,
0xa76b80c,76,
0xa76bb5c,76,
0xa76be60,76,
0xa76c21c,44,
0xa76c2a4,4,
0xa76c3ac,8,
0xa76c3e0,8,
0xa76c4e8,16,
0xa76c550,8,
0xa76c5e8,8,
0xa76c610,32,
0xa76c7a4,8,
0xa76c7c0,8,
0xa76c934,8,
0xa76c9a8,4,
0xa76ccd4,1556,
0xa775608,76,
0xa77581c,76,
0xa775b50,188,
0xa775e94,8,
0xa775ef4,8,
0xa775f30,8,
0xa776034,188,
0xa77680c,8,
0xa776840,8,
0xa776878,4,
0xa776908,4,
0xa776934,4,
0xa77697c,48,
0xa776cc4,12,
0xa776d50,8,
0xa776e28,12,
0xa776e88,8,
0xa776f90,8,
0xa776fa8,8,
0xa776fcc,8,
0xa776fe0,8,
0xa77705c,8,
0xa777090,8,
0xa7770bc,8,
0xa777220,64,
0xa77751c,8,
0xa77824c,192,
0xa778904,8,
0xa7789fc,4,
0xa778a98,80,
0xa778f04,60,
0xa779130,12,
0xa77913c,92,
0xa779624,12,
0xa77970c,4,
0xa779710,188,
0xa779f9c,12,
0xa77a06c,52,
0xa77a364,76,
0xa77a658,76,
0xa77a844,76,
0xa77ad10,416,
0xa77ba54,12,
0xa77baac,12,
0xa77bdb0,88,
0xa77c18c,92,
0xa77c560,8,
0xa77c65c,80,
0xa77c94c,12,
0xa77c9b4,52,
0xa77cc94,4,
0xa77ccac,192,
0xa77dcc8,76,
0xa77defc,12,
0xa77df08,76,
0xa77e038,16,
0xa77e098,12,
0xa77e170,184,
0xa77ea38,8,
0xa77eb90,76,
0xa77ed6c,12,
0xa77ee64,76,
0xa77f464,188,
0xa7801ec,188,
0xa7807b4,12,
0xa7809a4,8,
0xa780bf4,76,
0xa780f44,8,
0xa781038,12,
0xa781044,4,
0xa7810d8,8,
0xa7810f0,8,
0xa78110c,8,
0xa781140,8,
0xa781198,8,
0xa7812b4,12,
0xa781410,8,
0xa781438,4,
0xa78146c,4,
0xa7815e0,8,
0xa781614,8,
0xa781664,16,
0xa7816b8,4,
0xa781730,8,
0xa78176c,12,
0xa7818f8,8,
0xa78191c,8,
0xa781950,8,
0xa7819e0,8,
0xa781a28,8,
0xa781b04,4,
0xa781bb0,8,
0xa781c24,8,
0xa781db4,44,
0xa781ec8,8,
0xa781fdc,8,
0xa782010,8,
0xa782038,32,
0xa782174,44,
0xa7823ec,12,
0xa782444,8,
0xa782820,12,
0xa782884,8,
0xa7828b0,8,
0xa7828dc,8,
0xa78291c,8,
0xa782944,12,
0xa7829ac,192,
0xa783040,32,
0xa7830f4,8,
0xa783130,8,
0xa783188,8,
0xa7831d0,8,
0xa783220,8,
0xa783250,16,
0xa78338c,8,
0xa783410,8,
0xa783464,8,
0xa7834a8,8,
0xa78359c,8,
0xa783608,4,
0xa783734,4,
0xa783758,8,
0xa78377c,8,
0xa7837e0,8,
0xa783834,8,
0xa78392c,12,
0xa783bb4,8,
0xa783bd8,8,
0xa783c80,8,
0xa783ca4,8,
0xa783cc4,8,
0xa783d6c,120,
0xa784370,4,
0xa7843a4,8,
0xa7843e8,8,
0xa784404,8,
0xa7844ec,12,
0xa784568,40,
0xa784898,12,
0xa785bb8,92,
0xa785f50,8,
0xa786048,4,
0xa786050,192,
0xa7867a4,4,
0xa7867a8,4,
0xa786978,192,
0xa7870a8,192,
0xa787a94,188,
0xa787fd4,180,
0xa7886dc,8,
0xa7887a0,52,
0xa788a8c,16,
0xa788abc,16,
0xa788be8,8,
0xa788ce4,4,
0xa788d9c,92,
0xa7890c4,188,
0xa789988,76,
0xa789e1c,12,
0xa789e30,188,
0xa78a508,212,
0xa78ad6c,12,
0xa78add4,52,
0xa78af70,184,
0xa78b7e4,188,
0xa78be48,76,
0xa78c1f4,76,
0xa78c418,188,
0xa78cb8c,8,
0xa78cca0,92,
0xa78d1c8,4,
0xa78d344,16,
0xa78d364,76,
0xa78d744,188,
0xa78dbd4,8,
0xa78dc18,8,
0xa78dc60,8,
0xa78dca4,8,
0xa78dce4,8,
0xa78ddc4,8,
0xa78de00,32,
0xa78e2f0,12,
0xa78e310,16,
0xa78e3c0,8,
0xa78e3f4,8,
0xa78e40c,4,
0xa78e4dc,8,
0xa78e4f4,8,
0xa78e528,8,
0xa78e568,288,
0xa78edc0,8,
0xa78ede4,8,
0xa78eef4,8,
0xa78ef24,8,
0xa78ef38,8,
0xa78ef64,8,
0xa78ef90,8,
0xa78f000,8,
0xa78f034,8,
0xa78f064,8,
0xa78f200,180,
0xa78f8b4,8,
0xa78f8fc,8,
0xa78f95c,8,
0xa78f9c0,8,
0xa78f9f4,8,
0xa78fa30,184,
0xa78fea4,12,
0xa78ffe0,8,
0xa79001c,4,
0xa7900a4,8,
0xa7900ec,8,
0xa79034c,12,
0xa790390,8,
0xa7903b8,4,
0xa7903e4,8,
0xa79042c,8,
0xa790460,8,
0xa790484,8,
0xa790598,4,
0xa790638,36,
0xa7906fc,4,
0xa791e3c,192,
0xa79247c,84,
0xa792880,188,
0xa792f90,188,
0xa79375c,188,
0xa793f34,4,
0xa793f3c,188,
0xa794544,12,
0xa794648,4,
0xa794708,188,
0xa794f20,188,
0xa7956f8,12,
0xa79570c,188,
0xa795e34,188,
0xa79655c,188,
0xa796ce4,188,
0xa7975c8,76,
0xa7977dc,4,
0xa7978a0,188,
0xa7980d8,76,
0xa7982b8,72,
0xa7985a0,8,
0xa798758,12,
0xa7987b0,92,
0xa798bc4,16,
0xa798be4,16,
0xa798d30,188,
0xa79942c,4,
0xa7994ec,188,
0xa799c74,52,
0xa799fc8,12,
0xa79a180,80,
0xa79a324,188,
0xa79abfc,84,
0xa79b09c,12,
0xa79b144,80,
0xa79b470,16,
0xa79b4dc,188,
0xa79bc00,12,
0xa79bca0,4,
0xa79bd64,192,
0xa79c9d8,444,
0xa79dd54,356,
0xa79ebc8,12,
0xa79ec9c,188,
0xa79f520,12,
0xa79f5e8,12,
0xa79f5f4,188,
0xa79fe80,12,
0xa79ff48,12,
0xa7a0014,12,
0xa7a00dc,12,
0xa7a00ec,8,
0xa7a0104,8,
0xa7a016c,8,
0xa7a0184,8,
0xa7a01b0,148,
0xa7a0460,12,
0xa7a065c,8,
0xa7a0684,8,
0xa7a06bc,8,
0xa7a06ec,4,
0xa7a0748,8,
0xa7a07cc,4,
0xa7a0964,8,
0xa7a09c0,8,
0xa7a09e4,8,
0xa7a0a0c,8,
0xa7a0a28,44,
0xa7a0af4,4,
0xa7a0be0,12,
0xa7a0c4c,8,
0xa7a0cb8,8,
0xa7a0cec,8,
0xa7a1050,12,
0xa7a1090,4,
0xa7a10b4,8,
0xa7a10d8,8,
0xa7a10fc,8,
0xa7a1144,8,
0xa7a116c,12,
0xa7a11a0,32,
0xa7a1360,8,
0xa7a139c,44,
0xa7a13f8,8,
0xa7a141c,8,
0xa7a1434,4,
0xa7a1498,8,
0xa7a1508,32,
0xa7a18c0,36,
0xa7a1930,8,
0xa7a194c,8,
0xa7a1974,4,
0xa7a1998,108,
0xa7a3954,260,
0xa7a3eb0,12,
0xa7a3ebc,76,
0xa7a427c,12,
0xa7a4438,356,
0xa7a5830,552,
0xa7a6854,328,
0xa7a7700,280,
0xa7a8318,76,
0xa7a85a8,12,
0xa7a8664,76,
0xa7a8810,12,
0xa7a89a4,76,
0xa7a8c58,76,
0xa7a8fd8,76,
0xa7a937c,12,
0xa7a9480,320,
0xa7aa3f0,184,
0xa7aa9dc,12,
0xa7aaa4c,76,
0xa7ab3b4,376,
0xa7ac320,80,
0xa7ac510,80,
0xa7ac7a4,12,
0xa7ac840,472,
0xa7ae724,256,
0xa7aef44,612,
0xa7b0bf0,468,
0xa7b1d04,244,
0xa7b26e0,352,
0xa7b3468,172,
0xa7b3c84,428,
0xa7b4d98,232,
0xa7b5cf0,464,
0xa7b7084,232,
0xa7b7fa4,240,
0xa7b8b04,188,
0xa7b91bc,256,
0xa7ba248,500,
0xa7bb5cc,296,
0xa7bc798,296,
0xa7bde74,548,
0xa7bf050,512,
0xa7c0d2c,444,
0xa7c1d58,476,
0xa7c2fac,256,
0xa7c3f40,276,
0xa7c4a78,272,
0xa7c5348,292,
0xa7c6758,392,
0xa7c7850,292,
0xa7c83c0,328,
0xa7c9a84,256,
0xa7ca18c,264,
0xa7ca9a4,268,
0xa7cb778,200,
0xa7cbf18,336,
0xa7ccf3c,292,
0xa7cdea4,224,
0xa7ce858,172,
0xa7cf0c8,392,
0xa7d0450,332,
0xa7d1370,248,
0xa7d1d44,28,
0xa7d2254,464,
0xa7d3e8c,244,
0xa7d44b0,204,
0xa7d5140,168,
0xa7d5f44,172,
0xa7d64b8,244,
0xa7d7298,244,
0xa7d8008,180,
0xa7d89e0,244,
0xa7d9484,248,
0xa7da30c,248,
0xa7dabcc,76,
0xa7daec4,76,
0xa7db170,76,
0xa7db4b0,76,
0xa7db8ac,76,
0xa7dbc48,76,
0xa7dbfb0,76,
0xa7dc43c,76,
0xa7dc7cc,76,
0xa7dcc0c,76,
0xa7dd080,76,
0xa7dd3d0,76,
0xa7dd7b0,76,
0xa7ddc04,76,
0xa7ddfe0,76,
0xa7de4ec,76,
0xa7de7e4,76,
0xa7debc0,76,
0xa7defe8,76,
0xa7df244,76,
0xa7df674,12,
0xa7df68c,76,
0xa7dfab0,12,
0xa7dfc68,12,
0xa7dfd64,12,
0xa7dfe14,12,
0xa7dfe78,76,
0xa7e0300,76,
0xa7e069c,76,
0xa7e0994,76,
0xa7e0dd4,76,
0xa7e1080,76,
0xa7e15a4,12,
0xa7e15fc,12,
0xa7e1660,76,
0xa7e1b38,76,
0xa7e1fac,76,
0xa7e2348,76,
0xa7e25f4,76,
0xa7e29dc,76,
0xa7e2e10,12,
0xa7e2ef0,76,
0xa7e3254,12,
0xa7e335c,12,
0xa7e3418,76,
0xa7e3830,76,
0xa7e3c0c,76,
0xa7e3fcc,76,
0xa7e4470,76,
0xa7e4818,76,
0xa7e4c00,76,
0xa7e4e6c,76,
0xa7e53e4,76,
0xa7e57c0,76,
0xa7e5b5c,76,
0xa7e5fd0,76,
0xa7e6378,12,
0xa7e6434,76,
0xa7e68a8,76,
0xa7e6ba0,76,
0xa7e6fa0,12,
0xa7e70f4,76,
0xa7e75b4,76,
0xa7e7730,76,
0xa7e7bec,12,
0xa7e7da8,8,
0xa7e7dd4,44,
0xa7e7ec8,8,
0xa7e7edc,8,
0xa7e7f28,8,
0xa7e801c,12,
0xa7e8e94,244,
0xa7e92f8,184,
0xa7e9e9c,316,
0xa7eb284,400,
0xa7ec2e4,76,
0xa7ec420,12,
0xa7ec438,12,
0xa7ec490,76,
0xa7ec714,76,
0xa7ec9c0,12,
0xa7ecb9c,12,
0xa7ed038,312,
0xa7edf54,348,
0xa7eee9c,496,
0xa7f0d38,332,
0xa7f1284,184,
0xa7f1d20,224,
0xa7f2308,76,
0xa7f2598,76,
0xa7f29d8,76,
0xa7f2d70,76,
0xa7f3124,12,
0xa7f322c,76,
0xa7f3868,48,
0xa7f39c4,8,
0xa7f39ec,4,
0xa7f3a2c,12,
0xa7f3a60,12,
0xa7f3b84,12,
0xa7f46a4,232,
0xa7f4bf0,76,
0xa7f4f10,188,
0xa7f5728,364,
0xa7f6a9c,152,
0xa7f6eb4,56,
0xa7f7554,20,
0xa7f77d8,268,
0xa7f7e80,160,
0xa7f846c,164,
0xa7f90d8,300,
0xa7fac20,612,
0xa7fe0ac,1252,
0xa80390c,688,
0xa8050c8,296,
0xa805ee0,640,
0xa808434,500,
0xa809804,220,
0xa80a554,252,
0xa80aec8,236,
0xa80bf34,24,
0xa80bfe4,12,
0xa80bff0,76,
0xa80c1f0,12,
0xa80c278,76,
0xa80c600,12,
0xa80c688,12,
0xa80c750,12,
0xa80c864,12,
0xa80c9ac,76,
0xa80cde0,76,
0xa80d17c,76,
0xa80d5d4,76,
0xa80d8e4,76,
0xa80dbf4,76,
0xa80df38,76,
0xa80e36c,76,
0xa80e7a8,12,
0xa80e864,76,
0xa80edd0,76,
0xa80f1b4,76,
0xa80f50c,76,
0xa80f7d4,76,
0xa80fb30,76,
0xa80ff50,12,
0xa810188,76,
0xa81048c,76,
0xa8108c0,76,
0xa810cc8,12,
0xa810da8,12,
0xa810e88,76,
0xa811358,8,
0xa81138c,8,
0xa8113b0,8,
0xa81149c,8,
0xa811520,4,
0xa811ac8,12,
0xa811bcc,76,
0xa812304,372,
0xa813e10,800,
0xa815f94,276,
0xa8168c4,76,
0xa816b3c,76,
0xa816f6c,76,
0xa81739c,12,
0xa81744c,12,
0xa8174a4,12,
0xa817734,188,
0xa818240,92,
0xa8185f4,4,
0xa8187c4,192,
0xa818f44,8,
0xa818f58,8,
0xa81907c,8,
0xa8190c4,8,
0xa81911c,300,
0xa819a10,8,
0xa819aac,8,
0xa819ae0,4,
0xa819d38,8,
0xa819d9c,8,
0xa819dd0,16,
0xa819e4c,8,
0xa819eb8,8,
0xa819f24,8,
0xa819f44,8,
0xa819f98,8,
0xa819fd4,8,
0xa81a09c,8,
0xa81aa00,4,
0xa81ac70,60,
0xa81b048,8,
0xa81b140,4,
0xa81b144,488,
0xa81c06c,56,
0xa81c1a8,176,
0xa81c9a4,76,
0xa81cc98,12,
0xa81cd50,16,
0xa81d090,188,
0xa81dc3c,188,
0xa81e538,12,
0xa81e544,76,
0xa81e854,56,
0xa81ec20,168,
0xa81f1a4,12,
0xa81f1fc,12,
0xa81f338,76,
0xa81f788,92,
0xa81febc,164,
0xa8204c0,168,
0xa820c70,76,
0xa820fd8,76,
0xa8212a8,76,
0xa8214d8,12,
0xa821748,8,
0xa8218c8,56,
0xa821c84,12,
0xa821d5c,192,
0xa8223c4,8,
0xa822508,8,
0xa822530,12,
0xa822594,4,
0xa822e94,168,
0xa823648,12,
0xa823744,192,
0xa82408c,12,
0xa8240a0,188,
0xa824aa4,192,
0xa82529c,12,
0xa825370,56,
0xa8256e0,80,
0xa825c58,8,
0xa825d20,80,
0xa826264,76,
0xa826560,92,
0xa826968,192,
0xa82711c,12,
0xa827184,52,
0xa8275e0,80,
0xa827874,12,
0xa827a68,192,
0xa828498,8,
0xa828554,200,
0xa828b70,4,
0xa828d0c,16,
0xa828d5c,16,
0xa828e0c,16,
0xa828e7c,16,
0xa828f3c,16,
0xa829018,28,
0xa829194,20,
0xa829248,20,
0xa829408,4,
0xa829e90,160,
0xa82a63c,4,
0xa82a650,16,
0xa82a670,8,
0xa82a67c,8,
0xa82a68c,8,
0xa82a6a4,4,
0xa82a6e4,8,
0xa82a724,12,
0xa82a76c,8,
0xa82a7c4,8,
0xa82a810,8,
0xa82a854,8,
0xa82a8ec,12,
0xa82aaf0,8,
0xa82ab54,8,
0xa82aba4,8,
0xa82acb8,12,
0xa82aea4,12,
0xa82af98,8,
0xa82afc4,8,
0xa82aff0,8,
0xa82b064,8,
0xa82b088,8,
0xa82b0a8,8,
0xa82b0f4,312,
0xa82b53c,4,
0xa82b668,8,
0xa82b6d4,4,
0xa82b934,8,
0xa82b964,44,
0xa82bac8,8,
0xa82bb34,8,
0xa82caf4,76,
0xa82d0e8,76,
0xa82d434,76,
0xa82d610,16,
0xa82d718,76,
0xa82da84,92,
0xa82decc,16,
0xa82dff4,184,
0xa82e86c,4,
0xa82e930,188,
0xa82f310,12,
0xa82f424,4,
0xa82f4e8,188,
0xa82fdf0,188,
0xa8308a4,12,
0xa8308b8,188,
0xa8312b8,188,
0xa831b64,48,
0xa831f30,4,
0xa831ff0,188,
0xa8329e8,12,
0xa832b64,4,
0xa832b6c,188,
0xa833518,12,
0xa833618,4,
0xa8336dc,188,
0xa833f34,188,
0xa8348a4,188,
0xa83514c,52,
0xa83557c,36,
0xa83563c,8,
0xa835668,8,
0xa835694,48,
0xa8358f8,8,
0xa835934,8,
0xa835a00,8,
0xa835a58,596,
0xa836fb0,8,
0xa836fec,8,
0xa83702c,8,
0xa837060,12,
0xa8370d8,8,
0xa83715c,8,
0xa8371a4,8,
0xa837344,188,
0xa837d60,12,
0xa83808c,188,
0xa8385f8,12,
0xa838850,12,
0xa8389e0,12,
0xa838ab4,1368,
0xa83f6b4,8,
0xa83f7bc,4,
0xa83f87c,188,
0xa840244,68,
0xa8405e0,68,
0xa8408b8,8,
0xa840a74,188,
0xa8413c8,12,
0xa8414d8,4,
0xa84159c,188,
0xa841f94,4,
0xa841f98,4,
0xa842114,76,
0xa8425b4,12,
0xa8426e4,4,
0xa842738,80,
0xa842a90,8,
0xa842bbc,188,
0xa8434d8,188,
0xa844074,12,
0xa844144,88,
0xa844718,188,
0xa844f04,8,
0xa845000,188,
0xa845a14,12,
0xa845adc,12,
0xa845c78,188,
0xa846230,8,
0xa84627c,32,
0xa846308,8,
0xa8463cc,8,
0xa846504,192,
0xa8470b4,12,
0xa84730c,12,
0xa84749c,12,
0xa8476f4,12,
0xa8477c8,188,
0xa848128,188,
0xa84a468,8,
0xa84a56c,112,
0xa84ac08,188,
0xa84b640,8,
0xa84b8b4,76,
0xa84bb94,188,
0xa84c5a4,4,
0xa84c66c,192,
0xa84d0a0,8,
0xa84d164,52,
0xa84d420,16,
0xa84d538,12,
0xa84d710,188,
0xa84e008,188,
0xa84ea8c,12,
0xa84eb9c,4,
0xa84eba0,4,
0xa84ec60,188,
0xa84f63c,48,
0xa84f908,188,
0xa85038c,12,
0xa8503a0,188,
0xa850d68,188,
0xa851634,4,
0xa8517c4,76,
0xa851b50,76,
0xa851d5c,4,
0xa851e1c,188,
0xa8527d0,48,
0xa852a9c,188,
0xa853478,188,
0xa853fd8,8,
0xa8540cc,4,
0xa8540d0,4,
0xa85424c,76,
0xa8545e8,76,
0xa854830,188,
0xa85530c,4,
0xa8553cc,188,
0xa855f2c,12,
0xa856064,188,
0xa856584,8,
0xa8565b8,8,
0xa856648,8,
0xa856688,8,
0xa8569b0,12,
0xa856ce0,188,
0xa8573e8,188,
0xa857e10,188,
0xa858770,188,
0xa85ab3c,64,
0xa85af3c,4,
0xa85af44,188,
0xa85b6ac,188,
0xa85c268,12,
0xa85c378,4,
0xa85c438,188,
0xa85cd84,80,
0xa85d214,4,
0xa85d394,76,
0xa85d5b0,4,
0xa85d674,188,
0xa85e03c,64,
0xa85e3d4,48,
0xa85e698,8,
0xa85e79c,4,
0xa85e7a0,188,
0xa85f090,188,
0xa85f960,64,
0xa85fcf8,64,
0xa85ffd4,188,
0xa8609bc,188,
0xa861198,8,
0xa86129c,4,
0xa86135c,188,
0xa861d00,76,
0xa8620f0,4,
0xa8621a0,76,
0xa8623dc,4,
0xa8625b0,188,
0xa863108,188,
0xa863ac8,188,
0xa86441c,188,
0xa864dc0,76,
0xa8651a4,188,
0xa865a50,188,
0xa86646c,12,
0xa866534,12,
0xa866608,188,
0xa8670f8,188,
0xa8678c8,188,
0xa86990c,76,
0xa869d9c,12,
0xa869da8,8,
0xa869e9c,4,
0xa869f60,188,
0xa86a7e8,64,
0xa86aaf8,8,
0xa86abfc,4,
0xa86ad8c,8,
0xa86ae54,4,
0xa86ae5c,188,
0xa86b494,76,
0xa86ba14,76,
0xa86bb30,188,
0xa86c42c,188,
0xa86cc9c,80,
0xa86d128,4,
0xa86d2a8,76,
0xa86d4c8,188,
0xa86dcec,4,
0xa86de04,188,
0xa86e6a4,64,
0xa86e978,8,
0xa86eb30,188,
0xa86f510,188,
0xa86fd24,4,
0xa86fea0,12,
0xa86fec4,12,
0xa86ffd8,12,
0xa86ffec,188,
0xa870890,8,
0xa870950,188,
0xa870f4c,8,
0xa871114,76,
0xa871584,188,
0xa871cbc,188,
0xa872318,52,
0xa872508,52,
0xa872788,192,
0xa873138,192,
0xa873a90,12,
0xa873b64,188,
0xa8743f0,12,
0xa8744c4,188,
0xa874a50,56,
0xa874b40,36,
0xa874c04,44,
0xa874d54,8,
0xa874d98,4,
0xa874e0c,8,
0xa874e40,8,
0xa874e88,8,
0xa874efc,8,
0xa874f54,8,
0xa874fe4,8,
0xa875034,4,
0xa8750b8,8,
0xa87516c,8,
0xa8751d8,8,
0xa875240,64,
0xa8754c0,8,
0xa875514,192,
0xa877778,188,
0xa878068,208,
0xa87893c,76,
0xa878c14,76,
0xa878ec0,76,
0xa8792b0,92,
0xa879548,16,
0xa879588,484,
0xa87a5d4,92,
0xa87aa48,12,
0xa87aa54,92,
0xa87b0cc,12,
0xa87b0e0,180,
0xa87b628,76,
0xa87ba74,28,
0xa87bccc,76,
0xa87be54,12,
0xa87bfb8,16,
0xa87bfd8,16,
0xa87c008,16,
0xa87c048,16,
0xa87c0b8,16,
0xa87c27c,708,
0xa87d34c,80,
0xa87d5b0,4,
0xa87d700,4,
0xa87d738,8,
0xa87d7a4,8,
0xa87d808,8,
0xa87d830,128,
0xa87db2c,44,
0xa87dde8,8,
0xa87de14,8,
0xa87de48,8,
0xa87df50,8,
0xa87df98,8,
0xa87dfa8,8,
0xa87dfd4,8,
0xa87e000,8,
0xa87e044,36,
0xa87e1cc,12,
0xa87efdc,8,
0xa87f0dc,192,
0xa87f70c,8,
0xa87f864,76,
0xa87f968,248,
0xa8802a0,192,
0xa8809a8,76,
0xa880c84,12,
0xa880c90,76,
0xa881014,80,
0xa881328,52,
0xa8815c0,16,
0xa881630,16,
0xa8817a4,16,
0xa8817ec,192,
0xa8821ac,76,
0xa88229c,76,
0xa882590,80,
0xa882828,12,
0xa882834,92,
0xa882df0,76,
0xa883024,12,
0xa883030,4,
0xa883038,180,
0xa883734,64,
0xa883b50,528,
0xa884fa8,204,
0xa885664,12,
0xa885730,12,
0xa885740,8,
0xa885748,8,
0xa885780,44,
0xa8858d0,12,
0xa885a04,192,
0xa885fd4,8,
0xa886034,168,
0xa8864a4,8,
0xa886540,8,
0xa886588,8,
0xa886668,188,
0xa887ab8,92,
0xa887e44,12,
0xa887f50,184,
0xa888570,184,
0xa888b58,16,
0xa888b88,16,
0xa888bc8,16,
0xa888c38,16,
0xa888cb8,16,
0xa888d4c,4,
0xa889090,56,
0xa88935c,12,
0xa889460,4,
0xa889464,4,
0xa889468,192,
0xa889bc4,184,
0xa88a338,12,
0xa88a344,8,
0xa88a474,4,
0xa88a478,80,
0xa88a708,12,
0xa88a7b0,80,
0xa88aa04,92,
0xa88ad68,92,
0xa88b19c,76,
0xa88b3f0,52,
0xa88b524,16,
0xa88b5a4,16,
0xa88b850,184,
0xa88bdcc,76,
0xa88c0b8,12,
0xa88c1fc,192,
0xa88c82c,8,
0xa88cab4,76,
0xa88cbd4,192,
0xa88d460,52,
0xa88d614,4,
0xa88d628,12,
0xa88d68c,184,
0xa88dcf8,40,
0xa88de04,4,
0xa88de40,48,
0xa88dfa0,8,
0xa88e07c,8,
0xa88e0e8,4,
0xa88e124,8,
0xa88e160,8,
0xa88e18c,8,
0xa88e204,8,
0xa88e22c,32,
0xa88e588,8,
0xa88e5a8,8,
0xa88e5cc,8,
0xa88e600,8,
0xa88e6d4,8,
0xa88e710,8,
0xa88e720,8,
0xa88e764,184,
0xa88ee7c,8,
0xa88eea4,12,
0xa88ef44,40,
0xa88f038,192,
0xa88f3f8,8,
0xa88f434,8,
0xa88f56c,12,
0xa88f62c,68,
0xa88f7c8,4,
0xa88f8c0,8,
0xa88f92c,8,
0xa88f9a0,8,
0xa88f9e0,4,
0xa88fa10,8,
0xa88fa38,8,
0xa88fa9c,8,
0xa88faf0,32,
0xa88ffd8,12,
0xa88fff8,24,
0xa890044,8,
0xa890068,8,
0xa890090,4,
0xa8900d0,8,
0xa8900f4,8,
0xa89010c,12,
0xa890170,4,
0xa8901e8,8,
0xa890224,8,
0xa8902ac,8,
0xa890308,184,
0xa891ca0,76,
0xa891f28,76,
0xa892154,92,
0xa8925b0,192,
0xa892df0,76,
0xa893004,172,
0xa893544,4,
0xa893608,192,
0xa893c94,4,
0xa893c9c,180,
0xa8942c8,4,
0xa8949e4,76,
0xa894c88,12,
0xa894d50,48,
0xa895248,4,
0xa89524c,4,
0xa8953e0,16,
0xa895400,76,
0xa89561c,80,
0xa895960,76,
0xa895d68,184,
0xa896568,12,
0xa896574,76,
0xa896b0c,12,
0xa896b18,76,
0xa896cd8,16,
0xa896d90,12,
0xa896e30,192,
0xa89786c,12,
0xa897948,188,
0xa8982e8,12,
0xa8983f8,4,
0xa8984bc,188,
0xa898ddc,12,
0xa898f4c,80,
0xa8992c4,8,
0xa8993e0,4,
0xa89956c,16,
0xa8995ac,16,
0xa899648,188,
0xa899ec8,8,
0xa899efc,8,
0xa89a074,8,
0xa89a090,8,
0xa89a0e8,8,
0xa89a184,4,
0xa89a1ac,4,
0xa89a1dc,8,
0xa89a368,44,
0xa89a45c,8,
0xa89a490,8,
0xa89a604,8,
0xa89a654,12,
0xa89a6f0,12,
0xa89a7f4,8,
0xa89a824,8,
0xa89a840,8,
0xa89a8d8,8,
0xa89a8f0,8,
0xa89a964,284,
0xa89bb48,8,
0xa89bc2c,8,
0xa89bc48,12,
0xa89bcb8,8,
0xa89bcec,8,
0xa89bd08,228,
0xa89c350,12,
0xa89c720,12,
0xa89c740,28,
0xa89c7a0,8,
0xa89c7f0,8,
0xa89c918,156,
0xa89cd58,8,
0xa89cd94,8,
0xa89cdfc,12,
0xa89ce44,8,
0xa89ce5c,8,
0xa89d028,180,
0xa89d538,8,
0xa89d860,12,
0xa89d9fc,188,
0xa89f6e8,80,
0xa89fb68,12,
0xa89fc6c,4,
0xa89fcc0,80,
0xa89fec8,16,
0xa8a0064,76,
0xa8a04f4,16,
0xa8a061c,12,
0xa8a07c4,4,
0xa8a07c8,4,
0xa8a07cc,188,
0xa8a106c,4,
0xa8a1130,192,
0xa8a1a6c,76,
0xa8a1c3c,8,
0xa8a1ea0,48,
0xa8a2110,8,
0xa8a21d8,4,
0xa8a21dc,80,
0xa8a2678,4,
0xa8a273c,188,
0xa8a2f9c,4,
0xa8a3120,12,
0xa8a3134,192,
0xa8a39bc,4,
0xa8a3a84,192,
0xa8a42e8,52,
0xa8a4684,56,
0xa8a4898,188,
0xa8a52c4,76,
0xa8a5654,16,
0xa8a5674,16,
0xa8a578c,12,
0xa8a57a0,188,
0xa8a619c,4,
0xa8a61a4,188,
0xa8a6990,12,
0xa8a6a00,188,
0xa8a73a8,4,
0xa8a7524,76,
0xa8a774c,188,
0xa8a8084,4,
0xa8a80c4,8,
0xa8a80ec,4,
0xa8a8150,8,
0xa8a8184,8,
0xa8a81b8,8,
0xa8a8378,12,
0xa8a85e0,188,
0xa8a8dd0,40,
0xa8a8e7c,4,
0xa8a8eb4,8,
0xa8a8f90,8,
0xa8a9018,188,
0xa8a9a3c,12,
0xa8a9bd0,12,
0xa8ab0c8,4,
0xa8ab11c,80,
0xa8ab2bc,92,
0xa8ab7c0,4,
0xa8ab7c8,188,
0xa8abfd4,8,
0xa8ac0d0,4,
0xa8ac29c,188,
0xa8acb3c,76,
0xa8ad04c,12,
0xa8ad058,8,
0xa8ad1ec,4,
0xa8ad2ac,188,
0xa8adbb0,188,
0xa8ae544,12,
0xa8ae614,48,
0xa8ae8d8,8,
0xa8ae9e8,4,
0xa8ae9ec,4,
0xa8aebbc,192,
0xa8af4e8,4,
0xa8af5a8,188,
0xa8afc9c,4,
0xa8afd60,188,
0xa8b0628,188,
0xa8b1024,4,
0xa8b1028,4,
0xa8b10ec,16,
0xa8b11bc,12,
0xa8b1340,76,
0xa8b165c,12,
0xa8b17ec,48,
0xa8b1b70,192,
0xa8b2358,188,
0xa8b2a8c,188,
0xa8b348c,8,
0xa8b34a8,12,
0xa8b34e0,8,
0xa8b34fc,8,
0xa8b3578,8,
0xa8b36c8,188,
0xa8b4028,192,
0xa8b496c,12,
0xa8b4c98,8,
0xa8b4cb0,8,
0xa8b4cc4,8,
0xa8b4cf0,8,
0xa8b4df4,8,
0xa8b4e78,4,
0xa8b50d4,188,
0xa8b6afc,188,
0xa8b72dc,188,
0xa8b7b7c,192,
0xa8b82b4,8,
0xa8b8438,108,
0xa8b8a48,12,
0xa8b8b1c,4,
0xa8b8b24,188,
0xa8b91dc,188,
0xa8b9928,188,
0xa8ba10c,192,
0xa8ba888,12,
0xa8baa88,4,
0xa8baa90,192,
0xa8bb224,76,
0xa8bb4e4,76,
0xa8bb7e8,188,
0xa8bc138,80,
0xa8bc2e4,92,
0xa8bc830,12,
0xa8bc8dc,92,
0xa8bcb84,16,
0xa8bcbb4,16,
0xa8bcc94,188,
0xa8bd8d0,12,
0xa8bd97c,92,
0xa8bddc4,188,
0xa8be400,12,
0xa8be590,12,
0xa8be724,12,
0xa8be7f8,188,
0xa8bedf8,8,
0xa8bee74,8,
0xa8bee98,8,
0xa8befac,4,
0xa8bf138,8,
0xa8bf164,324,
0xa8bfd4c,4,
0xa8bfdb0,12,
0xa8bfe00,8,
0xa8c1160,4,
0xa8c1210,76,
0xa8c1478,16,
0xa8c1660,48,
0xa8c1924,12,
0xa8c1a30,188,
0xa8c20a4,8,
0xa8c2198,4,
0xa8c219c,4,
0xa8c225c,188,
0xa8c296c,188,
0xa8c31f0,188,
0xa8c38e8,4,
0xa8c38f0,192,
0xa8c3f14,188,
0xa8c46a8,80,
0xa8c4968,188,
0xa8c5140,12,
0xa8c5294,76,
0xa8c56a8,188,
0xa8c5bec,80,
0xa8c5f20,28,
0xa8c61d0,268,
0xa8c6acc,76,
0xa8c6d9c,192,
0xa8c78bc,248,
0xa8c82e0,184,
0xa8c8de4,252,
0xa8c9338,76,
0xa8c95c8,12,
0xa8c962c,76,
0xa8c997c,76,
0xa8c9bc4,12,
0xa8ca1d4,36,
0xa8ca350,192,
0xa8cabe4,12,
0xa8cacac,12,
0xa8cad80,188,
0xa8cb1bc,8,
0xa8cb210,8,
0xa8cb258,8,
0xa8cb2c0,8,
0xa8cb4ac,80,
0xa8cc78c,76,
0xa8cc984,52,
0xa8ccc38,180,
0xa8cd50c,56,
0xa8cd74c,64,
0xa8cd9b4,56,
0xa8cde38,76,
0xa8cdf68,12,
0xa8cdfc0,76,
0xa8ce354,76,
0xa8ce5f0,12,
0xa8ce694,12,
0xa8ce6ac,76,
0xa8ce9ac,16,
0xa8ceb60,232,
0xa8cf6f4,76,
0xa8cf9f0,56,
0xa8cfbf8,8,
0xa8cfcb8,72,
0xa8d0044,12,
0xa8d00dc,92,
0xa8d0678,348,
0xa8d136c,80,
0xa8d14c8,92,
0xa8d1b30,188,
0xa8d23fc,76,
0xa8d25e0,48,
0xa8d2b60,52,
0xa8d2cec,240,
0xa8d3810,316,
0xa8d4764,76,
0xa8d4944,12,
0xa8d49a8,76,
0xa8d4d34,76,
0xa8d4f38,12,
0xa8d50e4,76,
0xa8d55c4,36,
0xa8d59c0,36,
0xa8d5a18,8,
0xa8d5a2c,64,
0xa8d5c00,8,
0xa8d5c3c,32,
0xa8d5d34,4,
0xa8d5d7c,208,
0xa8d65d8,8,
0xa8d65f4,32,
0xa8d679c,220,
0xa8d6cec,8,
0xa8d6d70,8,
0xa8d6dc4,8,
0xa8d6de8,8,
0xa8d6f10,216,
0xa8d7510,4,
0xa8d758c,8,
0xa8d7610,8,
0xa8d7644,8,
0xa8d7740,188,
0xa8d8eb4,8,
0xa8d8fd4,4,
0xa8d9128,168,
0xa8d9c7c,76,
0xa8d9db8,76,
0xa8da064,76,
0xa8da380,148,
0xa8daa50,12,
0xa8dab98,12,
0xa8daf90,76,
0xa8db1cc,12,
0xa8db298,12,
0xa8db3ac,192,
0xa8dbc10,192,
0xa8dc534,8,
0xa8dc600,60,
0xa8dc9e0,4,
0xa8dc9e4,4,
0xa8dcaa8,192,
0xa8dd47c,80,
0xa8dd684,52,
0xa8dda08,184,
0xa8de578,8,
0xa8de638,56,
0xa8de924,4,
0xa8de9b8,8,
0xa8de9cc,8,
0xa8de9f0,8,
0xa8dea20,4,
0xa8deac8,12,
0xa8ded7c,12,
0xa8dedd0,8,
0xa8dedfc,8,
0xa8dee70,8,
0xa8deef4,4,
0xa8def48,8,
0xa8def7c,8,
0xa8df03c,8,
0xa8df044,32,
0xa8df3a8,192,
0xa8dfa68,8,
0xa8dfaf4,8,
0xa8dfb28,8,
0xa8dfb50,4,
0xa8dfc74,8,
0xa8dfc9c,32,
0xa8dfd58,8,
0xa8dfd8c,8,
0xa8dfec8,8,
0xa8e0e7c,76,
0xa8e1170,76,
0xa8e19f0,332,
0xa8e2aec,28,
0xa8e2cbc,236,
0xa8e33a4,192,
0xa8e3b88,12,
0xa8e3d00,20,
0xa8e3d28,20,
0xa8e3e24,192,
0xa8e4eb8,176,
0xa8e5950,408,
0xa8e689c,92,
0xa8e6e38,216,
0xa8e7e94,708,
0xa8ea130,184,
0xa8eab88,720,
0xa8eca5c,228,
0xa8ed88c,208,
0xa8ee868,124,
0xa8eee70,68,
0xa8ef264,124,
0xa8ef7bc,76,
0xa8efa8c,76,
0xa8efe58,76,
0xa8f0230,76,
0xa8f0608,76,
0xa8f09ec,76,
0xa8f0cec,12,
0xa8f0db4,12,
0xa8f0fec,76,
0xa8f13a8,76,
0xa8f188c,76,
0xa8f1cc0,76,
0xa8f2154,76,
0xa8f262c,8,
0xa8f2654,4,
0xa8f26c8,8,
0xa8f2738,32,
0xa8f2860,8,
0xa8f28f4,8,
0xa8f2910,312,
0xa8f3e78,92,
0xa8f4210,52,
0xa8f45c4,12,
0xa8f462c,52,
0xa8f4df0,76,
0xa8f5264,192,
0xa8f5a38,4,
0xa8f5a40,192,
0xa8f6374,76,
0xa8f6afc,4,
0xa8f6bc0,192,
0xa8f7564,48,
0xa8f79d0,192,
0xa8f8614,264,
0xa8f91d4,76,
0xa8f9414,192,
0xa8f9cf4,4,
0xa8f9cf8,180,
0xa8fa8e4,192,
0xa8fb0a4,192,
0xa8fb6c4,4,
0xa8fb788,192,
0xa8fc1bc,132,
0xa8fc794,92,
0xa8fccd8,184,
0xa8fd204,228,
0xa8fd8c8,4,
0xa8fd8ec,8,
0xa8fd9a4,8,
0xa8fd9cc,8,
0xa8fda60,8,
0xa8fdaa4,4,
0xa8fdb10,8,
0xa8fdc9c,8,
0xa8fdce0,300,
0xa8fec6c,8,
0xa8fec9c,4,
0xa8fecd4,8,
0xa8fed34,8,
0xa8fed60,8,
0xa8fed8c,8,
0xa8ff1c0,48,
0xa8ff488,8,
0xa8ff49c,188,
0xa8fff20,148,
0xa900238,4,
0xa9003a0,8,
0xa9004dc,8,
0xa90062c,4228,"_INIT_1017:静态初始化(UScriptStruct默认数据,写全局0x0c6754xx)"
0xa9250e0,8,
0xa925140,8,
0xa92524c,8,
0xa925288,8,
0xa925374,8,
0xa9253b4,8,
0xa925410,8,
0xa925444,8,
0xa92553c,8,
0xa9255ec,4,
0xa925634,8,
0xa9256d4,8,
0xa9257a0,4,
0xa9257f8,8,
0xa925870,8,
0xa9258bc,32,
0xa926760,192,
0xa927018,12,
0xa9270b4,12,
0xa9270c0,168,
0xa9279b0,12,
0xa9279bc,76,
0xa927c64,8,
0xa928090,300,
0xa928de0,12,
0xa929324,12,
0xa92937c,76,
0xa929488,192,
0xa92a044,252,
0xa92ae08,412,
0xa92c978,432,
0xa92d614,12,
0xa92d66c,76,
0xa92d970,76,
0xa92dc3c,76,
0xa92e04c,76,
0xa92e404,76,
0xa92e744,76,
0xa92eadc,192,
0xa92f620,12,
0xa92f748,12,
0xa92f9bc,8,
0xa92fa8c,8,
0xa92faac,8,
0xa92facc,4,
0xa92faf0,8,
0xa92fbf8,8,
0xa92fc24,8,
0xa92fc98,4,
0xa92fd5c,12,
0xa93056c,80,
0xa9308f0,4,
0xa9308f4,4,
0xa9308f8,184,
0xa9311f8,12,
0xa93120c,184,
0xa932708,188,
0xa932fa8,92,
0xa933200,12,
0xa93329c,4,
0xa933348,12,
0xa9333b0,52,
0xa9336ac,92,
0xa933b34,16,
0xa933bfc,12,
0xa933ca4,12,
0xa933e9c,12,
0xa933ea8,92,
0xa934908,176,
0xa934f6c,108,
0xa935298,76,
0xa9354f8,76,
0xa9358a0,76,
0xa935dd0,204,
0xa936150,8,
0xa936178,8,
0xa936244,8,
0xa9362c8,4,
0xa936368,8,
0xa9363a4,8,
0xa93656c,32,
0xa9367dc,12,
0xa936a4c,8,
0xa936a5c,64,
0xa936b20,8,
0xa936b40,8,
0xa936b64,92,
0xa936dd8,16,
0xa936e2c,8,
0xa936e44,4,
0xa936f2c,8,
0xa936fb8,8,
0xa936fd0,8,
0xa937038,8,
0xa9370a0,8,
0xa937140,32,
0xa937280,8,
0xa937334,4,
0xa9373a8,8,
0xa937400,8,
0xa9374ec,8,
0xa937528,8,
0xa937660,8,
0xa9376cc,8,
0xa937700,20,
0xa937780,8,
0xa937810,8,
0xa937868,4,
0xa937a5c,8,
0xa937a84,4,
0xa937ac4,8,
0xa937b50,8,
0xa937b8c,32,
0xa937dac,8,
0xa937e10,8,
0xa937e4c,4,
0xa937fb0,8,
0xa938004,32,
0xa938098,8,
0xa9380ac,8,
0xa93811c,12,
0xa938174,8,
0xa9381bc,8,
0xa938200,8,
0xa938250,8,
0xa9382c0,8,
0xa938324,8,
0xa9392fc,76,
0xa9395cc,192,
0xa939db4,80,
0xa93a198,92,
0xa93b0a4,252,
0xa93b8e4,56,
0xa93bc38,332,
0xa93c7f0,176,
0xa93d1d4,252,
0xa93dcdc,52,
0xa93e620,432,
0xa93ef74,76,
0xa93f29c,12,
0xa93f358,76,
0xa93f700,76,
0xa93fa58,76,
0xa93fdfc,76,
0xa940274,76,
0xa9406d4,76,
0xa940a20,20,
0xa940ab4,16,
0xa940b44,16,
0xa940d80,608,
0xa942d6c,92,
0xa943364,12,
0xa9433bc,80,
0xa94365c,76,
0xa9439d8,12,
0xa943adc,92,
0xa943f14,192,
0xa944964,4,
0xa944a08,12,
0xa944abc,76,
0xa944d44,76,
0xa945080,52,
0xa945308,52,
0xa94564c,180,
0xa946008,20,
0xa9460c4,12,
0xa946160,176,
0xa94711c,348,
0xa947fa4,52,
0xa9482bc,168,
0xa94887c,76,
0xa948b8c,12,
0xa948ce0,12,
0xa948d84,192,
0xa9498f4,148,
0xa94a120,8,
0xa94a2a0,8,
0xa94a2d4,8,
0xa94a3b4,16,
0xa94a438,8,
0xa94a488,8,
0xa94a4fc,8,
0xa94a5d8,8,
0xa94a6e4,8,
0xa94a6f4,8,
0xa94a74c,8,
0xa94a7b8,8,
0xa94a874,8,
0xa94a8a8,8,
0xa94a8dc,8,
0xa94a984,8,
0xa94abbc,148,
0xa94b3bc,8,
0xa94b500,12,
0xa94b598,8,
0xa94b5cc,8,
0xa94b600,8,
0xa94b670,12,
0xa94b704,4,
0xa94b730,4,
0xa94b7b8,8,
0xa94b7fc,8,
0xa94b920,8,
0xa94b954,8,
0xa94ba70,8,
0xa94baa4,8,
0xa94bb0c,8,
0xa94bd44,8,
0xa94bdc8,8,
0xa94bea4,8,
0xa94bef4,80,
0xa94c464,8,
0xa94c484,8,
0xa94c4bc,4,
0xa94c550,8,
0xa94c57c,8,
0xa94c5a4,4,
0xa94c690,8,
0xa94c6fc,8,
0xa94c730,12,
0xa94c7b4,8,
0xa94c8a8,8,
0xa94c9bc,4,
0xa94ca90,8,
0xa94cac4,8,
0xa94cb20,8,
0xa94cb50,8,
0xa94cbd0,8,
0xa94ccb8,8,
0xa94ccf4,8,
0xa94cd4c,12,
0xa94cdf8,4,
0xa94ceec,8,
0xa94cfac,8,
0xa94d00c,8,
0xa94d0a8,8,
0xa94d0f0,8,
0xa94d188,8,
0xa94d2c4,8,
0xa94d340,8,
0xa94d420,8,
0xa94d430,8,
0xa94d4ac,8,
0xa94d5b0,8,
0xa94d600,8,
0xa94d638,8,
0xa94d690,8,
0xa94d820,8,
0xa94d880,8,
0xa94d8e4,8,
0xa94d924,8,
0xa94d998,8,
0xa94eb48,12,
0xa94ed30,80,
0xa94f2c0,168,
0xa94f8a8,168,
0xa9500f0,76,
0xa95050c,88,
0xa950bf8,16,
0xa950c08,192,
0xa9519d8,76,
0xa951b54,76,
0xa951eb4,8,
0xa952338,52,
0xa9527b0,12,
0xa952818,52,
0xa952a44,92,
0xa95314c,12,
0xa9531f4,80,
0xa953538,76,
0xa953768,16,
0xa9539dc,52,
0xa953f70,164,
0xa954348,4,
0xa9543c0,8,
0xa954470,8,
0xa954598,192,
0xa954f40,32,
0xa955018,8,
0xa95511c,8,
0xa955158,8,
0xa9551a0,8,
0xa955788,4,
0xa9557d8,8,
0xa9557fc,8,
0xa9559b0,12,
0xa955b88,8,
0xa955bb0,4,
0xa955bf8,168,
0xa955ff4,40,
0xa956290,8,
0xa956328,8,
0xa9564b0,8,
0xa95650c,8,
0xa9565e0,3056,_INIT_1026:静态初始化
0xa96b328,8,
0xa96b368,4,
0xa96b398,8,
0xa96b400,8,
0xa96b450,8,
0xa96b498,8,
0xa96b4c4,16,
0xa96b564,4,
0xa96b680,8,
0xa96b6e8,8,
0xa96b728,8,
0xa96b7b4,8,
0xa96b7f8,8,
0xa96b850,8,
0xa96b974,8,
0xa96baf0,4,
0xa96cf30,4,
0xa96d110,188,
0xa96d89c,192,
0xa96e2e0,76,
0xa96e6c4,192,
0xa96ee1c,92,
0xa96f944,260,
0xa97077c,268,
0xa971300,256,
0xa97225c,176,
0xa972d30,252,
0xa973894,176,
0xa9747f4,248,
0xa975320,176,
0xa975e94,260,
0xa9766f4,76,
0xa976a44,76,
0xa976ed0,76,
0xa9772c4,12,
0xa9773b4,76,
0xa977830,76,
0xa977ba4,12,
0xa977c14,76,
0xa978004,12,
0xa978100,76,
0xa9785f4,40,
0xa978a90,8,
0xa978ab0,8,
0xa978ad0,4,
0xa978afc,8,
0xa978b08,8,
0xa978b90,8,
0xa978bc4,8,
0xa978c0c,8,
0xa978db8,4,
0xa978f28,8,
0xa978fc4,8,
0xa97904c,4,
0xa9792b0,8,
0xa97932c,8,
0xa979368,8,
0xa979478,8,
0xa9794e8,4,
0xa979504,8,
0xa979538,8,
0xa9795fc,8,
0xa979728,8,
0xa979788,80,
0xa97a71c,4,
0xa97a720,80,
0xa97a95c,92,
0xa97b1bc,248,
0xa97beb4,76,
0xa97c160,76,
0xa97c380,12,
0xa97c4e0,12,
0xa97c538,12,
0xa97c59c,76,
0xa97c998,8,
0xa97cce4,76,
0xa97d10c,4,
0xa97d1b8,168,
0xa97d700,56,
0xa97d9a4,76,
0xa97dd90,76,
0xa97e02c,80,
0xa97e35c,92,
0xa97e758,12,
0xa97e910,76,
0xa97efe4,268,
0xa97f9d0,76,
0xa97fcb4,16,
0xa97fecc,12,
0xa97ff8c,40,
0xa980164,8,
0xa9802c8,16,
0xa980300,4,
0xa980340,8,
0xa980460,8,
0xa980480,8,
0xa9804bc,32,
0xa98051c,24,
0xa98059c,4,
0xa980648,8,
0xa9809d0,8,
0xa980a2c,8,
0xa980a4c,4,
0xa980b50,8,
0xa980b78,12,
0xa980c08,20,
0xa980c90,8,
0xa980d04,8,
0xa980d38,8,
0xa980d80,8,
0xa980dc4,8,
0xa980e18,8,
0xa980e80,8,
0xa980f1c,44,
0xa981198,8,
0xa9811d8,8,
0xa98134c,8,
0xa981398,8,
0xa9813d4,8,
0xa981460,12,
0xa9814ec,8,
0xa981530,8,
0xa981574,8,
0xa9815c4,8,
0xa9815e4,32,
0xa9816ec,8,
0xa98175c,12,
0xa9817c4,32,
0xa98231c,188,
0xa982d90,260,
0xa983608,16,
0xa983668,16,
0xa98380c,96,
0xa983db0,76,
0xa98408c,92,
0xa9843b0,12,
0xa9844ac,80,
0xa984790,4,
0xa984950,184,
0xa985330,76,
0xa9856f8,188,
0xa985f78,48,
0xa986240,32,
0xa98633c,168,
0xa986aa4,16,
0xa986ae4,192,
0xa98775c,12,
0xa9878cc,76,
0xa987a68,92,
0xa987ed4,76,
0xa9882fc,164,
0xa988d38,8,
0xa988d74,8,
0xa988ea8,8,
0xa988f0c,8,
0xa988f44,8,
0xa988fe0,8,
0xa9890a4,4,
0xa9890e4,8,
0xa9892ac,180,
0xa989b24,8,
0xa989b50,8,
0xa989bd4,8,
0xa989c58,8,
0xa989ce4,4,
0xa989d5c,8,
0xa989df4,8,
0xa989e14,40,
0xa989f18,12,
0xa989fc8,36,
0xa98a114,8,
0xa98a1f0,8,
0xa98a248,64,
0xa98a96c,8,
0xa98a9cc,64,
0xa98aa80,4,
0xa98ab48,8,
0xa98ab74,8,
0xa98aba8,8,
0xa98abf0,8,
0xa98ac0c,12,
0xa98ac98,8,
0xa98ad4c,8,
0xa98ae5c,8,
0xa98af68,8,
0xa98afac,8,
0xa98b068,8,
0xa98c03c,4,
0xa98c210,184,
0xa98cba8,76,
0xa98cd70,188,
0xa98d764,188,
0xa98dfe4,180,
0xa98e84c,80,
0xa98ed50,168,
0xa98f414,76,
0xa98f628,76,
0xa98fa3c,76,
0xa98fe68,80,
0xa9902b4,16,
0xa990330,76,
0xa9906a4,192,
0xa991220,8,
0xa9912e4,208,
0xa991ce8,80,
0xa99207c,80,
0xa9923b4,8,
0xa9924fc,132,
0xa992bf8,8,
0xa992c18,4,
0xa992c3c,8,
0xa992ce0,8,
0xa992d1c,8,
0xa992d70,192,
0xa9935e8,8,
0xa993688,8,
0xa9936c4,8,
0xa993724,8,
0xa9937f8,8,
0xa99382c,8,
0xa993c64,3436,_INIT_1032:静态初始化
0xa9ac05c,56,
0xa9ac370,192,
0xa9accb8,168,
0xa9ad4b4,76,
0xa9ad844,192,
0xa9ae3ac,192,
0xa9aedc8,76,
0xa9af1e8,52,
0xa9af408,12,
0xa9af470,52,
0xa9af890,28,
0xa9afba4,76,
0xa9b01cc,12,
0xa9b03c8,184,
0xa9b0ae0,12,
0xa9b0be0,12,
0xa9b0bec,92,
0xa9b1088,52,
0xa9b13b0,8,
0xa9b1750,76,
0xa9b1860,20,
0xa9b1900,20,
0xa9b1d08,12,
0xa9b1f70,88,
0xa9b2104,12,
0xa9b2404,8,
0xa9b2430,8,
0xa9b2494,8,
0xa9b24d0,8,
0xa9b2520,4,
0xa9b2918,192,
0xa9b2e98,32,
0xa9b2fc8,8,
0xa9b2ff8,8,
0xa9b3024,8,
0xa9b3068,8,
0xa9b30c8,8,
0xa9b31ac,8,
0xa9b3208,4,
0xa9b3248,8,
0xa9b3274,8,
0xa9b32dc,64,
0xa9b35d4,8,
0xa9b3628,8,
0xa9b3718,12,
0xa9b382c,8,
0xa9b387c,8,
0xa9b399c,8,
0xa9b3c80,8,
0xa9b3cdc,8,
0xa9b3d10,8,
0xa9b3df4,8,
0xa9b3ea0,4,
0xa9b3ecc,4,
0xa9b3f14,44,
0xa9b40dc,8,
0xa9b417c,8,
0xa9b41c0,8,
0xa9b4218,8,
0xa9b4268,8,
0xa9b42a4,8,
0xa9b4538,8,
0xa9b46f0,16,
0xa9b47b0,12,
0xa9b4808,8,
0xa9b4928,8,
0xa9b4988,8,
0xa9b4a10,8,
0xa9b4a6c,8,
0xa9b4b40,216,
0xa9b6750,116,
0xa9b8274,624,
0xa9b97cc,424,
0xa9ba470,308,
0xa9bb08c,112,
0xa9bbc10,4,
0xa9bbc2c,16,
0xa9bbd34,4,
0xa9bc0b8,276,
0xa9bce08,8,
0xa9bce10,364,
0xa9bd5f0,108,
0xa9bd9e0,272,
0xa9be234,8,
0xa9be23c,76,
0xa9bf6d0,80,
0xa9bf79c,352,
0xa9c0c68,372,
0xa9c22e0,472,
0xa9c3bc8,372,
0xa9c7120,44,
0xa9c7268,44,
0xa9c7408,40,
0xa9c7518,116,
0xa9c7cd0,488,
0xa9c8a38,40,
0xa9c8ba0,8,
0xa9c8ba8,136,
0xa9c9770,200,
0xa9ca788,492,
0xa9cb284,40,
0xa9cb2ac,4,
0xa9cb2b8,8,
0xa9cb2d8,8,
0xa9cb3d0,4,
0xa9cb3d8,4,
0xa9cb478,144,
0xa9cc1e8,76,
0xa9cc300,12,
0xa9cc30c,124,
0xa9cc454,76,
0xa9cc584,76,
0xa9cc708,124,
0xa9cca40,12,
0xa9ccafc,124,
0xa9cce70,52,
0xa9ccfc4,124,
0xa9cd400,8,
0xa9cd448,356,
0xa9cf8fc,824,
0xa9d1610,472,
0xa9d21b0,648,
0xa9d2ce0,8,
0xa9d2d14,8,
0xa9d2e4c,8,
0xa9d2e78,8,
0xa9d3044,4,
0xa9d3074,140,
0xa9d35a0,8,
0xa9d35c8,4,
0xa9d35fc,4,
0xa9d3610,80,
0xa9d374c,8,
0xa9d3780,8,
0xa9d37ac,8,
0xa9d3824,12,
0xa9d38a0,104,
0xa9d3abc,1584,
0xa9e6aa0,40,
0xa9e6c84,44,
0xa9e6e18,40,
0xa9e6f48,16,
0xa9e7cbc,8,
0xa9e7d30,36,
0xa9e8194,908,
0xa9ecfcc,6032,BuildPatchServices::FBuildPatchInstaller::Run:补丁安装器主循环
0xaa15f44,24,
0xaa15f98,100,
0xaa163f0,16,
0xaa16570,40,
0xaa16598,40,
0xaa16644,1188,
0xaa18b2c,60,
0xaa18bb0,24,
0xaa18bfc,12,
0xaa18e90,36,
0xaa18ff8,12,
0xaa19004,604,
0xaa19980,592,
0xaa1aa0c,120,
0xaa1ab88,400,
0xaa1b220,220,
0xaa1b630,600,
0xaa1c7f8,332,
0xaa1d3ac,344,
0xaa1dc44,344,
0xaa1e458,352,
0xaa1ee38,144,
0xaa1f740,8,
0xaa1f750,12,
0xaa1f7d4,4,
0xaa1f7d8,392,
0xaa202f0,20,
0xaa20304,496,
0xaa21e6c,576,
0xaa232e0,288,
0xaa23ed0,344,
0xaa2490c,488,
0xaa258a8,144,
0xaa25fbc,184,
0xaa267d0,144,
0xaa26ccc,4,
0xaa26d24,180,
0xaa27148,16,
0xaa27180,8,
0xaa27188,12,
0xaa2722c,120,
0xaa274d4,144,
0xaa2834c,540,
0xaa290e8,272,
0xaa299bc,300,
0xaa2a184,272,
0xaa2ae40,352,
0xaa2b8d0,8,
0xaa2b8d8,12,
0xaa2b8ec,328,
0xaa2c6a0,156,
0xaa2cbcc,8,
0xaa2cbe8,44,
0xaa2d46c,176,
0xaa2d7f8,308,
0xaa2dfe8,4,
0xaa2e008,160,
0xaa2e6e8,4,
0xaa2e74c,84,
0xaa2ebcc,276,
0xaa2f230,8,
0xaa2f240,12,
0xaa2f250,192,
0xaa2f6ac,128,
0xaa2f85c,8,
0xaa2f884,164,
0xaa2fb88,4,
0xaa2fe04,4,
0xaa2fe20,4,
0xaa2ff60,384,
0xaa31024,84,
0xaa31654,268,
0xaa31e30,144,
0xaa32074,8,
0xaa3207c,12,
0xaa323f8,344,
0xaa332d0,80,
0xaa33340,292,
0xaa33e74,540,
0xaa350a0,272,
0xaa3581c,344,
0xaa36250,36,
0xaa36468,220,
0xaa36c5c,4,
0xaa36d1c,180,
0xaa375b0,172,
0xaa37994,56,
0xaa37c0c,504,
0xaa3a04c,8,
0xaa3a054,188,
0xaa3a204,244,
0xaa3a2f8,7676,BuildPatchServices::DiffHelpers::CalculateInstallTimeCoefficient:补丁安装耗时模拟
0xaaeef48,156,
0xaaef08c,272,
0xaaef968,40,
0xaaef9c4,164,
0xaaf01bc,164,
0xaaf0494,540,
0xaaf2aa8,192,
0xaaf2d78,192,
0xaaf301c,12,
0xaaf3028,76,
0xaaf3148,124,
0xaaf3354,52,
0xaaf3448,184,
0xaaf372c,4,
0xaaf3730,188,
0xaaf39fc,12,
0xaaf3acc,96,
0xaaf3c44,52,
0xaaf3d50,76,
0xaaf3eb0,4,
0xaaf3eb4,180,
0xaaf4238,4,
0xaaf42b8,12,
0xaaf4374,76,
0xaaf44a4,12,
0xaaf44b0,124,
0xaaf48c0,192,
0xaaf4ad4,8,
0xaaf4af0,8,
0xaaf4b08,8,
0xaaf4b18,8,
0xaaf4b2c,8,
0xaaf4b94,8,
0xaaf4ba8,8,
0xaaf4bc0,8,
0xaaf4be4,8,
0xaaf4bfc,8,
0xaaf4c2c,8,
0xaaf4c3c,8,
0xaaf4c64,8,
0xaaf4c70,8,
0xaaf4c90,8,
0xaaf4cac,8,
0xaaf4d0c,12,
0xaaf4d40,12,
0xaaf4d94,8,
0xaaf4f28,12,
0xaaf4f38,8,
0xaaf5008,8,
0xaaf5010,120,
0xaaf50cc,8,
0xaaf50e8,8,
0xaaf515c,8,
0xaaf5174,8,
0xaaf51b0,8,
0xaaf51e0,8,
0xaaf58b8,148,
0xaaf59c4,4,
0xaaf59cc,8,
0xaaf59d4,8,
0xaaf59e4,8,
0xaaf5a28,8,
0xaaf5a30,8,
0xaaf5a54,8,
0xaaf5a74,8,
0xaaf5a80,8,
0xaaf5b58,12,
0xaaf5b7c,8,
0xaaf5ba0,8,
0xaaf5bb8,8,
0xaaf5bf0,4,
0xaaf5cb8,8,
0xaaf5cd0,8,
0xaaf5d00,8,
0xaaf5d24,8,
0xaaf5db0,12,
0xaaf5ddc,8,
0xaaf5df8,8,
0xaaf5e18,32,
0xaaf5e58,8,
0xaaf5ea4,8,
0xaaf5ecc,4,
0xaaf5ef8,8,
0xaaf5f14,148,
0xaaf6ce0,40,
0xaaf6d40,4,
0xaaf6d4c,4,
0xaaf6e70,4,
0xaaf6e8c,60,
0xaaf7024,120,
0xaaf7348,164,
0xaaf7990,124,
0xaaf7cd8,8,
0xaaf7ce0,188,
0xaaf8198,48,
0xaaf832c,188,
0xaaf8754,4,
0xaaf875c,188,
0xaaf8b0c,4,
0xaaf8b3c,4,
0xaaf8b68,4,
0xaaf8b8c,8,
0xaaf8bb0,36,
0xaaf8c64,8,
0xaaf8d40,188,
0xaaf9c44,20,
0xaafa1d4,1312,
0xaaff704,656,
0xab00540,668,
0xab00abc,420,
0xab00f78,168,
0xab01020,1952,
0xab05270,444,
0xab05f80,348,
0xab06838,92,
0xab068fc,12,
0xab06908,296,
0xab06fb0,32,
0xab07440,84,
0xab07a14,688,
0xab087c8,88,
0xab08954,252,
0xab08f50,84,
0xab09058,4,
0xab0905c,4,
0xab09060,76,
0xab0913c,20,
0xab095d4,124,
0xab096e8,4,
0xab096ec,8,
0xab09724,48,
0xab097e4,48,
0xab0990c,52,
0xab09974,4,
0xab09978,352,
0xab0a2b4,84,
0xab0a3e8,232,
0xab0a7c8,4960,FAndroidOpenGL::ProcessExtensions:解析GL扩展串(Android)
0xab56148,1084,
0xab57d94,104,
0xab57ee8,228,
0xab5858c,12,
0xab58598,212,
0xab588c0,104,
0xab59060,36,
0xab59084,4,
0xab59088,4,
0xab5908c,4,
0xab59090,8,
0xab59114,8,
0xab59124,148,
0xab5991c,632,
0xab5acd0,268,
0xab5b0bc,560,
0xab5bc40,500,
0xab5c858,480,
0xab5d644,276,
0xab5de2c,244,
0xab5e998,900,
0xab61854,56,
0xab61988,308,
0xab6248c,344,
0xab635d8,132,
0xab6449c,120,
0xab652ec,120,
0xab656e8,836,
0xab6650c,92,
0xab66568,720,
0xab66d88,540,
0xab6741c,4,
0xab674f8,348,
0xab67994,48,
0xab679f4,48,
0xab67d0c,320,
0xab67fa0,56,
0xab6802c,4,
0xab68030,36,
0xab68064,12,
0xab680ac,100,
0xab685c0,1736,
0xab6a3bc,296,
0xab6a60c,44,
0xab6a658,44,
0xab6a6b0,8,
0xab6a6ec,8,
0xab6a6f4,8,
0xab6a88c,296,
0xab6ac70,48,
0xab6aca8,12,
0xab6acb8,4,
0xab6adfc,36,
0xab6ae20,4,
0xab6ae24,204,
0xab6aef0,8,
0xab6aef8,8,
0xab6af2c,56,
0xab6afe0,8,
0xab6afe8,8,
0xab6affc,60,
0xab6b0b8,184,
0xab6b514,8,
0xab6b51c,12,
0xab6b52c,4,
0xab6c24c,56,
0xab6c284,132,
0xab6c308,120,
0xab6c380,320,
0xab6c5b4,8,
0xab6c5bc,8,
0xab6c5c4,44,
0xab6c5f0,56,
0xab6c67c,4,
0xab6c6a4,8,
0xab6c6ac,8,
0xab6c6fc,100,
0xab6c77c,184,
0xab6c8e0,4,
0xab6c8e4,688,
0xab6ce64,84,
0xab6cef0,4,
0xab6cf18,8,
0xab6cf20,8,
0xab6cf34,60,
0xab6cfd4,4,
0xab6cff0,184,
0xab6d118,60,
0xab6d408,20,
0xab6d41c,48,
0xab6d44c,8,
0xab6d454,12,
0xab6d460,4,
0xab6d464,4,
0xab6d468,320,
0xab6d5a8,36,
0xab6d5cc,4,
0xab6d5d0,204,
0xab6d764,4,
0xab6d768,36,
0xab6d78c,8,
0xab6d79c,12,
0xab6d7e4,100,
0xab6d864,184,
0xab6d9c8,4,
0xab6d9cc,688,
0xab6df84,84,
0xab6e000,8,
0xab6e010,12,
0xab6e058,100,
0xab6e0d8,184,
0xab6e23c,4,
0xab6e240,144,
0xab6e4d4,184,
0xab6e58c,364,
0xab6e8bc,344,
0xab6ed28,268,
0xab6ee34,144,
0xab6eec4,152,
0xab6ef5c,692,
0xab6ffa8,56,
0xab6ffe0,120,
0xab70058,132,
0xab700dc,120,
0xab70154,320,
0xab70294,36,
0xab702b8,4,
0xab702bc,204,
0xab70388,8,
0xab70390,8,
0xab70398,44,
0xab703c4,56,
0xab703fc,84,
0xab70450,4,
0xab70454,36,
0xab70478,8,
0xab70480,8,
0xab70488,12,
0xab70494,60,
0xab704d0,100,
0xab70534,4,
0xab70538,24,
0xab70550,184,
0xab70608,8,
0xab70610,44,
0xab7063c,60,
0xab70678,60,
0xab706b4,4,
0xab706b8,540,
0xab708d4,540,
0xab70af0,1936,
0xab72d44,720,
0xab73bc4,324,
0xab7405c,688,
0xab74e54,212,
0xab753b0,328,
0xab75714,8,
0xab75734,460,
0xab7685c,148,
0xab76b1c,8,
0xab76b24,12,
0xab76b30,152,
0xab76c30,8,
0xab76c38,8,
0xab76c40,44,
0xab76c70,304,
0xab77050,8,
0xab77060,44,
0xab77138,8,
0xab7716c,4,
0xab77190,364,
0xab77d58,8,
0xab77d60,8,
0xab77d68,40,
0xab77d94,8,
0xab77d9c,8,
0xab77da4,44,
0xab77dd4,304,
0xab78608,440,
0xab79178,2056,
0xab7ea3c,1052,
0xab80d00,624,
0xab816a8,452,
0xab82114,408,
0xab82fc4,376,
0xab836cc,16,
0xab83814,472,
0xab83cf0,8,
0xab83f3c,364,
0xab84258,60,
0xab845d0,344,
0xab84be4,96,
0xab84d1c,52,
0xab852b8,136,
0xab85340,48,
0xab854ec,580,
0xab85fe0,792,
0xab869b4,8,
0xab869ec,8,
0xab86a9c,48,
0xab870f0,344,
0xab875a0,8,
0xab875b8,44,
0xab878f8,532,
0xab88748,304,
0xab88ec8,16,
0xab88ed8,820,
0xab8a870,232,
0xab8ad54,8,
0xab8ad74,8,
0xab8ae3c,48,
0xab8afe0,84,
0xab8b524,4,
0xab8b710,8,
0xab8b718,36,
0xab8b78c,256,
0xab8cb7c,504,
0xab8e004,152,
0xab8e0b4,812,
0xab8f1c4,136,
0xab8f6dc,40,
0xab8f718,8,
0xab8f730,8,
0xab8f738,164,
0xab8fb6c,12,
0xab8fb78,92,
0xab8fcac,12,
0xab8fcb8,92,
0xab8fdec,12,
0xab8fdf8,92,
0xab8ff30,12,
0xab8ff3c,92,
0xab9008c,12,
0xab90098,92,
0xab9013c,4,
0xab90150,8,
0xab90178,4,
0xab90194,8,
0xab901ac,4,
0xab901c8,8,
0xab901ec,8,
0xab901fc,8,
0xab90220,8,
0xab9026c,4,
0xab90288,4,
0xab90294,4,
0xab902c0,4,
0xab902f8,8,
0xab90318,12,
0xab90358,8,
0xab90370,8,
0xab903b8,4,
0xab90450,8,
0xab9047c,8,
0xab90570,12,
0xab905c0,8,
0xab9060c,4,
0xab90730,8,
0xab90754,8,
0xab90774,8,
0xab907e0,8,
0xab907fc,8,
0xab90848,8,
0xab90a78,8,
0xab90aa0,44,
0xab90b3c,148,
0xab91dc8,576,
0xab92f74,372,
0xab936fc,716,
0xab9533c,8,
0xab95344,8,
0xab9534c,688,
0xab95c9c,388,
0xab95f9c,1148,
0xab97ec0,128,
0xab97f40,276,
0xab985fc,8,
0xab98604,8,
0xab98614,8,
0xab98640,656,
0xab99300,24,
0xab9931c,600,
0xab9a070,8,
0xab9a098,164,
0xab9a86c,184,
0xab9b17c,92,
0xab9b38c,8,
0xab9b394,196,
0xab9b7d8,4,
0xab9b8f4,4,
0xab9b914,280,
0xab9ca40,316,
0xab9cfcc,4,
0xab9d00c,532,
0xab9e450,12,
0xab9e518,112,
0xab9e764,124,
0xab9eaa4,12,
0xab9eac8,12,
0xab9eb1c,12,
0xab9eb28,12,
0xab9eb58,12,
0xab9eb94,12,
0xab9ebe8,12,
0xab9ec3c,12,
0xab9ec90,12,
0xab9ed18,184,
0xab9f160,8,
0xab9f1b0,8,
0xab9f1d8,8,
0xab9f244,4,
0xab9f278,4,
0xab9f384,8,
0xab9f3a4,8,
0xab9f3d0,8,
0xab9f410,4,
0xab9fd78,4,
0xab9fdb4,4,
0xab9fdbc,16,
0xab9fe3c,8,
0xab9fe44,8,
0xab9fe5c,8,
0xab9ff74,268,
0xaba0d34,180,
0xaba1354,940,
0xaba2ab8,360,
0xaba3a88,112,
0xaba3d9c,88,
0xaba4368,316,
0xaba5030,172,
0xaba5304,68,
0xaba5348,84,
0xaba558c,340,
0xaba5b2c,8,
0xaba5b3c,8,
0xaba5b4c,8,
0xaba5b64,8,
0xaba5c68,8,
0xaba5ea8,20,
0xaba5ecc,8,
0xaba5eec,12,
0xaba5f18,8,
0xaba5f34,8,
0xaba5f58,20,
0xaba5f90,8,
0xaba5fbc,8,
0xaba5fd8,20,
0xaba6044,12,
0xaba60ac,8,
0xaba60d4,8,
0xaba6104,8,
0xaba6150,8,
0xaba6174,4,
0xaba6528,504,
0xaba6d00,284,
0xaba779c,488,
0xaba8c38,12,
0xaba8df4,180,
0xaba9218,248,
0xaba9b5c,276,
0xabaac18,2336,
0xabc389c,52,
0xabc3c70,108,
0xabc422c,132,
0xabc44fc,160,
0xabc4958,640,
0xabc6060,24,
0xabc614c,176,
0xabc6b28,524,
0xabc7fe0,188,
0xabc881c,1224,
0xabcb1a4,8,
0xabcb1ac,1332,
0xabd0c80,28,
0xabd0c9c,564,
0xabd3f2c,564,
0xabd5488,292,
0xabd5fd0,368,
0xabd682c,8,
0xabd6834,292,
0xabd742c,4,
0xabd7430,104,
0xabd7498,112,
0xabd7a98,716,
0xabd8f88,20,
0xabd8fd8,40,
0xabd9164,8,
0xabd9374,4,
0xabd937c,552,
0xabdb328,220,
0xabdbb70,84,
0xabdbbc4,84,
0xabdc240,16,
0xabdc344,580,
0xabdd154,76,
0xabdd9a4,332,
0xabde974,364,
0xabdffe4,224,
0xabe0300,64,
0xabe16fc,552,
0xabe29a4,768,
0xabe49e4,144,
0xabe4c84,8,
0xabe4ca8,24,
0xabe4d10,380,
0xabe5b64,104,
0xabe5d74,52,
0xabe5ddc,52,
0xabe6d60,292,
0xabe70c8,252,
0xabe7348,36,
0xabe7420,112,
0xabe755c,36,
0xabe8190,4,
0xabe8194,4,
0xabe8248,1016,
0xabe9678,28,
0xabe96b0,28,
0xabe9888,68,
0xabe99e8,36,
0xabe9a0c,36,
0xabea02c,8,
0xabea110,180,
0xabea39c,116,
0xabea530,72,
0xabea6b0,84,
0xabea7e8,28,
0xabea820,4,
0xabea868,28,
0xabea9cc,308,
0xabeb370,344,
0xabeb874,8,
0xabeb884,140,
0xabebea0,328,
0xabec4b4,4,
0xabec50c,224,
0xabedc04,252,
0xabedec4,16,
0xabedee4,16,
0xabedf98,116,
0xabee6e8,4,
0xabee75c,8,
0xabee8ec,272,
0xabeed58,8,
0xabeef44,8,
0xabeef4c,228,
0xabef320,352,
0xabf02d0,200,
0xabf0750,112,
0xabf07e0,16,
0xabf0820,284,
0xabf11d8,104,
0xabf1324,144,
0xabf161c,244,
0xabf2178,396,
0xabf34b4,308,
0xabf4840,36,
0xabf4864,84,
0xabf48b8,92,
0xabf4a14,4,
0xabf4a1c,36,
0xabf4ba0,36,
0xabf4c50,140,
0xabf4ddc,220,
0xabf515c,128,
0xabf5514,208,
0xabf5a9c,200,
0xabf5cc0,36,
0xabf5d74,36,
0xabf5df8,40,
0xabf5ecc,60,
0xabf603c,40,
0xabf6274,224,
0xabf69a0,36,
0xabf6a4c,8,
0xabf6d60,36,
0xabf6e40,4,
0xabf6fa0,4,
0xabf6fd0,168,
0xabf7300,76,
0xabf757c,12,
0xabf782c,140,
0xabf79b0,8,
0xabf7ae4,216,
0xabf86e0,344,
0xabf9f64,8,
0xabf9fac,2544,FGizmoCircleComponentSceneProxy::GetDynamicMeshElements:编辑器gizmo圆环绘制
0xac01880,4,
0xac01944,192,
0xac020c4,192,
0xac02750,76,
0xac02894,8,
0xac0298c,4,
0xac02a50,192,
0xac03084,8,
0xac03140,84,
0xac03478,180,
0xac03ad0,12,
0xac03bdc,80,
0xac03d34,92,
0xac0406c,76,
0xac043ac,192,
0xac04a34,76,
0xac04c40,48,
0xac04fe0,164,
0xac055f0,76,
0xac059b8,4,
0xac059bc,4,
0xac059c0,192,
0xac05f9c,192,
0xac066dc,192,
0xac06e74,188,
0xac077a4,4,
0xac07868,192,
0xac07f4c,76,
0xac080f0,192,
0xac08870,56,
0xac08bd4,12,
0xac08c2c,76,
0xac08e38,48,
0xac090b4,76,
0xac092c0,48,
0xac09590,76,
0xac096c0,76,
0xac09a28,188,
0xac0a3ec,156,
0xac0ab20,180,
0xac0afdc,8,
0xac0b17c,12,
0xac0b188,76,
0xac0b540,8,
0xac0b660,76,
0xac0b9c0,8,
0xac0bac0,192,
0xac0c234,80,
0xac0c3e0,92,
0xac0ca5c,8,
0xac0ca64,8,
0xac0cb28,4,
0xac0ccd4,8,
0xac0cd94,4,
0xac0ce40,12,
0xac0cea8,52,
0xac0d15c,8,
0xac0d27c,4,
0xac0d348,184,
0xac0d820,12,
0xac0d8a8,12,
0xac0d8bc,36,
0xac0d9c4,104,
0xac0dde0,240,
0xac0e5b0,8,
0xac0e6b4,8,
0xac0e6bc,192,
0xac0ee64,4,
0xac0ee98,4,
0xac0ef30,8,
0xac0ef74,32,
0xac0f2f8,8,
0xac0f324,8,
0xac0f36c,8,
0xac0f3a8,192,
0xac0fc6c,192,
0xac1037c,8,
0xac103a4,8,
0xac103d8,8,
0xac103f8,8,
0xac10414,8,
0xac1050c,8,
0xac10550,8,
0xac1064c,12,
0xac107ec,8,
0xac10848,8,
0xac10858,8,
0xac1088c,8,
0xac108b8,48,
0xac10950,8,
0xac1098c,184,
0xac12ab8,8,
0xac12ac0,184,
0xac130a8,112,
0xac13460,8,
0xac135ac,4,
0xac13674,76,
0xac13880,48,
0xac13b40,56,
0xac13c74,4,
0xac13d30,184,
0xac143c8,4,
0xac1454c,76,
0xac146ac,192,
0xac14e94,188,
0xac15718,76,
0xac15960,192,
0xac160c4,8,
0xac1618c,92,
0xac16484,8,
0xac165b4,4,
0xac16738,76,
0xac16884,8,
0xac1698c,124,
0xac16cd4,180,
0xac17300,4,
0xac1746c,76,
0xac176c4,188,
0xac17e04,188,
0xac18598,76,
0xac18810,164,
0xac18f0c,188,
0xac1967c,4,
0xac19684,192,
0xac19bf4,76,
0xac19e8c,184,
0xac1a4e0,8,
0xac1a6c4,192,
0xac1aca8,192,
0xac1b4c0,180,
0xac1bc20,180,
0xac1c300,112,
0xac1c570,112,
0xac1cac0,112,
0xac1d0ec,192,
0xac1d7e0,8,
0xac1d8e0,148,
0xac1deb8,4,
0xac1dec4,200,
0xac1e664,8,
0xac1e744,4,
0xac1e84c,36,
0xac1eaa0,180,
0xac1f2d0,220,
0xac1f9cc,4,
0xac1f9d0,200,
0xac20190,36,
0xac20280,136,
0xac208a8,8,
0xac20958,244,
0xac21540,12,
0xac2160c,12,
0xac2179c,12,
0xac21868,12,
0xac21874,192,
0xac21edc,8,
0xac21ee4,8,
0xac21f00,8,
0xac21f28,4,
0xac21f44,8,
0xac21f60,8,
0xac22014,12,
0xac22064,8,
0xac22238,4,
0xac222a0,8,
0xac222dc,8,
0xac22340,8,
0xac22394,32,
0xac22574,4,
0xac225b4,8,
0xac225f4,188,
0xac22dcc,192,
0xac23654,12,
0xac239b0,4,
0xac250a0,4,
0xac250a4,4,
0xac250a8,184,
0xac25578,4,
0xac256e4,76,
0xac25834,8,
0xac258f0,72,
0xac25ce4,80,
0xac2604c,8,
0xac26110,140,
0xac26590,24,
0xac265c0,4,
0xac266ac,12,
0xac26840,188,
0xac27d40,15380,"VectorVM(Niagara)编译程序执行体:FVectorVMContext::PrepareForExec+TThreadSingleton, 最大单函数(15KB)"
0xacfdef0,316,
0xacfe7dc,116,
0xacfe9fc,684,
0xad00344,4,
0xad00348,400,
0xad01a68,112,
0xad01ff0,524,
0xad02940,332,
0xad03538,44,
0xad03564,276,
0xad043b4,708,
0xad05904,1048,
0xad0785c,240,
0xad07cd0,16,
0xad07dc4,68,
0xad07ee8,8,
0xad07f54,8,
0xad0800c,84,
0xad08210,224,
0xad08a64,452,
0xad09854,384,
0xad0b378,40,
0xad0b404,100,
0xad0b494,44,
0xad0b8d8,36,
0xad0ba4c,156,
0xad0bb84,80,
0xad0bddc,668,
0xad0da5c,8,
0xad0dcb0,772,
0xad106fc,48,
0xad107cc,48,
0xad10990,120,
0xad10df4,56,
0xad11268,36,
0xad11464,296,
0xad13790,516,
0xad13c50,68,
0xad13ff4,116,
0xad140f8,32,
0xad14130,8,
0xad14148,256,
0xad14cb4,368,
0xad154a0,32,
0xad15b40,116,
0xad16cbc,3092,"GetLinkMeshes:导航链接网格(调试线,用FLinearColor)"
0xad20ef0,212,
0xad210d4,200,
0xad21230,4,
0xad21404,36,
0xad21440,4,
0xad21454,4,
0xad21460,8,
0xad2147c,8,
0xad21490,12,
0xad214d4,4,
0xad2160c,304,
0xad218e0,48,
0xad21a20,8,
0xad21a28,8,
0xad21a60,8,
0xad21ad8,56,
0xad21b98,8,
0xad21bb0,8,
0xad21be0,8,
0xad21cb8,60,
0xad21ec8,8,
0xad21ed8,4,
0xad21edc,4,
0xad21ee4,12,
0xad21f08,8,
0xad21f68,80,
0xad221c0,256,
0xad2245c,4,
0xad22468,8,
0xad224e8,96,
0xad22758,108,
0xad229ec,36,
0xad22a50,40,
0xad22bd8,120,
0xad22e88,8,
0xad230a0,36,
0xad234b8,36,
0xad23530,36,
0xad235f4,144,
0xad23e48,360,
0xad24338,1288,
0xad25a4c,8,
0xad25a74,8,
0xad25a7c,8,
0xad25a8c,8,
0xad25b2c,8,
0xad25b64,8,
0xad25b7c,144,
0xad26190,8,
0xad26198,8,
0xad261a8,8,
0xad261b8,156,
0xad26518,8,
0xad26530,144,
0xad26bb4,120,
0xad26dd0,120,
0xad27180,4,
0xad2729c,4,
0xad272b8,8,
0xad27370,32,
0xad2741c,140,
0xad276a4,140,
0xad27b0c,296,
0xad287e4,16,
0xad2881c,8,
0xad28824,12,
0xad28838,448,
0xad297fc,40,
0xad29840,12,
0xad2987c,12,
0xad299b8,144,
0xad2a168,12,
0xad2a184,40,
0xad2a1c8,540,
0xad2ad68,336,
0xad2b3e4,8,
0xad2b45c,164,
0xad2b808,4,
0xad2b83c,156,
0xad2be10,104,
0xad2c35c,164,
0xad2c998,180,
0xad2cb5c,620,
0xad2e1e0,304,
0xad2e8ac,688,
0xad2ff8c,688,
0xad31580,8,
0xad315a8,8,
0xad31670,48,
0xad317ac,4,
0xad317c4,8,
0xad318bc,4,
0xad318cc,8,
0xad319f0,80,
0xad31bb8,44,
0xad31eb0,136,
0xad324a4,176,
0xad32f44,164,
0xad34004,3260,FNavTestSceneProxy::GetDynamicMeshElements:导航测试代理绘制
0xad41efc,252,
0xad41ff8,56,
0xad42928,88,
0xad42cd0,44,
0xad42d94,44,
0xad42e20,84,
0xad43094,184,
0xad4351c,40,
0xad43544,8,
0xad4354c,292,
0xad43954,8,
0xad43a68,100,
0xad44ab0,324,
0xad44db8,284,
0xad45570,28,
0xad45674,16,
0xad45684,16,
0xad457fc,852,
0xad4726c,376,
0xad473e4,236,
0xad474d0,228,
0xad47a3c,412,
0xad47d28,700,
0xad493ac,188,
0xad49758,408,
0xad4a238,36,
0xad4a88c,984,
0xad4d60c,1712,
0xad53068,32,
0xad53088,32,
0xad530cc,44,
0xad53e48,12,
0xad53e54,136,
0xad53edc,40,
0xad53f8c,960,
0xad558a8,96,
0xad55908,316,
0xad55a44,668,
0xad56548,804,
0xad58c98,48,
0xad58cc8,928,
0xad59e80,96,
0xad5a1d8,192,
0xad5ac20,604,
0xad5d94c,780,
0xad5e094,160,
0xad5e134,88,
0xad5e18c,268,
0xad5e4e8,36,
0xad5e80c,1980,
0xad6784c,264,
0xad67a74,512,
0xad68438,4,
0xad68c98,4,
0xad68c9c,4,
0xad68ca0,4,
0xad68ca4,8,
0xad68cac,768,
0xad6acec,144,
0xad6b0e4,248,
0xad6b404,272,
0xad6b9c0,56,
0xad6b9f8,4,
0xad6ba30,4,
0xad6baf8,56,
0xad6bd18,164,
0xad6cb94,244,
0xad6ce18,168,
0xad6d234,536,
0xad6df5c,136,
0xad6dfe4,144,
0xad6e2cc,148,
0xad6e3fc,796,
0xad71174,40,
0xad7119c,368,
0xad716f4,20,
0xad71720,204,
0xad71a04,232,
0xad71dc8,32,
0xad72044,468,
0xad7282c,172,
0xad72af8,32,
0xad72b64,44,
0xad72de0,168,
0xad73358,192,
0xad738b4,184,
0xad73d30,16,
0xad73d50,16,
0xad73d70,16,
0xad73d90,16,
0xad73dc0,16,
0xad73df0,16,
0xad73e20,76,
0xad74044,4,
0xad74048,4,
0xad741cc,76,
0xad742d8,12,
0xad743ac,76,
0xad745cc,192,
0xad74b64,4,
0xad74ce8,76,
0xad74e00,8,
0xad74f14,4,
0xad74f18,4,
0xad74f1c,192,
0xad7549c,192,
0xad759e0,192,
0xad76010,16,
0xad76040,16,
0xad761f4,4,
0xad762a0,12,
0xad7633c,92,
0xad76544,192,
0xad76bb4,8,
0xad76bbc,192,
0xad771d8,76,
0xad774f4,56,
0xad7759c,52,
0xad77844,176,
0xad77f10,192,
0xad783c4,16,
0xad78424,92,
0xad78968,556,
0xad7a1fc,552,
0xad7af9c,76,
0xad7b154,76,
0xad7b3e4,76,
0xad7b5a0,16,
0xad7b5f0,192,
0xad7bf58,36,
0xad7c108,184,
0xad7c754,12,
0xad7c774,52,
0xad7c840,8,
0xad7c884,12,
0xad7c8d4,8,
0xad7c988,8,
0xad7c9b4,8,
0xad7c9dc,8,
0xad7ca40,8,
0xad7cac4,4,
0xad7cbd0,44,
0xad7cd24,8,
0xad7cda0,8,
0xad7ce78,4,
0xad7cefc,8,
0xad7cf24,8,
0xad7cff4,12,
0xad7d04c,8,
0xad7d118,4,
0xad7d148,8,
0xad7d17c,4,
0xad7d1a0,8,
0xad7d21c,8,
0xad7d288,8,
0xad7d4f8,192,
0xad7d8ec,8,
0xad7d930,4,
0xad7d9e8,44,
0xad7dc48,192,
0xad7f4b0,76,
0xad7f5c8,8,
0xad7f690,80,
0xad7f9ec,76,
0xad7fd18,192,
0xad80338,12,
0xad8040c,48,
0xad80610,192,
0xad80cf4,76,
0xad80fd4,192,
0xad81708,12,
0xad81860,168,
0xad81dc0,192,
0xad823d8,16,
0xad824bc,192,
0xad82cf0,12,
0xad82d04,192,
0xad83344,76,
0xad83674,188,
0xad83fd8,12,
0xad840a8,56,
0xad841c4,192,
0xad84964,12,
0xad84afc,12,
0xad84bc8,12,
0xad84bd4,192,
0xad850c8,8,
0xad850fc,8,
0xad8513c,8,
0xad8521c,188,
0xad86ae0,8,
0xad86bac,28,
0xad86c18,144,
0xad8725c,56,
0xad87388,4,
0xad8744c,76,
0xad87590,8,
0xad87598,192,
0xad87a30,12,
0xad87ad8,36,
0xad87bd8,12,
0xad87ca4,12,
0xad87cb0,192,
0xad8876c,64,
0xad88900,108,
0xad88c24,264,
0xad8914c,136,
0xad895e4,72,
0xad89adc,88,
0xad8a078,188,
0xad8a630,44,
0xad8a68c,332,
0xad8c1d4,276,
0xad8c7f0,408,
0xad8d6e0,36,
0xad8d704,12,
0xad8d730,40,
0xad8d900,88,
0xad8db5c,84,
0xad8de48,136,
0xad8df8c,16,
0xad8e0a0,4,
0xad8e10c,32,
0xad8e260,8,
0xad8e3bc,76,
0xad8e98c,12,
0xad8e9e4,76,
0xad8ec30,12,
0xad8ec3c,124,
0xad8f08c,184,
0xad8f820,192,
0xad8fa90,8,
0xad8fb58,84,
0xad8fe08,488,
0xad90a54,336,
0xad91438,184,
0xad91af0,192,
0xad920a4,36,
0xad92120,40,
0xad921ac,8,
0xad921d8,8,
0xad92204,8,
0xad922f0,8,
0xad9232c,8,
0xad92430,12,
0xad92640,12,
0xad927d8,12,
0xad927e4,192,
0xad9334c,24,
0xad93384,400,
0xad94224,236,
0xad946dc,256,
0xad95078,64,
0xad95248,336,
0xad95bc4,888,
0xad97b74,404,
0xad987d0,300,
0xad99178,100,
0xad9920c,296,
0xad9a544,108,
0xad9a5b0,1100,
0xad9c6d0,252,
0xad9cfd8,16,
0xad9cfe8,184,
0xad9d2f0,48,
0xad9d394,40,
0xad9d590,48,
0xad9d6d8,116,
0xad9dc2c,40,
0xad9dcf4,36,
0xad9de38,1124,
0xada140c,200,
0xada2b7c,216,
0xada319c,268,
0xada39ec,436,
0xada4aa0,588,
0xada666c,44,
0xada67b4,648,
0xada7fac,332,
0xada8ad4,288,
0xada9328,480,
0xada9b60,3816,"行为树辅助(UBTNode/UBehaviorTreeTypes相关,大函数无名)"
0xadb49ec,116,
0xadb4a60,364,
0xadb4f90,312,
0xadb56e8,116,
0xadb5c1c,1064,
0xadb8608,116,
0xadb8cd4,268,
0xadb9124,44,
0xadb9374,180,
0xadb9c68,40,
0xadba080,268,
0xadba99c,80,
0xadbaa38,88,
0xadbad60,284,
0xadbb7a8,4,
0xadbb7ac,4,
0xadbb8f8,156,
0xadbbed8,540,
0xadbd774,4,
0xadbd898,36,
0xadbd8c0,36,
0xadbdadc,168,
0xadbe03c,8,
0xadbe054,4,
0xadbe150,8,
0xadbe2b8,124,
0xadbea5c,36,
0xadbeabc,8,
0xadbebc0,36,
0xadbecfc,64,
0xadbf02c,40,
0xadbf1e0,8,
0xadbf280,76,
0xadbf4ec,144,
0xadbfe50,120,
0xadc02e4,652,
0xadc1314,168,
0xadc16ac,4,
0xadc16ec,8,
0xadc17cc,48,
0xadc1a50,144,
0xadc2348,112,
0xadc2794,564,
0xadc40e4,168,
0xadc47f0,144,
0xadc4ac4,4,
0xadc4d18,136,
0xadc58ec,312,
0xadc5fb4,296,
0xadc6b10,292,
0xadc7268,520,
0xadc8358,4,
0xadc8360,124,
0xadc8c30,64,
0xadc8e50,1152,
0xadced7c,328,
0xadcf570,116,
0xadcfafc,200,
0xadd0418,80,
0xadd0930,16,
0xadd0d98,616,
0xadd2798,40,
0xadd2a78,136,
0xadd2d70,104,
0xadd318c,8,
0xadd3470,8,
0xadd3478,324,
0xadd47e4,76,
0xadd4b80,8,
0xadd4b88,488,
0xadd5f04,224,
0xadd74b8,296,
0xadd7da8,328,
0xadd87c0,196,
0xadd8dcc,48,
0xadd8ec4,292,
0xadd9c48,252,
0xadda5b8,424,
0xaddd554,104,
0xadddb60,140,
0xadddce4,284,
0xadde324,16,
0xadde334,16,
0xadde344,108,
0xadde660,4,
0xadde664,4,
0xadde674,8,
0xadde770,88,
0xaddeb7c,16,
0xaddec80,48,
0xaddefe4,676,
0xade0184,84,
0xade0cf0,596,
0xade248c,84,
0xade24e0,248,
0xade268c,40,
0xade2838,56,
0xade2a1c,220,
0xade2cd0,48,
0xade3548,544,
0xade4678,152,
0xade4a34,168,
0xade5010,164,
0xade55e4,244,
0xade5dd0,48,
0xade6e64,48,
0xade769c,44,
0xade76c8,48,
0xade7724,8,
0xade772c,4,
0xade7ae4,344,
0xade8018,80,
0xade81cc,80,
0xade8560,40,
0xade85a4,36,
0xade85d0,8,
0xade85e4,176,
0xade8e40,332,
0xadee7b8,412,
0xadeeee0,408,
0xadef5e8,520,
0xadefe9c,1544,
0xadf6320,228,
0xadf66dc,44,
0xadf67f0,84,
0xadf6e38,284,
0xadf70bc,1040,
0xadf8ac0,160,
0xadf8dbc,132,
0xadf9184,144,
0xadf93dc,80,
0xadf95d4,132,
0xadf97d4,4,
0xadf97dc,4,
0xadf97e0,4,
0xadf9940,124,
0xadf9c9c,132,
0xadf9eec,76,
0xadfa07c,80,
0xadfa25c,120,
0xadfa59c,112,
0xadfa8d4,8,
0xadfa9ac,156,
0xadfacc0,164,
0xadfb0a4,120,
0xadfb484,160,
0xadfb984,216,
0xadfbddc,156,
0xadfc3ac,36,
0xadfc478,116,
0xadfc768,160,
0xadfcae0,4,
0xadfcb14,8,
0xadfcb80,60,
0xadfcc78,36,
0xadfce50,256,
0xadfd5c4,80,
0xadfd93c,180,
0xadfdc54,8,
0xadfdc8c,8,
0xadfdca0,12,
0xadfdd38,36,
0xadfde50,124,
0xadfe294,36,
0xadfe340,36,
0xadfe668,504,
0xadff1a8,4,
0xadff1b0,8,
0xadff218,32,
0xadff32c,100,
0xadff4c0,80,
0xadff6a4,80,
0xadff890,236,
0xadffde8,100,
0xadfffb8,76,
0xae0018c,100,
0xae00374,100,
0xae00820,4,
0xae0082c,8,
0xae0083c,44,
0xae00950,56,
0xae00c08,184,
0xae017f0,168,
0xae01948,1048,
0xae03dd4,164,
0xae04260,136,
0xae0467c,168,
0xae04bec,608,
0xae07630,176,
0xae077e0,584,
0xae084c4,4308,UEnvQueryGenerator_Donut::GetDescriptionDetails:EQS环形生成器描述
0xae16978,172,
0xae16a24,60,
0xae16a60,524,
0xae16c6c,4,
0xae76354,188,
0xae76880,192,
0xae76de8,76,
0xae7710c,4,
0xae771cc,188,
0xae7771c,76,
0xae7798c,80,
0xae77ad4,12,
0xae77b88,76,
0xae77d7c,192,
0xae785cc,12,
0xae78820,4,
0xae78824,192,
0xae78df4,120,
0xae79260,76,
0xae793a8,12,
0xae794e4,76,
0xae796f8,192,
0xae79c0c,8,
0xae79c5c,8,
0xae79c88,8,
0xae79cb0,32,
0xae79de4,40,
0xae79ea8,8,
0xae79f78,8,
0xae79fac,8,
0xae7a188,192,
0xae7a88c,12,
0xae7a960,188,
0xae7aed0,12,
0xae7afa8,188,
0xae7b2b4,8,
0xae7b408,8,
0xae7b44c,32,
0xae7b5a4,4,
0xae7b5d0,4,
0xae7b604,4,
0xae7b6c8,8,
0xae7b6e0,8,
0xae7b70c,8,
0xae7b818,12,
0xae7ba84,192,
0xae7d1e0,188,
0xae7d950,76,
0xae7da6c,188,
0xae7e018,188,
0xae7e4a0,188,
0xae7ea60,188,
0xae7f0e4,188,
0xae7f6a8,188,
0xae7fc08,188,
0xae80178,188,
0xae806ec,188,
0xae80f04,356,
0xae81b74,292,
0xae82398,288,
0xae829bc,184,
0xae82e10,76,
0xae82f4c,76,
0xae831ac,76,
0xae83698,8,
0xae83758,60,
0xae8392c,16,
0xae83a48,12,
0xae83a54,8,
0xae83c1c,192,
0xae841b4,124,
0xae84598,76,
0xae84760,76,
0xae8488c,192,
0xae84e14,4,
0xae84fdc,188,
0xae85468,12,
0xae855a0,56,
0xae8570c,176,
0xae85ce0,76,
0xae85e80,76,
0xae86048,76,
0xae86344,72,
0xae866c4,12,
0xae8678c,12,
0xae86798,188,
0xae86e94,12,
0xae86f5c,12,
0xae87024,12,
0xae870e8,12,
0xae870f4,192,
0xae88538,188,
0xae88ad4,16,
0xae88b30,192,
0xae89098,4,
0xae8909c,192,
0xae895b4,4,
0xae89678,16,
0xae89698,16,
0xae896b8,16,
0xae896d8,16,
0xae897c8,12,
0xae89964,192,
0xae89ef4,8,
0xae89fb8,72,
0xae8a288,12,
0xae8a358,60,
0xae8a560,188,
0xae8a9bc,12,
0xae8aad0,188,
0xae8afdc,76,
0xae8b1f8,4,
0xae8b1fc,4,
0xae8b2bc,188,
0xae8b81c,76,
0xae8b9f4,68,
0xae8bcc0,12,
0xae8bdd0,4,
0xae8be90,188,
0xae8c3f4,4,
0xae8c5c4,192,
0xae8cb24,192,
0xae8cdcc,92,
0xae8d180,192,
0xae8d738,4,
0xae8d73c,4,
0xae8d848,188,
0xae8dd88,4,
0xae8debc,312,
0xae8e768,76,
0xae8e970,4,
0xae8e974,4,
0xae8ea34,188,
0xae8ef74,56,
0xae8f0a0,4,
0xae8f164,192,
0xae8f6d8,12,
0xae8f6ec,188,
0xae8fd00,76,
0xae8ffe8,4,
0xae900a8,188,
0xae90578,76,
0xae9089c,104,
0xae90ad0,188,
0xae9115c,76,
0xae91448,12,
0xae915fc,4,
0xae916bc,188,
0xae91b78,192,
0xae920fc,12,
0xae921c8,12,
0xae9229c,192,
0xae92824,188,
0xae92da0,192,
0xae931a4,8,
0xae93208,8,
0xae93228,8,
0xae93244,8,
0xae932c8,8,
0xae932ec,8,
0xae93334,8,
0xae93408,12,
0xae9372c,12,
0xae93800,188,
0xae93bec,188,
0xae94090,12,
0xae94224,12,
0xae95744,180,
0xae95bdc,204,
0xae96050,76,
0xae962dc,180,
0xae9675c,188,
0xae96d30,56,
0xae96e30,192,
0xae972a8,4,
0xae9736c,188,
0xae977f8,192,
0xae97dd4,192,
0xae98274,4,
0xae98334,76,
0xae98444,8,
0xae98534,4,
0xae9853c,180,
0xae989b4,80,
0xae98bb8,76,
0xae98d50,192,
0xae992e0,8,
0xae99428,4,
0xae9947c,80,
0xae994d8,76,
0xae9980c,8,
0xae99814,188,
0xae99c18,188,
0xae9a220,80,
0xae9a388,188,
0xae9a948,8,
0xae9aa0c,172,
0xae9ad98,8,
0xae9af18,188,
0xae9b2ec,4,
0xae9b468,76,
0xae9b57c,8,
0xae9b640,208,
0xae9bb0c,80,
0xae9bc64,76,
0xae9be48,12,
0xae9bea0,80,
0xae9c130,12,
0xae9c13c,76,
0xae9c2d4,12,
0xae9c380,12,
0xae9c42c,12,
0xae9c438,80,
0xae9c678,80,
0xae9c8d4,12,
0xae9c8e0,92,
0xae9cb78,92,
0xae9cd20,16,
0xae9cdf4,52,
0xae9cfdc,76,
0xae9d238,76,
0xae9d464,4,
0xae9d46c,192,
0xae9d9d0,12,
0xae9daa4,84,
0xae9dd88,16,
0xae9ddb8,16,
0xae9dee0,8,
0xae9dfa8,124,
0xae9e288,12,
0xae9e354,12,
0xae9e360,188,
0xae9e69c,4,
0xae9e6c0,8,
0xae9e6e4,104,
0xae9e924,8,
0xae9e930,8,
0xae9e960,4,
0xae9e9d8,12,
0xae9ea18,8,
0xae9ea38,8,
0xae9ea70,4,
0xae9ec04,180,
0xae9efe8,188,
0xae9f554,12,
0xae9f584,8,
0xae9f604,8,
0xae9f624,8,
0xae9f640,8,
0xae9f66c,8,
0xae9f778,8,
0xae9f79c,8,
0xae9f7b4,8,
0xae9f804,8,
0xae9f884,44,
0xae9f8f4,8,
0xae9f9e8,8,
0xae9fa1c,8,
0xae9fa40,8,
0xae9fa88,4,
0xae9fae0,60,
0xae9fb7c,8,
0xae9fc9c,12,
0xae9fcd0,12,
0xae9fd2c,8,
0xae9fd4c,64,
0xae9fe88,8,
0xae9feb0,12,
0xae9ff18,4,
0xae9ffc0,8,
0xae9ffdc,8,
0xaea0010,44,
0xaea00f4,12,
0xaea0150,8,
0xaea0170,8,
0xaea01cc,8,
0xaea0200,8,
0xaea0248,8,
0xaea0268,8,
0xaea029c,8,
0xaea02bc,8,
0xaea02f0,8,
0xaea0340,12,
0xaea0380,8,
0xaea0398,8,
0xaea03d8,4,
0xaea062c,12,
0xaea1b64,80,
0xaea1c04,12,
0xaea1c10,76,
0xaea1d6c,48,
0xaea202c,12,
0xaea2100,48,
0xaea21f8,192,
0xaea2678,76,
0xaea27c4,192,
0xaea2c6c,76,
0xaea2e78,76,
0xaea308c,132,
0xaea32e4,76,
0xaea3420,12,
0xaea3478,192,
0xaea3c7c,632,
0xaea56e0,8,
0xaea56e8,180,
0xaea5b7c,180,
0xaea6094,8,
0xaea621c,120,
0xaea6400,4,
0xaea6450,76,
0xaea65cc,192,
0xaea6b9c,16,
0xaea6bcc,16,
0xaea6c58,188,
0xaea71d8,4,
0xaea7298,188,
0xaea7740,188,
0xaea7b00,12,
0xaea7b68,52,
0xaea8044,192,
0xaea8298,192,
0xaea896c,76,
0xaea8a04,76,
0xaea8b88,16,
0xaea8c74,8,
0xaea8e2c,12,
0xaea8e38,92,
0xaea9040,76,
0xaea926c,36,
0xaea92bc,8,
0xaea92d0,8,
0xaea9304,8,
0xaea9424,8,
0xaea944c,12,
0xaea94b8,8,
0xaea9650,12,
0xaea9728,188,
0xaea9afc,12,
0xaea9c98,188,
0xaea9fdc,8,
0xaeaa010,4,
0xaeaa02c,8,
0xaeaa048,8,
0xaeaa110,8,
0xaeaa14c,8,
0xaeaa198,4,
0xaeaa200,8,
0xaeaa234,8,
0xaeaa258,8,
0xaeaa2b0,8,
0xaeaa2d4,8,
0xaeaa31c,8,
0xaeaa3fc,192,
0xaeab608,48,
0xaeab640,4,
0xaeab648,100,
0xaeab6fc,4,
0xaeab80c,272,
0xaeac1a8,16,
0xaeac444,4,
0xaeac448,892,
0xaead600,276,
0xaeada24,120,
0xaeade90,40,
0xaeadf04,80,
0xaeae594,168,
0xaeae63c,260,
0xaeae91c,660,
0xaeafb54,244,
0xaeafe80,12,
0xaeafe8c,8,
0xaeafe9c,44,
0xaeaff1c,8,
0xaeaff2c,8,
0xaeaff4c,164,
0xaeb07cc,8,
0xaeb07d4,192,
0xaeb0b68,8,
0xaeb0c30,56,
0xaeb0dbc,52,
0xaeb0eb8,12,
0xaeb0ec4,124,
0xaeb12c8,192,
0xaeb1704,12,
0xaeb1710,124,
0xaeb1a50,12,
0xaeb1b24,48,
0xaeb1c4c,184,
0xaeb2008,8,
0xaeb20fc,4,
0xaeb2100,4,
0xaeb21b8,180,
0xaeb2554,76,
0xaeb2674,124,
0xaeb2a28,12,
0xaeb2a80,192,
0xaeb2fc8,192,
0xaeb3594,8,
0xaeb35a8,8,
0xaeb35c8,8,
0xaeb36cc,8,
0xaeb36f0,8,
0xaeb3700,8,
0xaeb371c,8,
0xaeb3734,8,
0xaeb3770,4,
0xaeb3804,8,
0xaeb3830,8,
0xaeb3978,8,
0xaeb3990,12,
0xaeb39f4,4,
0xaeb3a28,8,
0xaeb3a40,8,
0xaeb3a5c,8,
0xaeb3a88,8,
0xaeb3ad8,8,
0xaeb3af8,8,
0xaeb3b1c,8,
0xaeb3b64,4,
0xaeb3c50,8,
0xaeb3c90,8,
0xaeb3cb0,8,
0xaeb3d38,8,
0xaeb3d84,8,
0xaeb3db4,8,
0xaeb3f54,180,
0xaeb4ec0,640,
0xaeb697c,452,
0xaeb7348,4,
0xaeb734c,60,
0xaeb7388,8,
0xaeb7390,60,
0xaeb73cc,8,
0xaeb73d4,60,
0xaeb7418,208,
0xaeb75e8,20,
0xaeb76d4,8,
0xaeb76dc,252,
0xaeb7b88,300,
0xaeb8698,144,
0xaeb8bc4,12,
0xaeb8be8,488,
0xaeb9114,120,
0xaeb9380,124,
0xaeb95e4,116,
0xaeb983c,120,
0xaeb9b0c,120,
0xaeb9e54,8,
0xaeb9e5c,116,
0xaeb9ed0,124,
0xaeba29c,116,
0xaeba56c,116,
0xaeba748,124,
0xaebaac0,8,
0xaebab0c,120,
0xaebaf48,8,
0xaebaf8c,4,
0xaebb140,452,
0xaebc348,12,
0xaebc35c,192,
0xaebc6fc,180,
0xaebd05c,400,
0xaebd5c4,188,
0xaebd680,192,
0xaebd964,12,
0xaebd970,76,
0xaebdac4,12,
0xaebdad0,76,
0xaebdcbc,12,
0xaebdd20,192,
0xaebe270,192,
0xaebe6a0,76,
0xaebe7ec,8,
0xaebe8ec,176,
0xaebec24,76,
0xaebed78,192,
0xaebf1a8,76,
0xaebf2fc,192,
0xaebf888,76,
0xaebf9dc,192,
0xaebff68,192,
0xaec0560,76,
0xaec05f8,192,
0xaec0d6c,88,
0xaec1030,192,
0xaec1354,8,
0xaec16c4,188,
0xaec1ac4,192,
0xaec20b0,76,
0xaec2228,8,
0xaec2328,700,
0xaec3eb0,56,
0xaec421c,76,
0xaec4374,80,
0xaec47b0,76,
0xaec4848,192,
0xaec5094,56,
0xaec52f8,192,
0xaec5708,188,
0xaec5ea4,192,
0xaec62f8,192,
0xaec68fc,120,
0xaec6d44,120,
0xaec7118,16,
0xaec719c,8,
0xaec71b8,8,
0xaec71d8,8,
0xaec733c,8,
0xaec735c,8,
0xaec7378,8,
0xaec73b8,8,
0xaec7498,192,
0xaec7af8,192,
0xaec814c,12,
0xaec83b0,12,
0xaec8488,192,
0xaec9e90,56,
0xaeca230,132,
0xaeca438,136,
0xaecab94,5016,FChaosBreakingEventFilter::SortEvents:Chaos破碎事件排序
0xaedc76c,36,
0xaedc790,188,
0xaedc894,320,
0xaedd118,1380,
0xaee0b6c,188,
0xaee0c28,24,
0xaee0c40,180,
0xaee0df4,11348,FPhysicsAssetSimulationUtil::BuildParams:组装Chaos物理资产模拟参数(骨骼/分析隐式体)
