addr,size,name,note
0x825981c,136,OnCursorQuery,
0x82598a4,484,OnTouchEnded,
0x825a1c8,856,GetKeyboardFocusableWidget,
0x825a830,476,OnPaint,
0x825acb0,12,GetPhysicalOffset,
0x825acbc,136,SetOnPhysicalOffsetChange,
0x825ad44,64,ForceEndInertialScrolling,
0x825ad84,8,ResetOverscrollParams,
0x825ad8c,156,SetOverscrollPolicy,
0x825ae28,20,SetScrollTopBotPadding,
0x825ae3c,12,SetScrollTopBotPadding,
0x825ae48,600,SetExternalScrollBar,
0x825ca04,8,GetChildren,
0x825ca0c,428,ComputeDesiredSize,
0x825cbb8,280,Construct,
0x825ccd0,28,ComputeDesiredSize,
0x825ccec,160,Construct,
0x825cd8c,8,OnPaint,
0x825cd94,92,ComputeDesiredSize,
0x825cdf0,108,Slot,
0x825ce5c,376,AddSlot,
0x825cfd4,12,SlotAt,
0x825cfe0,220,RemoveAt,
0x825d0bc,476,Construct,
0x825d298,1236,ArrangeChildrenForLayout,
0x825d76c,1468,OnArrangeChildren,
0x825e9d4,648,OnMouseButtonUp,
0x825f110,64,HandleResizingByMousePosition,
0x825f150,232,FindResizeableSlotBeforeHandle,
0x825f238,272,FindResizeableSlotAfterHandle,
0x825f348,384,OnMouseButtonDoubleClick,
0x825f554,24,OnMouseLeave,
0x825f56c,652,OnCursorQuery,
0x82603b0,376,ArrangeChildrenForLayout,
0x8260528,8,Num,
0x8260530,1468,OnArrangeChildren,
0x8264710,36,~SGridPanel,
0x8264758,228,~SRadialBox,
0x8264bd4,56,~SScissorRectBox,
0x8264ce0,156,~SScrollBarTrack,
0x8264ed0,148,~SScrollPanel,
0x8265250,44,GetChildAt,
0x82653c8,112,~FSlot,
0x82655ac,8,FUN_082655ac,
0x82655c4,8,FUN_082655c4,
0x826577c,900,FUN_0826577c,
0x8266c88,196,~FSlot,
0x8266e90,120,~FSlot,
0x8267318,128,~TPanelChildren,
0x82673fc,128,~TPanelChildren,
0x82676b8,12,GetSlotAt,
0x82677c4,8,Num,
0x82677f8,44,GetChildAt,
0x826795c,44,GetChildAt,
0x8267cb0,92,~TBaseSPMethodDelegateInstance,
0x8267ec0,196,CreateCopy,
0x826848c,92,~TBaseSPMethodDelegateInstance,
0x826869c,196,CreateCopy,
0x8268a58,96,FUN_08268a58,
0x8268bcc,60,FUN_08268bcc,
0x8268f00,8,GetUObject,
0x8268f08,184,GetObjectForTimerManager,
0x82693ac,600,CreateSP<SEditableTextBox>,
0x826a640,92,~TBaseSPMethodDelegateInstance,
0x826a6a4,184,GetObjectForTimerManager,
0x826a91c,248,Execute,
0x826afa4,192,HasSameObject,
0x826b5d8,68,~TBaseSPMethodDelegateInstance,
0x826b680,184,GetObjectForTimerManager,
0x826bb1c,692,PrivateAllocateWidget,
0x826d280,8,GetUObject,
0x826d340,8,GetBoundProgramCounterForTimerManager,
0x826d348,192,HasSameObject,
0x826d7bc,144,ResizeGrow,
0x826db44,8,GetUObject,
0x826db4c,184,GetObjectForTimerManager,
0x826ddbc,412,Execute,
0x826e7dc,256,Execute,
0x826ed10,184,GetObjectForTimerManager,
0x826f49c,68,~TBaseSPMethodDelegateInstance,
0x826f53c,8,GetUObject,
0x826f544,184,GetObjectForTimerManager,
0x826fa08,376,PrivateAllocateWidget,
0x82709d4,36,~SNumericEntryBox,
0x82709f8,936,Tick,
0x827629c,540,OnTextChanged,
0x82767f8,548,ToolTipText<SNumericEntryBox<float>>,
0x8276fcc,184,ToString,
0x82776fc,68,~TBaseSPMethodDelegateInstance,
0x8277740,92,~TBaseSPMethodDelegateInstance,
0x827779c,8,GetUObject,
0x82777a4,184,GetObjectForTimerManager,
0x8277924,44,IsSafeToExecute,
0x8277a14,256,Execute,
0x8277ee4,92,~TBaseSPMethodDelegateInstance,
0x82780c8,44,IsSafeToExecute,
0x82780f4,196,CreateCopy,
0x82785f4,360,SSpinBox,
0x8279fd4,1412,OnMouseButtonUp,
0x827cd1c,1104,ApplySliderMinValueChanged,
0x8280050,552,Text<SSpinBox<float>>,
0x8280278,264,GetValueAsText,
0x8280534,108,GetTextMinDesiredWidth,
0x82805a0,552,Text<SSpinBox<float>>,
0x8280ef8,240,TextField_OnTextCommitted,
0x828119c,600,CreateSP<SSpinBox<float>>,
0x8281e7c,196,CreateCopy,
0x82823cc,68,~TBaseSPMethodDelegateInstance,
0x828252c,8,GetBoundProgramCounterForTimerManager,
0x82825f4,44,IsSafeToExecute,
0x82826e4,256,Execute,
0x8282c10,8,GetUObject,
0x8282c18,184,GetObjectForTimerManager,
0x8282e88,248,Execute,
0x8283624,248,Execute,
0x8283cd0,44,IsSafeToExecute,
0x8283cfc,196,CreateCopy,
0x8284450,68,~TBaseSPMethodDelegateInstance,
0x82845b0,8,GetBoundProgramCounterForTimerManager,
0x82845b8,192,HasSameObject,
0x8284860,308,ExecuteIfSafe,
0x8284f04,256,Execute,
0x82855c4,120,FUN_082855c4,
0x8285acc,120,FUN_08285acc,
0x8285e5c,8,Num,
0x8285e64,44,GetChildAt,
0x8285ebc,12,GetSlotAt,
0x8285ec8,128,~TPanelChildren,
0x82861e4,92,~TBaseSPMethodDelegateInstance,
0x82863c8,44,IsSafeToExecute,
0x82863f4,8,GetHandle,
0x82863fc,196,CreateCopy,
0x8286950,68,~TBaseSPMethodDelegateInstance,
0x8286ab0,8,GetBoundProgramCounterForTimerManager,
0x8286b78,44,IsSafeToExecute,
0x8286c68,248,Execute,
0x82873ac,44,IsSafeToExecute,
0x82873d8,196,CreateCopy,
0x8287964,92,~TBaseSPMethodDelegateInstance,
0x8287a88,192,HasSameObject,
0x8288048,236,DestroyObject,
0x82884f8,192,HasSameObject,
0x82888dc,600,CreateSP<SSearchBox>,
0x8289b74,68,~TBaseSPMethodDelegateInstance,
0x8289c1c,184,GetObjectForTimerManager,
0x8289e8c,248,Execute,
0x828a568,8,GetUObject,
0x828a630,192,HasSameObject,
0x828ac50,4,~TCommonDelegateInstanceState,
0x828ac54,68,~TBaseSPMethodDelegateInstance,
0x828acf4,8,GetUObject,
0x828acfc,184,GetObjectForTimerManager,
0x828b074,316,ExecuteIfSafe,
0x828b820,372,ExecuteIfSafe,
0x828c000,308,ExecuteIfSafe,
0x828c5b4,44,IsSafeToExecute,
0x828c6a4,248,Execute,
0x828ced4,332,operator<<=,
0x828d6ec,412,Execute,
0x828e1dc,492,ExecuteIfSafe,
0x828ed9c,8,DestroyObject,
0x828eda4,4,~TIntrusiveReferenceController,
0x828ef48,840,~SComboBoxInner,
0x82908d8,248,Call,
0x8290ff8,8,GetValue,
0x8291000,8,GetValueAsVariant,
0x8291260,68,~TBaseSPMethodDelegateInstance,
0x82912a4,92,~TBaseSPMethodDelegateInstance,
0x8291300,8,GetUObject,
0x82913c0,8,GetBoundProgramCounterForTimerManager,
0x82913c8,192,HasSameObject,
0x82914bc,196,CreateCopy,
0x8291968,600,CreateSP<STextComboBox>,
0x82924b8,68,~TBaseSPMethodDelegateInstance,
0x82924fc,92,~TBaseSPMethodDelegateInstance,
0x829270c,196,CreateCopy,
0x8293eac,284,"OnGenerateRow<SComboBoxInner<TSharedPtr<FString,(ESPMode)1>,SListView<TSharedPtr<FString,(ESPMode)1>>>>",
0x8294c44,284,"OnMenuOpenChanged<SComboBoxInner<TSharedPtr<FString,(ESPMode)1>,SListView<TSharedPtr<FString,(ESPMode)1>>>>",
0x8295118,8,GetBoundProgramCounterForTimerManager,
0x8295120,192,HasSameObject,
0x829520c,196,CreateCopy,
0x829546c,584,ExecuteIfSafe,
0x8295df4,36,~SComboRow,
0x8295e18,8,~SComboRow,
0x8295e20,40,~SComboRow,
0x8295e48,8,OnMouseButtonDown,
0x8295e50,600,"CreateSP<SComboBoxInner<TSharedPtr<FString,(ESPMode)1>,SListView<TSharedPtr<FString,(ESPMode)1>>>>",
0x82962fc,196,CreateCopy,
0x8296748,600,"CreateSP<SComboBoxInner<TSharedPtr<FString,(ESPMode)1>,SListView<TSharedPtr<FString,(ESPMode)1>>>>",
0x8296db4,312,ExecuteIfSafe,
0x82973b0,200,~TBaseSPMethodDelegateInstance,
0x8297478,204,~TBaseSPMethodDelegateInstance,
0x829760c,192,HasSameObject,
0x82977ec,416,Execute,
0x8297c60,4,~TCommonDelegateInstanceState,
0x8297ebc,68,~TBaseSPMethodDelegateInstance,
0x8297f00,92,~TBaseSPMethodDelegateInstance,
0x829801c,8,GetBoundProgramCounterForTimerManager,
0x8298024,192,HasSameObject,
0x82981d4,412,Execute,
0x8298810,68,~TBaseSPMethodDelegateInstance,
0x8298854,92,~TBaseSPMethodDelegateInstance,
0x82988b0,8,GetUObject,
0x82988b8,184,GetObjectForTimerManager,
0x8298b28,412,Execute,
0x82991a8,8,GetUObject,
0x82991b0,184,GetObjectForTimerManager,
0x8299420,248,Execute,
0x82999dc,8,GetUObject,
0x82999e4,184,GetObjectForTimerManager,
0x8299c54,248,Execute,
0x8299f68,184,GetObjectForTimerManager,
0x829a2d8,308,ExecuteIfSafe,
0x829a724,256,Execute,
0x829ada8,68,~TBaseSPMethodDelegateInstance,
0x829ae48,8,GetUObject,
0x829ae50,184,GetObjectForTimerManager,
0x829b0c0,288,Execute,
0x829b60c,8,GetUObject,
0x829b6cc,8,GetBoundProgramCounterForTimerManager,
0x829b6d4,192,HasSameObject,
0x829b984,308,ExecuteIfSafe,
0x829bd54,92,~TBaseSPMethodDelegateInstance,
0x829be70,8,GetBoundProgramCounterForTimerManager,
0x829bf38,44,IsSafeToExecute,
0x829bf64,196,CreateCopy,
0x829c254,288,ResizeGrow,
0x829c740,92,~TBaseSPMethodDelegateInstance,
0x829c85c,8,GetBoundProgramCounterForTimerManager,
0x829c864,192,HasSameObject,
0x829cb0c,372,ExecuteIfSafe,
0x829cf78,8,GetUObject,
0x829cf80,184,GetObjectForTimerManager,
0x829d1f0,256,Execute,
0x829d71c,8,GetUObject,
0x829d724,184,GetObjectForTimerManager,
0x829d994,256,Execute,
0x829de64,92,~TBaseSPMethodDelegateInstance,
0x829df80,8,GetBoundProgramCounterForTimerManager,
0x829e048,44,IsSafeToExecute,
0x829e074,196,CreateCopy,
0x829e364,152,ResizeShrink,
0x829e3fc,136,ResizeTo,
0x829e868,8,GetUObject,
0x829e928,8,GetBoundProgramCounterForTimerManager,
0x829e930,192,HasSameObject,
0x829ebd8,372,ExecuteIfSafe,
0x829efe8,92,~TBaseSPMethodDelegateInstance,
0x829f1cc,44,IsSafeToExecute,
0x829f1f8,196,CreateCopy,
0x829f4f0,600,CreateSP<SExpandableArea>,
0x82a005c,192,HasSameObject,
0x82a0440,168,ResizeGrow,
0x82a0694,156,ResizeTo,
0x82a0aac,688,Rehash,
0x82a1c28,92,~TBaseSPMethodDelegateInstance,
0x82a1e0c,44,IsSafeToExecute,
0x82a1efc,248,Execute,
0x82a23c4,92,~TBaseSPMethodDelegateInstance,
0x82a24e0,8,GetBoundProgramCounterForTimerManager,
0x82a24e8,192,HasSameObject,
0x82a2790,308,ExecuteIfSafe,
0x82a2b4c,92,~TBaseSPMethodDelegateInstance,
0x82a2d30,44,IsSafeToExecute,
0x82a2d5c,196,CreateCopy,
0x82a30f4,8,GetUObject,
0x82a30fc,184,GetObjectForTimerManager,
0x82a35a0,144,ResizeGrow,
0x82a38cc,92,~TBaseSPMethodDelegateInstance,
0x82a3ab0,44,IsSafeToExecute,
0x82a3adc,196,CreateCopy,
0x82a3e64,480,PrivateAllocateWidget,
0x82a4c8c,460,ExecuteIfSafe,
0x82a5390,68,~TBaseSPMethodDelegateInstance,
0x82a55b8,44,IsSafeToExecute,
0x82a56a8,256,Execute,
0x82a5b48,168,FUN_082a5b48,
0x82a675c,2128,OnArrangeChildren,
0x82b40b4,8,GetChildren,
0x82b40bc,512,OnPaint,
0x82b4558,276,RemoveSlot,
0x82b48d0,124,Tick,
0x82b494c,424,FChildArranger,
0x82b50cc,768,FinalizeLine,
0x82b53cc,212,Arrange,
0x82b54a0,92,OnArrangeChildren,
0x82b54fc,12,ClearChildren,
0x82b5508,360,Empty,
0x82b5670,116,ComputeDesiredSize,
0x82b56e4,8,GetChildren,
0x82b56ec,12,SetInnerSlotPadding,
0x82b56f8,156,SetWrapWidth,
0x82b5794,156,SetWrapSize,
0x82b5830,92,SetUseAllottedWidth,
0x82b588c,92,SetUseAllottedSize,
0x82b58e8,8,SetOrientation,
0x82b58f0,852,BeginNotification,
0x82b6b44,32,GetDesiredSizeScale,
0x82b6b64,160,MyVisibility,
0x82b6c04,548,ToolTipText<SErrorHint>,
0x82b7024,8,SetError,
0x82b702c,196,SetError,
0x82b71b4,32,HasError,
0x82b71d4,32,HasError,
0x82b7334,328,AsWidget,
0x82b7f40,344,MyVisibility,
0x82b8098,432,ContentScale<SErrorText>,
0x82b8248,32,GetDesiredSizeScale,
0x82b8268,500,SetError,
0x82b845c,668,SetText,
0x82b8990,264,HasError,
0x82b8bd8,328,AsWidget,
0x82b9e60,300,FArguments,
0x82b9f8c,368,~FArguments,
0x82ba0fc,492,FArguments,
0x82ba2e8,296,Text,
0x82ba410,328,Font,
0x82ba558,272,"TAttribute<TArray<FNotificationButtonInfo,TSizedDefaultAllocator<32>>>",
0x82ba668,300,CheckBoxText,
0x82ba794,300,HyperlinkText,
0x82ba8c0,1600,~FArguments,
0x82bb4ec,248,NotificationItemFadedOut,
0x82bb5e4,1332,Construct,
0x82bc3c4,332,Font,
0x82bc510,52,SetError,
0x82bc544,52,SetError,
0x82bc578,440,SetError,
0x82bc730,8,SetError,
0x82bc738,16,HasError,
0x82bc748,16,HasError,
0x82bc758,320,AsWidget,
0x82bc898,328,AsWidget,
0x82bccf8,248,SetPercent,
0x82bcdf0,756,UpdateMarqueeActiveTimer,
0x82bd420,200,SetBorderPadding,
0x82bd564,28,GetFillImage,
0x82bd59c,392,PushTransformedClip,
0x82bdeb4,32,ComputeDesiredSize,
0x82bded4,308,ComputeVolatility,
0x82be1ac,600,CreateSP<SProgressBar>,
0x82be648,12,ClearChildren,
0x82be654,360,Empty,
0x82bef50,568,OnPaint,
0x82bf188,16,ComputeDesiredSize,
0x82bf198,8,GetChildren,
0x82bf1a0,560,SInvalidationPanel,
0x82bf6c4,40,~SInvalidationPanel,
0x82bf768,712,UpdateCachePrequisites,
0x82c0050,124,Advanced_IsInvalidationRoot,
0x82c015c,212,GetRootWidget,
0x82c03a0,96,GetToolTipWrapWidth,
0x82c18b4,8,SetContentWidget,
0x82c18bc,100,ResetContentWidget,
0x82c1920,100,ResetContentWidget,
0x82c1984,300,IsEmpty,
0x82c1be4,708,Construct,
0x82c28a4,200,Tick,
0x82c2a50,204,OnMapCursor,
0x82c2c28,268,OnMouseButtonUp,
0x82c2f10,268,OnMouseMove,
0x82c3128,268,OnMouseButtonDoubleClick,
0x82c3340,268,OnKeyUp,
0x82c3558,268,OnKeyChar,
0x82c3774,200,OnFocusLost,
0x82c3a14,156,SetCustomHitTestPath,
0x82c3ab0,40,GetCustomHitTestPath,
0x82c3ad8,200,OnWindowClosed,
0x82c3ba0,268,OnViewportActivated,
0x82c3e80,268,OnTouchMoved,
0x82c4098,268,OnTouchForceChanged,
0x82c42b0,268,OnTouchGesture,
0x82c44c8,204,OnQueryShowFocus,
0x82c4678,192,OnFinishedPointerInput,
0x82c4784,28,TranslateMouseCoordinateForCustomHitTestChild,
0x82c487c,2108,Construct,
0x82c78ac,296,Text,
0x82c79d4,328,Font,
0x82c7d54,504,OnTextChanged,
0x82c88f4,1448,~SInlineEditableTextBlock,
0x82c9e14,560,SetText,
0x82ca69c,600,CreateSP<SInlineEditableTextBlock>,
0x82cac8c,332,OnKeyDown,
0x82cd220,2028,SetEditableText,
0x82d39e4,320,SetWrapTextAt,
0x82d3c5c,312,SetWrappingPolicy,
0x82d4248,320,SetLineHeightGap,
0x82d4590,164,GetVirtualKeyboardEntry,
0x82d4bd8,76,SetHorizontalScrollFraction,
0x82d4c24,76,SetVerticalScrollFraction,
0x82d4d90,12,GetScrollOffset,
0x82d4d9c,12,GetComputedWrappingWidth,
0x82d4da8,88,GetAutoWrapText,
0x82d4e00,888,HandleFocusReceived,
0x82d5e50,512,HandleTypeChar,
0x82d77e8,528,HandleEscape,
0x82d79f8,568,HandleDelete,
0x82d7ee0,368,HandleKeyUp,
0x82d8a18,212,IsTextSelectedAt,
0x82d8aec,2888,HandleMouseButtonUp,Slate HandleMouseButtonUp 鼠标释放处理
0x82e5ab4,76,GetCurrentTextLine,
0x82e5b00,8,SetText,
0x82e5b18,8,SetHintText,
0x82e5b30,52,GetSearchText,
0x82e5c68,348,SetFont,
0x82e6040,148,SetSelectAllTextWhenFocused,
0x82e639c,120,IsTextReadOnly,
0x82e6514,8,ShouldJumpCursorToEndWhenFocused,
0x82e651c,8,ShouldJumpCursorToEndWhenFocused,
0x82e659c,120,ShouldSelectAllTextWhenFocused,
0x82e686c,120,ShouldClearKeyboardFocusOnCommit,
0x82e68f4,120,ShouldSelectWordOnMouseDoubleClick,
0x82e6b6c,104,CanTypeCharacter,
0x82e6eec,84,GetVirtualKeyboardDismissAction,
0x82e6ff8,108,GetSlateWidget,
0x82e7234,344,BuildContextMenuContent,
0x82e7494,148,UpdateAndClampHorizontalScrollBar,
0x82e7828,244,SelectAllText,
0x82e7ce4,8,GetRunUnderCursor,
0x82e7d44,8,Refresh,
0x82e82f4,56,CacheDesiredSize,
0x82e83d8,288,OnKeyChar,
0x82e9128,8,OnMouseButtonDoubleClick,
0x82e9130,464,OnCursorQuery,
0x82e9aa4,36,~SRichTextBlock,
0x82eaa64,672,OnPaint,
0x82eb3ac,20,SetWrappingPolicy,
0x82eb5c8,20,SetTransformPolicy,
0x82eb7f8,20,SetMargin,
0x82eb820,528,"SetAttribute<ETextJustify::Type,ETextJustify::Type>",
0x82ed79c,116,GetFont,
0x82ed8e0,120,GetShadowOffset,
0x82ed9d0,120,GetHighlightColor,
0x82ee148,1760,OnPaint,
0x82f24e8,212,GetExpanderVisibility,
0x82f26d8,380,OnArrowClicked,
0x82f324c,1096,Construct,
0x82f79dc,332,SetAssociatedVerticalScrollBar,
0x82f7d9c,116,GetMenuOverlayVisibility,
0x82f7ed0,220,ShouldGeneratedColumn,
0x82f801c,1680,OnMouseButtonUp,
0x82fcf5c,124,~FTextCompositionHighlighter,
0x82fd548,36,~FSlot,
0x82fd658,120,~FSlot,
0x82fdb2c,148,ResizeForCopy,
0x82fdbc0,4,~ILineHighlighter,
0x82fdbc4,136,FUN_082fdbc4,
0x82fdfbc,36,~FSlot,
0x82fdfe0,128,~TPanelChildren,
0x82fe0c4,128,~TPanelChildren,
0x82fe48c,44,GetChildAt,
0x82fe5f0,44,GetChildAt,
0x82fe648,12,GetSlotAt,
0x82fe654,128,~TPanelChildren,
0x82fe99c,152,ResizeShrink,
0x82ff004,600,CreateSP<SWindowTitleBarArea>,
0x83000ac,452,Reserve,
0x830147c,68,~TBaseSPMethodDelegateInstance,
0x830151c,8,GetUObject,
0x8301524,184,GetObjectForTimerManager,
0x8301794,264,Execute,
0x8301c24,196,CreateCopy,
0x83021b8,92,~TBaseSPMethodDelegateInstance,
0x83023c8,196,CreateCopy,
0x8302794,92,~TBaseSPMethodDelegateInstance,
0x83028b0,8,GetBoundProgramCounterForTimerManager,
0x8302978,44,IsSafeToExecute,
0x83029a4,196,CreateCopy,
0x8302f38,92,~TBaseSPMethodDelegateInstance,
0x8303054,8,GetBoundProgramCounterForTimerManager,
0x830311c,44,IsSafeToExecute,
0x830320c,264,Execute,
0x830367c,144,~SNotificationItemExternalImpl,
0x830382c,304,SetText,
0x830447c,384,~SNotificationItemImpl,
0x8304888,648,~SNotificationExtendable,
0x83060ac,432,ColorAndOpacity<SNotificationItemExternalImpl>,
0x83064fc,432,DesiredSizeScale<SNotificationItemExternalImpl>,
0x83069cc,68,~TBaseSPMethodDelegateInstance,
0x8306a6c,8,GetUObject,
0x8306b2c,8,GetBoundProgramCounterForTimerManager,
0x8306b34,192,HasSameObject,
0x8306ce4,248,Execute,
0x8307200,68,~TBaseSPMethodDelegateInstance,
0x83072a0,8,GetUObject,
0x83072a8,184,GetObjectForTimerManager,
0x8307518,288,Execute,
0x8307a08,92,~TBaseSPMethodDelegateInstance,
0x8307bec,44,IsSafeToExecute,
0x8307c18,196,CreateCopy,
0x8307f18,392,PrivateAllocateWidget,
0x8309104,432,DesiredSizeScale<SNotificationItemImpl>,
0x830cf4c,600,CreateSP<SNotificationItemImpl>,
0x830d3cc,44,IsSafeToExecute,
0x830d3f8,196,CreateCopy,
0x830d5b4,460,ExecuteIfSafe,
0x830db38,8,GetBoundProgramCounterForTimerManager,
0x830db40,192,HasSameObject,
0x830dcf0,288,Execute,
0x830e19c,68,~TBaseSPMethodDelegateInstance,
0x830e1e0,92,~TBaseSPMethodDelegateInstance,
0x830e2fc,8,GetBoundProgramCounterForTimerManager,
0x830e304,192,HasSameObject,
0x830e4b4,264,Execute,
0x830e8ac,128,OnButtonClicked,
0x830e92c,444,"Visibility<SNotificationItemImpl,EVisibility,EVisibility,EVisibility,EVisibility>",
0x830edbc,552,Text<SNotificationItemImpl>,
0x830f894,588,"CreateSP<SNotificationItemImpl,TDelegate<void(),FDefaultDelegateUserPolicy>>",
0x8310184,372,ExecuteIfSafe,
0x83107c4,8,GetUObject,
0x83107cc,184,GetObjectForTimerManager,
0x8310980,196,CreateCopy,
0x8310ca0,4,~TCommonDelegateInstanceState,
0x8310ca4,600,CreateSP<SNotificationItemImpl>,
0x8311800,8,GetBoundProgramCounterForTimerManager,
0x8311808,192,HasSameObject,
0x8311ab0,460,ExecuteIfSafe,
0x83120fc,44,IsSafeToExecute,
0x83121ec,248,Execute,
0x83126b4,92,~TBaseSPMethodDelegateInstance,
0x8312898,44,IsSafeToExecute,
0x83128c4,196,CreateCopy,
0x8312bbc,68,~TBaseSPMethodDelegateInstance,
0x8312c64,184,GetObjectForTimerManager,
0x8312fd4,308,ExecuteIfSafe,
0x83132e0,16,HasSameObject,
0x83133f0,4,~TBaseStaticDelegateInstance,
0x83133f4,8,GetUObject,
0x83133fc,8,GetObjectForTimerManager,
0x8313414,8,IsSafeToExecute,
0x83134b8,8,Execute,
0x831368c,108,DestroyObject,
0x831397c,600,CreateSP<SInlineEditableTextBlock>,
0x83143b4,92,~TBaseSPMethodDelegateInstance,
0x8314410,8,GetUObject,
0x83144d0,8,GetBoundProgramCounterForTimerManager,
0x83144d8,192,HasSameObject,
0x83148b4,68,~TBaseSPMethodDelegateInstance,
0x8314954,8,GetUObject,
0x831495c,184,GetObjectForTimerManager,
0x8314ccc,308,ExecuteIfSafe,
0x83150d4,28,Execute,
0x8315134,8,GetBoundProgramCounterForTimerManager,
0x8315154,164,CreateCopy,
0x831539c,8,IsSafeToExecute,
0x8315528,228,ExecuteIfSafe,
0x831589c,4,~TReferenceControllerWithDeleter,
0x83158d8,24,DestroyObject,
0x831599c,184,GetObjectForTimerManager,
0x8315efc,8,FUN_08315efc,
0x8315f68,8,FUN_08315f68,
0x8315f70,8,FUN_08315f70,
0x8315f80,8,FUN_08315f80,
0x8315f90,152,FUN_08315f90,
0x8316364,600,CreateSP<SExpanderArrow>,
0x8317568,92,~TBaseSPMethodDelegateInstance,
0x831783c,248,Execute,
0x8317f28,44,IsSafeToExecute,
0x8317f54,196,CreateCopy,
0x8318948,68,~TBaseSPMethodDelegateInstance,
0x83189f0,184,GetObjectForTimerManager,
0x8318d70,308,ExecuteIfSafe,
0x83193f4,4,~TCommonDelegateInstanceState,
0x83193f8,512,PrivateAllocateWidget,
0x831d8f4,260,GetComboButtonBorderBrush,
0x831dcc0,216,GetComboButtonTint,
0x831e094,424,Visibility<STableColumnHeader>,
0x831e6cc,8,GetBoundProgramCounterForTimerManager,
0x831e6d4,192,HasSameObject,
0x831e97c,372,ExecuteIfSafe,
0x831f4ec,68,~TBaseSPMethodDelegateInstance,
0x831f58c,8,GetUObject,
0x831f64c,8,GetBoundProgramCounterForTimerManager,
0x831f654,192,HasSameObject,
0x831fa38,600,CreateSP<STableColumnHeader>,
0x83206d0,88,FUN_083206d0,
0x8320bd4,8,FUN_08320bd4,
0x8320be4,192,FUN_08320be4,
0x8321318,8,FUN_08321318,
0x8321320,8,FUN_08321320,
0x8321328,8,FUN_08321328,
0x8321338,8,FUN_08321338,
0x8321348,152,FUN_08321348,
0x83214d0,92,~TBaseSPMethodDelegateInstance,
0x83215f4,192,HasSameObject,
0x83219f4,8,FUN_083219f4,
0x83219fc,8,FUN_083219fc,
0x8321a04,8,FUN_08321a04,
0x8321a0c,8,FUN_08321a0c,
0x8321a14,8,FUN_08321a14,
0x8321ab4,16,FUN_08321ab4,
0x8321ac4,8,FUN_08321ac4,
0x8321acc,68,~TBaseSPMethodDelegateInstance,
0x8321b6c,8,GetUObject,
0x8321c2c,8,GetBoundProgramCounterForTimerManager,
0x8321cf4,44,IsSafeToExecute,
0x8321d20,8,GetHandle,
0x8321df4,268,Execute,
0x8322530,9444,ConstructChildren,Slate 面板 ConstructChildren 子控件构建
0x8367bac,884,MenuToRename,
0x8367f20,296,MenuToDelete,
0x8368048,284,OnTextChanged<SColorThemesViewer>,
0x8368164,1416,ChangeThemeName,
0x8369128,544,FArguments,
0x8369514,1436,OnGenerateColorThemeBars,
0x836b464,616,MakeUniqueThemeName,
0x836c02c,284,OnCurrentThemeChanged<SColorThemesViewer>,
0x836c528,424,UseAlpha<SColorThemesViewer>,
0x836cd4c,848,OnPaint,
0x836ed54,16,IsMouseOver,
0x836ed64,72,OnMouseCaptureLost,
0x836f120,420,Construct,
0x836f608,132,CanShowPage,
0x836f68c,23664,Construct,Slate SWidget 派生类 Construct(FArguments) 控件构造主函数
0x8882d8c,28,operator(),
0x8882f04,1628,"GJKPenetration<true,float,Chaos::TGJKCoreShape<Chaos::FConvex>,Chaos::TGJKCoreShape<Chaos::FConvex>>",
0x888a018,456,FUN_0888a018,
0x888a594,348,_ZNSt6__ndk111__sift_downIRNS_7greaterIZN5Chaos3EPAIfZNS2_14GJKPenetrationILb1EfNS2_13TGJKCoreShapeINS2_7FConvexEEENS5_INS2_24TImplicitObjectInstancedIS6_EEEEEEbRKT1_RKT2_RKNS2_15TRigidTransformIT0_Li3EEERSI_RNS2_7TVectorISI_Li3EEESP_SP_RiSQ_SI_SI_RKSO_SI_EUlRKNSN_IfLi3EEEE_ZNS4_ILb1EfS7_SA_EEbSD_SG_SL_SM_SP_SP_SP_SQ_SQ_SI_SI_SS_SI_EUlSV_E0_EENS2_10EEPAResultER6TArrayINSN_IT_Li3EEE22TSizedDefaultAllocatorILi32EEES15_RKSI_SD_RS10_RS11_S19_S19_E16FEPAEntryWrapperEENS_11__wrap_iterIPS1A_EEEEvSI_SI_S10_NS_15iterator_traitsISI_E15difference_typeESI_,
0x888af7c,1852,"EPA<float,Chaos::GJKPenetration<true,float,Chaos::TGJKCoreShape<Chaos::FConvex>,Chaos::TGJKCoreShape<Chaos::TImplicitObjectScaled<Chaos::FConvex,true>>>(Chaos::TGJKCoreShape<Chaos::FConvex>const&,Chaos::TGJKCoreShape<Chaos::TImplicitObjectScaled<Chaos::FConvex,true>>const&,Chaos::TRigidTransform<float,3>const&,float&,Chaos::TVector<float,3>&,Chaos::TVector<float,3>&,Chaos::TVector<float,3>&,int&,int&,float,float,Chaos::TVector<float,3>const&,float)::{lambda(Chaos::TVector<float,3>const&)#1},Chaos::GJKPenetration<true,float,Chaos::TGJKCoreShape<Chaos::FConvex>,Chaos::TGJKCoreShape<Chaos::TImplicitObjectScaled<Chaos::FConvex,true>>>(Chaos::TGJKCoreShape<Chaos::FConvex>const&,Chaos::TGJKCoreShape<Chaos::TImplicitObjectScaled<Chaos::FConvex,true>>const&,Chaos::TRigidTransform<float,3>const&,float&,Chaos::TVector<float,3>&,Chaos::TVector<float,3>&,Chaos::TVector<float,3>&,int&,int&,float,float,Chaos::TVector<float,3>const&,float)::{lambda(Chaos::TVector<float,3>const&)#2}>",
0x8892568,560,operator(),
0x8893bd4,28,operator(),
0x8893d4c,932,"GJKContactPoint2<Chaos::TBox<float,3>,Chaos::TBox<float,3>>",
0x8895bb0,348,_ZNSt6__ndk111__sift_downIRNS_7greaterIZN5Chaos3EPAIfZNS2_14GJKPenetrationILb1EfNS2_4TBoxIfLi3EEES6_EEbRKT1_RKT2_RKNS2_15TRigidTransformIT0_Li3EEERSE_RNS2_7TVectorISE_Li3EEESL_SL_RiSM_SE_SE_RKSK_SE_EUlRKNSJ_IfLi3EEEE_ZNS4_ILb1EfS6_S6_EEbS9_SC_SH_SI_SL_SL_SL_SM_SM_SE_SE_SO_SE_EUlSR_E0_EENS2_10EEPAResultER6TArrayINSJ_IT_Li3EEE22TSizedDefaultAllocatorILi32EEES11_RKSE_S9_RSW_RSX_S15_S15_E16FEPAEntryWrapperEENS_11__wrap_iterIPS16_EEEEvSE_SE_SW_NS_15iterator_traitsISE_E15difference_typeESE_,
0x88966a0,420,operator(),
0x8896f24,1844,"InitializeEPA<float,Chaos::GJKPenetration<true,float,Chaos::FCapsule,Chaos::TBox<float,3>>(Chaos::FCapsule_const&,Chaos::TBox<float,3>const&,Chaos::TRigidTransform<float,3>const&,float&,Chaos::TVector<float,3>&,Chaos::TVector<float,3>&,Chaos::TVector<float,3>&,int&,int&,float,float,Chaos::TVector<float,3>const&,float)::{lambda(Chaos::TVector<float,3>const&)#1},Chaos::GJKPenetration<true,float,Chaos::FCapsule,Chaos::TBox<float,3>>(Chaos::FCapsule_const&,Chaos::TBox<float,3>const&,Chaos::TRigidTransform<float,3>const&,float&,Chaos::TVector<float,3>&,Chaos::TVector<float,3>&,Chaos::TVector<float,3>&,int&,int&,float,float,Chaos::TVector<float,3>const&,float)::{lambda(Chaos::TVector<float,3>const&)#2}>",
0x889d0f8,152,~TImplicitObjectScaled,
0x889d70c,168,Serialize,
0x889e590,152,~TImplicitObjectScaled,
0x889eadc,128,Overlap,
0x889ee08,1168,SerializePtr<Chaos::FCapsule>,
0x88a3f64,144,ResizeGrow,
0x88a48d4,452,EmplaceImpl,
0x88a59c8,324,"ExtractData<Chaos::Legacy::TConvexFlattenedArrayStructureData<int,int>>",
0x88a5f60,136,ResizeTo,
0x88a65a0,164,ResizeGrow,
0x88a6c7c,152,ResizeShrink,
0x88a6efc,152,ResizeShrink,
0x88a7720,352,operator<<,
0x88a83e0,260,BuildUniqueEdgeList,
0x88a8e34,488,operator<<,
0x88aa790,828,"LowLevelSweepGeom<Chaos::TImplicitObjectScaled<Chaos::TBox<float,3>,true>>",
0x88ada70,1644,"CastHelper<Chaos::Collisions::GJKImplicitSweptContactPoint<Chaos::FCapsule,Chaos::FHeightField>(Chaos::FImplicitObject_const&,Chaos::TRigidTransform<float,3>const&,Chaos::FHeightField_const&,Chaos::TRigidTransform<float,3>const&,Chaos::TVector<float,3>const&,float,float&)::{lambda(auto:1_const&,Chaos::TRigidTransform<float,3>const&)#1}>",
0x88b5980,1644,"CastHelper<Chaos::Collisions::GJKImplicitScaledTriMeshSweptContactPoint<Chaos::FConvex>(Chaos::FImplicitObject_const&,Chaos::TRigidTransform<float,3>const&,Chaos::TImplicitObjectScaled<Chaos::FTriangleMeshImplicitObject,true>const&,Chaos::TRigidTransform<float,3>const&,Chaos::TVector<float,3>const&,float,float&)::{lambda(auto:1_const&,Chaos::TRigidTransform<float,3>const&)#1}>",
0x88c3d70,3244,ConstructSpherePlaneConstraints<Chaos::Collisions::TConstructCollisionTraits<true>>,Chaos ConstructSpherePlaneConstraints<true>
0x88ce9ec,3244,ConstructConvexHeightFieldConstraints<Chaos::Collisions::TConstructCollisionTraits<true>>,Chaos ConstructConvexHeightFieldConstraints<true>
0x88d78d4,576,SampleObjectHelper,
0x88d7d18,2216,"GJKRaycast<float,Chaos::FConvex,Chaos::TSphere<float,3>>","Chaos GJKRaycast<float,FConvex,TSphere>"
0x88db88c,192,ApplyPushOutConstraints,
0x88dbbb8,48,FUN_088dbbb8,
0x88dbbe8,512,operator++,
0x88dcc74,488,FUN_088dcc74,
0x88dce5c,3692,IntegrateImpl2,Chaos IntegrateImpl2 积分
0x88ebfb8,44,FUN_088ebfb8,
0x88ec8a0,328,SetNum,
0x88ed900,64,FImplicitObject,
0x88ed940,1204,BuildGeomData<float>,
0x88f15fc,20,operator/,
0x88f1804,388,FUN_088f1804,
0x88f1f9c,4,GJKContactPoint,
0x88f2928,776,"GJKContactPointImp<Chaos::TImplicitObjectScaled<Chaos::TSphere<float,3>,true>>",
0x88f3d7c,4,OverlapGeom,
0x88f4bec,4,OverlapGeom,
0x88f7034,80,SignedDistance,
0x88f7a38,316,FindAllIntersectingObjects,
0x88f8fd8,68,operator<<,
0x88f91fc,328,Combine,
0x88f9df0,748,FImplicitObjectUnionClustered,
0x88fc318,292,AddPlanarPositionConstraint,
0x88fd3e8,288,AddSwingConstraint,
0x88ff950,80,FJointSolverGaussSeidel,
0x8900008,480,UpdateDerivedState,
0x8901b7c,1204,ApplyPositionDrives,
0x89044cc,756,ApplySwingConstraint,
0x89069c4,556,ApplyPlanarPositionConstraint,
0x890768c,892,ApplyPositionConstraintSoft,
0x8908b30,652,AddLinear,
0x8909b60,16,KinematicTarget,
0x8909cb8,12,Handle,
0x8909ea8,488,operator<<,
0x890c500,2180,FillWithFastMarchingMethod,
0x8914080,16,SweepGeom,
0x8914408,964,"SweepGeomImp<Chaos::TImplicitObjectScaled<Chaos::FConvex,true>>",
0x8915d10,4,OverlapGeom,
0x8916ad8,4,OverlapGeom,
0x8917bf0,160,GetTypeHash,
0x8917c90,8,AreAnyTasksPending,
0x8917c98,4,ConditionalApplyRewind_Internal,
0x8917c9c,76,~FHeightField,
0x8917ce8,76,~FHeightField,
0x8918234,356,PhiWithNormal,
0x8918e14,8,GetAddress,
0x8918e1c,44,Destroy,
0x8918e50,68,Call,
0x8918f30,4,~TFunction_CopyableOwnedObject,
0x8919334,756,UpdateGeometryCollectionViews,
0x891b304,984,operator(),
0x891e930,144,ResizeGrow,
0x891ec1c,980,"QueryImp<(Chaos::EAABBQueryType)2,Chaos::FQueryFastDataVoid,Chaos::TSpatialVisitor<int,float>>",
0x892018c,320,SetNum,
0x8920eec,792,"IntroSortInternal<Chaos::Pair<float,Chaos::TVector<float,3>>,int,FIdentityFunctor,TDereferenceWrapper<Chaos::Pair<float,Chaos::TVector<float,3>>,Chaos::FCylinder::FindClosestIntersectionImp(Chaos::TVector<float,3>const&,Chaos::TVector<float,3>const&,float)const::{lambda(Chaos::Pair<float,Chaos::TVector<float,3>>const&,Chaos::Pair<float,Chaos::TVector<float,3>>const&)#1}>>",
0x89228e0,476,operator<<,
0x89233b8,72,~FChaosArchive,
0x8923d10,144,ResizeGrow,
0x8924010,92,FUN_08924010,
0x89241d8,188,MoveToOtherArray,
0x8924898,168,ResizeGrow,
0x8924dac,252,ResizeGrow,
0x8925738,176,Serialize,
0x89269b0,108,RemoveAt,
0x8926b64,44,~TArrayCollectionArray,
0x8926e94,136,RemoveAtSwap,
0x8927308,96,RemoveAtSwap,
0x89276ec,208,MoveToOtherArray,
0x8927fa8,152,ResizeShrink,
0x89285a8,152,Resize,
0x8928a30,216,RemoveAtSwap,
0x89293f0,152,Resize,
0x892992c,172,RemoveAt,
0x892a120,176,ResizeShrink,
0x892a878,108,RemoveAt,
0x892ad14,148,ResizeShrink,
0x892b4f4,136,RemoveAtSwap,
0x892b9cc,108,RemoveAt,
0x892bf34,408,operator<<,
0x892d5a8,176,ResizeShrink,
0x892ea98,2884,"GJKRaycast2<float,Chaos::FTriangle,Chaos::TBox<float,3>>","Chaos GJKRaycast2<float,FTriangle,TBox<float,3>>"
0x893f26c,752,operator(),
0x8941d6c,28,operator(),
0x8941d88,348,_ZNSt6__ndk111__sift_downIRNS_7greaterIZN5Chaos3EPAIfZNS2_11GJKRaycast2IfNS2_9FTriangleENS2_21TImplicitObjectScaledINS2_4TBoxIfLi3EEELb1EEEEEbRKT0_RKT1_RKNS2_15TRigidTransformIT_Li3EEERKNS2_7TVectorISH_Li3EEESH_RSH_RSM_SQ_SH_bSO_SH_EUlRKNSL_IfLi3EEEE_ZNS4_IfS5_S9_EEbSC_SF_SK_SO_SH_SP_SQ_SQ_SH_bSO_SH_EUlST_E1_EENS2_10EEPAResultER6TArrayISM_22TSizedDefaultAllocatorILi32EEES11_SC_SF_SP_SQ_SQ_SQ_E16FEPAEntryWrapperEENS_11__wrap_iterIPS12_EEEEvSA_SA_SH_NS_15iterator_traitsISA_E15difference_typeESA_,
0x89427c0,1844,"InitializeEPA<float,Chaos::GJKPenetration<false,float,Chaos::FTriangle,Chaos::TImplicitObjectScaled<Chaos::TBox<float,3>,true>>(Chaos::FTriangle_const&,Chaos::TImplicitObjectScaled<Chaos::TBox<float,3>,true>const&,Chaos::TRigidTransform<float,3>const&,float&,Chaos::TVector<float,3>&,Chaos::TVector<float,3>&,Chaos::TVector<float,3>&,int&,int&,float,float,Chaos::TVector<float,3>const&,float)::{lambda(Chaos::TVector<float,3>const&)#1},Chaos::GJKPenetration<false,float,Chaos::FTriangle,Chaos::TImplicitObjectScaled<Chaos::TBox<float,3>,true>>(Chaos::FTriangle_const&,Chaos::TImplicitObjectScaled<Chaos::TBox<float,3>,true>const&,Chaos::TRigidTransform<float,3>const&,float&,Chaos::TVector<float,3>&,Chaos::TVector<float,3>&,Chaos::TVector<float,3>&,int&,int&,float,float,Chaos::TVector<float,3>const&,float)::{lambda(Chaos::TVector<float,3>const&)#2}>",
0x8948c2c,400,operator(),
0x8949bf8,456,FUN_08949bf8,
0x894a59c,1808,"EPA<float,Chaos::GJKPenetration<false,float,Chaos::FTriangle,Chaos::TImplicitObjectScaled<Chaos::FCapsule,true>>(Chaos::FTriangle_const&,Chaos::TImplicitObjectScaled<Chaos::FCapsule,true>const&,Chaos::TRigidTransform<float,3>const&,float&,Chaos::TVector<float,3>&,Chaos::TVector<float,3>&,Chaos::TVector<float,3>&,int&,int&,float,float,Chaos::TVector<float,3>const&,float)::{lambda(Chaos::TVector<float,3>const&)#1},Chaos::GJKPenetration<false,float,Chaos::FTriangle,Chaos::TImplicitObjectScaled<Chaos::FCapsule,true>>(Chaos::FTriangle_const&,Chaos::TImplicitObjectScaled<Chaos::FCapsule,true>const&,Chaos::TRigidTransform<float,3>const&,float&,Chaos::TVector<float,3>&,Chaos::TVector<float,3>&,Chaos::TVector<float,3>&,int&,int&,float,float,Chaos::TVector<float,3>const&,float)::{lambda(Chaos::TVector<float,3>const&)#2}>",
0x895374c,404,VisitSweep,
0x8954c7c,2912,GridSweep<Chaos::THeightfieldSweepVisitor<Chaos::FCapsule>>,Chaos GridSweep<THeightfieldSweepVisitor<FCapsule>>
0x8963764,172,"CalculateMassProperties<TArray<TArray<int,TSizedDefaultAllocator<32>>,TSizedDefaultAllocator<32>>>",
0x8964b98,88,TGeometryParticle,
0x8964d78,360,~TGeometryParticle,
0x89664e8,140,UpdateShapesArray,
0x89668c8,156,UpdateShapeBounds,
0x8966bf0,172,MergeShapesArray,
0x89671d0,24,Handle,
0x89674ec,232,ImplicitChildHelper,
0x8968774,316,ClearForces,
0x8968f14,8,IsInitialized,
0x8968fc0,8,ResimType,
0x8969124,36,ApplyDynamicsWeight,
0x8969408,344,SetAngularImpulse,
0x896a1a8,292,InitColor,
0x896b880,328,RemoveConstraints,
0x896c968,260,ApplyPushOut,
0x896ef00,320,ApplyPushOutImpl<Chaos::FRigidBodySweptPointContactConstraint>,
0x896fe8c,4,Init,
0x896fe90,380,GetDelta,
0x8971adc,4,~FPBDConstraintContainer,
0x8971aec,8,SetConstraintIndex,
0x8971b58,100,FPBDConstraintGraph,
0x8972e74,28,ReserveConstraints,
0x89733b4,1096,RemoveConstraint,
0x8977924,40,FUN_08977924,
0x8977968,4,PrepareTick,
0x8977970,124,PrepareIteration,
0x8977d08,132,UnprepareTick,
0x8979384,8,UnprepareIteration,
0x8979488,4,UpdatePositionBasedState,
0x897948c,4,UpdatePositionBasedState,
0x8979490,8,ApplyConstraints,
0x8979498,532,Apply,
0x8979b68,12,BindToGraph,
0x8979c5c,24,GetConstrainedParticles,
0x8979f34,12,NumConstraints,
0x8979f40,28,TPBDConstraintGraphRuleImpl,
0x897a074,12,NumConstraints,
0x897a0a0,4,UnprepareTick,
0x897a0ac,12,BindToGraph,
0x897a3ec,28,TPBDConstraintGraphRuleImpl,
0x897a510,4,DisableConstraints,
0x897a520,28,TPBDConstraintGraphRuleImpl,
0x897a54c,12,BindToGraph,
0x897a650,60,TPBDConstraintColorRule,
0x897aa58,8,RemoveConstraints,
0x897aae4,1640,ApplyPushOut,
0x897fe50,20,GetConstraintIsland,
0x897fe64,32,GetConstraintLevel,
0x897fee8,20,GetConstraintBatch,
0x897ff14,44,GetLinearImpulse,
0x897ffd0,224,SetSettings,
0x89806d8,52,SetSettings,
0x8980d8c,852,RemoveConstraint,
0x8981d94,224,SetBreakCallback,
0x8983da0,52,FUN_08983da0,
0x8983dd4,2228,ApplyPushOutSingle,Chaos ApplyPushOutSingle 推出求解
0x8989358,2188,ComputeGeodesicConstraints,
0x8998dac,8,GetChildrenMap,
0x8998dbc,12,GetClusterGroupIndexArray,
0x8998de8,12,SetGenerateClusterBreaking,
0x8998e24,8,SetClusterConnectionFactor,
0x8998e34,876,UpdateConnectivityGraphUsingPointImplicit,
0x899b180,328,ConnectNodes,
0x899b480,36,~TKinematicGeometryParticle,
0x899b4a4,148,~TPBDConstraintColorRule,
0x899b5ec,4,UpdateAccelerationStructures,
0x899b5f8,36,~FPBDAxialSpringConstraints,
0x899b658,4,~FConstraintRule,
0x899b660,4,~TPBDConstraintGraphRuleImpl,
0x899b670,124,~TPBDConstraintIslandRule,
0x899b8dc,124,~TPBDConstraintIslandRule,
0x899bb48,4,~TContainerConstraintHandle,
0x899bbd4,276,~FPBDCollisionConstraints,
0x899c2d4,4,~FConstraintHandle,
0x899c2dc,4,~TPBDRigidParticle,
0x899c5e4,120,ResizeForCopy,
0x899c838,588,"RemoveFromMapAndArray<Chaos::TPBDRigidParticleHandleImp<float,3,true>>",
0x899d00c,472,EmplaceImpl,
0x899dc40,344,ConditionalRehash,
0x899e2fc,152,ResizeShrink,
0x899e6f4,148,ResizeForCopy,
0x899ea14,140,ResizeForCopy,
0x899efac,144,ResizeGrow,
0x899f3a4,556,Empty,
0x89a0948,144,ResizeGrow,
0x89a0b28,136,ResizeTo,
0x89a1228,4,CheckCallable,
0x89a122c,556,Empty,
0x89a2694,452,EmplaceImpl,
0x89a328c,144,ResizeGrow,
0x89a378c,4,~TReferenceControllerWithDeleter,
0x89a37b0,32,SetEnabled,
0x89a3a10,120,ResizeForCopy,
0x89a3df8,336,operator=,
0x89a45f0,344,ConditionalRehash,
0x89a4ff0,152,ResizeShrink,
0x89a59b8,244,Remove,
0x89a5c5c,540,UnhashElements,
0x89a6f3c,556,Append<TSizedDefaultAllocator<32>>,
0x89a7ca0,152,ResizeShrink,
0x89a80a0,884,TDynamicParticles,
0x89a9f3c,320,"PreIterationUpdate<true,true,true>",
0x89ab0b8,8,Call,
0x89ab2b0,8,Call,
0x89ab2b8,404,operator(),
0x89abf64,288,AddUninitialized,
0x89aca3c,292,Call,
0x89ada08,20,FUN_089ada08,
0x89ada1c,816,ApplyFriction,
0x89aec44,136,ResizeTo,
0x89af5e0,236,FUN_089af5e0,
0x89af858,152,ResizeShrink,
0x89b0034,492,"HeapSortInternal<Chaos::Pair<float,int>,FIdentityFunctor,TDereferenceWrapper<Chaos::Pair<float,int>,TLess<Chaos::Pair<float,int>>>>",
0x89b2774,452,EmplaceImpl,
0x89b350c,556,Append<TSizedDefaultAllocator<32>>,
0x89b43b0,472,EmplaceImpl,
0x89b5198,344,ConditionalRehash,
0x89b58fc,288,AddUninitialized,
0x89b6064,336,operator=,
0x89b6c9c,4,~FPerParticleEulerStepVelocity,
0x89b6e70,472,Apply,
0x89b77bc,4,~FPerParticlePBDEulerStep,
0x89b8004,520,operator(),
0x89b8b40,496,EmplaceImpl,
0x89b9bec,272,AddUninitialized,
0x89ba720,448,FindId,
0x89badac,992,Rehash,
0x89c1538,112,~TPBDRigidParticles,
0x89c15a8,560,~TRigidParticles,
0x89c1dec,12,InvM,
0x89c1e08,12,M,
0x89c1e24,628,ResetVSmoothFromForces,
0x89c3850,1484,~FPBDRigidsEvolutionBase,
0x89c618c,148,ReleasePendingIndices,
0x89c68c4,1772,Serialize,
0x89c9048,8,SetCurrentStepResimCache,
0x89c906c,56,SetConstraintPositions,
0x89c9140,112,~FPBDRigidSpringConstraints,
0x89c93c4,400,UpdateDistance,
0x89ca6e0,80,Apply,
0x89ca73c,280,InitColor,
0x89caee8,24,IsEnabled,
0x89caf24,28,GetSettings,
0x89cafa4,96,Apply,
0x89cc1a0,240,ApplyHelperISPC,
0x89cc2c4,152,~TPerParticlePBDCollisionConstraint,
0x89cc8f0,52,TPerParticlePBDCollisionConstraint,
0x89cca84,212,ApplyHelper,
0x89cce0c,104,Resolve,
0x89ccf20,104,Resolve,
0x89cd140,376,THandleArray,
0x89cde70,240,Destroy,
0x89ce3dc,44,~TArrayCollectionArray,
0x89ce4cc,16,VSmooth,
0x89ce4ec,16,Torque,
0x89ce52c,16,I,
0x89ce558,12,InvM,
0x89ce5a8,12,LinearEtherDrag,
0x89ce65c,112,SetCollisionParticles,
0x89ce898,12,Island,
0x89ced90,8,AllLinearImpulse,
0x89cedb0,8,AllM,
0x89cedd0,8,AllLinearEtherDrag,
0x89cedf8,8,AllCCDEnabled,
0x89ceff8,140,Init,
0x89cf6d8,332,GetEdgeLengths,
0x89d039c,36,GetNumFaces,
0x89d0450,224,SetAdvectionFunction,
0x89d09c4,1052,Init,
0x89d57fc,380,GetPointToTriangleMap,
0x89d73dc,2920,AddTrianglesToHull<float>,Chaos AddTrianglesToHull<float>
0x89e4b68,152,RegisterSleepingEvent,
0x89e53b0,144,Reset,
0x89e55a4,164,FlipBuffersIfRequired,
0x89e6348,156,Serialize,
0x89e6f10,264,operator==,
0x89e82ec,60,Evaluate,
0x89e8828,672,Evaluator<(EFieldFalloffType)3>,
0x89e9ca4,624,operator==,
0x89eb604,356,SerializeInternal<FVector>,
0x89ebf7c,44,~FConversionField,
0x89ebfec,320,Evaluate,
0x89ecec4,88,~FCullingField,
0x89ed694,112,FCullingField,
0x89ed87c,1336,Evaluate,
0x89f2828,88,ReorderElements,
0x89f34f8,8,Num,
0x89f3588,840,UpdateBoundingBox,
0x89f90ec,268,GlobalMatrices<FTransform>,
0x89f91f8,3640,NewGeometryCollection,Chaos NewGeometryCollection 几何集合创建
0x8a04564,36,~TSpatialAccelerationCollection,
0x8a046b4,436,Overlap,
0x8a05d44,268,SetNumFrom,
0x8a06328,144,ResizeGrow,
0x8a06750,296,Remove,
0x8a07d14,280,GenerateCollisions,
0x8a08f9c,400,GlobalObjects,
0x8a0a738,1280,operator(),
0x8a0ca50,136,ResizeTo,
0x8a0d274,136,ResizeTo,
0x8a0d38c,152,ResizeShrink,
0x8a0dd64,1184,"SerializePtr<Chaos::TPBDGeometryCollectionParticles<float,3>>",
0x8a10f74,156,Call,
0x8a11528,144,Call,
0x8a1163c,1572,"ProduceParticleOverlaps<true,Chaos::FGenericParticleHandleHandleImp,Chaos::TAABBTree<Chaos::FAccelerationStructureHandle,Chaos::TBoundingVolume<Chaos::FAccelerationStructureHandle,float,3>,true>>",
0x8a14b70,28,operator(),
0x8a14ffc,108,ReindexFromLookup,
0x8a151ec,260,Reorder,
0x8a15fb8,364,FUN_08a15fb8,
0x8a16774,228,Serialize,
0x8a17330,8,GetTypeSize,
0x8a17354,184,ResizeGrow,
0x8a17780,276,Reorder,
0x8a18378,60,Resize,
0x8a187bc,8,Num,
0x8a187cc,252,Serialize,
0x8a19880,152,Resize,
0x8a199ec,184,MoveToOtherArray,
0x8a1a414,240,Raycast,
0x8a1bed8,144,Call,
0x8a1c770,820,~TSpatialAccelerationCollection,
0x8a1e6c4,132,Call,
0x8a1eee8,820,~TSpatialAccelerationCollection,
0x8a206fc,156,Call,
0x8a20e3c,132,Call,
0x8a216f0,144,ResizeGrow,
0x8a21834,464,ExecuteTask,
0x8a232e8,124,FUN_08a232e8,
0x8a233c0,40,FUN_08a233c0,
0x8a23400,4,FUN_08a23400,
0x8a2341c,8,FUN_08a2341c,
0x8a23434,4,~FPBDRigidSpringConstraintHandle,
0x8a23470,168,ResizeGrow,
0x8a237ec,152,ResizeShrink,
0x8a24030,496,EmplaceImpl,
0x8a24b80,60,~TManagedArray,
0x8a24cac,156,ResizeTo,
0x8a251d0,12,Resize,
0x8a25324,8,SizeOfElem,
0x8a25408,116,~TArrayCollectionArray,
0x8a257e0,100,RemoveAtSwap,
0x8a25ae4,112,RemoveAt,
0x8a25f68,132,ResizeTo,
0x8a269d0,632,Reset,
0x8a28578,152,ResizeShrink,
0x8a28df8,344,ConditionalRehash,
0x8a293c8,528,EmplaceImpl,
0x8a2a7c4,344,ConditionalRehash,
0x8a2c9c8,456,FUN_08a2c9c8,
0x8a2e228,1652,"QueryImp<(Chaos::EAABBQueryType)0,Chaos::FQueryFastData,Chaos::FTriangleMeshRaycastVisitor<int>>",
0x8a3299c,456,FUN_08a3299c,
0x8a34ca0,456,FUN_08a34ca0,
0x8a35608,724,operator(),
0x8a37498,28,operator(),
0x8a374b4,348,_ZNSt6__ndk111__sift_downIRNS_7greaterIZN5Chaos3EPAIfZNS2_14GJKPenetrationILb1EfNS2_9FTriangleENS2_7FConvexEEEbRKT1_RKT2_RKNS2_15TRigidTransformIT0_Li3EEERSE_RNS2_7TVectorISE_Li3EEESL_SL_RiSM_SE_SE_RKSK_SE_EUlRKNSJ_IfLi3EEEE_ZNS4_ILb1EfS5_S6_EEbS9_SC_SH_SI_SL_SL_SL_SM_SM_SE_SE_SO_SE_EUlSR_E0_EENS2_10EEPAResultER6TArrayINSJ_IT_Li3EEE22TSizedDefaultAllocatorILi32EEES11_RKSE_S9_RSW_RSX_S15_S15_E16FEPAEntryWrapperEENS_11__wrap_iterIPS16_EEEEvSE_SE_SW_NS_15iterator_traitsISE_E15difference_typeESE_,
0x8a378ec,712,operator(),
0x8a39a80,28,operator(),
0x8a39bf8,716,"ScaleGeomIntoWorldHelper<Chaos::TBox<float,3>>",
0x8a3c5b4,724,operator(),
0x8a3e80c,712,operator(),
0x8a404fc,456,FUN_08a404fc,
0x8a41450,756,operator(),
0x8a43174,756,operator(),
0x8a45c54,840,operator(),
0x8a48b50,1760,"QueryImp<(Chaos::EAABBQueryType)1,Chaos::FQueryFastData,Chaos::FTriangleMeshSweepVisitor<Chaos::FCapsule,unsigned_short>>",
0x8a4f320,596,"RaycastSweepImp<true,Chaos::FQueryFastData,Chaos::FTriangleMeshSweepVisitor<Chaos::TImplicitObjectScaled<Chaos::TBox<float,3>,true>,unsigned_short>>",
0x8a51524,840,operator(),
0x8a53928,136,ResizeTo,
0x8a53a40,1168,"GenerateTree<TArray<Chaos::FTriangleMeshImplicitObject::FBvEntry<true>,TSizedDefaultAllocator<32>>>",
0x8a58db4,196,~TEventContainer,
0x8a592ac,8,AccessProducerBuffer,
0x8a592c4,8,GetConsumerBuffer,
0x8a59370,8,AccessProducerBuffer,
0x8a59414,92,~FTripleBuffer,
0x8a5a2b4,108,DestroyStaleEvents,
0x8a5a3b8,8,GetConsumerBuffer,
0x8a5a46c,8,GetConsumerBufferMutable,
0x8a5a584,24,GetConsumerBufferMutable,
0x8a5a710,8,GetBufferMode,
0x8a5a79c,4,CheckCallable,
0x8a5ac50,8,FUN_08a5ac50,
0x8a5ad04,168,ResizeGrow,
0x8a5b3e4,60,~FSingleBuffer,
0x8a5b644,56,FlipProducer,
0x8a5b81c,1144,FUN_08a5b81c,
0x8a61178,304,ClusterBonesUnderExistingNode,
0x8a618b8,164,ContainsMultipleRootBones,
0x8a61a68,1364,CollapseHierarchyOneLevel,
0x8a65190,84,CalculateVolume,
0x8a67514,668,AddAttribute<FVector>,
0x8a6aac4,36,GroupNames,
0x8a6b2b8,108,GenerateGuids,
0x8a6b4e8,1004,RemoveGroup,
0x8a6c980,352,SyncGroupSizeFrom,
0x8a6e6e4,604,operator<<,
0x8a6fd54,584,AddExternalAttribute<FString>,
0x8a70e60,4,ParentTransforms,
0x8a72adc,144,FTransformDynamicCollection,
0x8a73528,584,"AddExternalAttribute<TUniquePtr<Chaos::FBVHParticles,TDefaultDelete<Chaos::FBVHParticles>>>",
0x8a73b30,1524,BufferPhysicsResults,
0x8a76814,224,UnregisterObject,
0x8a76a70,1160,AdvanceSolverBy,
0x8a7b400,112,~FPBDSuspensionConstraints,
0x8a7b470,1208,~FPBDRigidsSOAs,
0x8a7e280,4716,InitializeBodiesPT,Chaos InitializeBodiesPT 物理体初始化
0x8a9962c,36,~FManagedArrayCollection,
0x8a99650,4,SetDefaults,
0x8a99678,68,AreAnyTasksPending,
0x8a996cc,8,GetOwner,
0x8a996dc,8,GetOwner,
0x8a996e8,4,~FCollisionStructureManager,
0x8a997a8,196,~FTransformDynamicCollection,
0x8a99898,8,GetHandleUnsafe,
0x8a998c8,8,GetOwner,
0x8a99950,224,~FStaticMeshPhysicsProxy,
0x8a99aec,24,Reserve,
0x8a99c80,60,~TManagedArrayBase,
0x8a99cf8,168,ExchangeArrays,
0x8a9a008,28,Empty,
0x8a9a060,360,operator<<,
0x8a9a6b8,24,Reserve,
0x8a9a8d8,128,Init,
0x8a9a958,52,~TManagedArray,
0x8a9aa34,236,RemoveElements,
0x8a9ac70,216,~TArray,
0x8a9b088,260,InitHelper<FGeometryCollectionBoneNode>,
0x8a9b5e8,152,Resize,
0x8a9b83c,60,~TManagedArrayBase,
0x8a9b8b4,168,ExchangeArrays,
0x8a9bbc4,28,Empty,
0x8a9bcb4,396,operator<<,
0x8a9c444,60,~TManagedArrayBase,
0x8a9c4bc,168,ExchangeArrays,
0x8a9c824,584,BulkSerialize,
0x8a9d534,96,Init,
0x8a9d74c,508,RemoveElements,
0x8a9e2dc,60,~TManagedArrayBase,
0x8a9e550,8,Num,
0x8a9e644,8,GetTypeSize,
0x8a9e668,60,~TManagedArrayBase,
0x8a9e854,332,operator<<,
0x8a9f130,8,GetTypeSize,
0x8a9f138,128,Empty,
0x8a9f2d0,24,Reserve,
0x8a9f48c,60,~TManagedArrayBase,
0x8a9f700,8,Num,
0x8a9f710,228,Serialize,
0x8a9fbb4,168,ExchangeArrays,
0x8a9fff8,288,SetNum,
0x8aa06b8,60,~TManagedArrayBase,
0x8aa092c,8,Num,
0x8aa0934,8,Max,
0x8aa0a40,60,~TManagedArrayBase,
0x8aa0b24,276,Reorder,
0x8aa1294,144,ResizeGrow,
0x8aa1868,12,Resize,
0x8aa1ba0,176,~TManagedArrayBase,
0x8aa1da8,604,RemoveElements,
0x8aa2a40,144,Resize,
0x8aa2c9c,60,~TManagedArrayBase,
0x8aa2d14,168,ExchangeArrays,
0x8aa3008,28,Empty,
0x8aa3260,152,ResizeShrink,
0x8aa3b2c,140,ResizeForCopy,
0x8aa3ee4,164,~TGeometryParticleHandles,
0x8aa4264,116,~TArrayCollectionArray,
0x8aa4554,72,Call,
0x8aa4730,144,ResizeGrow,
0x8aa4e48,148,ResizeForCopy,
0x8aa5104,12,Resize,
0x8aa52a4,96,Init,
0x8aa5388,168,ExchangeArrays,
0x8aa57bc,24,Reserve,
0x8aa5b10,204,~TManagedArrayBase,
0x8aa6144,472,operator<<,
0x8aa77bc,152,ResizeShrink,
0x8aa78bc,44,~TArray,
0x8aa7a08,4,~FPBDPositionConstraintHandle,
0x8aa7a2c,24,IsEnabled,
0x8aa7a70,4,~TReferenceControllerWithDeleter,
0x8aa7b2c,704,~FBoneHierarchy,
0x8aaa700,1400,CullDeepPoints<Chaos::FCapsule>,
0x8aaca0c,96,Init,
0x8aacb94,484,RemoveElements,
0x8aad768,984,AddElementInternal,
0x8ab098c,344,ConditionalRehash,
0x8ab1560,372,Remove,
0x8ab2250,328,"Emplace<TPairInitializer<TTuple<FName,FName>const&,FManagedArrayCollection::FValueType&&>>",
0x8ab2aec,52,~FSingleBuffer,
0x8ab2c2c,68,~FDoubleBuffer,
0x8ab2d48,8,GetBufferMode,
0x8ab2d68,24,GetConsumerBufferMutable,
0x8ab2d98,24,GetConsumerBuffer,
0x8ab2ee4,12,AccessProducerBuffer,
0x8ab2ef8,12,GetProducerBuffer,
0x8ab2f68,136,ResizeTo,
0x8ab36b0,8,FUN_08ab36b0,
0x8ab36b8,12,FUN_08ab36b8,
0x8ab38cc,8,FUN_08ab38cc,
0x8ab38d4,8,FUN_08ab38d4,
0x8ab390c,80,FUN_08ab390c,
0x8ab3b10,12,FUN_08ab3b10,
0x8ab3c14,324,Remove,
0x8ab420c,40,FUN_08ab420c,
0x8ab44bc,896,"CreateParticlesHelper<Chaos::TGeometryParticleHandleImp<float,3,true>,Chaos::TGeometryParticlesImp<float,3,(Chaos::EGeometryParticlesSimType)0>>",
0x8ab8700,284,RemoveAtImpl,
0x8aba070,272,PushGTDirtyData<true>,
0x8abb08c,500,SyncSimWritablePropsFromSim<true>,
0x8abbde8,744,SyncIfDirty,
0x8abd3b4,152,GetStateAtFrameImp,
0x8abd9c8,316,GetPastStateAtFrame,
0x8abdf2c,192,SyncToParticle,
0x8abe84c,476,SetDesyncedParticles,
0x8abeedc,144,ResizeGrow,
0x8abf34c,804,"IsEqual<Chaos::TPBDRigidParticleHandleImp<float,3,true>>",
0x8abfff8,12,NewProp_bGenerateContactGraph_SetBit,
0x8ac0078,112,FUN_08ac0078,
0x8ac02e8,112,FUN_08ac02e8,
0x8ac0558,112,FUN_08ac0558,
0x8ac0838,12,Get_Z_Construct_UEnum_Chaos_EFieldFalloffType_Hash,
0x8ac0970,12,Get_Z_Construct_UEnum_Chaos_EFieldFilterType_Hash,
0x8ac097c,76,Z_Construct_UEnum_Chaos_EFieldFilterType,
0x8ac0b00,112,StaticEnum<EFieldCullingOperationType>,
0x8ac0e50,12,Get_Z_Construct_UEnum_Chaos_EWaveFunctionType_Hash,
0x8ac0e5c,76,Z_Construct_UEnum_Chaos_EWaveFunctionType,
0x8ac0fe0,4,EmptyLinkFunctionForGeneratedCodeGeometryCollectionSimulationTypes,
0x8ac10c4,12,Get_Z_Construct_UEnum_Chaos_EEmissionPatternTypeEnum_Hash,
0x8ac10d0,76,Z_Construct_UEnum_Chaos_EEmissionPatternTypeEnum,
0x8ac1254,112,StaticEnum<EGeometryCollectionPhysicsTypeEnum>,
0x8ac15b0,76,Z_Construct_UEnum_Chaos_EImplicitTypeEnum,
0x8ac1734,4,EmptyLinkFunctionForGeneratedCodePhysicsCoreTypes,
0x8ac1818,12,Get_Z_Construct_UEnum_Chaos_EChaosBufferMode_Hash,
0x8ac1824,76,Z_Construct_UEnum_Chaos_EChaosBufferMode,
0x8ac1a18,112,FUN_08ac1a18,
0x8ac1da0,76,Z_Construct_UScriptStruct_FRecordedFrame,
0x8ac1fbc,76,Z_Construct_UScriptStruct_FSolverTrailingData,
0x8ac21c8,124,StaticStruct<FSolverBreakingData>,
0x8ac2580,124,StaticStruct<FSolverCollisionFilterSettings>,
0x8ac2888,8,Serialize,
0x8ac28ac,8,NetSerialize,
0x8ac2944,8,ExportTextItem,
0x8ac29b8,8,GetComputedPropertyFlags,
0x8ac29d8,8,HasZeroConstructor,
0x8ac2a50,8,HasSerializer,
0x8ac2a84,8,HasNetSharedSerialization,
0x8ac2ab8,8,HasCopy,
0x8ac2ba4,8,ExportTextItem,
0x8ac2bd8,8,HasStructuredSerializeFromMismatchedTag,
0x8ac2c28,4,AddStructReferencedObjectsOrNot<FRecordedTransformTrack>,
0x8ac2cbc,8,HasDestructor,
0x8ac2cec,8,HasPostSerialize,
0x8ac2d08,8,NetSerialize,
0x8ac2d8c,8,HasIdentical,
0x8ac2dc0,8,HasAddStructReferencedObjects,
0x8ac2dec,8,StructuredSerializeFromMismatchedTag,
0x8ac2e2c,564,operator=,
0x8ac36e4,16,Construct,
0x8ac3764,8,HasPostScriptConstruct,
0x8ac37ac,12,Identical,
0x8ac3804,8,StructuredSerializeFromMismatchedTag,
0x8ac385c,16,Construct,
0x8ac38a8,8,HasPostSerialize,
0x8ac38e8,8,IsPlainOldData,
0x8ac3948,8,ImportTextItem,
0x8ac3984,8,HasGetTypeHash,
0x8ac4388,152,ShouldInstanceSimulatingPhysics,
0x8ac49b4,176,GetImplicitType,
0x8ac4f54,504,~FChaosScene,
0x8ac5d7c,60,UPhysicalMaterial,
0x8ac5df4,68,~UPhysicalMaterial,
0x8ac5fc0,276,FStaticallyLinkedModuleRegistrant,
0x8ac687c,12,U2PFilterData,
0x8ac6904,528,FPhysXShapeAdapter,
0x8ac7e44,592,CreatePhysXData,
0x8ac8cd4,40,FUN_08ac8cd4,
0x8ac8cfc,40,FUN_08ac8cfc,
0x8ac8d24,40,FUN_08ac8d24,
0x8ac8d98,36,FUN_08ac8d98,
0x8ac8df8,20,U2PMatrix,
0x8ac8e0c,116,UCollision2PGeom,
0x8ac8f74,44,~TArray,
0x8ac9320,1812,reportError,
0x8ad43bc,388,operator(),
0x8ad46c4,388,operator(),
0x8ad5ca8,456,FUN_08ad5ca8,
0x8ad6198,348,_ZNSt6__ndk111__sift_downIRNS_7greaterIZN5Chaos3EPAIfZNS2_14GJKPenetrationILb0EfNS2_7TSphereIfLi3EEES6_EEbRKT1_RKT2_RKNS2_15TRigidTransformIT0_Li3EEERSE_RNS2_7TVectorISE_Li3EEESL_SL_RiSM_SE_SE_RKSK_SE_EUlRKNSJ_IfLi3EEEE_ZNS4_ILb0EfS6_S6_EEbS9_SC_SH_SI_SL_SL_SL_SM_SM_SE_SE_SO_SE_EUlSR_E0_EENS2_10EEPAResultER6TArrayINSJ_IT_Li3EEE22TSizedDefaultAllocatorILi32EEES11_RKSE_S9_RSW_RSX_S15_S15_E16FEPAEntryWrapperEENS_11__wrap_iterIPS16_EEEEvSE_SE_SW_NS_15iterator_traitsISE_E15difference_typeESE_,
0x8ad7118,1844,"InitializeEPA<float,Chaos::GJKPenetration<false,float,Chaos::TBox<float,3>,Chaos::TSphere<float,3>>(Chaos::TBox<float,3>const&,Chaos::TSphere<float,3>const&,Chaos::TRigidTransform<float,3>const&,float&,Chaos::TVector<float,3>&,Chaos::TVector<float,3>&,Chaos::TVector<float,3>&,int&,int&,float,float,Chaos::TVector<float,3>const&,float)::{lambda(Chaos::TVector<float,3>const&)#1},Chaos::GJKPenetration<false,float,Chaos::TBox<float,3>,Chaos::TSphere<float,3>>(Chaos::TBox<float,3>const&,Chaos::TSphere<float,3>const&,Chaos::TRigidTransform<float,3>const&,float&,Chaos::TVector<float,3>&,Chaos::TVector<float,3>&,Chaos::TVector<float,3>&,int&,int&,float,float,Chaos::TVector<float,3>const&,float)::{lambda(Chaos::TVector<float,3>const&)#2}>",
0x8ada230,1956,"EPA<float,Chaos::GJKPenetration<false,float,Chaos::FConvex,Chaos::TSphere<float,3>>(Chaos::FConvex_const&,Chaos::TSphere<float,3>const&,Chaos::TRigidTransform<float,3>const&,float&,Chaos::TVector<float,3>&,Chaos::TVector<float,3>&,Chaos::TVector<float,3>&,int&,int&,float,float,Chaos::TVector<float,3>const&,float)::{lambda(Chaos::TVector<float,3>const&)#1},Chaos::GJKPenetration<false,float,Chaos::FConvex,Chaos::TSphere<float,3>>(Chaos::FConvex_const&,Chaos::TSphere<float,3>const&,Chaos::TRigidTransform<float,3>const&,float&,Chaos::TVector<float,3>&,Chaos::TVector<float,3>&,Chaos::TVector<float,3>&,int&,int&,float,float,Chaos::TVector<float,3>const&,float)::{lambda(Chaos::TVector<float,3>const&)#2}>",
0x8ae0834,960,operator(),
0x8ae29f4,28,operator(),
0x8ae2a10,348,_ZNSt6__ndk111__sift_downIRNS_7greaterIZN5Chaos3EPAIfZNS2_14GJKPenetrationILb0EfNS2_21TImplicitObjectScaledINS2_7FConvexELb1EEENS2_7TSphereIfLi3EEEEEbRKT1_RKT2_RKNS2_15TRigidTransformIT0_Li3EEERSH_RNS2_7TVectorISH_Li3EEESO_SO_RiSP_SH_SH_RKSN_SH_EUlRKNSM_IfLi3EEEE_ZNS4_ILb0EfS7_S9_EEbSC_SF_SK_SL_SO_SO_SO_SP_SP_SH_SH_SR_SH_EUlSU_E0_EENS2_10EEPAResultER6TArrayINSM_IT_Li3EEE22TSizedDefaultAllocatorILi32EEES14_RKSH_SC_RSZ_RS10_S18_S18_E16FEPAEntryWrapperEENS_11__wrap_iterIPS19_EEEEvSH_SH_SZ_NS_15iterator_traitsISH_E15difference_typeESH_,
0x8ae2e00,708,"GJKIntersection<float,Chaos::TBox<float,3>,Chaos::TSphere<float,3>>",
0x8ae371c,680,"GJKIntersection<float,Chaos::TImplicitObjectScaled<Chaos::TSphere<float,3>,true>,Chaos::TSphere<float,3>>",
0x8ae3ff8,864,"GJKIntersection<float,Chaos::TImplicitObjectScaled<Chaos::FConvex,true>,Chaos::TSphere<float,3>>",
0x8ae74e8,524,"SweepHelper<Chaos::TBox<float,3>>",
0x8ae8234,1648,"CastHelper<Chaos::OverlapQuery<Chaos::TBox<float,3>>(Chaos::FImplicitObject_const&,Chaos::TRigidTransform<float,3>const&,Chaos::TBox<float,3>const&,Chaos::TRigidTransform<float,3>const&,float,Chaos::FMTDInfo*)::{lambda(auto:1_const&,auto:2_const&)#1}>",
0x8aeb64c,456,FUN_08aeb64c,
0x8aec3b4,1752,"EPA<float,Chaos::GJKPenetration<false,float,Chaos::TBox<float,3>,Chaos::TBox<float,3>>(Chaos::TBox<float,3>const&,Chaos::TBox<float,3>const&,Chaos::TRigidTransform<float,3>const&,float&,Chaos::TVector<float,3>&,Chaos::TVector<float,3>&,Chaos::TVector<float,3>&,int&,int&,float,float,Chaos::TVector<float,3>const&,float)::{lambda(Chaos::TVector<float,3>const&)#1},Chaos::GJKPenetration<false,float,Chaos::TBox<float,3>,Chaos::TBox<float,3>>(Chaos::TBox<float,3>const&,Chaos::TBox<float,3>const&,Chaos::TRigidTransform<float,3>const&,float&,Chaos::TVector<float,3>&,Chaos::TVector<float,3>&,Chaos::TVector<float,3>&,int&,int&,float,float,Chaos::TVector<float,3>const&,float)::{lambda(Chaos::TVector<float,3>const&)#2}>",
0x8af1f60,1844,"InitializeEPA<float,Chaos::GJKPenetration<false,float,Chaos::TImplicitObjectScaled<Chaos::TSphere<float,3>,true>,Chaos::TBox<float,3>>(Chaos::TImplicitObjectScaled<Chaos::TSphere<float,3>,true>const&,Chaos::TBox<float,3>const&,Chaos::TRigidTransform<float,3>const&,float&,Chaos::TVector<float,3>&,Chaos::TVector<float,3>&,Chaos::TVector<float,3>&,int&,int&,float,float,Chaos::TVector<float,3>const&,float)::{lambda(Chaos::TVector<float,3>const&)#1},Chaos::GJKPenetration<false,float,Chaos::TImplicitObjectScaled<Chaos::TSphere<float,3>,true>,Chaos::TBox<float,3>>(Chaos::TImplicitObjectScaled<Chaos::TSphere<float,3>,true>const&,Chaos::TBox<float,3>const&,Chaos::TRigidTransform<float,3>const&,float&,Chaos::TVector<float,3>&,Chaos::TVector<float,3>&,Chaos::TVector<float,3>&,int&,int&,float,float,Chaos::TVector<float,3>const&,float)::{lambda(Chaos::TVector<float,3>const&)#2}>",
0x8af57d0,1844,"InitializeEPA<float,Chaos::GJKPenetration<false,float,Chaos::TImplicitObjectScaled<Chaos::FCapsule,true>,Chaos::TBox<float,3>>(Chaos::TImplicitObjectScaled<Chaos::FCapsule,true>const&,Chaos::TBox<float,3>const&,Chaos::TRigidTransform<float,3>const&,float&,Chaos::TVector<float,3>&,Chaos::TVector<float,3>&,Chaos::TVector<float,3>&,int&,int&,float,float,Chaos::TVector<float,3>const&,float)::{lambda(Chaos::TVector<float,3>const&)#1},Chaos::GJKPenetration<false,float,Chaos::TImplicitObjectScaled<Chaos::FCapsule,true>,Chaos::TBox<float,3>>(Chaos::TImplicitObjectScaled<Chaos::FCapsule,true>const&,Chaos::TBox<float,3>const&,Chaos::TRigidTransform<float,3>const&,float&,Chaos::TVector<float,3>&,Chaos::TVector<float,3>&,Chaos::TVector<float,3>&,int&,int&,float,float,Chaos::TVector<float,3>const&,float)::{lambda(Chaos::TVector<float,3>const&)#2}>",
0x8af8698,940,"GJKIntersection<float,Chaos::TBox<float,3>,Chaos::TBox<float,3>>",
0x8afa910,1632,"Visit<(TSQVisitor<Chaos::TBox<float,3>,Chaos::FAccelerationStructureHandle,ChaosInterface::FSweepHit>::ESQType)1>",
0x8aff3c4,388,operator(),
0x8b0047c,1844,"InitializeEPA<float,Chaos::GJKPenetration<false,float,Chaos::TSphere<float,3>,Chaos::FCapsule>(Chaos::TSphere<float,3>const&,Chaos::FCapsule_const&,Chaos::TRigidTransform<float,3>const&,float&,Chaos::TVector<float,3>&,Chaos::TVector<float,3>&,Chaos::TVector<float,3>&,int&,int&,float,float,Chaos::TVector<float,3>const&,float)::{lambda(Chaos::TVector<float,3>const&)#1},Chaos::GJKPenetration<false,float,Chaos::TSphere<float,3>,Chaos::FCapsule>(Chaos::TSphere<float,3>const&,Chaos::FCapsule_const&,Chaos::TRigidTransform<float,3>const&,float&,Chaos::TVector<float,3>&,Chaos::TVector<float,3>&,Chaos::TVector<float,3>&,int&,int&,float,float,Chaos::TVector<float,3>const&,float)::{lambda(Chaos::TVector<float,3>const&)#2}>",
0x8b04900,1668,"GJKPenetration<false,float,Chaos::FConvex,Chaos::FCapsule>",
0x8b0ac2c,1844,"InitializeEPA<float,Chaos::GJKPenetration<false,float,Chaos::TImplicitObjectScaled<Chaos::FCapsule,true>,Chaos::FCapsule>(Chaos::TImplicitObjectScaled<Chaos::FCapsule,true>const&,Chaos::FCapsule_const&,Chaos::TRigidTransform<float,3>const&,float&,Chaos::TVector<float,3>&,Chaos::TVector<float,3>&,Chaos::TVector<float,3>&,int&,int&,float,float,Chaos::TVector<float,3>const&,float)::{lambda(Chaos::TVector<float,3>const&)#1},Chaos::GJKPenetration<false,float,Chaos::TImplicitObjectScaled<Chaos::FCapsule,true>,Chaos::FCapsule>(Chaos::TImplicitObjectScaled<Chaos::FCapsule,true>const&,Chaos::FCapsule_const&,Chaos::TRigidTransform<float,3>const&,float&,Chaos::TVector<float,3>&,Chaos::TVector<float,3>&,Chaos::TVector<float,3>&,int&,int&,float,float,Chaos::TVector<float,3>const&,float)::{lambda(Chaos::TVector<float,3>const&)#2}>",
0x8b0f1b0,1080,"GJKIntersection<float,Chaos::TImplicitObjectScaled<Chaos::FConvex,true>,Chaos::FCapsule>",
0x8b131a4,2848,"CastHelper<Chaos::OverlapQuery<Chaos::FConvex>(Chaos::FImplicitObject_const&,Chaos::TRigidTransform<float,3>const&,Chaos::FConvex_const&,Chaos::TRigidTransform<float,3>const&,float,Chaos::FMTDInfo*)::{lambda(auto:1_const&,auto:2_const&)#2}>",Chaos CastHelper OverlapQuery<FConvex> lambda
0x8b19894,456,FUN_08b19894,
0x8b1ae70,1844,"InitializeEPA<float,Chaos::GJKPenetration<false,float,Chaos::FConvex,Chaos::FConvex>(Chaos::FConvex_const&,Chaos::FConvex_const&,Chaos::TRigidTransform<float,3>const&,float&,Chaos::TVector<float,3>&,Chaos::TVector<float,3>&,Chaos::TVector<float,3>&,int&,int&,float,float,Chaos::TVector<float,3>const&,float)::{lambda(Chaos::TVector<float,3>const&)#1},Chaos::GJKPenetration<false,float,Chaos::FConvex,Chaos::FConvex>(Chaos::FConvex_const&,Chaos::FConvex_const&,Chaos::TRigidTransform<float,3>const&,float&,Chaos::TVector<float,3>&,Chaos::TVector<float,3>&,Chaos::TVector<float,3>&,int&,int&,float,float,Chaos::TVector<float,3>const&,float)::{lambda(Chaos::TVector<float,3>const&)#2}>",
0x8b1f3f0,28,operator(),
0x8b1f40c,348,_ZNSt6__ndk111__sift_downIRNS_7greaterIZN5Chaos3EPAIfZNS2_14GJKPenetrationILb0EfNS2_21TImplicitObjectScaledINS2_4TBoxIfLi3EEELb1EEENS2_7FConvexEEEbRKT1_RKT2_RKNS2_15TRigidTransformIT0_Li3EEERSH_RNS2_7TVectorISH_Li3EEESO_SO_RiSP_SH_SH_RKSN_SH_EUlRKNSM_IfLi3EEEE_ZNS4_ILb0EfS8_S9_EEbSC_SF_SK_SL_SO_SO_SO_SP_SP_SH_SH_SR_SH_EUlSU_E0_EENS2_10EEPAResultER6TArrayINSM_IT_Li3EEE22TSizedDefaultAllocatorILi32EEES14_RKSH_SC_RSZ_RS10_S18_S18_E16FEPAEntryWrapperEENS_11__wrap_iterIPS19_EEEEvSH_SH_SZ_NS_15iterator_traitsISH_E15difference_typeESH_,
0x8b1fb88,556,operator(),
0x8b20d84,752,operator(),
0x8b22f08,348,_ZNSt6__ndk111__sift_downIRNS_7greaterIZN5Chaos3EPAIfZNS2_14GJKPenetrationILb0EfNS2_21TImplicitObjectScaledINS2_7FConvexELb1EEES6_EEbRKT1_RKT2_RKNS2_15TRigidTransformIT0_Li3EEERSF_RNS2_7TVectorISF_Li3EEESM_SM_RiSN_SF_SF_RKSL_SF_EUlRKNSK_IfLi3EEEE_ZNS4_ILb0EfS7_S6_EEbSA_SD_SI_SJ_SM_SM_SM_SN_SN_SF_SF_SP_SF_EUlSS_E0_EENS2_10EEPAResultER6TArrayINSK_IT_Li3EEE22TSizedDefaultAllocatorILi32EEES12_RKSF_SA_RSX_RSY_S16_S16_E16FEPAEntryWrapperEENS_11__wrap_iterIPS17_EEEEvSF_SF_SX_NS_15iterator_traitsISF_E15difference_typeESF_,
0x8b23ce8,1204,"GJKIntersection<float,Chaos::FConvex,Chaos::FConvex>",
0x8b27aac,524,"SweepHelper<Chaos::TImplicitObjectScaled<Chaos::TSphere<float,3>,true>>",
0x8b28e90,2848,"CastHelper<Chaos::OverlapQuery<Chaos::TImplicitObjectScaled<Chaos::TSphere<float,3>,true>>(Chaos::FImplicitObject_const&,Chaos::TRigidTransform<float,3>const&,Chaos::TImplicitObjectScaled<Chaos::TSphere<float,3>,true>const&,Chaos::TRigidTransform<float,3>const&,float,Chaos::FMTDInfo*)::{lambda(auto:1_const&,auto:2_const&)#2}>",Chaos CastHelper OverlapQuery<Scaled TSphere> lambda
0x8b2fc28,1828,"GJKPenetration<false,float,Chaos::FConvex,Chaos::TImplicitObjectScaled<Chaos::TSphere<float,3>,true>>",
0x8b37844,2024,"EPA<float,Chaos::GJKPenetration<false,float,Chaos::TImplicitObjectScaled<Chaos::FConvex,true>,Chaos::TImplicitObjectScaled<Chaos::TSphere<float,3>,true>>(Chaos::TImplicitObjectScaled<Chaos::FConvex,true>const&,Chaos::TImplicitObjectScaled<Chaos::TSphere<float,3>,true>const&,Chaos::TRigidTransform<float,3>const&,float&,Chaos::TVector<float,3>&,Chaos::TVector<float,3>&,Chaos::TVector<float,3>&,int&,int&,float,float,Chaos::TVector<float,3>const&,float)::{lambda(Chaos::TVector<float,3>const&)#1},Chaos::GJKPenetration<false,float,Chaos::TImplicitObjectScaled<Chaos::FConvex,true>,Chaos::TImplicitObjectScaled<Chaos::TSphere<float,3>,true>>(Chaos::TImplicitObjectScaled<Chaos::FConvex,true>const&,Chaos::TImplicitObjectScaled<Chaos::TSphere<float,3>,true>const&,Chaos::TRigidTransform<float,3>const&,float&,Chaos::TVector<float,3>&,Chaos::TVector<float,3>&,Chaos::TVector<float,3>&,int&,int&,float,float,Chaos::TVector<float,3>const&,float)::{lambda(Chaos::TVector<float,3>const&)#2}>",
0x8b3f164,388,operator(),
0x8b3f46c,388,operator(),
0x8b3f8f8,388,operator(),
0x8b3fd84,1472,"GJKPenetration<false,float,Chaos::TSphere<float,3>,Chaos::TImplicitObjectScaled<Chaos::TBox<float,3>,true>>",
0x8b45738,460,operator(),
0x8b46cc4,28,operator(),
0x8b46ce0,348,_ZNSt6__ndk111__sift_downIRNS_7greaterIZN5Chaos3EPAIfZNS2_14GJKPenetrationILb0EfNS2_7FConvexENS2_21TImplicitObjectScaledINS2_4TBoxIfLi3EEELb1EEEEEbRKT1_RKT2_RKNS2_15TRigidTransformIT0_Li3EEERSH_RNS2_7TVectorISH_Li3EEESO_SO_RiSP_SH_SH_RKSN_SH_EUlRKNSM_IfLi3EEEE_ZNS4_ILb0EfS5_S9_EEbSC_SF_SK_SL_SO_SO_SO_SP_SP_SH_SH_SR_SH_EUlSU_E0_EENS2_10EEPAResultER6TArrayINSM_IT_Li3EEE22TSizedDefaultAllocatorILi32EEES14_RKSH_SC_RSZ_RS10_S18_S18_E16FEPAEntryWrapperEENS_11__wrap_iterIPS19_EEEEvSH_SH_SZ_NS_15iterator_traitsISH_E15difference_typeESH_,
0x8b47410,460,operator(),
0x8b47c70,1844,"InitializeEPA<float,Chaos::GJKPenetration<false,float,Chaos::TImplicitObjectScaled<Chaos::TSphere<float,3>,true>,Chaos::TImplicitObjectScaled<Chaos::TBox<float,3>,true>>(Chaos::TImplicitObjectScaled<Chaos::TSphere<float,3>,true>const&,Chaos::TImplicitObjectScaled<Chaos::TBox<float,3>,true>const&,Chaos::TRigidTransform<float,3>const&,float&,Chaos::TVector<float,3>&,Chaos::TVector<float,3>&,Chaos::TVector<float,3>&,int&,int&,float,float,Chaos::TVector<float,3>const&,float)::{lambda(Chaos::TVector<float,3>const&)#1},Chaos::GJKPenetration<false,float,Chaos::TImplicitObjectScaled<Chaos::TSphere<float,3>,true>,Chaos::TImplicitObjectScaled<Chaos::TBox<float,3>,true>>(Chaos::TImplicitObjectScaled<Chaos::TSphere<float,3>,true>const&,Chaos::TImplicitObjectScaled<Chaos::TBox<float,3>,true>const&,Chaos::TRigidTransform<float,3>const&,float&,Chaos::TVector<float,3>&,Chaos::TVector<float,3>&,Chaos::TVector<float,3>&,int&,int&,float,float,Chaos::TVector<float,3>const&,float)::{lambda(Chaos::TVector<float,3>const&)#2}>",
0x8b4d978,456,FUN_08b4d978,
0x8b4e0ac,960,"GJKIntersection<float,Chaos::TSphere<float,3>,Chaos::TImplicitObjectScaled<Chaos::TBox<float,3>,true>>",
0x8b4f0fc,984,"GJKIntersection<float,Chaos::TImplicitObjectScaled<Chaos::TSphere<float,3>,true>,Chaos::TImplicitObjectScaled<Chaos::TBox<float,3>,true>>",
0x8b52b60,4,~ISpatialVisitor,
0x8b52b64,4,~TSQVisitor,
0x8b52b68,8,Overlap,
0x8b52b74,4,Sweep,
0x8b592f4,432,operator(),
0x8b5a2b8,456,FUN_08b5a2b8,
0x8b5af34,432,operator(),
0x8b5bf4c,456,FUN_08b5bf4c,
0x8b5c61c,1492,"GJKPenetration<false,float,Chaos::TImplicitObjectScaled<Chaos::TSphere<float,3>,true>,Chaos::TImplicitObjectScaled<Chaos::FCapsule,true>>",
0x8b629b4,1844,"InitializeEPA<float,Chaos::GJKPenetration<false,float,Chaos::TImplicitObjectScaled<Chaos::FConvex,true>,Chaos::TImplicitObjectScaled<Chaos::FCapsule,true>>(Chaos::TImplicitObjectScaled<Chaos::FConvex,true>const&,Chaos::TImplicitObjectScaled<Chaos::FCapsule,true>const&,Chaos::TRigidTransform<float,3>const&,float&,Chaos::TVector<float,3>&,Chaos::TVector<float,3>&,Chaos::TVector<float,3>&,int&,int&,float,float,Chaos::TVector<float,3>const&,float)::{lambda(Chaos::TVector<float,3>const&)#1},Chaos::GJKPenetration<false,float,Chaos::TImplicitObjectScaled<Chaos::FConvex,true>,Chaos::TImplicitObjectScaled<Chaos::FCapsule,true>>(Chaos::TImplicitObjectScaled<Chaos::FConvex,true>const&,Chaos::TImplicitObjectScaled<Chaos::FCapsule,true>const&,Chaos::TRigidTransform<float,3>const&,float&,Chaos::TVector<float,3>&,Chaos::TVector<float,3>&,Chaos::TVector<float,3>&,int&,int&,float,float,Chaos::TVector<float,3>const&,float)::{lambda(Chaos::TVector<float,3>const&)#2}>",
0x8b69408,2848,"CastHelper<Chaos::OverlapQuery<Chaos::TImplicitObjectScaled<Chaos::FConvex,true>>(Chaos::FImplicitObject_const&,Chaos::TRigidTransform<float,3>const&,Chaos::TImplicitObjectScaled<Chaos::FConvex,true>const&,Chaos::TRigidTransform<float,3>const&,float,Chaos::FMTDInfo*)::{lambda(auto:1_const&,auto:2_const&)#2}>",Chaos CastHelper OverlapQuery<Scaled FConvex> lambda
0x8b6ff94,348,_ZNSt6__ndk111__sift_downIRNS_7greaterIZN5Chaos3EPAIfZNS2_14GJKPenetrationILb0EfNS2_8FCapsuleENS2_21TImplicitObjectScaledINS2_7FConvexELb1EEEEEbRKT1_RKT2_RKNS2_15TRigidTransformIT0_Li3EEERSG_RNS2_7TVectorISG_Li3EEESN_SN_RiSO_SG_SG_RKSM_SG_EUlRKNSL_IfLi3EEEE_ZNS4_ILb0EfS5_S8_EEbSB_SE_SJ_SK_SN_SN_SN_SO_SO_SG_SG_SQ_SG_EUlST_E0_EENS2_10EEPAResultER6TArrayINSL_IT_Li3EEE22TSizedDefaultAllocatorILi32EEES13_RKSG_SB_RSY_RSZ_S17_S17_E16FEPAEntryWrapperEENS_11__wrap_iterIPS18_EEEEvSG_SG_SY_NS_15iterator_traitsISG_E15difference_typeESG_,
0x8b709a0,1844,"EPA<float,Chaos::GJKPenetration<false,float,Chaos::FConvex,Chaos::TImplicitObjectScaled<Chaos::FConvex,true>>(Chaos::FConvex_const&,Chaos::TImplicitObjectScaled<Chaos::FConvex,true>const&,Chaos::TRigidTransform<float,3>const&,float&,Chaos::TVector<float,3>&,Chaos::TVector<float,3>&,Chaos::TVector<float,3>&,int&,int&,float,float,Chaos::TVector<float,3>const&,float)::{lambda(Chaos::TVector<float,3>const&)#1},Chaos::GJKPenetration<false,float,Chaos::FConvex,Chaos::TImplicitObjectScaled<Chaos::FConvex,true>>(Chaos::FConvex_const&,Chaos::TImplicitObjectScaled<Chaos::FConvex,true>const&,Chaos::TRigidTransform<float,3>const&,float&,Chaos::TVector<float,3>&,Chaos::TVector<float,3>&,Chaos::TVector<float,3>&,int&,int&,float,float,Chaos::TVector<float,3>const&,float)::{lambda(Chaos::TVector<float,3>const&)#2}>",
0x8b76fe8,752,operator(),
0x8b78b94,456,FUN_08b78b94,
0x8b792c8,1052,"GJKIntersection<float,Chaos::TSphere<float,3>,Chaos::TImplicitObjectScaled<Chaos::FConvex,true>>",
0x8b7b1a8,1264,"GJKIntersection<float,Chaos::TImplicitObjectScaled<Chaos::FConvex,true>,Chaos::TImplicitObjectScaled<Chaos::FConvex,true>>",
0x8b7f528,1404,"Visit<(TSQVisitor<Chaos::TBox<float,3>,Chaos::FAccelerationStructureHandle,ChaosInterface::FOverlapHit>::ESQType)0>",
0x8b81504,8,Overlap,
0x8b81514,8,GetQueryData,
0x8b8151c,984,"Visit<(TSQVisitor<Chaos::FConvex,Chaos::FAccelerationStructureHandle,ChaosInterface::FOverlapHit>::ESQType)2>",
0x8b836a8,4,~TSQVisitor,
0x8b836ac,8,Overlap,
0x8b836b4,4,Raycast,
0x8b861c0,1484,"Visit<(TSQVisitor<Chaos::TImplicitObjectScaled<Chaos::FConvex,true>,Chaos::FAccelerationStructureHandle,ChaosInterface::FOverlapHit>::ESQType)1>",
0x8b8b86c,344,ConditionalRehash,
0x8b8c3f0,52,preFilter,
0x8b8c430,8,PostFilter,
0x8b8c484,136,ResizeTo,
0x8b8c864,472,EmplaceImpl,
0x8b8e490,12,Get_Z_Construct_UScriptStruct_FBodyInstanceCore_Hash,
0x8b8e518,52,NewStructOps,
0x8b8e5c0,4,StaticRegisterNativesUBodySetupCore,
0x8b8e7c4,76,Z_Construct_UEnum_PhysicsCore_EBodyCollisionResponse,
0x8b8e85c,180,GetPrivateStaticClass,
0x8b8eef8,12,Get_Z_Construct_UEnum_PhysicsCore_EConstraintFrame_Hash,
0x8b8ef50,112,StaticEnum<EAngularConstraintMotion>,
0x8b8f3e4,76,Z_Construct_UEnum_PhysicsCore_EPhysicalSurface,
0x8b8f798,4,EmptyLinkFunctionForGeneratedCodePhysicalMaterial,
0x8b8f854,180,StaticClass,
0x8b90074,12,NewProp_bDefaultHasComplexCollision_SetBit,
0x8b90198,12,InternalConstructor<UPhysicsSettingsCore>,
0x8b90304,112,StaticEnum<EFrictionCombineMode::Type>,
0x8b9049c,44,Copy,
0x8b90930,12,ClassPackage,
0x8b91ca4,112,~UMockDataMeshTrackerComponent,
0x8b91e04,172,ConnectMRMesh,
0x8b93134,44,~TArray,
0x8b933b0,164,UMRMeshComponent,
0x8b939a0,152,GetUsedMaterials,
0x8b94ad8,1004,ClearAllBrickData_Internal,
0x8b96b5c,12,SetConnected,
0x8b96b78,8,~UMRMeshComponent,
0x8b96be0,8,_getUObject,
0x8b96bfc,20,SendRelativeTransform,
0x8b96d2c,156,~FCachedMeshData,
0x8b97498,12,GetTypeHash,
0x8b974a4,2364,GetDynamicMeshElements,FMRMeshProxy::GetDynamicMeshElements MR 网格代理绘制元素
0x8b9f0c8,12,FTrackedGeometryGroup,
0x8b9f0d4,48,~TWeakPtr,
0x8b9f4a0,24,IsARAvailable,
0x8b9f5d0,32,StartARSession,
0x8b9f800,268,StopARSession,
0x8ba03e4,28,LineTraceTrackedObjects,
0x8ba0868,28,GetAllTrackedGeometries,
0x8ba0b8c,28,GetAllPins,
0x8ba0ccc,24,IsSessionTypeSupported,
0x8ba0d78,148,DebugDrawPin,
0x8ba122c,172,PinComponent,
0x8ba1700,288,IsARPinLocalStoreSupported,
0x8ba1ee4,4,GetLocalToTrackingTransform,
0x8ba7828,316,AddTrackedPointWithName,
0x8ba7ed0,20,IsDone,
0x8ba7ef8,84,Tick,
0x8ba85fc,208,ARGetCandidateObject,
0x8ba9154,148,SetGeoAnchorComponentDebugMode,
0x8ba99ac,248,GetNetworkPayload,
0x8ba9f5c,84,OnRep_Payload,
0x8baa4cc,40,ServerUpdatePayload_Implementation,
0x8baa850,132,GetNetworkPayload,
0x8baada4,140,GetNetworkPayload,
0x8bab380,176,GetLifetimeReplicatedProps,
0x8babe44,124,GetNetworkPayload,
0x8bac3f8,240,GetNetworkPayload,
0x8bac9dc,4,UpdateVisualization_Implementation,
0x8bac9e4,164,SetObjectClassificationDebugColors,
0x8bad230,80,UpdateVisualization_Implementation,
0x8bae4f4,1480,GetLocalToWorldTransform,
0x8bb1bb4,92,GetARSystem,
0x8bb1d34,1624,OnTransformUpdated,
0x8bb6398,92,DebugDraw,
0x8bb6808,1364,UpdateAlignmentTransform,
0x8bba80c,8,~UARImageComponent,
0x8bba83c,72,~UARQRCodeComponent,
0x8bbaad8,40,~UAREnvironmentProbeComponent,
0x8bbac40,76,~UARGeoAnchorComponent,
0x8bbaf80,168,~UARPlaneGeometry,
0x8bbb704,4,GetStatId,
0x8bbb70c,4,ReportFailure,
0x8bbb734,164,~UARBaseAsyncTaskBlueprintProxy,
0x8bbbbc0,8,GetGeoTrackingStateReason,
0x8bbbbd8,8,AddGeoAnchorAtLocationWithAltitude,
0x8bbbd68,40,~UCheckGeoTrackingAvailabilityAsyncTaskBlueprintProxy,
0x8bbc078,8,IsLevelBoundsRelevant,
0x8bbc0a8,4,SetBandwidthLimit,
0x8bbc0ac,688,~APlayerController,
0x8bbd1e4,340,operator=,
0x8bbe2b0,328,TIntrusiveReferenceController<char16_t_const(&)[57]>,
0x8bbf51c,88,Execute,
0x8bbf854,144,ResizeGrow,
0x8bc0374,8,GetUObject,
0x8bc04a8,64,Execute,
0x8bc08c4,2988,_INIT_533,_INIT_533 静态初始化/容器释放辅助
0x8be3e24,184,StaticRegisterNativesUARTrackedPose,
0x8be4aec,28,execGetAltitudeMeters,
0x8be4d00,76,Z_Construct_UFunction_UARGeoAnchor_GetAltitudeMeters,
0x8be4f38,188,GetPrivateStaticClass,
0x8be59f4,80,FUN_08be59f4,
0x8be5c44,80,FUN_08be5c44,
0x8be60e0,76,Z_Construct_UEnum_AugmentedReality_EARTrackingQuality,
0x8be648c,52,NewStructOps,
0x8be689c,76,Z_Construct_UScriptStruct_FARVideoFormat,
0x8be6d74,180,StaticClass<UARTypesDummyClass>,
0x8be7880,184,StaticRegisterNativesUARCandidateObject,
0x8be82ac,192,Register,
0x8be8d1c,188,Register,
0x8be9300,8,ExportTextItem,
0x8be939c,20,Construct,
0x8be9480,8,NetDeltaSerialize,
0x8be9510,8,ExportTextItem,
0x8be9640,8,HasSerializer,
0x8be9668,4,PostSerialize,
0x8be96a8,8,HasCopy,
0x8be9750,8,HasStructuredSerializeFromMismatchedTag,
0x8be9768,8,HasGetTypeHash,
0x8be9910,20,ConstructForTests,
0x8be99ac,8,HasNetDeltaSerializer,
0x8be9af4,8,HasImportTextItem,
0x8be9b30,8,StructuredSerializeFromMismatchedTag,
0x8be9b88,12,Construct,
0x8be9bd4,4,PostSerialize,
0x8be9c5c,8,HasExportTextItem,
0x8be9cb0,8,HasGetTypeHash,
0x8be9ce8,4,AddStructReferencedObjectsOrNot<FARVideoFormat>,
0x8be9d88,8,HasNetSharedSerialization,
0x8be9db0,4,PostScriptConstruct,
0x8be9e8c,8,ImportTextItem,
0x8be9fc4,188,Register,
0x8becd20,88,RenderSpectatorModeSingleEye,
0x8bed188,628,RenderSpectatorModeMirrorAndTexture,
0x8bef948,28,IsActiveThisFrame_Internal,
0x8befa2c,204,SetupViewFamily,
0x8bf0968,8,PreRenderView_RenderThread,
0x8bf0a00,624,PreRenderViewFamily_RenderThread,
0x8bf40e0,72,FHeadMountedDisplayBase,
0x8bf451c,8,RecordAnalytics,
0x8bf5118,12,SetHeadTrackingEnforced,
0x8bf5300,568,"NewExtension<FDefaultStereoLayers,FHeadMountedDisplayBase*>",
0x8bf60c8,388,FUN_08bf60c8,
0x8bf6f24,104,IsHeadMountedDisplayConnected,
0x8bf7238,244,GetOrientationAndPosition,
0x8bf79fc,152,GetVRFocusState,
0x8bf7e04,380,EnumerateTrackedDevices,
0x8bf8f9c,4,IMPLEMENT_MODULE_HeadMountedDisplay,
0x8bf8fa0,16,DoesAppUseVRFocus,
0x8bf8fd0,40,~FHMDViewMesh,
0x8bf9424,16,FXRDeviceId,
0x8bf9480,56,FXRDeviceId,
0x8bf9504,124,operator==,
0x8bf9930,428,GatherLateUpdatePrimitives,
0x8bfa2fc,704,TickComponent,
0x8bfcb74,164,FViewExtension,
0x8bfd72c,64,operator==,
0x8bfd76c,64,operator!=,
0x8bfd808,92,~TMapBase,
0x8bfda38,304,Resize,
0x8c00774,460,FindDelayTransform,
0x8c01070,316,DisableMotionTrackingOfDevice,
0x8c01624,288,DisableMotionTrackingOfAllControllers,
0x8c01f54,4,MarkLayerTextureForUpdate,
0x8c01f58,88,UVRNotificationsComponent,
0x8c020c8,300,AddUObject<UVRNotificationsComponent>,
0x8c02ab4,344,AddDeviceVisualizationComponentAsync,
0x8c035dc,152,EnumerateSources,
0x8c038ec,176,UpdateViewport,
0x8c03cb4,1312,ExecuteOnRenderThread_DoNotWait,
0x8c07578,8,DoesSupportLateProjectionUpdate,
0x8c0758c,4,RefreshPoses,
0x8c07594,8,GetTrackingSensorProperties,
0x8c07644,4,SetBaseRotation,
0x8c07678,20,GetBasePosition,
0x8c076c4,8,ConfigureGestures,
0x8c077dc,4,CopyTexture_RenderThread,
0x8c078d4,4,GetEyeRenderParams_RenderThread,
0x8c07904,8,GetLensCenterOffset,
0x8c0792c,4,DrawVisibleAreaMesh_RenderThread,
0x8c07988,8,GetRedDistortionParameters,
0x8c079b0,180,~FHeadMountedDisplayBase,
0x8c09044,160,UpdateSplashScreen,
0x8c09508,4,UpdateLayer,
0x8c0950c,4,SetupView,
0x8c09514,4,PreRenderView_RenderThread,
0x8c09520,40,~FDefaultStereoLayers,
0x8c09554,8,GetPriority,
0x8c09580,8,GetSystemDeviceId,
0x8c09594,8,GetUseImplicitHMDPosition,
0x8c09628,60,~FDefaultXRCamera,
0x8c09860,240,AddSplash,
0x8c09bfc,4,SetupViewFamily,
0x8c09ce0,4,~FMotionDelayClient,
0x8c09cec,4,PreRenderViewFamily_RenderThread,
0x8c09cf8,280,~UVRNotificationsComponent,
0x8c0a5a4,28,operator(),
0x8c0ab28,8,SupportsLayerState,
0x8c0ab74,148,ResizeForCopy,
0x8c0bb2c,20,GetShapeName,
0x8c0bb40,40,Clone,
0x8c0c18c,136,ResizeTo,
0x8c0c2a4,460,"RemoveAll<TArray<FMotionDelayTarget::FMotionSource,TSizedDefaultAllocator<32>>::Remove(FMotionDelayTarget::FMotionSource_const&)::{lambda(FMotionDelayTarget::FMotionSource&)#1}>",
0x8c0cdcc,8,~TXRLoadingScreenBase,
0x8c0d120,4,StoreDebugInfo,
0x8c0d180,80,FUN_08c0d180,
0x8c0d6a0,72,~FStaticStateResource,
0x8c0dc44,176,ResizeGrow,
0x8c0dfdc,24,DestroyObject,
0x8c0e110,320,"Emplace<TPairInitializer<FName_const&,FXRTimedInputActionDelegate_const&>>",
0x8c0f294,472,EmplaceImpl,
0x8c100e4,116,DestroyObject,
0x8c112e0,144,ResizeGrow,
0x8c1155c,92,FUN_08c1155c,
0x8c11cbc,76,ExecuteIfSafe,
0x8c120c8,168,ResizeGrow,
0x8c12b58,80,FUN_08c12b58,
0x8c13090,80,FUN_08c13090,
0x8c1357c,144,FUN_08c1357c,
0x8c13c90,144,ResizeGrow,
0x8c14504,308,RemoveAt,
0x8c168a0,76,Z_Construct_UPackage__Script_HeadMountedDisplay,
0x8c1729c,288,execSetXRTimedInputActionDelegate,
0x8c18288,56,execIsSpectatorScreenModeControllable,
0x8c183b8,204,execUpdateExternalTrackingHMDPosition,
0x8c188c8,224,execSetClippingPlanes,
0x8c196b8,76,Z_Construct_UClass_UHeadMountedDisplayFunctionLibrary,
0x8c19840,76,Z_Construct_UFunction_UHeadMountedDisplayFunctionLibrary_ConfigureGestures,
0x8c19b10,12,NewProp_bTimeWasUsed_SetBit,
0x8c19b34,12,NewProp_ReturnValue_SetBit,
0x8c19c08,76,Z_Construct_UFunction_UHeadMountedDisplayFunctionLibrary_GetDeviceWorldPose,
0x8c19f00,76,Z_Construct_UFunction_UHeadMountedDisplayFunctionLibrary_GetPixelDensity,
0x8c1a1c4,12,NewProp_bHasFocus_SetBit,
0x8c1a2c0,76,Z_Construct_UFunction_UHeadMountedDisplayFunctionLibrary_HasValidTrackingPosition,
0x8c1a640,12,NewProp_bDrawEyeFirst_SetBit,
0x8c1a658,12,NewProp_bUseAlpha_SetBit,
0x8c1a748,76,Z_Construct_UFunction_UHeadMountedDisplayFunctionLibrary_SetWorldToMetersScale,
0x8c1ac2c,112,StaticEnum<EHandKeypoint>,
0x8c1b0e4,112,FUN_08c1b0e4,
0x8c1b6f8,12,NewProp_bValid_SetBit,
0x8c1b860,188,StaticClass,
0x8c1c14c,176,execSetTrackingMotionSource,
0x8c1c804,12,NewProp_ReturnValue_SetBit,
0x8c1c8a8,76,Z_Construct_UFunction_UMotionControllerComponent_SetAssociatedPlayerIndex,
0x8c1cb58,192,GetPrivateStaticClass,
0x8c1d7fc,160,execSetIsControllerMotionTrackingEnabledByDefault,
0x8c1dcc0,12,NewProp_ReturnValue_SetBit,
0x8c1ddfc,76,Z_Construct_UFunction_UMotionTrackedDeviceFunctionLibrary_GetMotionTrackingEnabledControllerCount,
0x8c1e114,188,GetPrivateStaticClass,
0x8c1edd4,188,GetPrivateStaticClass,
0x8c1f938,4,EmptyLinkFunctionForGeneratedCodeXRGestureConfig,
0x8c1f93c,112,StaticEnum<ESpatialInputGestureAxis>,
0x8c1fbec,20,execHideLoadingScreen,
0x8c200b8,188,StaticClass,
0x8c20a18,36,~UHandKeypointConversion,
0x8c20b10,8,HasZeroConstructor,
0x8c20bc4,8,HasStructuredSerializer,
0x8c20be4,4,PostSerialize,
0x8c20c24,8,HasCopy,
0x8c20db4,8,ImportTextItem,
0x8c20e28,4,AddStructReferencedObjectsOrNot<FXRMotionControllerData>,
0x8c20ea4,8,HasPostSerialize,
0x8c20ed0,8,NetDeltaSerialize,
0x8c20f54,8,HasAddStructReferencedObjects,
0x8c20f90,32,GetStructTypeHash,
0x8c210a8,8,ConstructForTests,
0x8c21110,8,HasPostScriptConstruct,
0x8c21174,8,HasImportTextItem,
0x8c211b0,8,StructuredSerializeFromMismatchedTag,
0x8c211f4,192,Register,
0x8c224b0,28,Execute,
0x8c22870,76,Z_Construct_UPackage__Script_EyeTracker,
0x8c22d08,12,NewProp_ReturnValue_SetBit,
0x8c22d14,76,Z_Construct_UClass_UEyeTrackerFunctionLibrary,
0x8c22eb4,76,Z_Construct_UFunction_UEyeTrackerFunctionLibrary_IsStereoGazeDataAvailable,
0x8c23264,112,FUN_08c23264,
0x8c235c0,188,Register,
0x8c24208,8,Do,
0x8c2432c,108,ConstructSerializedInstance,
0x8c24690,108,ConstructSerializedInstance,
0x8c248d8,284,GetTypeLayout,
0x8c26fcc,972,Set<FRHIHullShader>,
0x8c286ac,88,ShouldCompilePermutationImpl,
0x8c28824,8,Do,
0x8c2882c,284,GetTypeLayout,
0x8c2941c,88,ShouldCompilePermutationImpl,
0x8c296f0,52,ConstructCompiledInstance,
0x8c297d4,284,StaticGetTypeLayout,
0x8c2a974,1760,SetParameters,FAtmosphericFogPS::SetParameters 大气雾参数
0x8c2f288,68,ConstructSerializedInstance,
0x8c2f534,284,GetTypeLayout,
0x8c2fd30,68,ConstructSerializedInstance,
0x8c30014,8,Do,
0x8c3001c,184,GetTypeLayout,
0x8c30514,4,ModifyCompilationEnvironmentImpl,
0x8c30804,284,StaticGetTypeLayout,
0x8c3127c,284,StaticGetTypeLayout,
0x8c31b6c,184,GetTypeLayout,
0x8c323b8,88,ShouldCompilePermutationImpl,
0x8c326f0,168,ModifyCompilationEnvironmentImpl,
0x8c32a34,40,InternalDestroy,
0x8c32c9c,68,ConstructSerializedInstance,
0x8c32df4,184,StaticGetTypeLayout,
0x8c33460,4,ShouldCompilePermutationImpl,
0x8c33c98,284,GetTypeLayout,
0x8c3497c,4,ShouldCompilePermutationImpl,
0x8c357c8,88,ShouldCompilePermutationImpl,
0x8c35ab8,4,ShouldCompilePermutationImpl,
0x8c364c4,184,StaticGetTypeLayout,
0x8c36e60,52,ConstructCompiledInstance,
0x8c37178,172,ConstructCompiledInstance,
0x8c375ec,184,StaticGetTypeLayout,
0x8c37dac,72,ConstructSerializedInstance,
0x8c38090,8,Do,
0x8c38098,284,GetTypeLayout,
0x8c38e28,184,GetTypeLayout,
0x8c396c4,40,InternalDestroy,
0x8c39970,52,ConstructCompiledInstance,
0x8c39ac8,284,StaticGetTypeLayout,
0x8c3a744,4,ModifyCompilationEnvironmentImpl,
0x8c3ae50,40,InternalDestroy,
0x8c3b130,192,ModifyCompilationEnvironmentImpl,
0x8c3b904,284,StaticGetTypeLayout,
0x8c3c2e4,184,StaticGetTypeLayout,
0x8c3cdf8,40,InternalDestroy,
0x8c3cfe0,172,ConstructCompiledInstance,
0x8c3d378,180,ShouldCompilePermutationImpl,
0x8c3d8b8,8,Do,
0x8c3d8c0,184,GetTypeLayout,
0x8c3e04c,40,InternalDestroy,
0x8c3e388,40,InternalDestroy,
0x8c3e570,172,ConstructCompiledInstance,
0x8c3e904,4,ModifyCompilationEnvironmentImpl,
0x8c3ef50,172,ConstructCompiledInstance,
0x8c3f4b8,8,Do,
0x8c3f4c0,284,GetTypeLayout,
0x8c401f0,184,StaticGetTypeLayout,
0x8c408f0,8,Do,
0x8c408f8,184,GetTypeLayout,
0x8c413b0,184,StaticGetTypeLayout,
0x8c41aa4,184,GetTypeLayout,
0x8c42340,4,ShouldCompilePermutationImpl,
0x8c42d9c,4,ShouldCompilePermutationImpl,
0x8c43920,72,ConstructSerializedInstance,
0x8c43c04,8,Do,
0x8c43c0c,284,GetTypeLayout,
0x8c448b4,40,InternalDestroy,
0x8c44a9c,172,ConstructCompiledInstance,
0x8c44f24,184,StaticGetTypeLayout,
0x8c45a9c,184,StaticGetTypeLayout,
0x8c4633c,4,ModifyCompilationEnvironmentImpl,
0x8c46ea4,300,SetupBasePassState,
0x8c48358,640,GetUniformBasePassShaders<(ELightMapPolicyType)8>,
0x8c4bb08,1272,Process<FUniformLightMapPolicy>,
0x8c4ea74,4,ShouldCompilePermutationImpl,
0x8c4ee9c,284,GetTypeLayout,
0x8c4f66c,284,StaticGetTypeLayout,
0x8c4ff60,284,StaticGetTypeLayout,
0x8c509a0,8,Do,
0x8c509a8,284,GetTypeLayout,
0x8c5144c,188,ConstructCompiledInstance,
0x8c51af8,8,Do,
0x8c51b1c,56,ConstructSerializedInstance,
0x8c51c6c,560,StaticGetTypeLayout,
0x8c55e78,88,ShouldCompilePermutationImpl,
0x8c55ed0,888,AddClusteredDeferredShadingPass,
0x8c58d68,736,ProcessLpvIndirect,
0x8c59fd8,64,operator<<,
0x8c5a018,320,SetupAmbientCubemapParameters,
0x8c5a1d8,16,GetAmbientOcclusionStepMipLevelFactor,
0x8c5a264,4,InternalDestroy,
0x8c5a4d4,100,ConstructCompiledInstance,
0x8c5ada4,284,StaticGetTypeLayout,
0x8c5b670,212,ModifyCompilationEnvironmentImpl,
0x8c5b8bc,8,Do,
0x8c5b8c4,284,GetTypeLayout,
0x8c5d39c,916,FUN_08c5d39c,
0x8c5e5f8,4,InternalDestroy,
0x8c5e83c,44,ConstructSerializedInstance,
0x8c5e920,88,ShouldCompilePermutationImpl,
0x8c5ee5c,284,StaticGetTypeLayout,
0x8c5f844,100,ConstructCompiledInstance,
0x8c5fd98,56,GetDecalRasterizerState,
0x8c600b4,4,~FAnisotropyMeshProcessor,
0x8c600b8,4,~FAnisotropyMeshProcessor,
0x8c6017c,36,~FAtmosphereTextures,
0x8c601a0,4,~FAzureOutlinePassMeshProcessor,~FAzureOutlinePassMeshProcessor 析构(类主体在其它文件)
0x8c601a4,4,~FAzureOutlinePassMeshProcessor,~FAzureOutlinePassMeshProcessor 析构
0x8c601a8,4,~FBasePassMeshProcessor,
0x8c601ac,4,~FBasePassMeshProcessor,
0x8c60318,288,_INIT_546,
0x8c60854,64,~FStaticStateResource,
0x8c609f4,284,_INIT_551,
0x8c612b8,320,_INIT_557,
0x8c61d20,296,_INIT_564,
0x8c626e8,64,~FStaticStateResource,
0x8c62cbc,64,~FStaticStateResource,
0x8c62fa8,64,~FStaticStateResource,
0x8c632c8,296,_INIT_579,
0x8c644a4,208,zzAppendMemberGetPrev,
0x8c64c98,200,zzAppendMemberGetPrev,
0x8c65468,200,zzAppendMemberGetPrev,
0x8c65c44,200,zzAppendMemberGetPrev,
0x8c66414,200,zzAppendMemberGetPrev,
0x8c66d80,8,zzAppendMemberGetPrev,
0x8c66d88,312,ModifyCompilationEnvironment,
0x8c6829c,92,AddCommand,
0x8c68684,336,ResizeGrow,
0x8c69204,200,zzAppendMemberGetPrev,
0x8c69a78,200,zzAppendMemberGetPrev,
0x8c69e5c,208,zzAppendMemberGetPrev,
0x8c6a570,208,zzAppendMemberGetPrev,
0x8c6aea0,200,zzAppendMemberGetPrev,
0x8c6b4dc,200,zzAppendMemberGetPrev,
0x8c6be08,204,zzAppendMemberGetPrev,
0x8c6c734,200,zzAppendMemberGetPrev,
0x8c6cef8,196,zzAppendMemberGetPrev,
0x8c6d5c8,200,zzAppendMemberGetPrev,
0x8c6dccc,8,zzAppendMemberGetPrev,
0x8c6dcd4,360,GetStructMetadata,
0x8c6f030,200,zzAppendMemberGetPrev,
0x8c6f740,208,zzAppendMemberGetPrev,
0x8c7016c,204,zzAppendMemberGetPrev,
0x8c70864,416,ComputeRenderTargetMode,
0x8c71b44,144,InitRHI,
0x8c72444,892,SetOnCommandList,
0x8c73ed0,40,InternalDestroy,
0x8c74024,8,Do,
0x8c741ac,528,ShouldCompilePermutation,
0x8c74f24,788,ShouldCompilePermutation,
0x8c76a5c,724,ShouldCompilePermutation,
0x8c78184,4,InternalDestroy,
0x8c78348,340,ModifyCompilationEnvironment,
0x8c79074,40,InternalDestroy,
0x8c795dc,364,Initialize,
0x8c7acc0,8,Do,
0x8c7acc8,436,StaticGetTypeLayout,
0x8c7cca4,364,Initialize,
0x8c7e4d0,364,Initialize,
0x8c7fc24,336,ModifyCompilationEnvironment,
0x8c80f18,8,Do,
0x8c80f20,436,StaticGetTypeLayout,
0x8c82e54,404,ShouldCompilePermutation,
0x8c83f64,40,InternalDestroy,
0x8c84280,420,ShouldCompilePermutation,
0x8c85544,40,InternalDestroy,
0x8c85750,8,Do,
0x8c85758,372,ModifyCompilationEnvironment,
0x8c86b50,364,Initialize,
0x8c88888,436,StaticGetTypeLayout,
0x8c8a988,420,ShouldCompilePermutation,
0x8c8bb50,724,ShouldCompilePermutation,
0x8c8cfa4,176,InitRHI,
0x8c8dadc,28,FUN_08c8dadc,
0x8c8f54c,5048,"BuildMeshDrawCommands<TMeshProcessorShaders<TBasePassVertexShaderPolicyParamType<FSelfShadowedVolumetricLightmapPolicy>,FBaseHS,FBaseDS,TBasePassPixelShaderPolicyParamType<FSelfShadowedVolumetricLightmapPolicy>,FMeshMaterialShader,FMeshMaterialShader,FMeshMaterialShader>,TBasePassShaderElementData<FSelfShadowedVolumetricLightmapPolicy>>",BuildMeshDrawCommands<TBasePass+FSelfShadowedVolumetricLightmapPolicy>
0x8ca9960,376,"AddPass<FGTAOInnerIntegratePS::FParameters,AddDrawScreenPass<FGTAOInnerIntegratePS>(FRDGBuilder&,FRDGEventName&&,FViewInfo_const&,FScreenPassTextureViewport_const&,FScreenPassTextureViewport_const&,TShaderRefBase<FShader,FShaderMapPointerTable>const&,TShaderRefBase<FGTAOInnerIntegratePS,FShaderMapPointerTable>const&,FRHIBlendState*,FRHIDepthStencilState*,FGTAOInnerIntegratePS::FParameters*,EScreenPassDrawFlags)::{lambda(FRHICommandListImmediate&)#1}>",
0x8cab2e4,156,InitRHI,
0x8cab538,756,Dispatch<FGTAOTemporalFilterCS>,
0x8cad0f8,1900,"SetShaderParameters<FRHICommandListImmediate,FGTAOUpsamplePS,FRHIPixelShader>",
0x8cc0364,288,StaticGetTypeLayout,
0x8cc08d0,108,ConstructSerializedInstance,
0x8cc0b18,8,Do,
0x8cc0ca8,52,ConstructCompiledInstance,
0x8cc0d40,40,InternalDestroy,
0x8cc1014,52,ConstructCompiledInstance,
0x8cc104c,16,ShouldCompilePermutationImpl,
0x8cc1084,184,StaticGetTypeLayout,
0x8cc1c44,632,Process,
0x8cc3c9c,184,FRCPassPostProcessPassThrough,
0x8cc48e8,128,FCustomDepthPassMeshProcessor,
0x8cc51a0,4,RenderDebugViewMode,
0x8cc5244,4,InternalDestroy,
0x8cc53d0,52,ConstructSerializedInstance,
0x8cc5464,40,InternalDestroy,
0x8cc5850,16,ShouldCompilePermutationImpl,
0x8cc5860,40,InternalDestroy,
0x8cc5ac8,76,ConstructSerializedInstance,
0x8cc5b14,220,ConstructCompiledInstance,
0x8cc74b8,2948,SetParameters,FDeferredDecalPS::SetParameters 贴花 PS 参数
0x8cd481c,68,ConstructSerializedInstance,
0x8cd4ae0,72,ConstructSerializedInstance,
0x8cd4e5c,8,Do,
0x8cd4e80,72,ConstructSerializedInstance,
0x8cd5324,444,"GetDepthPassShaders<false,true>",
0x8cd5f74,4,ModifyCompilationEnvironmentImpl,
0x8cd6b38,1656,RenderPrePassEditorPrimitives,
0x8cdbd1c,48,UseAOHistoryStabilityPass,
0x8cdbd4c,4,InternalDestroy,
0x8cdc07c,20,ModifyCompilationEnvironmentImpl,
0x8cdc368,8,Do,
0x8cdc370,28,GetTypeLayout,
0x8cdc38c,60,ConstructSerializedInstance,
0x8cdc5a4,4,InternalDestroy,
0x8cdcb78,228,ConstructCompiledInstance,
0x8cddf54,76,~TGlobalResource,
0x8cde538,28,GetTypeLayout,
0x8cde5a4,52,ConstructCompiledInstance,
0x8cde758,376,StaticGetTypeLayout,
0x8cdfe8c,140,ModifyCompilationEnvironmentImpl,
0x8ce0258,4,InternalDestroy,
0x8ce05dc,4,InternalDestroy,
0x8ce0ad8,28,GetTypeLayout,
0x8ce0c4c,64,ModifyCompilationEnvironmentImpl,
0x8ce1070,64,ModifyCompilationEnvironmentImpl,
0x8ce13f4,84,ModifyCompilationEnvironmentImpl,
0x8ce1758,52,ConstructCompiledInstance,
0x8ce18d8,4,InternalDestroy,
0x8ce2914,40,FUN_08ce2914,
0x8ce3170,1464,UpdateGlobalHeightFieldObjectRemoves,
0x8ce8b00,304,_INIT_587,
0x8ce9378,296,_INIT_593,
0x8ce9d40,64,~FStaticStateResource,
0x8cea004,60,FUN_08cea004,
0x8cea1c0,64,~FStaticStateResource,
0x8cea4c0,64,~FStaticStateResource,
0x8cea7c0,64,~FStaticStateResource,
0x8ceaac0,64,~FStaticStateResource,
0x8ceadc0,64,~FStaticStateResource,
0x8ceb100,320,_INIT_613,
0x8cebb24,320,_INIT_620,
0x8cec9ec,204,zzAppendMemberGetPrev,
0x8ced490,204,zzAppendMemberGetPrev,
0x8cedd30,360,GetStructMetadata,
0x8ceee84,12,ReleaseRHI,
0x8cef914,76,~FRenderTargetTemp,
0x8cefe80,12,ReleaseRHI,
0x8ceff6c,12,ReleaseRHI,
0x8ceffc0,152,InitRHI,
0x8cf0328,72,~FStaticStateResource,
0x8cf0634,152,InitRHI,
0x8cf4448,176,InitRHI,
0x8cf4804,12,ReleaseRHI,
0x8cf4908,12,ReleaseRHI,
0x8cf4a0c,12,ReleaseRHI,
0x8cf4a60,176,InitRHI,
0x8cf4e70,176,InitRHI,
0x8cf533c,72,~FStaticStateResource,
0x8cf562c,8,FUN_08cf562c,
0x8cf5720,32,FUN_08cf5720,
0x8cf5878,32,FUN_08cf5878,
0x8cf59dc,32,FUN_08cf59dc,
0x8cf5d8c,32,FUN_08cf5d8c,
0x8cf5e74,32,FUN_08cf5e74,
0x8cf5f78,52,~TTrackedAlloc,
0x8cf61c0,416,operator(),
0x8cf70a0,12,ReleaseRHI,
0x8cf70dc,8,FUN_08cf70dc,
0x8cf7110,20,FUN_08cf7110,
0x8cf7184,28,FUN_08cf7184,
0x8cf7f28,1424,Set<FRHIComputeShader*>,
0x8cf9f50,448,Initialize,
0x8cfbff4,200,zzAppendMemberGetPrev,
0x8cfd160,1568,SetParameters,TFilterHistoryPS<false>::SetParameters 滤镜历史参数
0x8cff5c8,120,~TGlobalResource,
0x8cff650,84,~TDistanceFieldObjectBufferResource,
0x8cffb08,328,StaticGetTypeLayoutDesc<TDistanceFieldCulledObjectBufferParameters<(EDistanceFieldPrimitiveType)0>>,
0x8d011e8,500,UnsetParameters<FRHIComputeShader*>,
0x8d01ce0,4,~TTrackedAlloc,
0x8d01d08,2080,FUN_08d01d08,
0x8d08460,320,Initialize,
0x8d091b8,152,ResizeShrink,
0x8d09504,136,ResizeTo,
0x8d0a1f4,452,EmplaceImpl,
0x8d0b0f0,4,InternalDestroy,
0x8d0b4b0,360,ShouldCompilePermutationImpl,
0x8d0bcd4,4,ModifyCompilationEnvironmentImpl,
0x8d0c1c0,140,ModifyCompilationEnvironmentImpl,
0x8d0cb90,28,GetDFShadowDownsampleFactor,
0x8d0cbac,64,GetBufferSizeForDFShadows,
0x8d0cea8,80,ConstructSerializedInstance,
0x8d0d180,256,Initialize,
0x8d0df28,28,GetTypeLayout,
0x8d0e0f4,4,InternalDestroy,
0x8d0e478,424,StaticGetTypeLayout,
0x8d0f77c,88,ConstructSerializedInstance,
0x8d0fa18,452,Initialize,
0x8d10e40,52,ConstructCompiledInstance,
0x8d1107c,8,Do,
0x8d11248,28,GetTypeLayout,
0x8d112f0,4,ModifyCompilationEnvironmentImpl,
0x8d11bb4,52,ConstructCompiledInstance,
0x8d11df0,8,Do,
0x8d11df8,452,Initialize,
0x8d13338,292,StaticGetTypeLayout,
0x8d140a8,4,InternalDestroy,
0x8d14448,220,ShouldCompilePermutationImpl,
0x8d149a0,4,InternalDestroy,
0x8d14e4c,28,GetTypeLayout,
0x8d14ed8,84,ModifyCompilationEnvironmentImpl,
0x8d15398,960,CullDistanceFieldObjectsForLight_Internal<(EDistanceFieldPrimitiveType)0>,
0x8d18a04,284,GetTypeLayout,
0x8d19604,4,ModifyCompilationEnvironmentImpl,
0x8d19698,284,StaticGetTypeLayout,
0x8d1c374,296,CreateDistortionPassProcessor,
0x8d1d52c,472,AddMeshBatch,
0x8d1f0f0,356,StaticGetTypeLayout,
0x8d1fcdc,8,Do,
0x8d1fce4,28,GetTypeLayout,
0x8d1fd70,84,ModifyCompilationEnvironmentImpl,
0x8d1ff8c,8,Do,
0x8d1ff94,28,GetTypeLayout,
0x8d1ffec,52,ConstructCompiledInstance,
0x8d200d0,364,StaticGetTypeLayout,
0x8d216d0,52,ConstructCompiledInstance,
0x8d22618,536,UpdateParameterData,
0x8d23068,52,ConstructCompiledInstance,
0x8d2336c,8,Do,
0x8d23538,28,GetTypeLayout,
0x8d235a8,52,ConstructCompiledInstance,
0x8d237d4,4,InternalDestroy,
0x8d23904,452,Initialize,
0x8d249ac,8,Do,
0x8d249b4,452,Initialize,
0x8d25d5c,360,ShouldCompilePermutationImpl,
0x8d2835c,352,SetupGlobalDistanceFieldUniformBufferParameters,
0x8d2f648,304,UnsetParameters,
0x8d30c74,304,UnsetParameters,
0x8d338cc,304,UnsetParameters,
0x8d34f84,5208,SetParameters,TCompositeObjectDistanceFieldsCS<false>::SetParameters
0x8d3d8b0,36,FUN_08d3d8b0,
0x8d3d8d4,36,FUN_08d3d8d4,
0x8d3d8f8,548,ComputeValue,
0x8d3db78,284,StaticGetTypeLayout,
0x8d3e510,284,GetTypeLayout,
0x8d3f46c,8,Do,
0x8d3f490,60,ConstructSerializedInstance,
0x8d3f6c4,4,InternalDestroy,
0x8d3fd90,8,Do,
0x8d3fdb4,60,ConstructSerializedInstance,
0x8d3ffe8,4,InternalDestroy,
0x8d40688,8,Do,
0x8d40690,28,GetTypeLayout,
0x8d406e8,224,ConstructCompiledInstance,
0x8d40fe8,52,ConstructCompiledInstance,
0x8d41364,60,ConstructSerializedInstance,
0x8d413d4,64,ModifyCompilationEnvironmentImpl,
0x8d415f8,8,Do,
0x8d41600,284,GetTypeLayout,
0x8d42004,284,StaticGetTypeLayout,
0x8d42ddc,64,ModifyCompilationEnvironmentImpl,
0x8d42ee4,284,StaticGetTypeLayout,
0x8d43cbc,64,ModifyCompilationEnvironmentImpl,
0x8d43ee8,284,GetTypeLayout,
0x8d44b9c,64,ModifyCompilationEnvironmentImpl,
0x8d44dc8,284,GetTypeLayout,
0x8d45a7c,64,ModifyCompilationEnvironmentImpl,
0x8d45ca8,284,GetTypeLayout,
0x8d46928,52,ConstructCompiledInstance,
0x8d46b80,8,Do,
0x8d46ce0,52,ConstructCompiledInstance,
0x8d46e18,4,InternalDestroy,
0x8d471d4,284,StaticGetTypeLayout,
0x8d47fec,196,ShouldCompilePermutationImpl,
0x8d48468,4,InternalDestroy,
0x8d48940,8,Do,
0x8d48948,284,GetTypeLayout,
0x8d4ab10,48,Requirements,
0x8d4b764,672,FFTImage2D,
0x8d4ce60,12,GetMirrorGPU<FRWBufferStructured>,
0x8d4ce6c,12,GetMirrorGPU<FTextureRWBuffer2D>,
0x8d4ce98,32,GetViewStateResourceRef<FTextureRWBuffer2D>,
0x8d4cef4,68,LockResource<FTextureRWBuffer2D>,
0x8d4cf9c,72,UpdateUniformResource<FTextureRWBuffer2D>,
0x8d4e548,2056,UploadDynamicPrimitiveShaderDataForViewInternal<FRWBufferStructured>,
0x8d52834,1408,Set<FRHIComputeShader*>,
0x8d56228,1516,SetCSParamters,
0x8d587bc,4,~TTrackedAlloc,
0x8d587c0,28,FUN_08d587c0,
0x8d59118,360,GetStructMetadata,
0x8d5ea04,1284,Set<FRHIComputeShader*>,
0x8d60f38,576,TCullObjectsForShadowCS,
0x8d6164c,576,TCullObjectsForShadowCS,
0x8d61eac,452,Initialize,
0x8d63110,448,Initialize,
0x8d63e98,340,ModifyCompilationEnvironment,
0x8d646e8,340,ModifyCompilationEnvironment,
0x8d64a00,448,Initialize,
0x8d65788,340,ModifyCompilationEnvironment,
0x8d65c60,888,TDistanceFieldShadowingCS,
0x8d671cc,452,Initialize,
0x8d68968,340,ModifyCompilationEnvironment,
0x8d68c80,448,Initialize,
0x8d6a258,340,ModifyCompilationEnvironment,
0x8d6abfc,452,Initialize,
0x8d6c020,888,TDistanceFieldShadowingCS,
0x8d6d2cc,544,Release,
0x8d6f454,864,SetParameters,FComputeCulledObjectStartOffsetCS::SetParameters
0x8d710d8,1692,"Set<FRHIComputeShader*,FRHIComputeCommandList>",
0x8d736c4,8,ExecuteImpl,
0x8d73b24,2660,"ScatterObjectsToShadowTiles<true,(EDistanceFieldPrimitiveType)1>","ScatterObjectsToShadowTiles<true,ObjectDistances> 距离场阴影散布"
0x8d84a00,28,FUN_08d84a00,
0x8d84a24,152,FUN_08d84a24,
0x8d84abc,488,"RayTraceShadowsDispatch<(EDistanceFieldShadowingType)0,(EDistanceFieldPrimitiveType)1,true>",
0x8d84ca4,488,"RayTraceShadowsDispatch<(EDistanceFieldShadowingType)0,(EDistanceFieldPrimitiveType)1,false>",
0x8d84e8c,488,"RayTraceShadowsDispatch<(EDistanceFieldShadowingType)1,(EDistanceFieldPrimitiveType)1,true>",
0x8d854d8,636,operator(),
0x8d859d0,5296,SetParameters,TDistanceFieldShadowingCS::SetParameters 距离场阴影 CS 参数
0x8d99624,1900,"SetShaderParameters<FRHICommandList,FVisualizeMeshDistanceFieldCS,FRHIComputeShader>",
0x8d9b758,64,~TTrackedAlloc,
0x8d9b7f4,100,FUN_08d9b7f4,
0x8d9ba88,204,zzAppendMemberGetPrev,
0x8d9bc3c,12,ReleaseRHI,
0x8d9bc48,20,~TTrackedAlloc,
0x8d9bc90,28,FUN_08d9bc90,
0x8d9bfbc,1900,"SetShaderParameters<FRHICommandList,FDistortionApplyScreenPS,FRHIPixelShader>",
0x8d9eb60,200,zzAppendMemberGetPrev,
0x8d9fc68,2304,SetParameters,TExponentialHeightFogPS<(EHeightFogFeature)4>::SetParameters 高度雾参数
0x8da4c68,448,Initialize,
0x8da5b90,288,AddUninitialized,
0x8da63f0,84,~TGlobalResource,
0x8da6824,364,SetParameters,FPostProcessBenchmarkVS::SetParameters
0x8da79d8,4,GetTypeLayout,
0x8da8924,8,Do,
0x8da892c,284,StaticGetTypeLayout,
0x8db18fc,2884,CreateHairStrandsMacroGroups,CreateHairStrandsMacroGroups 发丝宏组构建
0x8dcb848,4,InternalDestroy,
0x8dcbb1c,4,ModifyCompilationEnvironmentImpl,
0x8dcbb20,140,ShouldCompilePermutationImpl,
0x8dcbbb0,284,StaticGetTypeLayout,
0x8dcc908,8,Do,
0x8dcc910,284,GetTypeLayout,
0x8dcd05c,228,ModifyCompilationEnvironmentImpl,
0x8dcd220,4,InternalDestroy,
0x8dcd4f4,212,ModifyCompilationEnvironmentImpl,
0x8dce140,12,GetHairDualScatteringRoughnessOverride,
0x8dce14c,36,GetHairStrandsComposition,
0x8dce1f8,48,ToBitfield,
0x8dce39c,48,GetVendorOptimalGroupSize1D,
0x8dce408,80,SetUpViewHairRenderInfo,
0x8dce7d8,4,InternalDestroy,
0x8dce8f8,8,Do,
0x8dcea1c,44,ConstructSerializedInstance,
0x8dcea48,100,ConstructCompiledInstance,
0x8dceb4c,4,InternalDestroy,
0x8dcedbc,100,ConstructCompiledInstance,
0x8dceea0,140,ShouldCompilePermutationImpl,
0x8dcf070,8,Do,
0x8dcf1d8,80,ConstructCompiledInstance,
0x8dcf2cc,40,InternalDestroy,
0x8dcf524,8,Do,
0x8dcf52c,28,GetTypeLayout,
0x8dcf548,84,ConstructSerializedInstance,
0x8dcf71c,12,AddMeshBatch,
0x8dcfa48,416,Process,
0x8dd1618,4,ModifyCompilationEnvironmentImpl,
0x8dd161c,160,ShouldCompilePermutationImpl,
0x8dd1a68,132,ModifyCompilationEnvironmentImpl,
0x8dd1eb8,416,Process,
0x8dd39d0,44,ConstructSerializedInstance,
0x8dd3a60,4,ModifyCompilationEnvironmentImpl,
0x8dd3a64,140,ShouldCompilePermutationImpl,
0x8dd3d34,44,ConstructSerializedInstance,
0x8dd3dc4,184,ModifyCompilationEnvironmentImpl,
0x8dd3f0c,252,StaticGetTypeLayout,
0x8dd4698,68,ConstructSerializedInstance,
0x8dd472c,64,ModifyCompilationEnvironmentImpl,
0x8dd4834,284,StaticGetTypeLayout,
0x8dd4f24,160,ShouldCompilePermutationImpl,
0x8dd5110,284,GetTypeLayout,
0x8dd57a4,284,StaticGetTypeLayout,
0x8dd5fe4,492,StaticGetTypeLayout,
0x8dd6ff8,192,ConstructCompiledInstance,
0x8dd76d0,428,"Process<(EHairVisibilityRenderMode)3,false>",
0x8dd7d80,428,"Process<(EHairVisibilityRenderMode)2,true>",
0x8dd83e8,284,StaticGetTypeLayout,
0x8dd8c00,4,ShouldCompilePermutationImpl,
0x8dd8f88,4,InternalDestroy,
0x8dd91f8,100,ConstructCompiledInstance,
0x8dd942c,8,Do,
0x8dd9434,284,GetTypeLayout,
0x8dd9a98,4,InternalDestroy,
0x8dd9e2c,140,ShouldCompilePermutationImpl,
0x8dd9fd8,8,Do,
0x8dd9fe0,284,GetTypeLayout,
0x8dda7fc,588,FUN_08dda7fc,
0x8ddbf7c,896,FUN_08ddbf7c,
0x8ddd60c,36,~FHairGroupPublicData,
0x8ddd688,4,~FHairMaterialGBufferProcessor,
0x8ddd68c,4,~FHairMaterialGBufferProcessor,
0x8ddd690,4,~FHairMaterialProcessor,
0x8ddd698,4,~FHairVisibilityProcessor,
0x8ddd69c,4,~FHairVisibilityProcessor,
0x8ddd7e0,64,~FStaticStateResource,
0x8ddd820,320,_INIT_627,
0x8dddc88,320,_INIT_630,
0x8dde288,320,_INIT_634,
0x8ddea20,8,AddMeshBatch,
0x8dded20,200,zzAppendMemberGetPrev,
0x8ddf104,200,zzAppendMemberGetPrev,
0x8ddf640,304,ResizeGrow,
0x8de0568,360,GetStructMetadata,
0x8de0cec,200,zzAppendMemberGetPrev,
0x8de100c,200,zzAppendMemberGetPrev,
0x8de14bc,200,zzAppendMemberGetPrev,
0x8de196c,200,zzAppendMemberGetPrev,
0x8de1f84,200,zzAppendMemberGetPrev,
0x8de2414,360,GetStructMetadata,
0x8de2df0,200,zzAppendMemberGetPrev,
0x8de310c,200,zzAppendMemberGetPrev,
0x8de38b4,8,zzAppendMemberGetPrev,
0x8de38c0,360,"AddPass<FHairIndBufferClearCS::FParameters,FComputeShaderUtils::AddPass<FHairIndBufferClearCS>(FRDGBuilder&,FRDGEventName&&,ERDGPassFlags,TShaderRefBase<FHairIndBufferClearCS,FShaderMapPointerTable>const&,FHairIndBufferClearCS::FParameters*,FIntVector)::{lambda(FRHIComputeCommandList&)#1}>",
0x8de5248,32,~TTrackedAlloc,
0x8de5268,4,~TTrackedAlloc,
0x8de526c,4,~TRDGLambdaPass,
0x8de528c,756,Dispatch<FMainClusterCullingPrepareIndirectDrawsCS>,
0x8de6ab0,752,DispatchIndirect<FHairClusterCullingPreFixSumCS>,
0x8de811c,4,~TTrackedAlloc,
0x8de8120,360,"AddPass<FMainClusterCullingPrepareIndirectDispatchCS::FParameters,FComputeShaderUtils::AddPass<FMainClusterCullingPrepareIndirectDispatchCS>(FRDGBuilder&,FRDGEventName&&,ERDGPassFlags,TShaderRefBase<FMainClusterCullingPrepareIndirectDispatchCS,FShaderMapPointerTable>const&,FMainClusterCullingPrepareIndirectDispatchCS::FParameters*,FIntVector)::{lambda(FRHIComputeCommandList&)#1}>",
0x8de8288,32,~TTrackedAlloc,
0x8de82a8,4,~TTrackedAlloc,
0x8de82b0,28,ExecuteImpl,
0x8de85c0,1900,"SetShaderParameters<FRHIComputeCommandList,FMainClusterCullingPrepareIndirectDispatchCS,FRHIComputeShader>",
0x8dedba8,4,~TTrackedAlloc,
0x8dedbac,28,FUN_08dedbac,
0x8dedbd0,1064,FUN_08dedbd0,
0x8deee94,200,zzAppendMemberGetPrev,
0x8def4c4,200,zzAppendMemberGetPrev,
0x8defa38,200,zzAppendMemberGetPrev,
0x8df0074,8,zzAppendMemberGetPrev,
0x8df01e4,200,zzAppendMemberGetPrev,
0x8df0764,200,zzAppendMemberGetPrev,
0x8df0f2c,8,zzAppendMemberGetPrev,
0x8df109c,200,zzAppendMemberGetPrev,
0x8df1618,200,zzAppendMemberGetPrev,
0x8df1cfc,208,zzAppendMemberGetPrev,
0x8df2400,200,zzAppendMemberGetPrev,
0x8df2c70,200,zzAppendMemberGetPrev,
0x8df31f8,200,zzAppendMemberGetPrev,
0x8df3a80,200,zzAppendMemberGetPrev,
0x8df3f34,360,GetStructMetadata,
0x8df4e98,360,GetStructMetadata,
0x8df6130,4,~TTrackedAlloc,
0x8df6564,1900,"SetShaderParameters<FRHICommandList,FHairStrandsPlotBSDFPS,FRHIPixelShader>",
0x8dfa9e4,360,"AddPass<FVoxelVirtualRaymarchingCS::FParameters,FComputeShaderUtils::AddPass<FVoxelVirtualRaymarchingCS>(FRDGBuilder&,FRDGEventName&&,ERDGPassFlags,TShaderRefBase<FVoxelVirtualRaymarchingCS,FShaderMapPointerTable>const&,FVoxelVirtualRaymarchingCS::FParameters*,FIntVector)::{lambda(FRHIComputeCommandList&)#1}>",
0x8dfb810,756,Dispatch<FDrawDebugClusterAABBCS>,
0x8dfcebc,196,zzAppendMemberGetPrev,
0x8dfd584,200,zzAppendMemberGetPrev,
0x8dfd96c,200,zzAppendMemberGetPrev,
0x8dfdee0,8,zzAppendMemberGetPrev,
0x8dfdee8,328,ResizeGrow,
0x8dfe9b8,200,zzAppendMemberGetPrev,
0x8dfee64,196,zzAppendMemberGetPrev,
0x8dff6bc,200,zzAppendMemberGetPrev,
0x8dffcf4,208,zzAppendMemberGetPrev,
0x8e00344,200,zzAppendMemberGetPrev,
0x8e008cc,200,zzAppendMemberGetPrev,
0x8e00fd0,200,zzAppendMemberGetPrev,
0x8e01530,72,~TTrackedAlloc,
0x8e02abc,28,FUN_08e02abc,
0x8e03484,360,GetStructMetadata,
0x8e03d98,196,zzAppendMemberGetPrev,
0x8e04204,32,~TTrackedAlloc,
0x8e04248,756,Dispatch<FHairLUTCS>,
0x8e05c6c,200,zzAppendMemberGetPrev,
0x8e05f8c,200,zzAppendMemberGetPrev,
0x8e061e8,200,zzAppendMemberGetPrev,
0x8e06760,200,zzAppendMemberGetPrev,
0x8e06bf4,200,zzAppendMemberGetPrev,
0x8e06fdc,200,zzAppendMemberGetPrev,
0x8e0761c,200,zzAppendMemberGetPrev,
0x8e07d20,200,zzAppendMemberGetPrev,
0x8e084cc,200,zzAppendMemberGetPrev,
0x8e08a30,200,zzAppendMemberGetPrev,
0x8e08d50,200,zzAppendMemberGetPrev,
0x8e0938c,200,zzAppendMemberGetPrev,
0x8e0a6f0,1900,"SetShaderParameters<FRHICommandList,FHairScatterPS,FRHIPixelShader>",
0x8e0e6b4,200,zzAppendMemberGetPrev,
0x8e0f144,56,~TTrackedAlloc,
0x8e0f30c,32,ExecuteImpl,
0x8e10ec0,324,GetStructMetadata,
0x8e114b4,196,zzAppendMemberGetPrev,
0x8e11710,200,zzAppendMemberGetPrev,
0x8e11af4,8,zzAppendMemberGetPrev,
0x8e11afc,168,ResizeForCopy,
0x8e11ec0,200,zzAppendMemberGetPrev,
0x8e122a8,200,zzAppendMemberGetPrev,
0x8e127fc,200,zzAppendMemberGetPrev,
0x8e12c98,196,zzAppendMemberGetPrev,
0x8e12e24,200,zzAppendMemberGetPrev,
0x8e135d0,196,zzAppendMemberGetPrev,
0x8e13cb4,8,zzAppendMemberGetPrev,
0x8e13e24,196,zzAppendMemberGetPrev,
0x8e1437c,208,zzAppendMemberGetPrev,
0x8e14834,200,zzAppendMemberGetPrev,
0x8e14f38,200,zzAppendMemberGetPrev,
0x8e157c8,360,GetStructMetadata,
0x8e16d44,200,zzAppendMemberGetPrev,
0x8e17438,200,zzAppendMemberGetPrev,
0x8e17bc0,200,zzAppendMemberGetPrev,
0x8e185cc,200,zzAppendMemberGetPrev,
0x8e188ec,200,zzAppendMemberGetPrev,
0x8e19310,200,zzAppendMemberGetPrev,
0x8e198d0,4,~TRDGLambdaPass,
0x8e198f4,752,DispatchIndirect<FVisiblityRasterComputeCS>,
0x8e1c4c4,32,~TTrackedAlloc,
0x8e1c4ec,28,ExecuteImpl,
0x8e1cf6c,28,FUN_08e1cf6c,
0x8e1d3ec,360,GetStructMetadata,
0x8e1dac8,196,zzAppendMemberGetPrev,
0x8e1dd64,4,~TTrackedAlloc,
0x8e1dd88,756,Dispatch<FHairVelocityCS>,
0x8e2072c,28,FUN_08e2072c,
0x8e20750,1036,FUN_08e20750,
0x8e22080,200,zzAppendMemberGetPrev,
0x8e2236c,1088,FUN_08e2236c,
0x8e2710c,96,~TGraphTask,
0x8e2716c,84,~TGraphTask,
0x8e271c0,488,ExecuteTask,
0x8e27e18,176,InitRHI,
0x8e281d8,4,~TRDGLambdaPass,
0x8e28c58,28,FUN_08e28c58,
0x8e29378,28,FUN_08e29378,
0x8e2964c,72,~FStaticStateResource,
0x8e29830,12,ReleaseRHI,
0x8e2983c,84,FUN_08e2983c,
0x8e29e64,1676,"SetShaderParameters<FRHICommandList,FHairStrandsShadowDepthInjectionVS,FRHIVertexShader>",
0x8e30a9c,4,~TRDGLambdaPass,
0x8e30aa8,360,GetStructMetadata,
0x8e31314,8,zzAppendMemberGetPrev,
0x8e31794,72,~FStaticStateResource,
0x8e31a24,4,~TRDGLambdaPass,
0x8e31b98,200,zzAppendMemberGetPrev,
0x8e31df0,200,zzAppendMemberGetPrev,
0x8e32110,200,zzAppendMemberGetPrev,
0x8e32898,176,InitRHI,
0x8e32b50,12,ReleaseRHI,
0x8e34104,5544,"BuildMeshDrawCommands<TMeshProcessorShaders<FHairVisibilityVS<(EHairVisibilityRenderMode)3,false>,FMeshMaterialShader,FMeshMaterialShader,FHairVisibilityPS<(EHairVisibilityRenderMode)3>,FMeshMaterialShader,FMeshMaterialShader,FMeshMaterialShader>,FHairVisibilityShaderElementData>",BuildMeshDrawCommands<FHairVisibilityVS/PS> 头发可见性绘制命令
0x8e45b20,284,StaticGetTypeLayout,
0x8e46260,8,Do,
0x8e46384,44,ConstructSerializedInstance,
0x8e463b0,100,ConstructCompiledInstance,
0x8e46678,44,ConstructSerializedInstance,
0x8e46708,20,ModifyCompilationEnvironmentImpl,
0x8e46728,4,InternalDestroy,
0x8e46a4c,12,ShouldCompilePermutationImpl,
0x8e46a5c,284,StaticGetTypeLayout,
0x8e47284,44,ConstructSerializedInstance,
0x8e47314,20,ModifyCompilationEnvironmentImpl,
0x8e4b308,64,FHaltonSequenceIteration,
0x8e4b6a0,264,InitializeSequence,
0x8e51334,212,Halton_Sample3,
0x8e51560,248,Halton_Sample11,
0x8e519c4,292,Halton_Sample29,
0x8e51dd0,260,Halton_Sample41,
0x8e521e0,236,Halton_Sample59,
0x8e524b0,236,Halton_Sample71,
0x8e52988,248,Halton_Sample97,
0x8e52e60,236,Halton_Sample113,
0x8e5336c,200,Halton_Sample151,
0x8e53674,248,Halton_Sample173,
0x8e53ab0,248,Halton_Sample197,
0x8e54260,200,Halton_Sample251,
0x8e5457c,144,Halton_Sample277,
0x8e5484c,156,Halton_Sample311,
0x8e55384,168,FlattenPermutation,
0x8e555dc,284,StaticGetTypeLayout,
0x8e5587c,4,ModifyCompilationEnvironmentImpl,
0x8e558c8,4,InternalDestroy,
0x8e55ae8,72,ShouldCompilePermutationImpl,
0x8e55ca0,28,GetTypeLayout,
0x8e55cec,80,ConstructCompiledInstance,
0x8e55f00,8,Do,
0x8e55f08,28,GetTypeLayout,
0x8e55f24,48,ConstructSerializedInstance,
0x8e55fa4,20,ModifyCompilationEnvironmentImpl,
0x8e56000,4,InternalDestroy,
0x8e56200,116,ConstructCompiledInstance,
0x8e564a8,8,Do,
0x8e564b0,28,GetTypeLayout,
0x8e564fc,116,ConstructCompiledInstance,
0x8e567a4,8,Do,
0x8e567ac,28,GetTypeLayout,
0x8e567c8,48,ConstructSerializedInstance,
0x8e567f8,116,ConstructCompiledInstance,
0x8e56a44,28,GetTypeLayout,
0x8e56b1c,8,Do,
0x8e56b24,448,Initialize,
0x8e576d8,28,GetTypeLayout,
0x8e576f4,48,ConstructSerializedInstance,
0x8e57724,80,ConstructCompiledInstance,
0x8e57780,4,InternalDestroy,
0x8e57ab0,8,ShouldCompilePermutationImpl,
0x8e57b04,8,SupportsHeightfieldLighting,
0x8e57b0c,8,AllowHeightfieldGI,
0x8e57b14,48,SetupVisibleHeightfields,
0x8e57b48,136,~TGlobalResource,
0x8e58244,356,StaticGetTypeLayout,
0x8e588a8,8,Do,
0x8e588b0,28,GetTypeLayout,
0x8e58920,52,ConstructCompiledInstance,
0x8e58968,8,ShouldCompilePermutationImpl,
0x8e58970,4,ComputeRayTracedShadowing,
0x8e5899c,512,StaticGetTypeLayout,
0x8e5a068,248,IsIndirectLightingCacheAllowed,
0x8e5a398,68,ReleaseDynamicRHI,
0x8e5a4dc,256,FindBlock,
0x8e5a94c,80,AllocateBlock,
0x8e5a99c,1184,AddElement,
0x8e5ba30,96,FinalizeCacheUpdates,
0x8e5ba90,472,FinalizeUpdateInternal_RenderThread,
0x8e5c7fc,516,UpdateBlocks,
0x8e5cbbc,1580,UpdateCacheAllocation,
0x8e5ed3c,84,CalcDiffuseTransfer,
0x8e5ed90,28,AmbientFunction,
0x8e5ee60,16,TSHVector,
0x8e5ee84,48,TSHVector,
0x8e5eee4,48,operator-=,
0x8e5efcc,136,ApplyWindowing,
0x8e5f200,248,CalcDiffuseTransfer,
0x8e5f6b0,4,InternalDestroy,
0x8e5f6b4,284,StaticGetTypeLayout,
0x8e5f920,100,ConstructCompiledInstance,
0x8e5fab4,4,InternalDestroy,
0x8e5fcf8,44,ConstructSerializedInstance,
0x8e5fd24,100,ConstructCompiledInstance,
0x8e5fd88,4,ModifyCompilationEnvironmentImpl,
0x8e5fde4,4,InternalDestroy,
0x8e60008,32,FUN_08e60008,
0x8e60028,44,ConstructSerializedInstance,
0x8e60054,100,ConstructCompiledInstance,
0x8e6027c,244,ShouldCompilePermutationImpl,
0x8e60758,80,ShouldDoReflectionEnvironment,
0x8e612a0,416,Broadcast,
0x8e621c8,496,RenderDeferredReflectionsAndSkyLightingHair,
0x8e623b8,40,InternalDestroy,
0x8e62544,8,Do,
0x8e6254c,28,GetTypeLayout,
0x8e62568,72,ConstructSerializedInstance,
0x8e625b0,164,ConstructCompiledInstance,
0x8e62654,4,ModifyCompilationEnvironmentImpl,
0x8e62658,108,ShouldCompilePermutationImpl,
0x8e628d8,8,Do,
0x8e628fc,68,ConstructSerializedInstance,
0x8e629d4,4,ModifyCompilationEnvironmentImpl,
0x8e629d8,108,ShouldCompilePermutationImpl,
0x8e62b78,620,FUN_08e62b78,
0x8e634b8,132,FForwardLightData,
0x8e63540,284,StaticGetTypeLayout,
0x8e637ac,100,ConstructCompiledInstance,
0x8e638ec,104,ShouldCompilePermutationImpl,
0x8e63954,4,InternalDestroy,
0x8e63a74,8,Do,
0x8e63a7c,284,GetTypeLayout,
0x8e63d54,128,GetLightGridZParams,
0x8e65fb0,44,FUN_08e65fb0,
0x8e66064,136,FUN_08e66064,
0x8e663e4,1724,RenderForwardShadowProjections,
0x8e671ac,8,Do,
0x8e671b4,284,GetTypeLayout,
0x8e675d8,8,Do,
0x8e675e0,28,GetTypeLayout,
0x8e675fc,76,ConstructSerializedInstance,
0x8e67758,20,ModifyCompilationEnvironmentImpl,
0x8e6776c,4,ShouldCompilePermutationImpl,
0x8e67920,8,Do,
0x8e67928,28,GetTypeLayout,
0x8e67944,68,ConstructSerializedInstance,
0x8e67988,160,ConstructCompiledInstance,
0x8e67a90,284,StaticGetTypeLayout,
0x8e67d14,52,ConstructCompiledInstance,
0x8e67db0,284,StaticGetTypeLayout,
0x8e680a8,40,InternalDestroy,
0x8e68320,8,Do,
0x8e68328,28,GetTypeLayout,
0x8e68344,76,ConstructSerializedInstance,
0x8e68390,272,ConstructCompiledInstance,
0x8e684dc,4,ShouldCompilePermutationImpl,
0x8e68690,8,Do,
0x8e68698,28,GetTypeLayout,
0x8e686b4,68,ConstructSerializedInstance,
0x8e68798,60,ModifyCompilationEnvironmentImpl,
0x8e68800,284,StaticGetTypeLayout,
0x8e68af4,4,ShouldCompilePermutationImpl,
0x8e68e14,4,ShouldCompilePermutationImpl,
0x8e69278,392,StaticGetTypeLayout,
0x8e6968c,8,Do,
0x8e69694,284,GetTypeLayout,
0x8e69ad0,68,ConstructSerializedInstance,
0x8e69b14,52,ConstructCompiledInstance,
0x8e69b88,40,InternalDestroy,
0x8e69e24,76,ConstructSerializedInstance,
0x8e69f80,60,ModifyCompilationEnvironmentImpl,
0x8e69fbc,4,ShouldCompilePermutationImpl,
0x8e6a548,1176,AddMeshBatch,
0x8e6c020,4,InternalDestroy,
0x8e6c024,392,StaticGetTypeLayout,
0x8e6cbf4,652,GetPixelShaderBindings,
0x8e6deb8,344,InitDynamicRHI,
0x8e6e76c,208,InitDynamicRHI,
0x8e6e898,284,StaticGetTypeLayout,
0x8e6eb5c,64,ModifyCompilationEnvironmentImpl,
0x8e6ed08,284,StaticGetTypeLayout,
0x8e6efcc,64,ModifyCompilationEnvironmentImpl,
0x8e6f174,4,InternalDestroy,
0x8e6f294,8,Do,
0x8e6f29c,284,GetTypeLayout,
0x8e6f880,80,ConstructSerializedInstance,
0x8e6f9a4,64,ModifyCompilationEnvironmentImpl,
0x8e6fb4c,4,InternalDestroy,
0x8e6fc6c,8,Do,
0x8e6fc74,284,GetTypeLayout,
0x8e700dc,8,Do,
0x8e700e4,284,GetTypeLayout,
0x8e706f4,64,ModifyCompilationEnvironmentImpl,
0x8e708a0,284,StaticGetTypeLayout,
0x8e70e2c,8,Do,
0x8e70e34,284,GetTypeLayout,
0x8e713d4,52,ConstructCompiledInstance,
0x8e71574,4,InternalDestroy,
0x8e71808,52,ConstructCompiledInstance,
0x8e71840,360,ShouldCompilePermutationImpl,
0x8e71ddc,4,InternalDestroy,
0x8e71efc,8,Do,
0x8e71f04,284,GetTypeLayout,
0x8e724a4,52,ConstructCompiledInstance,
0x8e72644,4,InternalDestroy,
0x8e72888,80,ConstructSerializedInstance,
0x8e7290c,4,ModifyCompilationEnvironmentImpl,
0x8e72a7c,284,StaticGetTypeLayout,
0x8e7325c,52,ConstructCompiledInstance,
0x8e732f8,360,ShouldCompilePermutationImpl,
0x8e73728,104,ModifyCompilationEnvironmentImpl,
0x8e738fc,284,StaticGetTypeLayout,
0x8e73eb0,8,Do,
0x8e73fd4,80,ConstructSerializedInstance,
0x8e740c0,360,ShouldCompilePermutationImpl,
0x8e75b08,528,GetShaderParams,
0x8e76bf0,2204,UnbindBuffers,
0x8e789a8,156,SetRsmUniformBuffer,
0x8e78a44,4,InsertGPUWaitForAsyncUpdate,
0x8e78a48,980,InjectLightDirect,
0x8e79608,572,ClearLPVs,
0x8e79844,152,UpdateLPVs,
0x8e798dc,148,~FHeightfieldLightingAtlas,
0x8e79970,156,~FHeightfieldLightingAtlas,
0x8e79a54,80,~FHaltonPrimesResource,
0x8e79b00,4,ReleaseRHI,
0x8e79b5c,372,~FIndirectLightingCache,
0x8e79fb4,320,_INIT_641,
0x8e7a2b4,200,zzAppendMemberGetPrev,
0x8e7a5b8,208,zzAppendMemberGetPrev,
0x8e7a818,200,zzAppendMemberGetPrev,
0x8e7a9a8,200,zzAppendMemberGetPrev,
0x8e7ac00,208,zzAppendMemberGetPrev,
0x8e7afd4,196,zzAppendMemberGetPrev,
0x8e7b2f0,200,zzAppendMemberGetPrev,
0x8e7b6d4,8,zzAppendMemberGetPrev,
0x8e7b90c,196,zzAppendMemberGetPrev,
0x8e7bcd0,200,zzAppendMemberGetPrev,
0x8e7be60,196,zzAppendMemberGetPrev,
0x8e7c2ec,200,zzAppendMemberGetPrev,
0x8e7c608,200,zzAppendMemberGetPrev,
0x8e7c9f0,196,zzAppendMemberGetPrev,
0x8e7ce7c,200,zzAppendMemberGetPrev,
0x8e7d198,200,zzAppendMemberGetPrev,
0x8e7d6ec,200,zzAppendMemberGetPrev,
0x8e7da08,200,zzAppendMemberGetPrev,
0x8e7dd28,196,zzAppendMemberGetPrev,
0x8e7e1b0,200,zzAppendMemberGetPrev,
0x8e7e4d0,196,zzAppendMemberGetPrev,
0x8e7e958,200,zzAppendMemberGetPrev,
0x8e7ed1c,200,zzAppendMemberGetPrev,
0x8e7ef78,360,GetStructMetadata,
0x8e7f95c,200,zzAppendMemberGetPrev,
0x8e7fc7c,200,zzAppendMemberGetPrev,
0x8e8012c,200,zzAppendMemberGetPrev,
0x8e805c0,200,zzAppendMemberGetPrev,
0x8e809a8,200,zzAppendMemberGetPrev,
0x8e80c0c,360,GetStructMetadata,
0x8e81774,200,zzAppendMemberGetPrev,
0x8e81a90,8,zzAppendMemberGetPrev,
0x8e81a98,168,FUN_08e81a98,
0x8e81cd4,28,ExecuteImpl,
0x8e82750,4,~TTrackedAlloc,
0x8e828bc,32,~TTrackedAlloc,
0x8e828dc,4,~TTrackedAlloc,
0x8e828e0,4,~TRDGLambdaPass,
0x8e828e4,28,ExecuteImpl,
0x8e82bf4,1900,"SetShaderParameters<FRHIComputeCommandList,FVoxelMarkValidPageIndex_PrepareCS,FRHIComputeShader>",
0x8e84d14,28,ExecuteImpl,
0x8e85024,1900,"SetShaderParameters<FRHIComputeCommandList,FVoxelMarkValidPageIndexCS,FRHIComputeShader>",
0x8e875e4,28,ExecuteImpl,
0x8e878f4,1900,"SetShaderParameters<FRHIComputeCommandList,FVoxelAddIndirectBufferCS,FRHIComputeShader>",
0x8e8a684,360,"AddPass<FVoxelRasterComputeCS::FParameters,FComputeShaderUtils::AddPass<FVoxelRasterComputeCS>(FRDGBuilder&,FRDGEventName&&,ERDGPassFlags,TShaderRefBase<FVoxelRasterComputeCS,FShaderMapPointerTable>const&,FVoxelRasterComputeCS::FParameters*,FIntVector)::{lambda(FRHIComputeCommandList&)#1}>",
0x8e8a7ec,32,~TTrackedAlloc,
0x8e8a80c,4,~TTrackedAlloc,
0x8e8a814,28,ExecuteImpl,
0x8e8ab24,4,~TTrackedAlloc,
0x8e8ab28,28,~TTrackedAlloc,
0x8e8ab7c,360,"AddPass<FVirtualVoxelInjectOpaqueCS::FParameters,FComputeShaderUtils::AddPass<FVirtualVoxelInjectOpaqueCS>(FRDGBuilder&,FRDGEventName&&,ERDGPassFlags,TShaderRefBase<FVirtualVoxelInjectOpaqueCS,FShaderMapPointerTable>const&,FVirtualVoxelInjectOpaqueCS::FParameters*,FRDGBuffer*,unsigned_int)::{lambda(FRHIComputeCommandList&)#1}>",
0x8e8b788,144,ResizeGrow,
0x8e8b81c,360,"AddPass<FVirtualVoxelIndirectArgMipCS::FParameters,FComputeShaderUtils::AddPass<FVirtualVoxelIndirectArgMipCS>(FRDGBuilder&,FRDGEventName&&,ERDGPassFlags,TShaderRefBase<FVirtualVoxelIndirectArgMipCS,FShaderMapPointerTable>const&,FVirtualVoxelIndirectArgMipCS::FParameters*,FIntVector)::{lambda(FRHIComputeCommandList&)#1}>",
0x8e8bcbc,1900,"SetShaderParameters<FRHIComputeCommandList,FVirtualVoxelIndirectArgMipCS,FRHIComputeShader>",
0x8e8e3c4,428,FLightHeightfieldsPS,
0x8e8e7b0,264,ResizeGrow,
0x8e8ece0,1456,AddSurfaceInner,
0x8e90694,360,GetStructMetadata,
0x8e91184,200,zzAppendMemberGetPrev,
0x8e91634,200,zzAppendMemberGetPrev,
0x8e91ae0,200,zzAppendMemberGetPrev,
0x8e91eec,200,zzAppendMemberGetPrev,
0x8e922d0,200,zzAppendMemberGetPrev,
0x8e926b4,8,zzAppendMemberGetPrev,
0x8e926bc,156,~FGlobalIlluminationExperimentalPluginResources,
0x8e92a78,200,zzAppendMemberGetPrev,
0x8e92e60,200,zzAppendMemberGetPrev,
0x8e934a0,200,zzAppendMemberGetPrev,
0x8e93888,200,zzAppendMemberGetPrev,
0x8e93ba4,200,zzAppendMemberGetPrev,
0x8e94050,8,zzAppendMemberGetPrev,
0x8e94058,360,GetStructMetadata,
0x8e94d64,200,zzAppendMemberGetPrev,
0x8e94fc4,204,zzAppendMemberGetPrev,
0x8e953b8,200,zzAppendMemberGetPrev,
0x8e956e4,200,zzAppendMemberGetPrev,
0x8e95b94,200,zzAppendMemberGetPrev,
0x8e9603c,8,zzAppendMemberGetPrev,
0x8e9610c,200,zzAppendMemberGetPrev,
0x8e964f0,200,zzAppendMemberGetPrev,
0x8e969a4,200,zzAppendMemberGetPrev,
0x8e96cc4,200,zzAppendMemberGetPrev,
0x8e970ac,200,zzAppendMemberGetPrev,
0x8e97494,196,zzAppendMemberGetPrev,
0x8e97cf4,20,FUN_08e97cf4,
0x8e97d08,16,FUN_08e97d08,
0x8e97d48,8,FUN_08e97d48,
0x8e97d58,12,FUN_08e97d58,
0x8e97d70,128,FUN_08e97d70,
0x8e97e9c,36,FUN_08e97e9c,
0x8e97ff4,28,FUN_08e97ff4,
0x8e98010,20,FUN_08e98010,
0x8e98024,8,FUN_08e98024,
0x8e980f4,20,FUN_08e980f4,
0x8e98120,96,~TGlobalResource,
0x8e981f4,68,~FSubsectionHeightfieldDescriptionsResource,
0x8e98468,8,Do,
0x8e984c4,288,InitRHI,
0x8e98b64,72,~FStaticStateResource,
0x8e98df4,448,Initialize,
0x8e9970c,344,ConditionalRehash,
0x8e99c54,512,EmplaceImpl,
0x8e9a804,340,"Emplace<TPairInitializer<FIntVector_const&,FBlockUpdateInfo&&>>",
0x8e9ab64,344,ConditionalRehash,
0x8e9b28c,52,~TTrackedAlloc,
0x8e9b3c4,28,FUN_08e9b3c4,
0x8e9bdac,20,~TTrackedAlloc,
0x8e9bdf4,28,FUN_08e9bdf4,
0x8e9be18,1408,FUN_08e9be18,
0x8ea1798,320,ShouldCompilePermutation,
0x8ea1a18,376,ShouldCompilePermutation,
0x8ea1e6c,320,ShouldCompilePermutation,
0x8ea22cc,320,ShouldCompilePermutation,
0x8ea26d0,388,ShouldCompilePermutation,
0x8ea2db0,40,~TTrackedAlloc,
0x8ea2e18,52,~TRDGUniformBuffer,
0x8ea2e74,236,FUN_08ea2e74,
0x8ea470c,296,Add<FVector2D>,
0x8ea5cdc,4720,"BuildMeshDrawCommands<TMeshProcessorShaders<TLightMapDensityVS<TUniformLightMapPolicy<(ELightMapPolicyType)21>>,TLightMapDensityHS<TUniformLightMapPolicy<(ELightMapPolicyType)21>>,TLightMapDensityDS<TUniformLightMapPolicy<(ELightMapPolicyType)21>>,TLightMapDensityPS<TUniformLightMapPolicy<(ELightMapPolicyType)21>>,FMeshMaterialShader,FMeshMaterialShader,FMeshMaterialShader>,TLightMapDensityElementData<TUniformLightMapPolicy<(ELightMapPolicyType)21>>>",BuildMeshDrawCommands<TLightMapDensityVS/PS> 光照图密度绘制
0x8eb53c8,76,~TGlobalResource,
0x8eb5584,28,GetTypeLayout,
0x8eb55d8,164,ConstructCompiledInstance,
0x8eb5800,8,Do,
0x8eb5808,28,GetTypeLayout,
0x8eb585c,164,ConstructCompiledInstance,
0x8eb5980,424,StaticGetTypeLayout,
0x8eb6318,8,Do,
0x8eb6320,28,GetTypeLayout,
0x8eb6370,84,ConstructCompiledInstance,
0x8eb6434,356,StaticGetTypeLayout,
0x8eb8d70,1440,RenderLightForHair,
0x8ebb514,748,RenderStationaryLightOverlap,
0x8ebb800,192,SetBoundingGeometryRasterizerAndDepthState,
0x8ebb8c0,224,CalculateLightNearFarDepthFromBounds,
0x8ebb9a0,1012,SetParameters,TDeferredLightOverlapPS<false>::SetParameters 光重叠 PS 参数
0x8ebbd94,324,SetParameters,FDeferredLightPS::SetParameters 延迟光 PS 参数
0x8ebbed8,1012,SetParameters,TDeferredLightOverlapPS<true>::SetParameters
0x8ebc2cc,352,RenderLightsForHair,
0x8ebc650,180,~FLightSceneInfo,
0x8ebc704,36,~FLightSceneInfo,
0x8ebcc8c,256,CreateLightPrimitiveInteraction,
0x8ebce70,436,RemoveFromScene,
0x8ebd320,84,Detach,
0x8ebd374,56,GetInteractionShadowPrimitives,
0x8ebd3ac,44,GetDynamicInteractionOftenMovingPrimitiveList,
0x8ebd3d8,44,GetDynamicInteractionStaticPrimitiveList,
0x8ebd440,1808,ConditionalUpdateMobileMovablePointLightUniformBuffer,
0x8ebfec4,1484,RenderLightShaftOcclusion,
0x8ec139c,136,~TGlobalResource,
0x8ec1424,148,FPrimitiveIdVertexBufferPool,
0x8ec14b8,112,~FPrimitiveIdVertexBufferPool,
0x8ec1528,120,~FPrimitiveIdVertexBufferPool,
0x8ec15a0,536,Allocate,
0x8ec1b1c,192,MergeMobileBasePassMeshDrawCommands,
0x8ec1bdc,1832,UpdateMobileBasePassMeshSortKeys,UpdateMobileBasePassMeshSortKeys; GEnableAzureDepthFade 切换 sort-key 位布局(距离淡出打包)
0x8ec37c4,1808,DispatchPassSetup,
0x8ec6250,40,FUN_08ec6250,
0x8ec6278,44,FUN_08ec6278,
0x8ec62a4,40,FUN_08ec62a4,
0x8ec62cc,40,FUN_08ec62cc,
0x8ec62f4,112,SetDumpInstancingStats,
0x8ec63cc,444,GetPersistentId,
0x8ec66fc,864,RemoveByElementId,
0x8ec771c,140,SetDrawParametersAndFinalize,
0x8ec77a8,608,SetOnCommandList,
0x8ec7fbc,1460,"SetShaderBindings<FRHICommandList,FRHIPixelShader*>",
0x8ec90d8,1460,"SetShaderBindings<FRHICommandList,FRHIGeometryShader*>",
0x8eca760,888,GetDynamicInstancingHash,
0x8ecb67c,52,SubmitMeshDrawCommands,
0x8ecb6b0,1304,ApplyViewOverridesToMeshDrawCommands,ApplyViewOverridesToMeshDrawCommands 视图覆盖应用
0x8eccb78,324,GetMobileBasePassShaders<1>,
0x8eccf44,324,GetMobileBasePassShaders<4>,
0x8ecd208,124,CalcNumMovablePointLights,
0x8ecd364,1784,SelectMeshLightmapPolicy,SelectMeshLightmapPolicy 移动 BasePass 光照图策略选择
0x8ed1c40,976,AzureSkipSceneRender,AzureSkipSceneRender 设置 GSkipOpaque/Masked/AlphaRender 渲染跳过全局
0x8ed277c,104,ShouldCompilePermutationImpl,
0x8ed2994,28,GetTypeLayout,
0x8ed29f4,196,ConstructCompiledInstance,
0x8ed2b04,40,InternalDestroy,
0x8ed2cac,8,Do,
0x8ed2cb4,28,GetTypeLayout,
0x8ed2d30,52,ConstructCompiledInstance,
0x8ed2d64,4,ModifyCompilationEnvironmentImpl,TMobileBasePassVS::ModifyCompilationEnvironmentImpl(r.Mobile.UseHWsRGBEncoding 等宏)
0x8ed2fd0,4,ShouldCompilePermutationImpl,
0x8ed323c,40,InternalDestroy,
0x8ed3264,384,StaticGetTypeLayout,
0x8ed364c,8,Do,
0x8ed3654,28,GetTypeLayout,
0x8ed3670,96,ConstructSerializedInstance,
0x8ed3704,4,ModifyCompilationEnvironmentImpl,
0x8ed3b1c,8,Do,
0x8ed3b24,28,GetTypeLayout,
0x8ed3ba0,52,ConstructCompiledInstance,
0x8ed3bdc,40,InternalDestroy,
0x8ed3d84,8,Do,
0x8ed3d8c,28,GetTypeLayout,
0x8ed3e08,52,ConstructCompiledInstance,
0x8ed3e3c,4,ModifyCompilationEnvironmentImpl,
0x8ed40d4,384,StaticGetTypeLayout,
0x8ed472c,28,GetTypeLayout,
0x8ed47a8,52,ConstructCompiledInstance,
0x8ed47dc,4,ModifyCompilationEnvironmentImpl,
0x8ed4a74,384,StaticGetTypeLayout,
0x8ed4f44,384,StaticGetTypeLayout,
0x8ed53ec,40,InternalDestroy,
0x8ed5414,384,StaticGetTypeLayout,
0x8ed58bc,40,InternalDestroy,
0x8ed5a64,8,Do,
0x8ed5a6c,28,GetTypeLayout,
0x8ed5ae8,52,ConstructCompiledInstance,
0x8ed5b1c,4,ModifyCompilationEnvironmentImpl,
0x8ed5db4,384,StaticGetTypeLayout,
0x8ed6404,8,Do,
0x8ed6428,96,ConstructSerializedInstance,
0x8ed64c4,40,InternalDestroy,
0x8ed64ec,384,StaticGetTypeLayout,
0x8ed6cec,8,Do,
0x8ed6cf4,28,GetTypeLayout,
0x8ed6da8,4,ShouldCompilePermutationImpl,
0x8ed71bc,8,Do,
0x8ed71c4,28,GetTypeLayout,
0x8ed7240,52,ConstructCompiledInstance,
0x8ed7278,4,ShouldCompilePermutationImpl,
0x8ed7710,52,ConstructCompiledInstance,
0x8ed7748,4,ShouldCompilePermutationImpl,
0x8ed7c44,384,StaticGetTypeLayout,
0x8ed80ec,40,InternalDestroy,
0x8ed82b8,96,ConstructSerializedInstance,
0x8ed8350,4,ShouldCompilePermutationImpl,
0x8ed8824,40,InternalDestroy,
0x8ed884c,384,StaticGetTypeLayout,
0x8ed8e9c,8,Do,
0x8ed8ea4,28,GetTypeLayout,
0x8ed8ec0,96,ConstructSerializedInstance,
0x8ed8f54,4,ModifyCompilationEnvironmentImpl,
0x8ed9428,4,ShouldCompilePermutationImpl,
0x8ed968c,4,ModifyCompilationEnvironmentImpl,
0x8ed9aac,28,GetTypeLayout,
0x8ed9b28,52,ConstructCompiledInstance,
0x8ed9b64,40,InternalDestroy,
0x8ed9d0c,8,Do,
0x8ed9d14,28,GetTypeLayout,
0x8ed9d30,96,ConstructSerializedInstance,
0x8ed9dc8,4,ShouldCompilePermutationImpl,
0x8eda298,4,ShouldCompilePermutationImpl,
0x8eda7d8,4,ModifyCompilationEnvironmentImpl,
0x8edad50,96,ConstructSerializedInstance,
0x8edae14,384,StaticGetTypeLayout,
0x8edb51c,4,ModifyCompilationEnvironmentImpl,
0x8edb7b4,384,StaticGetTypeLayout,
0x8edbe88,52,ConstructCompiledInstance,
0x8edbec4,40,InternalDestroy,
0x8edc06c,8,Do,
0x8edc074,28,GetTypeLayout,
0x8edc090,96,ConstructSerializedInstance,
0x8edc124,4,ModifyCompilationEnvironmentImpl,
0x8edc5f4,4,ModifyCompilationEnvironmentImpl,
0x8edcc74,8,Do,
0x8edcc7c,28,GetTypeLayout,
0x8edccf8,52,ConstructCompiledInstance,
0x8edcd34,40,InternalDestroy,
0x8edcedc,8,Do,
0x8edcee4,28,GetTypeLayout,
0x8edcf00,96,ConstructSerializedInstance,
0x8edcf60,52,ConstructCompiledInstance,
0x8edcf9c,40,InternalDestroy,
0x8edcfc4,384,StaticGetTypeLayout,
0x8edd638,96,ConstructSerializedInstance,
0x8edd6d4,40,InternalDestroy,
0x8edd87c,8,Do,
0x8edd884,28,GetTypeLayout,
0x8edd8a0,96,ConstructSerializedInstance,
0x8edd934,4,ModifyCompilationEnvironmentImpl,
0x8edde04,4,ModifyCompilationEnvironmentImpl,
0x8ede484,8,Do,
0x8ede4a8,96,ConstructSerializedInstance,
0x8ede56c,384,StaticGetTypeLayout,
0x8edebc4,40,InternalDestroy,
0x8edee24,4,ModifyCompilationEnvironmentImpl,
0x8edf2f4,4,ModifyCompilationEnvironmentImpl,
0x8edf7cc,40,InternalDestroy,
0x8edf998,96,ConstructSerializedInstance,
0x8edfa34,40,InternalDestroy,
0x8edfa5c,384,StaticGetTypeLayout,
0x8ee00ac,8,Do,
0x8ee00b4,28,GetTypeLayout,
0x8ee00d0,96,ConstructSerializedInstance,
0x8ee0168,4,ShouldCompilePermutationImpl,
0x8ee0638,4,ShouldCompilePermutationImpl,
0x8ee0b08,4,ShouldCompilePermutationImpl,
0x8ee0fd8,4,ShouldCompilePermutationImpl,
0x8ee14a4,4,ModifyCompilationEnvironmentImpl,
0x8ee1940,52,ConstructCompiledInstance,
0x8ee197c,40,InternalDestroy,
0x8ee1b24,8,Do,
0x8ee1b2c,28,GetTypeLayout,
0x8ee1bdc,4,ModifyCompilationEnvironmentImpl,
0x8ee1ff4,8,Do,
0x8ee1ffc,28,GetTypeLayout,
0x8ee2078,52,ConstructCompiledInstance,
0x8ee20b0,4,ShouldCompilePermutationImpl,
0x8ee2548,52,ConstructCompiledInstance,
0x8ee2584,40,InternalDestroy,
0x8ee272c,8,Do,
0x8ee2734,28,GetTypeLayout,
0x8ee2750,68,ConstructSerializedInstance,
0x8ee2794,196,ConstructCompiledInstance,
0x8ee2a90,8,Do,
0x8ee2ab4,68,ConstructSerializedInstance,
0x8ee2c64,384,StaticGetTypeLayout,
0x8ee32bc,28,GetTypeLayout,
0x8ee336c,4,ModifyCompilationEnvironmentImpl,
0x8ee383c,4,ModifyCompilationEnvironmentImpl,
0x8ee3cd8,52,ConstructCompiledInstance,
0x8ee3d14,40,InternalDestroy,
0x8ee3ee0,96,ConstructSerializedInstance,
0x8ee3f78,4,ShouldCompilePermutationImpl,
0x8ee444c,40,InternalDestroy,
0x8ee45f4,8,Do,
0x8ee45fc,28,GetTypeLayout,
0x8ee4618,96,ConstructSerializedInstance,
0x8ee4678,52,ConstructCompiledInstance,
0x8ee46dc,384,StaticGetTypeLayout,
0x8ee4bac,384,StaticGetTypeLayout,
0x8ee5220,96,ConstructSerializedInstance,
0x8ee52bc,40,InternalDestroy,
0x8ee5464,8,Do,
0x8ee546c,28,GetTypeLayout,
0x8ee5488,96,ConstructSerializedInstance,
0x8ee551c,4,ModifyCompilationEnvironmentImpl,
0x8ee59b8,52,ConstructCompiledInstance,
0x8ee59f4,40,InternalDestroy,
0x8ee5c20,52,ConstructCompiledInstance,
0x8ee5c54,4,ModifyCompilationEnvironmentImpl,
0x8ee60f0,52,ConstructCompiledInstance,
0x8ee6128,4,ShouldCompilePermutationImpl,
0x8ee65c0,52,ConstructCompiledInstance,
0x8ee65fc,40,InternalDestroy,
0x8ee67a4,8,Do,
0x8ee67ac,28,GetTypeLayout,
0x8ee67c8,68,ConstructSerializedInstance,
0x8ee68d0,4,ModifyCompilationEnvironmentImpl,
0x8ee6ca4,384,StaticGetTypeLayout,
0x8ee73ac,4,ModifyCompilationEnvironmentImpl,
0x8ee7880,4,ShouldCompilePermutationImpl,
0x8ee7d7c,384,StaticGetTypeLayout,
0x8ee824c,384,StaticGetTypeLayout,
0x8ee88c0,96,ConstructSerializedInstance,
0x8ee895c,40,InternalDestroy,
0x8ee8b04,8,Do,
0x8ee8b0c,28,GetTypeLayout,
0x8ee8b28,96,ConstructSerializedInstance,
0x8ee8bc0,4,ShouldCompilePermutationImpl,
0x8ee9090,4,ShouldCompilePermutationImpl,
0x8ee9564,40,InternalDestroy,
0x8ee958c,384,StaticGetTypeLayout,
0x8ee9be4,28,GetTypeLayout,
0x8ee9c60,52,ConstructCompiledInstance,
0x8ee9cc4,384,StaticGetTypeLayout,
0x8eea194,384,StaticGetTypeLayout,
0x8eea664,384,StaticGetTypeLayout,
0x8eeaf20,4,ShouldCompilePermutationImpl,
0x8eeb334,8,Do,
0x8eeb33c,28,GetTypeLayout,
0x8eeb3ec,4,ModifyCompilationEnvironmentImpl,
0x8eeb8bc,4,ModifyCompilationEnvironmentImpl,
0x8eebd90,4,ShouldCompilePermutationImpl,
0x8eec260,4,ShouldCompilePermutationImpl,
0x8eec730,4,ShouldCompilePermutationImpl,
0x8eecc2c,384,StaticGetTypeLayout,
0x8eed27c,8,Do,
0x8eed2a0,96,ConstructSerializedInstance,
0x8eed334,4,ModifyCompilationEnvironmentImpl,
0x8eed7d0,52,ConstructCompiledInstance,
0x8eed80c,40,InternalDestroy,
0x8eed834,384,StaticGetTypeLayout,
0x8eede84,8,Do,
0x8eede8c,28,GetTypeLayout,
0x8eedf08,52,ConstructCompiledInstance,
0x8eedf40,4,ShouldCompilePermutationImpl,
0x8eee40c,4,ModifyCompilationEnvironmentImpl,
0x8eee9c4,40,InternalDestroy,
0x8eeeb90,68,ConstructSerializedInstance,
0x8eeed24,384,StaticGetTypeLayout,
0x8eef42c,4,ModifyCompilationEnvironmentImpl,
0x8eefaac,8,Do,
0x8eefab4,28,GetTypeLayout,
0x8eefb30,52,ConstructCompiledInstance,
0x8eefb6c,40,InternalDestroy,
0x8eefb94,384,StaticGetTypeLayout,
0x8ef01e4,8,Do,
0x8ef01ec,28,GetTypeLayout,
0x8ef0208,96,ConstructSerializedInstance,
0x8ef0268,52,ConstructCompiledInstance,
0x8ef02a4,40,InternalDestroy,
0x8ef044c,8,Do,
0x8ef0454,28,GetTypeLayout,
0x8ef04d0,52,ConstructCompiledInstance,
0x8ef050c,40,InternalDestroy,
0x8ef06b4,8,Do,
0x8ef06bc,28,GetTypeLayout,
0x8ef06d8,96,ConstructSerializedInstance,
0x8ef0770,4,ShouldCompilePermutationImpl,
0x8ef0c40,4,ShouldCompilePermutationImpl,
0x8ef110c,4,ModifyCompilationEnvironmentImpl,
0x8ef15a8,52,ConstructCompiledInstance,
0x8ef160c,384,StaticGetTypeLayout,
0x8ef1ce0,52,ConstructCompiledInstance,
0x8ef1d18,4,ShouldCompilePermutationImpl,
0x8ef2214,384,StaticGetTypeLayout,
0x8ef26bc,40,InternalDestroy,
0x8ef2864,8,Do,
0x8ef286c,28,GetTypeLayout,
0x8ef2888,68,ConstructSerializedInstance,
0x8ef28cc,196,ConstructCompiledInstance,
0x8ef2bec,68,ConstructSerializedInstance,
0x8ef2d74,40,InternalDestroy,
0x8ef2f1c,8,Do,
0x8ef2fa0,52,ConstructCompiledInstance,
0x8ef2fdc,40,InternalDestroy,
0x8ef31a8,96,ConstructSerializedInstance,
0x8ef3240,4,ShouldCompilePermutationImpl,
0x8ef365c,28,GetTypeLayout,
0x8ef370c,4,ModifyCompilationEnvironmentImpl,
0x8ef39a4,384,StaticGetTypeLayout,
0x8ef4078,52,ConstructCompiledInstance,
0x8ef40b0,4,ShouldCompilePermutationImpl,
0x8ef4580,4,ShouldCompilePermutationImpl,
0x8ef4a54,40,InternalDestroy,
0x8ef4bfc,8,Do,
0x8ef4c04,28,GetTypeLayout,
0x8ef4c20,96,ConstructSerializedInstance,
0x8ef4cbc,40,InternalDestroy,
0x8ef4ce4,384,StaticGetTypeLayout,
0x8ef5334,8,Do,
0x8ef533c,28,GetTypeLayout,
0x8ef5358,96,ConstructSerializedInstance,
0x8ef53f4,40,InternalDestroy,
0x8ef541c,384,StaticGetTypeLayout,
0x8ef5a6c,8,Do,
0x8ef5a74,28,GetTypeLayout,
0x8ef5a90,96,ConstructSerializedInstance,
0x8ef5b2c,40,InternalDestroy,
0x8ef5b54,384,StaticGetTypeLayout,
0x8ef61a4,8,Do,
0x8ef61c8,96,ConstructSerializedInstance,
0x8ef6264,40,InternalDestroy,
0x8ef640c,8,Do,
0x8ef6414,28,GetTypeLayout,
0x8ef6430,96,ConstructSerializedInstance,
0x8ef6490,52,ConstructCompiledInstance,
0x8ef64cc,40,InternalDestroy,
0x8ef6674,8,Do,
0x8ef667c,28,GetTypeLayout,
0x8ef66f8,52,ConstructCompiledInstance,
0x8ef6730,4,ShouldCompilePermutationImpl,
0x8ef6db4,40,InternalDestroy,
0x8ef6f64,28,GetTypeLayout,
0x8ef7014,4,ModifyCompilationEnvironmentImpl,
0x8ef74e4,4,ModifyCompilationEnvironmentImpl,
0x8ef79bc,40,InternalDestroy,
0x8ef7b64,8,Do,
0x8ef7b6c,28,GetTypeLayout,
0x8ef7be8,52,ConstructCompiledInstance,
0x8ef7c20,4,ShouldCompilePermutationImpl,
0x8ef80ec,4,ModifyCompilationEnvironmentImpl,
0x8ef8528,96,ConstructSerializedInstance,
0x8ef85c0,4,ShouldCompilePermutationImpl,
0x8ef8a94,40,InternalDestroy,
0x8ef8abc,384,StaticGetTypeLayout,
0x8ef910c,8,Do,
0x8ef9114,28,GetTypeLayout,
0x8ef9130,96,ConstructSerializedInstance,
0x8ef91cc,40,InternalDestroy,
0x8ef937c,28,GetTypeLayout,
0x8ef93f8,52,ConstructCompiledInstance,
0x8ef9430,4,ShouldCompilePermutationImpl,
0x8ef9900,4,ShouldCompilePermutationImpl,
0x8ef9dfc,384,StaticGetTypeLayout,
0x8efa4d0,52,ConstructCompiledInstance,
0x8efa508,4,ShouldCompilePermutationImpl,
0x8eface8,1140,AzureReplaceDirectionalLight,"AzureReplaceDirectionalLight(bool,FLinearColor,FVector) 写 GAzureReplaceLightingParams+0xc6196b0 色彩/0xc6196c0 方向全局块"
0x8efcea4,4,~FMeshPassProcessor,
0x8efceac,612,ShouldCompilePermutation,
0x8efdddc,200,zzAppendMemberGetPrev,
0x8efe358,200,zzAppendMemberGetPrev,
0x8f005ec,360,GetStructMetadata,
0x8f00fbc,196,zzAppendMemberGetPrev,
0x8f01514,200,zzAppendMemberGetPrev,
0x8f01a70,204,zzAppendMemberGetPrev,
0x8f01f08,8,zzAppendMemberGetPrev,
0x8f01f10,244,Empty,
0x8f023f0,420,FUN_08f023f0,
0x8f031f0,8,FUN_08f031f0,
0x8f031f8,12,FUN_08f031f8,
0x8f032dc,12,FUN_08f032dc,
0x8f03670,28,FUN_08f03670,
0x8f036a0,8,FUN_08f036a0,
0x8f036b8,84,~TGlobalResource,
0x8f03aec,84,~TGlobalResource,
0x8f03f50,40,~TResourceArray,
0x8f03f78,20,GetResourceData,
0x8f03f8c,52,Discard,
0x8f03fd0,12,SetAllowCPUAccess,
0x8f04150,12,InternalDestroy,
0x8f0415c,136,Do,
0x8f04404,8,CallUnfrozenCopy,
0x8f0440c,32,CallAppendHash,
0x8f0442c,36,CallGetTargetAlignment,
0x8f044dc,4,CallDestroy,
0x8f04500,8,CallGetTargetAlignment,
0x8f04510,316,CopyUnfrozen,
0x8f0567c,368,InitRHI,
0x8f060bc,452,Initialize,
0x8f06cdc,200,zzAppendMemberGetPrev,
0x8f070a8,336,ResizeShrink,
0x8f082d0,200,zzAppendMemberGetPrev,
0x8f08528,200,zzAppendMemberGetPrev,
0x8f08780,204,zzAppendMemberGetPrev,
0x8f08b8c,2212,FUN_08f08b8c,
0x8f101f8,96,~TGraphTask,
0x8f102ac,444,ExecuteTask,
0x8f10c24,452,ExecuteTask,
0x8f122c0,252,ResizeTo,
0x8f12e74,360,MatchesForDynamicInstancing,
0x8f134d0,320,"GetUniformMobileBasePassShaders<(ELightMapPolicyType)13,2147483647>",
0x8f13b10,320,"GetUniformMobileBasePassShaders<(ELightMapPolicyType)18,2147483647>",
0x8f143d0,320,"GetUniformMobileBasePassShaders<(ELightMapPolicyType)15,1>",
0x8f14f10,320,"GetUniformMobileBasePassShaders<(ELightMapPolicyType)14,2>",
0x8f15910,320,"GetUniformMobileBasePassShaders<(ELightMapPolicyType)10,3>",
0x8f16590,320,"GetUniformMobileBasePassShaders<(ELightMapPolicyType)10,4>",
0x8f16f90,320,"GetUniformMobileBasePassShaders<(ELightMapPolicyType)20,4>",
0x8f17990,320,"GetUniformMobileBasePassShaders<(ELightMapPolicyType)18,0>",
0x8f18064,72,~FStaticStateResource,
0x8f1835c,72,~FStaticStateResource,
0x8f187e8,80,FUN_08f187e8,
0x8f18cd0,508,FUN_08f18cd0,渲染任务收尾: 恢复 GSkipAlphaRender 并清空 GAzureNoSkipAlphaProxyNames 白名单
0x8f19cb0,8,Do,
0x8f19e7c,448,Initialize,
0x8f1b458,400,ModifyCompilationEnvironment,
0x8f1be78,476,ModifyCompilationEnvironment,
0x8f1d168,448,ShouldCompilePermutation,
0x8f1e47c,400,ModifyCompilationEnvironment,
0x8f1f010,640,ModifyCompilationEnvironment,
0x8f204f8,488,ModifyCompilationEnvironment,
0x8f20eac,376,ShouldCompilePermutation,
0x8f21e10,412,ModifyCompilationEnvironment,
0x8f22890,488,ModifyCompilationEnvironment,
0x8f23c1c,452,ShouldCompilePermutation,
0x8f24c18,652,ModifyCompilationEnvironment,
0x8f25f74,8,Do,
0x8f25f7c,352,ModifyCompilationEnvironment,
0x8f26eb4,376,ShouldCompilePermutation,
0x8f2756c,376,ShouldCompilePermutation,
0x8f283a0,464,ShouldCompilePermutation,
0x8f299e0,464,ShouldCompilePermutation,
0x8f2aa88,452,ModifyCompilationEnvironment,
0x8f2b834,488,ShouldCompilePermutation,
0x8f2c75c,40,InternalDestroy,
0x8f2c784,8,Do,
0x8f2c78c,456,Initialize,
0x8f2db3c,412,ModifyCompilationEnvironment,
0x8f2e4b8,488,ModifyCompilationEnvironment,
0x8f2f4d8,464,ShouldCompilePermutation,
0x8f304e0,412,ModifyCompilationEnvironment,
0x8f31318,412,ModifyCompilationEnvironment,
0x8f32024,488,ShouldCompilePermutation,
0x8f330cc,40,InternalDestroy,
0x8f33374,236,ModifyCompilationEnvironment,
0x8f33e90,356,ModifyCompilationEnvironmentForQualityLevel,
0x8f3448c,488,ModifyCompilationEnvironment,
0x8f357b0,464,ShouldCompilePermutation,
0x8f369d0,476,ShouldCompilePermutation,
0x8f37bb0,472,ShouldCompilePermutation,
0x8f38d70,652,ModifyCompilationEnvironment,
0x8f39dac,452,Initialize,
0x8f3b924,488,ModifyCompilationEnvironment,
0x8f3cb14,412,ModifyCompilationEnvironment,
0x8f3dcac,488,ModifyCompilationEnvironment,
0x8f3ef58,172,ModifyCompilationEnvironment,
0x8f3fa3c,484,ShouldCompilePermutation,
0x8f402f0,464,Initialize,
0x8f41948,488,ModifyCompilationEnvironment,
0x8f42b38,412,ModifyCompilationEnvironment,
0x8f43970,412,ModifyCompilationEnvironment,
0x8f447a8,412,ModifyCompilationEnvironment,
0x8f458e4,484,ShouldCompilePermutation,
0x8f466dc,256,ShouldCompilePermutation,
0x8f47328,356,ModifyCompilationEnvironmentForQualityLevel,
0x8f47924,512,ModifyCompilationEnvironment,
0x8f48ae8,436,ModifyCompilationEnvironment,
0x8f49cf8,512,ModifyCompilationEnvironment,
0x8f4af60,436,ModifyCompilationEnvironment,
0x8f4c114,484,ShouldCompilePermutation,
0x8f4cdec,312,ModifyCompilationEnvironment,
0x8f4dcfc,388,ShouldCompilePermutation,
0x8f4e69c,388,ShouldCompilePermutation,
0x8f4f870,476,ShouldCompilePermutation,
0x8f50a50,472,ShouldCompilePermutation,
0x8f51a90,488,ModifyCompilationEnvironment,
0x8f52ef4,584,ModifyCompilationEnvironment,
0x8f542e0,488,ModifyCompilationEnvironment,
0x8f54e0c,412,ModifyCompilationEnvironment,
0x8f55d94,452,ShouldCompilePermutation,
0x8f56d90,488,ModifyCompilationEnvironment,
0x8f5811c,460,ShouldCompilePermutation,
0x8f592a0,652,ModifyCompilationEnvironment,
0x8f657f0,40,InternalDestroy,
0x8f65938,8,Do,
0x8f65a9c,100,ConstructCompiledInstance,
0x8f65e60,8,Do,
0x8f65e68,288,GetTypeLayout,
0x8f68474,8,Do,
0x8f6847c,288,GetTypeLayout,
0x8f68bcc,8,Do,
0x8f68bd4,28,GetTypeLayout,
0x8f68c28,188,ConstructCompiledInstance,
0x8f68d8c,2480,ComputeAverageBrightness,MobileReflectionEnvironmentCapture::ComputeAverageBrightness 反射捕获平均亮度
0x8f77d40,480,RenderTranslucencyBlur,
0x8f77f20,700,RenderTranslucency,
0x8f781dc,1056,PreTonemapMSAA,
0x8f785fc,4,RenderMobileDebugView,
0x8f78600,364,SetParameters,FScreenVS::SetParameters
0x8f7876c,352,SetParameters,FScreenPS::SetParameters
0x8f788cc,676,SetParameters,FScreenPSRecoverDepth::SetParameters
0x8f78b70,4,InternalDestroy,
0x8f78b74,284,StaticGetTypeLayout,
0x8f78c90,8,Do,
0x8f78c98,284,GetTypeLayout,
0x8f78db4,44,ConstructSerializedInstance,
0x8f78de0,52,ConstructCompiledInstance,
0x8f78e14,4,ModifyCompilationEnvironmentImpl,
0x8f78e18,112,ShouldCompilePermutationImpl,
0x8f78e88,728,SupportsMSAA,
0x8f79160,208,RenderHZB,
0x8f79230,4,InternalDestroy,
0x8f79234,284,StaticGetTypeLayout,
0x8f79350,8,Do,
0x8f79358,284,GetTypeLayout,
0x8f79474,44,ConstructSerializedInstance,
0x8f794a0,100,ConstructCompiledInstance,
0x8f79504,4,ModifyCompilationEnvironmentImpl,
0x8f79508,68,ShouldCompilePermutationImpl,
0x8f7954c,1344,RenderTranslucencyBlur,
0x8f79a8c,2196,RenderInverseOpacity,
0x8f7aed0,20,ModifyCompilationEnvironmentImpl,
0x8f7aee4,88,ShouldCompilePermutationImpl,
0x8f7b2bc,8140,UpdatePlanarReflectionContents,UpdatePlanarReflectionContents 平面反射内容更新
0x8fa3838,52,~TTrackedAlloc,
0x8fa38a8,72,~FStaticStateResource,
0x8fa39d0,1760,FUN_08fa39d0,
0x8fad8d0,284,StaticGetTypeLayout,
0x8fade8c,100,ConstructCompiledInstance,
0x8fae0ac,4,InternalDestroy,
0x8fae2f0,44,ConstructSerializedInstance,
0x8fae3c0,40,ShouldCompilePermutationImpl,
0x8fae5bc,4,InternalDestroy,
0x8fae82c,100,ConstructCompiledInstance,
0x8fae92c,8348,RenderAmbientOcclusion,FMobileSceneRenderer::RenderAmbientOcclusion 移动端 SSAO pass
0x904b2ac,200,zzAppendMemberGetPrev,
0x904bc30,360,GetStructMetadata,
0x904c7a0,200,zzAppendMemberGetPrev,
0x904ccf8,196,zzAppendMemberGetPrev,
0x904d018,200,zzAppendMemberGetPrev,
0x904d414,8,zzAppendMemberGetPrev,
0x904d41c,360,GetStructMetadata,
0x904e118,200,zzAppendMemberGetPrev,
0x904e500,200,zzAppendMemberGetPrev,
0x904ea5c,200,zzAppendMemberGetPrev,
0x904ed7c,200,zzAppendMemberGetPrev,
0x904f244,208,zzAppendMemberGetPrev,
0x904f7b4,200,FUN_0904f7b4,
0x904fc54,208,FUN_0904fc54,
0x9050100,8,FUN_09050100,
0x9050108,20,~TTrackedAlloc,
0x9050150,360,"AddPass<FMitchellNetravaliDownsampleCS::FParameters,FComputeShaderUtils::AddPass<FMitchellNetravaliDownsampleCS>(FRDGBuilder&,FRDGEventName&&,ERDGPassFlags,TShaderRefBase<FMitchellNetravaliDownsampleCS,FShaderMapPointerTable>const&,FMitchellNetravaliDownsampleCS::FParameters*,FIntVector)::{lambda(FRHIComputeCommandList&)#1}>",
0x9052364,20,~TTrackedAlloc,
0x9052378,52,~TTrackedAlloc,
0x90523ac,76,FUN_090523ac,
0x90523f8,64,FUN_090523f8,
0x9052438,64,FUN_09052438,
0x9052478,52,FUN_09052478,
0x905299c,1676,"SetShaderParameters<FRHICommandList,FMobileBloomDownVS,FRHIVertexShader>",
0x9054c0c,376,"AddPass<FMobileSunMaskPS::FParameters,AddDrawScreenPass<FMobileSunMaskPS>(FRDGBuilder&,FRDGEventName&&,FViewInfo_const&,FScreenPassTextureViewport_const&,FScreenPassTextureViewport_const&,TShaderRefBase<FShader,FShaderMapPointerTable>const&,TShaderRefBase<FMobileSunMaskPS,FShaderMapPointerTable>const&,FRHIBlendState*,FRHIDepthStencilState*,FMobileSunMaskPS::FParameters*,EScreenPassDrawFlags)::{lambda(FRHICommandListImmediate&)#1}>",
0x9054fc0,296,operator(),
0x9055854,20,~TTrackedAlloc,
0x9055868,52,~TTrackedAlloc,
0x905589c,76,FUN_0905589c,
0x90558e8,64,FUN_090558e8,
0x9055928,64,FUN_09055928,
0x905599c,1240,FUN_0905599c,
0x9058d30,1900,"SetShaderParameters<FRHICommandList,FMobileSunMergePS,FRHIPixelShader>",
0x905bce4,20,~TTrackedAlloc,
0x905bcf8,52,~TTrackedAlloc,
0x905bd2c,76,FUN_0905bd2c,
0x905bd78,64,FUN_0905bd78,
0x905bdb8,64,FUN_0905bdb8,
0x905bdf8,52,FUN_0905bdf8,
0x905c304,1676,"SetShaderParameters<FRHICommandList,FMobileDofBlurVS,FRHIVertexShader>",
0x905e6ec,32,~TTrackedAlloc,
0x905e70c,4,~TTrackedAlloc,
0x905e710,4,~TRDGLambdaPass,
0x905e788,416,operator(),
0x905f1bc,20,~TTrackedAlloc,
0x905f250,64,FUN_0905f250,
0x905f2d0,52,FUN_0905f2d0,
0x905fef4,1900,"SetShaderParameters<FRHICommandList,FMobileTAAPS,FRHIPixelShader>",
0x9062820,4,~TTrackedAlloc,
0x9062828,28,ExecuteImpl,
0x9062b38,1900,"SetShaderParameters<FRHIComputeCommandList,TMobileHistogramCS<false>,FRHIComputeShader>",
