addr,size,note
0x62c16e8,24,TriggerEmptyQueue @L1
0x62c1be8,164,HandleWindowClosed_EventThread @L17
0x62c2338,32,IsGameInFocus @L56
0x62c41f0,84,FindMethod @L66
0x62c4660,860,FindGooglePlayBillingMethods @L84
0x62c742c,80,AndroidThunkCpp_SetSustainedPerformanceMode @L190
0x62c7710,756,AndroidThunkCpp_ShowConsoleWindow @L209
0x62c9f1c,120,AndroidThunkCpp_Iap_BeginPurchase @L366
0x62ca888,2432,AndroidThunkCpp_ScheduleLocalNotificationAtTime @L396
0x62db444,36,FUN_062db444 @L892
0x62db7e0,40,FUN_062db7e0 @L901
0x62db8a4,44,FUN_062db8a4 @L910
0x62db9ac,620,AppPreExit @L919
0x62dd9b0,136,FUN_062dd9b0 @L1041
0x62dde74,84,FUN_062dde74 @L1079
0x62de224,204,FUN_062de224 @L1111
0x62de69c,224,FUN_062de69c @L1152
0x62deb48,92,FUN_062deb48 @L1205
0x62df060,316,FUN_062df060 @L1219
0x62e0964,36,FUN_062e0964 @L1286
0x62e09ac,36,FUN_062e09ac @L1295
0x62e0c04,700,FUN_062e0c04 @L1304
0x62e1a28,48,ExecuteIfSafe @L1440
0x62e1c70,52,FUN_062e1c70 @L1462
0x62e1d0c,36,FUN_062e1d0c @L1474
0x62e2a30,164,FUN_062e2a30 @L1483
0x62e2be4,156,ResizeTo @L1522
0x62e3204,664,Empty @L1564
0x62e42b8,4,~TBaseStaticDelegateInstance @L1720
0x62e42e4,8,GetHandle @L1735
0x62e43b4,4,~TCommonDelegateInstanceState @L1748
0x62e4610,616,FUN_062e4610 @L1766
0x62e5918,572,FUN_062e5918 @L1843
0x62e6510,28,FUN_062e6510 @L1966
0x62e6574,388,Broadcast @L1975
0x62e76f4,4,FUN_062e76f4 @L2051
0x62e76fc,4,FUN_062e76fc @L2059
0x62e7708,8,CanBeUsedOnAnyThread @L2067
0x62e7884,144,FUN_062e7884 @L2077
0x62e7acc,4,~TReferenceControllerWithDeleter @L2116
0x62e7ae4,8,GetBoundProgramCounterForTimerManager @L2134
0x62e7b04,156,CreateCopy @L2149
0x62e8158,8,GetUObject @L2188
0x62e8178,8,IsSafeToExecute @L2200
0x62e8260,4,~TCommonDelegateInstanceState @L2213
0x62e82dc,80,FUN_062e82dc @L2231
0x62e8698,412,FUN_062e8698 @L2263
0x62e971c,20,FUN_062e971c @L2363
0x62e97dc,412,FUN_062e97dc @L2372
0x62eb2a4,328,FUN_062eb2a4 @L2472
0x62ebcec,156,FUN_062ebcec @L2528
0x62ec168,556,FUN_062ec168 @L2564
0x62edfbc,360,FUN_062edfbc @L2683
0x62ee878,5892,FUN_062ee878 @L2802; 递归遍历(调FUN_0abb0c68与自身),容器/树处理
0x62f974c,24,FUN_062f974c @L3560
0x62f9874,100,FUN_062f9874 @L3569
0x62f9ae4,184,FUN_062f9ae4 @L3589
0x62f9f70,16,FUN_062f9f70 @L3621
0x62f9fe0,180,FUN_062f9fe0 @L3629
0x62fa458,68,FUN_062fa458 @L3653
0x62fa5fc,60,FUN_062fa5fc @L3666
0x62fa788,52,FUN_062fa788 @L3680
0x62faa14,68,FUN_062faa14 @L3694
0x62fb4e0,276,FUN_062fb4e0 @L3709
0x62fbf78,44,FUN_062fbf78 @L3800
0x62fc078,564,_INIT_26 @L3811
0x6300ddc,268,FUN_06300ddc @L3946
0x6301728,720,FUN_06301728 @L4005
0x63037d0,24,FUN_063037d0 @L4137
0x63038a4,88,FUN_063038a4 @L4153
0x63039fc,120,FUN_063039fc @L4170
0x6303ca0,100,FUN_06303ca0 @L4193
0x63040ec,236,FUN_063040ec @L4214
0x6304bd0,552,FUN_06304bd0 @L4268
0x630566c,264,FUN_0630566c @L4362
0x6305ac8,40,FUN_06305ac8 @L4396
0x6305bc0,844,FUN_06305bc0 @L4410
0x63076a4,36,FUN_063076a4 @L4582
0x6307b20,8,FUN_06307b20 @L4593
0x6307b30,32,FUN_06307b30 @L4601
0x6307c30,32,FUN_06307c30 @L4616
0x6307d68,32,FUN_06307d68 @L4625
0x6308248,240,FUN_06308248 @L4636
0x63091b4,80,FUN_063091b4 @L4687
0x6309640,500,FUN_06309640 @L4704
0x630add8,128,FUN_0630add8 @L4829
0x630b068,76,FUN_0630b068 @L4856
0x630b130,76,FUN_0630b130 @L4879
0x630b474,2116,FUN_0630b474 @L4902
0x631243c,380,FUN_0631243c @L5375
0x6312720,64,FUN_06312720 @L5442
0x6312760,304,FUN_06312760 @L5460
0x63129bc,168,FUN_063129bc @L5525
0x6312d00,348,FUN_06312d00 @L5563
0x6312ffc,952,FUN_06312ffc @L5626
0x631947c,932,FUN_0631947c @L5801
0x631a19c,3388,FUN_0631a19c @L5981; 未命名
0x6362f54,1756,FUN_06362f54 @L6753
0x6366368,316,FUN_06366368 @L6866
0x636724c,268,FUN_0636724c @L6925
0x6367a90,24,FUN_06367a90 @L6973
0x63684bc,300,FUN_063684bc @L6981
0x636a5ac,244,FUN_0636a5ac @L7024
0x636a904,200,FUN_0636a904 @L7076
0x636ad28,8,FUN_0636ad28 @L7121
0x636ad30,8,FUN_0636ad30 @L7129
0x636ad38,2928,FUN_0636ad38 @L7137
0x6377550,20,FUN_06377550 @L7594
0x6377578,20,FUN_06377578 @L7602
0x63775a0,40,FUN_063775a0 @L7610
0x63776c0,144,FUN_063776c0 @L7621
0x63781b4,300,FUN_063781b4 @L7675
0x6378f88,504,FUN_06378f88 @L7740
0x637a0e0,168,FUN_0637a0e0 @L7905
0x637a378,284,FUN_0637a378 @L7952
0x637a6c8,256,FUN_0637a6c8 @L8020
0x637ab98,304,FUN_0637ab98 @L8066
0x637b050,52,FUN_0637b050 @L8124
0x637b084,52,FUN_0637b084 @L8136
0x637b2ec,256,FUN_0637b2ec @L8148
0x637bae4,1684,FUN_0637bae4 @L8210
0x6380538,280,FUN_06380538 @L8643
0x6380964,460,FUN_06380964 @L8683
0x6381980,256,FUN_06381980 @L8744
0x6381d70,296,FUN_06381d70 @L8779
0x6382598,236,FUN_06382598 @L8825
0x6383294,184,FUN_06383294 @L8859
0x6383b0c,264,FUN_06383b0c @L8881
0x6384038,264,FUN_06384038 @L8919
0x6384768,216,FUN_06384768 @L8957
0x638513c,212,FUN_0638513c @L8983
0x638595c,20,FUN_0638595c @L9009
0x6385a68,248,FUN_06385a68 @L9018
0x6386690,256,FUN_06386690 @L9063
0x63872a0,268,FUN_063872a0 @L9102
0x63881ec,284,FUN_063881ec @L9142
0x6388e60,232,FUN_06388e60 @L9183
0x6389b54,260,FUN_06389b54 @L9211
0x638a574,8,FUN_0638a574 @L9259
0x638a5f0,564,_INIT_80 @L9268
0x638c384,232,FUN_0638c384 @L9403
0x638cbac,188,FUN_0638cbac @L9455
0x638da2c,396,FUN_0638da2c @L9487
0x638e118,48,FUN_0638e118 @L9597
0x638e178,48,FUN_0638e178 @L9609
0x638e1d4,48,FUN_0638e1d4 @L9621
0x638e294,60,FUN_0638e294 @L9633
0x638e370,8,FUN_0638e370 @L9646
0x638e3b4,8,FUN_0638e3b4 @L9654
0x638e3c4,32,FUN_0638e3c4 @L9662
0x638e4c0,8,FUN_0638e4c0 @L9675
0x638e504,8,FUN_0638e504 @L9683
0x638e514,60,FUN_0638e514 @L9691
0x638f0ec,192,FUN_0638f0ec @L9704
0x638f650,192,FUN_0638f650 @L9758
0x638fbd0,184,FUN_0638fbd0 @L9812
0x638ffd0,128,FUN_0638ffd0 @L9840
0x6390314,96,FUN_06390314 @L9858
0x639045c,232,FUN_0639045c @L9875
0x63906cc,172,FUN_063906cc @L9907
0x6390de8,40,FUN_06390de8 @L9947
0x6390f14,68,FUN_06390f14 @L9963
0x6391240,512,FUN_06391240 @L9985
0x6393244,44,FUN_06393244 @L10104
0x6393270,88,FUN_06393270 @L10114
0x63932c8,88,FUN_063932c8 @L10135
0x639347c,408,FUN_0639347c @L10156
0x6393e08,24,FUN_06393e08 @L10268
0x6393ea4,56,FUN_06393ea4 @L10282
0x63945d4,36,FUN_063945d4 @L10298
0x6394630,640,FUN_06394630 @L10308
0x6396038,252,FUN_06396038 @L10466
0x6396f1c,580,FUN_06396f1c @L10527
0x6397a5c,156,FUN_06397a5c @L10674
0x63982f0,64,FUN_063982f0 @L10713
0x6398a58,156,FUN_06398a58 @L10727
0x6398c68,120,FUN_06398c68 @L10765
0x6398e7c,916,FUN_06398e7c @L10793
0x639a658,64,FUN_0639a658 @L10922
0x639a934,696,_INIT_98 @L10935
0x639f848,580,FUN_0639f848 @L11083
0x63a15d0,196,FUN_063a15d0 @L11202
0x63a1a1c,196,FUN_063a1a1c @L11248
0x63a20fc,764,FUN_063a20fc @L11294
0x63a3e0c,528,Java_com_zulong_ZLUtility_ZLUtility_onSaveImageToAlbum @L11386
0x63a4a14,112,Java_com_zulong_ZLUtility_ZLUtility_lifecycleEventOnStart @L11464
0x63a4d4c,292,FUN_063a4d4c @L11483
0x63a5428,32,FUN_063a5428 @L11546
0x63a55a0,32,FUN_063a55a0 @L11559
0x63a56b8,108,FUN_063a56b8 @L11572
0x63a5a4c,32,FUN_063a5a4c @L11594
0x63a5c40,72,FUN_063a5c40 @L11607
0x63a6274,564,_INIT_99 @L11619
0x63a89d4,116,FUN_063a89d4 @L11754
0x63a8d58,144,FUN_063a8d58 @L11772
0x63a93ec,180,FUN_063a93ec @L11804
0x63a9968,208,FUN_063a9968 @L11833
0x63aa258,64,FUN_063aa258 @L11863
0x63aa328,4,FUN_063aa328 @L11876
0x63aa354,8,FUN_063aa354 @L11884
0x63aa624,24,FUN_063aa624 @L11892
0x63aa758,2552,FUN_063aa758 @L11901
0x63c2cc4,36,ZSTD_initCStream_usingCDict @L12318
0x63c2f54,100,ZSTD_compressStream @L12336
0x63c39f0,1360,FUN_063c39f0 @L12358
0x63c7308,400,FUN_063c7308 @L12679
0x63c864c,568,FUN_063c864c @L12773
0x63c91ac,172,FUN_063c91ac @L12924
0x63c9730,1396,FUN_063c9730 @L12967
0x63e1bcc,548,FUN_063e1bcc @L13243
0x63e1df0,2948,FUN_063e1df0 @L13364
0x63e8040,4364,FUN_063e8040 @L13955; 未命名(与0x63e1df0/0x63f4830同邻域)
0x63f4830,6124,FUN_063f4830 @L14817; Hint_Prefetch密集(33处)内存扫描/查找类函数
0x6400354,1716,FUN_06400354 @L15970
0x64023cc,1616,FUN_064023cc @L16335
0x6407830,3240,FUN_06407830 @L16752; 未命名
0x640f408,2748,FUN_0640f408 @L17445
0x64168c8,2460,FUN_064168c8 @L18072
0x641f2c0,184,FUN_0641f2c0 @L18584
0x641f378,108,FUN_0641f378 @L18637
0x641f3e4,1540,FUN_0641f3e4 @L18676
0x64243a8,3032,FUN_064243a8 @L19024; 未命名
0x642e630,3932,FUN_0642e630 @L19654; 未命名
0x64375d4,244,ZSTD_initDStream_usingDict @L20434
0x6437da4,172,ZSTD_DCtx_getParameter @L20483
0x6438d18,80,FUN_06438d18 @L20514
0x64392f4,648,FUN_064392f4 @L20543
0x643df30,816,FUN_0643df30 @L20695
0x643f150,1424,FUN_0643f150 @L20948
0x644402c,4300,FUN_0644402c @L21216; 未命名
0x644c094,532,FUN_0644c094 @L22200
0x644c2a8,6832,FUN_0644c2a8 @L22320; 未命名大数据处理函数(无字符串,memset为主,疑似序列化/资源打包)
0x645e950,564,_INIT_127 @L23655
0x645fee0,564,_INIT_136 @L23790
0x64615b8,564,_INIT_145 @L23925
0x6464760,124,FUN_06464760 @L24071
0x6464a70,36,FUN_06464a70 @L24092
0x6464a94,8,FUN_06464a94 @L24102
0x6464a9c,284,FUN_06464a9c @L24111
0x6465a84,176,FUN_06465a84 @L24206
0x6465d34,8,FUN_06465d34 @L24232
0x6465d3c,140,FUN_06465d3c @L24241
0x646627c,148,FUN_0646627c @L24300
0x6466550,8,FUN_06466550 @L24327
0x6466558,40,FUN_06466558 @L24335
0x6466604,112,FUN_06466604 @L24346
0x6466744,8,FUN_06466744 @L24367
0x6466784,12,FUN_06466784 @L24376
0x6466c9c,236,FUN_06466c9c @L24387
0x64672d4,32,FUN_064672d4 @L24429
0x646818c,480,FUN_0646818c @L24443
0x6468e14,668,FUN_06468e14 @L24579
0x646a378,80,FUN_0646a378 @L24731
0x646a440,204,FUN_0646a440 @L24753
0x646b08c,136,FUN_0646b08c @L24799
0x646bb0c,76,FUN_0646bb0c @L24828
0x646be24,16,FUN_0646be24 @L24850
0x646c34c,136,FUN_0646c34c @L24858
0x646d544,416,FUN_0646d544 @L24890
0x646e1dc,224,FUN_0646e1dc @L25012
0x646ee4c,2268,FUN_0646ee4c @L25063
0x647ee14,368,FUN_0647ee14 @L25544
0x647f5b4,1940,FUN_0647f5b4 @L25628
0x6486454,352,FUN_06486454 @L26070
0x6487bc8,228,FUN_06487bc8 @L26146
0x6487e68,176,FUN_06487e68 @L26209
0x648874c,252,FUN_0648874c @L26248
0x6488d08,212,FUN_06488d08 @L26300
0x6488dfc,196,FUN_06488dfc @L26346
0x6489010,312,FUN_06489010 @L26393
0x64895f0,464,FUN_064895f0 @L26516
0x6489f9c,276,FUN_06489f9c @L26610
0x648a344,252,FUN_0648a344 @L26698
0x648a734,528,FUN_0648a734 @L26759
0x648afbc,252,FUN_0648afbc @L26896
0x648b2e8,252,FUN_0648b2e8 @L26958
0x648b6f8,536,FUN_0648b6f8 @L27019
0x648bfbc,312,FUN_0648bfbc @L27153
0x648c358,300,FUN_0648c358 @L27266
0x648c484,312,FUN_0648c484 @L27330
0x648c9f8,360,FUN_0648c9f8 @L27406
0x648d1ec,312,FUN_0648d1ec @L27497
0x648d448,304,FUN_0648d448 @L27581
0x648d69c,936,FUN_0648d69c @L27662
0x648f15c,300,FUN_0648f15c @L27896
0x648f834,80,FUN_0648f834 @L27973
0x648f884,284,FUN_0648f884 @L27990
0x6490048,976,FUN_06490048 @L28068
0x6492200,80,FUN_06492200 @L28299
0x6492358,100,FUN_06492358 @L28317
0x649251c,108,FUN_0649251c @L28334
0x649272c,100,FUN_0649272c @L28350
0x64929fc,84,FUN_064929fc @L28376
0x6492c08,88,FUN_06492c08 @L28389
0x6493218,172,FUN_06493218 @L28408
0x64935ac,76,FUN_064935ac @L28446
0x6493944,120,FUN_06493944 @L28465
0x6493aac,176,FUN_06493aac @L28506
0x64945ac,3196,FUN_064945ac @L28544; 未命名
0x649e3fc,196,FUN_0649e3fc @L29190
0x649e65c,656,FUN_0649e65c @L29230
0x649f73c,136,FUN_0649f73c @L29387
0x649fc58,8,FUN_0649fc58 @L29415
0x649fe18,132,FUN_0649fe18 @L29425
0x64a08a0,628,FUN_064a08a0 @L29457
0x64a140c,100,FUN_064a140c @L29583
0x64a16c0,132,FUN_064a16c0 @L29600
0x64a1e14,148,FUN_064a1e14 @L29634
0x64a2158,176,FUN_064a2158 @L29659
0x64a22b8,152,FUN_064a22b8 @L29685
0x64a25f0,304,FUN_064a25f0 @L29724
0x64a3508,176,FUN_064a3508 @L29791
0x64a37ac,40,FUN_064a37ac @L29819
0x64a3984,116,FUN_064a3984 @L29839
0x64a4184,776,FUN_064a4184 @L29867
0x64a6f10,120,FUN_064a6f10 @L30034
0x64a7884,228,FUN_064a7884 @L30053
0x64a7afc,144,FUN_064a7afc @L30110
0x64a7d10,124,FUN_064a7d10 @L30151
0x64a858c,848,FUN_064a858c @L30173
0x64aa204,256,FUN_064aa204 @L30352
0x64aaaf8,360,FUN_064aaaf8 @L30399
0x64ab320,68,FUN_064ab320 @L30469
0x64ab94c,256,FUN_064ab94c @L30481
0x64abf08,984,FUN_064abf08 @L30528
0x64aeb7c,36,FUN_064aeb7c @L30717
0x64aec84,1168,FUN_064aec84 @L30727
0x64b1ae4,352,FUN_064b1ae4 @L30946
0x64b2394,120,FUN_064b2394 @L31026
0x64b2768,120,FUN_064b2768 @L31046
0x64b2bf0,8,FUN_064b2bf0 @L31066
0x64b2c40,8,FUN_064b2c40 @L31074
0x64b2ca8,8,FUN_064b2ca8 @L31083
0x64b2d08,8,FUN_064b2d08 @L31092
0x64b2d40,8,FUN_064b2d40 @L31100
0x64b2dc0,8,FUN_064b2dc0 @L31108
0x64b2e30,8,FUN_064b2e30 @L31117
0x64b2ea0,8,FUN_064b2ea0 @L31126
0x64b2f10,8,FUN_064b2f10 @L31135
0x64b2fa8,8,FUN_064b2fa8 @L31144
0x64b2ff8,8,FUN_064b2ff8 @L31152
0x64b3070,24,FUN_064b3070 @L31161
0x64b3118,24,FUN_064b3118 @L31175
0x64b31b0,16,FUN_064b31b0 @L31189
0x64b3358,16,FUN_064b3358 @L31198
0x64b3c24,140,FUN_064b3c24 @L31207
0x64b42b0,852,FUN_064b42b0 @L31226
0x64b7a84,80,FUN_064b7a84 @L31372
0x64b8280,564,_INIT_154 @L31385
0x64ba128,84,FUN_064ba128 @L31520
0x64ba3ac,176,FUN_064ba3ac @L31541
0x64baa28,660,FUN_064baa28 @L31604
0x64c0f98,4276,FUN_064c0f98 @L31739; 未命名
0x64cf4e8,1244,FUN_064cf4e8 @L32595
0x64d2bac,336,FUN_064d2bac @L32785
0x64d4198,16,FUN_064d4198 @L32851
0x64d41a8,564,_INIT_160 @L32862
0x64d6310,344,FUN_064d6310 @L32997
0x64d726c,256,FUN_064d726c @L33060
0x64d7ebc,252,FUN_064d7ebc @L33099
0x64d99a4,480,FUN_064d99a4 @L33138
0x64db2ac,356,FUN_064db2ac @L33258
0x64dc130,12,FUN_064dc130 @L33330
0x64dc254,48,FUN_064dc254 @L33341
0x64dc308,324,FUN_064dc308 @L33352
0x64dd8e4,20,FUN_064dd8e4 @L33445
0x64dd980,132,FUN_064dd980 @L33459
0x64dde78,640,FUN_064dde78 @L33495
0x64df4b4,160,FUN_064df4b4 @L33663
0x64df77c,8,FUN_064df77c @L33692
0x64df850,16,FUN_064df850 @L33700
0x64df930,8,FUN_064df930 @L33709
0x64df948,8,FUN_064df948 @L33717
0x64df970,56,FUN_064df970 @L33725
0x64dfb1c,8,FUN_064dfb1c @L33737
0x64dfb5c,100,FUN_064dfb5c @L33746
0x64dfd8c,16,FUN_064dfd8c @L33765
0x64dfe5c,8,FUN_064dfe5c @L33774
0x64dfe7c,24,FUN_064dfe7c @L33782
0x64dff48,16,FUN_064dff48 @L33793
0x64e0020,16,FUN_064e0020 @L33802
0x64e00a8,28,FUN_064e00a8 @L33810
0x64e04d0,32,FUN_064e04d0 @L33822
0x64e05e8,212,FUN_064e05e8 @L33836
0x64e0c9c,36,FUN_064e0c9c @L33883
0x64e1274,360,FUN_064e1274 @L33902
0x64e2744,132,FUN_064e2744 @L34016
0x64e2880,324,FUN_064e2880 @L34049
0x64e3ea4,556,FUN_064e3ea4 @L34119
0x64e4e24,660,FUN_064e4e24 @L34231
0x64e79ac,32,FUN_064e79ac @L34372
0x64e7cb0,32,FUN_064e7cb0 @L34387
0x64e7e84,32,FUN_064e7e84 @L34402
0x64e7fd4,396,FUN_064e7fd4 @L34421
0x64e8dd0,36,FUN_064e8dd0 @L34501
0x64e8df4,8,FUN_064e8df4 @L34511
0x64e8fcc,272,FUN_064e8fcc @L34520
0x64e9c88,140,FUN_064e9c88 @L34582
0x64ea8b4,148,FUN_064ea8b4 @L34612
0x64eac54,212,FUN_064eac54 @L34634
0x64eb5e4,216,FUN_064eb5e4 @L34674
0x64ec590,220,FUN_064ec590 @L34717
0x64ecd60,8,FUN_064ecd60 @L34766
0x64ecd90,116,FUN_064ecd90 @L34774
0x64ed020,8,FUN_064ed020 @L34799
0x64ed0b4,8,FUN_064ed0b4 @L34808
0x64ed530,388,FUN_064ed530 @L34817
0x64eeacc,320,FUN_064eeacc @L34896
0x64ef484,300,FUN_064ef484 @L34987
0x64f0358,452,FUN_064f0358 @L35060
0x64f2400,12,FUN_064f2400 @L35168
0x64f2510,8,FUN_064f2510 @L35177
0x64f2518,20,FUN_064f2518 @L35185
0x64f2530,384,FUN_064f2530 @L35198
0x64f3640,44,FUN_064f3640 @L35282
0x64f4fa8,268,FUN_064f4fa8 @L35301
0x64f63fc,240,FUN_064f63fc @L35357
0x64f873c,512,FUN_064f873c @L35407
0x64faf9c,952,FUN_064faf9c @L35539
0x64fe4fc,660,FUN_064fe4fc @L35766
0x64fef70,88,FUN_064fef70 @L35925
0x64ff084,24,FUN_064ff084 @L35947
0x64ff0ac,572,_INIT_175 @L35961
0x65044fc,124,FUN_065044fc @L36098
0x65048cc,332,FUN_065048cc @L36117
0x6505ea8,148,FUN_06505ea8 @L36207
0x65061c0,120,FUN_065061c0 @L36229
0x650648c,24,FUN_0650648c @L36249
0x65064bc,8,FUN_065064bc @L36263
0x65064ec,8,FUN_065064ec @L36272
0x650652c,8,FUN_0650652c @L36281
0x650658c,8,FUN_0650658c @L36290
0x6506880,120,FUN_06506880 @L36298
0x65072d0,284,FUN_065072d0 @L36322
0x6507c14,248,FUN_06507c14 @L36384
0x650c104,380,FUN_0650c104 @L36434
0x650e814,716,FUN_0650e814 @L36491
0x6510940,1184,FUN_06510940 @L36628
0x6512a68,84,FUN_06512a68 @L36868
0x6512ca8,112,FUN_06512ca8 @L36884
0x651307c,112,FUN_0651307c @L36911
0x65134d4,36,FUN_065134d4 @L36938
0x6513794,200,FUN_06513794 @L36948
0x6513e44,308,FUN_06513e44 @L36984
0x6514aa8,96,FUN_06514aa8 @L37058
0x651537c,96,FUN_0651537c @L37073
0x6515994,200,FUN_06515994 @L37088
0x651601c,24,FUN_0651601c @L37132
0x6516084,8,FUN_06516084 @L37146
0x6516114,8,FUN_06516114 @L37155
0x651615c,8,FUN_0651615c @L37163
0x6516454,20,FUN_06516454 @L37172
0x65175e0,136,FUN_065175e0 @L37181
0x6518af4,28,FUN_06518af4 @L37210
0x6518c88,436,FUN_06518c88 @L37229
0x651952c,48,FUN_0651952c @L37345
0x65197e0,56,FUN_065197e0 @L37356
0x6519cfc,292,FUN_06519cfc @L37368
0x651a338,40,FUN_0651a338 @L37445
0x651a4e4,212,FUN_0651a4e4 @L37455
0x651b158,300,FUN_0651b158 @L37493
0x651c024,16,FUN_0651c024 @L37557
0x651c034,12,FUN_0651c034 @L37568
0x651c064,308,FUN_0651c064 @L37576
0x651c5ec,52,FUN_0651c5ec @L37634
0x651c71c,4,FUN_0651c71c @L37646
0x651c8e4,416,FUN_0651c8e4 @L37654
0x651e9ec,360,FUN_0651e9ec @L37729
0x651fd04,56,FUN_0651fd04 @L37841
0x6520070,24,FUN_06520070 @L37852
0x6520088,4,FUN_06520088 @L37862
0x6520098,28,FUN_06520098 @L37870
0x65200c0,64,FUN_065200c0 @L37882
0x6520e64,88,FUN_06520e64 @L37896
0x652116c,96,FUN_0652116c @L37915
0x65214ec,36,FUN_065214ec @L37930
0x6521650,1760,FUN_06521650 @L37940
0x6525530,8,FUN_06525530 @L38366
0x6525648,156,FUN_06525648 @L38374
0x6525bb0,128,FUN_06525bb0 @L38401
0x6526060,120,FUN_06526060 @L38424
0x652674c,148,FUN_0652674c @L38446
0x65270c8,204,FUN_065270c8 @L38477
0x65276c0,32,FUN_065276c0 @L38510
0x65277ec,108,FUN_065277ec @L38523
0x6527ee8,8,FUN_06527ee8 @L38542
0x6527f20,16,FUN_06527f20 @L38550
0x6528160,24,FUN_06528160 @L38560
0x6528180,8,FUN_06528180 @L38569
0x6528190,20,FUN_06528190 @L38578
0x6529730,84,FUN_06529730 @L38589
0x6529880,80,FUN_06529880 @L38607
0x6529c40,28,FUN_06529c40 @L38619
0x6529cb0,28,FUN_06529cb0 @L38628
0x6529e00,192,FUN_06529e00 @L38637
0x652a3cc,192,FUN_0652a3cc @L38693
0x652aba4,108,FUN_0652aba4 @L38748
0x652af70,104,FUN_0652af70 @L38771
0x652b110,104,FUN_0652b110 @L38789
0x652b7e8,104,FUN_0652b7e8 @L38807
0x652bad8,116,FUN_0652bad8 @L38825
0x652bdf4,104,FUN_0652bdf4 @L38847
0x652c534,156,FUN_0652c534 @L38870
0x652cb30,196,FUN_0652cb30 @L38910
0x652d60c,188,FUN_0652d60c @L38961
0x652dbac,104,FUN_0652dbac @L39007
0x652df64,52,FUN_0652df64 @L39031
0x652e360,24,FUN_0652e360 @L39043
0x652e66c,16,FUN_0652e66c @L39055
0x652e860,144,FUN_0652e860 @L39063
0x652eeec,148,FUN_0652eeec @L39090
0x652f3cc,4,FUN_0652f3cc @L39121
0x652f644,124,FUN_0652f644 @L39129
0x652fee8,232,FUN_0652fee8 @L39164
0x6531640,8,FUN_06531640 @L39212
0x65318b8,4,FUN_065318b8 @L39221
0x65318c0,8,FUN_065318c0 @L39229
0x65318d4,372,FUN_065318d4 @L39237
0x6532de8,144,FUN_06532de8 @L39290
0x65332d4,160,FUN_065332d4 @L39314
0x6534a1c,8,FUN_06534a1c @L39345
0x6534a24,56,FUN_06534a24 @L39353
0x6534be4,248,FUN_06534be4 @L39366
0x6535368,192,FUN_06535368 @L39454
0x6536574,28,FUN_06536574 @L39484
0x6536bb0,884,FUN_06536bb0 @L39494
0x6539714,72,FUN_06539714 @L39656
0x6539834,84,FUN_06539834 @L39672
0x6539c80,108,FUN_06539c80 @L39687
0x653a440,104,FUN_0653a440 @L39711
0x653a9c4,72,FUN_0653a9c4 @L39734
0x653ae38,436,FUN_0653ae38 @L39750
0x653c2d0,224,FUN_0653c2d0 @L39831
0x653c9ac,200,FUN_0653c9ac @L39874
0x653d39c,300,FUN_0653d39c @L39914
0x653f094,308,FUN_0653f094 @L39977
0x65401cc,36,FUN_065401cc @L40023
0x65402b8,1916,FUN_065402b8 @L40037
0x6544c04,96,FUN_06544c04 @L40397
0x65451c8,248,FUN_065451c8 @L40415
0x6545964,56,FUN_06545964 @L40494
0x6545ae8,296,FUN_06545ae8 @L40506
0x6546408,780,FUN_06546408 @L40578
0x6549f60,216,FUN_06549f60 @L40755
0x654a868,60,FUN_0654a868 @L40807
0x654b0dc,372,FUN_0654b0dc @L40824
0x654cb2c,268,FUN_0654cb2c @L40912
0x654d320,80,FUN_0654d320 @L40973
0x654e158,272,FUN_0654e158 @L40990
0x654e774,220,FUN_0654e774 @L41050
0x655026c,340,FUN_0655026c @L41070
0x6550c80,304,FUN_06550c80 @L41143
0x6551cbc,268,FUN_06551cbc @L41206
0x6552ac0,12,FUN_06552ac0 @L41267
0x65533a0,572,FUN_065533a0 @L41275
0x6555800,4,FUN_06555800 @L41386
0x6555d70,220,FUN_06555d70 @L41394
0x6557138,12,FUN_06557138 @L41431
0x6557174,36,FUN_06557174 @L41441
0x6557390,16,FUN_06557390 @L41453
0x6557df0,284,FUN_06557df0 @L41467
0x6558c18,52,FUN_06558c18 @L41519
0x65590d4,16,FUN_065590d4 @L41534
0x655929c,52,FUN_0655929c @L41543
0x6559734,36,FUN_06559734 @L41558
0x6559880,28,FUN_06559880 @L41571
0x6559a64,16,FUN_06559a64 @L41583
0x6559b7c,12,FUN_06559b7c @L41592
0x6559ed8,12,FUN_06559ed8 @L41603
0x6559f14,12,FUN_06559f14 @L41612
0x6559f68,12,FUN_06559f68 @L41621
0x655a13c,4,FUN_0655a13c @L41630
0x655a59c,200,FUN_0655a59c @L41638
0x655b6f8,832,_INIT_192 @L41679
0x656472c,468,FUN_0656472c @L41853
0x6566398,36,FUN_06566398 @L41941
0x65663bc,88,FUN_065663bc @L41953
0x6566668,88,FUN_06566668 @L41969
0x65669ac,420,FUN_065669ac @L41989
0x6568f20,156,FUN_06568f20 @L42072
0x6569a40,272,FUN_06569a40 @L42102
0x6569e38,248,FUN_06569e38 @L42143
0x656aaf0,416,FUN_0656aaf0 @L42175
0x656b744,460,FUN_0656b744 @L42236
0x656ca80,148,FUN_0656ca80 @L42305
0x656d170,156,FUN_0656d170 @L42336
0x656e1c4,488,FUN_0656e1c4 @L42356
0x656fd44,396,FUN_0656fd44 @L42423
0x6571070,152,FUN_06571070 @L42481
0x657194c,152,FUN_0657194c @L42508
0x65721ac,256,FUN_065721ac @L42537
0x657378c,688,FUN_0657378c @L42588
0x65766f8,244,FUN_065766f8 @L42687
0x6576f30,152,FUN_06576f30 @L42741
0x6577530,152,FUN_06577530 @L42770
0x6577ca4,212,FUN_06577ca4 @L42800
0x6578f60,292,FUN_06578f60 @L42841
0x6579cf0,704,FUN_06579cf0 @L42889
0x657d468,136,FUN_0657d468 @L43000
0x657d8a4,144,FUN_0657d8a4 @L43026
0x657e3f4,2768,FUN_0657e3f4 @L43059
0x658ba8c,152,FUN_0658ba8c @L43612
0x658c07c,144,FUN_0658c07c @L43638
0x658c82c,352,FUN_0658c82c @L43660
0x658dc50,188,FUN_0658dc50 @L43716
0x658e8e0,296,FUN_0658e8e0 @L43747
0x658fbac,300,FUN_0658fbac @L43783
0x6591d2c,464,FUN_06591d2c @L43863
0x6592ccc,192,FUN_06592ccc @L43925
0x6593694,236,FUN_06593694 @L43974
0x6594500,152,FUN_06594500 @L44022
0x6595a54,604,FUN_06595a54 @L44048
0x659a308,52,FUN_0659a308 @L44191
0x659a420,52,FUN_0659a420 @L44205
0x659a5b4,960,FUN_0659a5b4 @L44219
0x65a2514,540,FUN_065a2514 @L44360
0x65a4054,492,FUN_065a4054 @L44477
0x65a5aa8,224,FUN_065a5aa8 @L44581
0x65a7aa4,364,FUN_065a7aa4 @L44624
0x65a910c,8,FUN_065a910c @L44701
0x65a9114,32,FUN_065a9114 @L44709
0x65a95b0,628,FUN_065a95b0 @L44719
0x65aa1d0,236,FUN_065aa1d0 @L44825
0x65aa458,208,FUN_065aa458 @L44866
0x65ab470,48,FUN_065ab470 @L44914
0x65ab4a0,16,FUN_065ab4a0 @L44924
0x65ab524,64,FUN_065ab524 @L44934
0x65ab6bc,320,FUN_065ab6bc @L44947
0x65abf4c,84,FUN_065abf4c @L44992
0x65ac7a0,404,FUN_065ac7a0 @L45011
0x65add7c,636,FUN_065add7c @L45095
0x65af490,1044,FUN_065af490 @L45185
0x65b2e1c,4,FUN_065b2e1c @L45331
0x65b2e44,8,FUN_065b2e44 @L45339
0x65b2e70,8,FUN_065b2e70 @L45347
0x65b2e84,4,FUN_065b2e84 @L45355
0x65b3144,152,FUN_065b3144 @L45363
0x65b35d0,172,FUN_065b35d0 @L45383
0x65b3d10,196,FUN_065b3d10 @L45404
0x65b4340,180,FUN_065b4340 @L45436
0x65b4d18,180,FUN_065b4d18 @L45463
0x65b56a4,196,FUN_065b56a4 @L45487
0x65b63f8,188,FUN_065b63f8 @L45518
0x65b6e8c,64,FUN_065b6e8c @L45547
0x65b70b4,188,FUN_065b70b4 @L45564
0x65b7b34,188,FUN_065b7b34 @L45595
0x65b871c,172,FUN_065b871c @L45624
0x65b92c0,196,FUN_065b92c0 @L45646
0x65b9bc0,196,FUN_065b9bc0 @L45678
0x65ba88c,172,FUN_065ba88c @L45714
0x65bb418,184,FUN_065bb418 @L45740
0x65bbce8,184,FUN_065bbce8 @L45770
0x65bcb24,756,FUN_065bcb24 @L45799
0x65beb44,304,FUN_065beb44 @L45976
0x65c0014,144,FUN_065c0014 @L46030
0x65c071c,336,FUN_065c071c @L46052
0x65c2088,1376,FUN_065c2088 @L46075
0x65c8a84,224,FUN_065c8a84 @L46398
0x65c98ac,136,FUN_065c98ac @L46463
0x65ca5f4,136,FUN_065ca5f4 @L46496
0x65cb6e4,4,FUN_065cb6e4 @L46532
0x65cb774,276,FUN_065cb774 @L46544
0x65cce7c,68,FUN_065cce7c @L46612
0x65cd520,608,FUN_065cd520 @L46629
0x65cf2ec,276,FUN_065cf2ec @L46756
0x65d02b0,268,FUN_065d02b0 @L46821
0x65d10ac,420,FUN_065d10ac @L46878
0x65d31a8,788,FUN_065d31a8 @L46966
0x65d5aa4,256,FUN_065d5aa4 @L47074
0x65d6bc4,284,FUN_065d6bc4 @L47111
0x65d8d7c,308,FUN_065d8d7c @L47154
0x65db15c,296,FUN_065db15c @L47260
0x65dbf04,204,FUN_065dbf04 @L47309
0x65dcb68,204,FUN_065dcb68 @L47337
0x65dda6c,304,FUN_065dda6c @L47368
0x65de950,300,FUN_065de950 @L47414
0x65dfe48,172,FUN_065dfe48 @L47454
0x65e0488,236,FUN_065e0488 @L47489
0x65e12b0,252,FUN_065e12b0 @L47529
0x65e22c0,216,FUN_065e22c0 @L47595
0x65e3a14,336,FUN_065e3a14 @L47632
0x65e4504,232,FUN_065e4504 @L47741
0x65e4d60,304,FUN_065e4d60 @L47771
0x65e6574,416,FUN_065e6574 @L47859
0x65e7754,532,FUN_065e7754 @L47957
0x65e9834,188,FUN_065e9834 @L48067
0x65e9d10,204,FUN_065e9d10 @L48105
0x65eab48,240,FUN_065eab48 @L48145
0x65ebe1c,384,FUN_065ebe1c @L48183
0x65ed0cc,184,FUN_065ed0cc @L48237
0x65edf88,144,FUN_065edf88 @L48281
0x65ee7e0,36,FUN_065ee7e0 @L48322
0x65ee8d4,28,FUN_065ee8d4 @L48334
0x65eedd0,792,FUN_065eedd0 @L48353
0x65f1c9c,344,FUN_065f1c9c @L48537
0x65f2dc8,316,FUN_065f2dc8 @L48629
0x65f4278,260,FUN_065f4278 @L48700
0x65f5288,144,FUN_065f5288 @L48760
0x65f5ae0,364,FUN_065f5ae0 @L48799
0x65f66f4,344,FUN_065f66f4 @L48890
0x65f844c,76,FUN_065f844c @L48968
0x65f8510,40,FUN_065f8510 @L48992
0x65f8560,40,FUN_065f8560 @L49001
0x65f8604,220,FUN_065f8604 @L49010
0x65f98ac,324,FUN_065f98ac @L49076
0x65fad6c,540,FUN_065fad6c @L49133
0x65fc644,112,FUN_065fc644 @L49285
0x65fd19c,272,FUN_065fd19c @L49311
0x65fe5b0,176,FUN_065fe5b0 @L49373
0x65fed04,76,FUN_065fed04 @L49389
0x65fefe4,8,FUN_065fefe4 @L49401
0x65ff020,8,FUN_065ff020 @L49409
0x65ff068,4,FUN_065ff068 @L49417
0x65ff0d8,8,FUN_065ff0d8 @L49425
0x65ff104,8,FUN_065ff104 @L49433
0x65ff1f4,8,FUN_065ff1f4 @L49441
0x65ff234,8,FUN_065ff234 @L49449
0x65ff340,8,FUN_065ff340 @L49457
0x65ff3f8,4,FUN_065ff3f8 @L49465
0x65ff43c,8,FUN_065ff43c @L49473
0x65ff48c,8,FUN_065ff48c @L49481
0x65ff580,8,FUN_065ff580 @L49489
0x65ff6a8,12,FUN_065ff6a8 @L49497
0x66007a4,256,FUN_066007a4 @L49505
0x6603d34,188,FUN_06603d34 @L49577
0x6604898,372,FUN_06604898 @L49614
0x6605c80,540,FUN_06605c80 @L49690
0x66065b4,44,FUN_066065b4 @L49822
0x6606a34,80,FUN_06606a34 @L49834
0x6606db4,28,FUN_06606db4 @L49850
0x66072c8,100,FUN_066072c8 @L49865
0x66079cc,608,FUN_066079cc @L49882
0x6609acc,140,FUN_06609acc @L50009
0x660a43c,540,FUN_0660a43c @L50048
0x660bcb8,128,FUN_0660bcb8 @L50150
0x660bd64,688,FUN_0660bd64 @L50198
0x660e714,344,FUN_0660e714 @L50442
0x660f828,136,FUN_0660f828 @L50544
0x660fed8,472,FUN_0660fed8 @L50584
0x66111a4,788,FUN_066111a4 @L50671
0x6613724,796,CreateGridMeshWelded @L50841
0x66179b8,8484,SliceProceduralMesh @L50956; UKismetProceduralMeshLibrary::SliceProceduralMesh 程序化网格切割(生成cap面/复制顶点色等)
0x66d3b1c,1112,FUN_066d3b1c @L52842
0x66d5bd8,4,FUN_066d5bd8 @L53173
0x66d5be0,324,FUN_066d5be0 @L53181
0x66d6c70,236,FUN_066d6c70 @L53284
0x66d77c4,252,FUN_066d77c4 @L53360
0x66d84b0,292,FUN_066d84b0 @L53434
0x66d85d8,376,FUN_066d85d8 @L53531
0x66d8c90,188,FUN_066d8c90 @L53687
0x66d94d8,88,FUN_066d94d8 @L53764
0x66d9614,192,FUN_066d9614 @L53798
0x66d9b54,4,FUN_066d9b54 @L53866
0x66d9b58,1192,FUN_066d9b58 @L53878
0x66dcea8,452,FUN_066dcea8 @L54284
0x66dd5e8,12,FUN_066dd5e8 @L54430
0x66dd60c,184,FUN_066dd60c @L54438
0x66dd8fc,804,FUN_066dd8fc @L54478
0x66eb660,2036,FUN_066eb660 @L54642
0x66f0950,4896,FUN_066f0950 @L55040; Slate调试面板构建(SCheckBox/STextBlock/SVerticalBox,Niagara outliner类UI)
0x671a264,40,FUN_0671a264 @L56312
0x671a28c,40,FUN_0671a28c @L56324
0x671a2b4,44,FUN_0671a2b4 @L56336
0x671a2e0,516,FUN_0671a2e0 @L56348
0x671a9a8,428,FUN_0671a9a8 @L56459
0x671b0a0,448,FUN_0671b0a0 @L56557
0x671b478,8,FUN_0671b478 @L56654
0x671b480,44,FUN_0671b480 @L56663
0x671b4ac,44,FUN_0671b4ac @L56681
0x671b4d8,4,FUN_0671b4d8 @L56699
0x671b4dc,76,FUN_0671b4dc @L56707
0x671b528,8,FUN_0671b528 @L56720
0x671b530,4,FUN_0671b530 @L56728
0x671b534,8,FUN_0671b534 @L56736
0x671b53c,1048,FUN_0671b53c @L56744
0x671d8bc,44,FUN_0671d8bc @L57044
0x671d8e8,164,FUN_0671d8e8 @L57057
0x671e190,848,FUN_0671e190 @L57101
0x671f8f0,180,FUN_0671f8f0 @L57262
0x67200cc,144,FUN_067200cc @L57295
0x672017c,1632,FUN_0672017c @L57328
0x672273c,244,FUN_0672273c @L57648
0x6722ad0,8,FUN_06722ad0 @L57691
0x6722ad8,272,FUN_06722ad8 @L57700
0x6722d20,248,FUN_06722d20 @L57744
0x6723250,8,FUN_06723250 @L57785
0x6723364,316,FUN_06723364 @L57794
0x67236a4,180,FUN_067236a4 @L57850
0x6723868,156,FUN_06723868 @L57884
0x6723b64,196,FUN_06723b64 @L57912
0x6723ef4,320,FUN_06723ef4 @L57948
0x6725db8,52,FUN_06725db8 @L58022
0x6725e6c,480,FUN_06725e6c @L58036
0x672689c,560,FUN_0672689c @L58134
0x672d9fc,2120,FUN_0672d9fc @L58250
0x67311b4,268,FUN_067311b4 @L58820
0x6731340,292,FUN_06731340 @L58874
0x673171c,48,FUN_0673171c @L58995
0x673174c,236,FUN_0673174c @L59006
0x6731838,256,FUN_06731838 @L59059
0x6731c00,8,FUN_06731c00 @L59117
0x6731c08,288,FUN_06731c08 @L59126
0x6731f50,76,FUN_06731f50 @L59174
0x6731f9c,128,FUN_06731f9c @L59206
0x673201c,196,FUN_0673201c @L59241
0x6732e38,816,FUN_06732e38 @L59276
0x67357ec,48,FUN_067357ec @L59541
0x673581c,296,FUN_0673581c @L59552
0x6735a50,400,FUN_06735a50 @L59662
0x67362f0,28,FUN_067362f0 @L59751
0x673630c,68,FUN_0673630c @L59762
0x6736350,4068,FUN_06736350 @L59785; WAAPI事件订阅(ak.wwise.core.object.nameChanged/childAdded/childRemoved/selectionChanged)
0x677aa38,188,FUN_0677aa38 @L60805
0x677b448,8,FUN_0677b448 @L60870
0x677b450,208,FUN_0677b450 @L60878
0x677bc54,88,FUN_0677bc54 @L60945
0x677bf3c,248,FUN_0677bf3c @L60977
0x677cc9c,328,FUN_0677cc9c @L61061
0x677db3c,44,FUN_0677db3c @L61160
0x677dd84,320,FUN_0677dd84 @L61171
0x677eb64,356,FUN_0677eb64 @L61269
0x677fb78,64,FUN_0677fb78 @L61392
0x677fcf4,192,FUN_0677fcf4 @L61426
0x67803a4,8,FUN_067803a4 @L61490
0x67804c0,56,FUN_067804c0 @L61499
0x67806a0,32,FUN_067806a0 @L61520
0x6780794,76,FUN_06780794 @L61531
0x6780b68,8,FUN_06780b68 @L61550
0x6780b78,12,FUN_06780b78 @L61558
0x6780e2c,8,FUN_06780e2c @L61569
0x6780e34,268,FUN_06780e34 @L61578
0x6782120,448,FUN_06782120 @L61639
0x67829d0,4,FUN_067829d0 @L61742
0x6782af4,480,FUN_06782af4 @L61754
0x67836ac,184,FUN_067836ac @L61847
0x6783da8,700,FUN_06783da8 @L61886
0x67855e0,56,FUN_067855e0 @L62045
0x6785620,288,FUN_06785620 @L62058
0x6785e2c,24,FUN_06785e2c @L62122
0x6785ecc,324,FUN_06785ecc @L62131
0x6786c50,88,FUN_06786c50 @L62205
0x6786e50,44,FUN_06786e50 @L62249
0x6786f38,248,FUN_06786f38 @L62260
0x6787a44,660,FUN_06787a44 @L62347
0x6789ea0,8,FUN_06789ea0 @L62567
0x6789ea8,44,FUN_06789ea8 @L62575
0x678a0b8,356,FUN_0678a0b8 @L62604
0x678afe8,8,FUN_0678afe8 @L62743
0x678aff0,208,FUN_0678aff0 @L62751
0x678b7a8,328,FUN_0678b7a8 @L62819
0x678c824,64,FUN_0678c824 @L62918
0x678c998,8,FUN_0678c998 @L62960
0x678c9a0,192,FUN_0678c9a0 @L62968
0x678ccac,372,FUN_0678ccac @L63033
0x678eab0,568,FUN_0678eab0 @L63161
0x679023c,936,FUN_0679023c @L63291
0x6791f74,64,FUN_06791f74 @L63506
0x6791fb4,216,FUN_06791fb4 @L63521
0x6792268,232,FUN_06792268 @L63569
0x6792920,416,FUN_06792920 @L63617
0x6792b88,48,FUN_06792b88 @L63749
0x6792bdc,44,FUN_06792bdc @L63763
0x6792c5c,48,FUN_06792c5c @L63773
0x6792ce0,8,FUN_06792ce0 @L63786
0x6792f30,364,FUN_06792f30 @L63798
0x67942d8,884,FUN_067942d8 @L63939
0x6796ac8,48,FUN_06796ac8 @L64221
0x6796af8,740,FUN_06796af8 @L64233
0x6797c84,8,FUN_06797c84 @L64469
0x6797c8c,44,FUN_06797c8c @L64478
0x6797cbc,8,FUN_06797cbc @L64492
0x6797cc4,4,FUN_06797cc4 @L64501
0x6797cc8,4,FUN_06797cc8 @L64509
0x6797cd4,8,FUN_06797cd4 @L64517
0x6797cdc,8,FUN_06797cdc @L64525
0x6797cf0,68,FUN_06797cf0 @L64533
0x6798060,68,FUN_06798060 @L64550
0x67980c8,640,FUN_067980c8 @L64567
0x6798820,1288,FUN_06798820 @L64734
0x679aca8,16,FUN_0679aca8 @L65050
0x679adc8,2648,FUN_0679adc8 @L65058
0x67a5660,1004,FUN_067a5660 @L65782
0x67a6f3c,416,FUN_067a6f3c @L66012
0x67a7c8c,356,FUN_067a7c8c @L66140
0x67a8464,288,FUN_067a8464 @L66269
0x67a8c64,344,FUN_067a8c64 @L66336
0x67a9264,1476,FUN_067a9264 @L66436
0x67acfa8,188,FUN_067acfa8 @L66950
0x67ad920,64,FUN_067ad920 @L67011
0x67ad9b8,8,FUN_067ad9b8 @L67045
0x67ad9c0,208,FUN_067ad9c0 @L67053
0x67addc0,376,FUN_067addc0 @L67120
0x67ae78c,188,FUN_067ae78c @L67232
0x67af100,64,FUN_067af100 @L67304
0x67af198,8,FUN_067af198 @L67338
0x67af1a0,208,FUN_067af1a0 @L67346
0x67af7bc,4,FUN_067af7bc @L67415
0x67b09e0,108,FUN_067b09e0 @L67427
0x67b0c7c,8,FUN_067b0c7c @L67450
0x67b0c84,8,FUN_067b0c84 @L67458
0x67b0c8c,8,FUN_067b0c8c @L67466
0x67b0c94,8,FUN_067b0c94 @L67474
0x67b0c9c,8,FUN_067b0c9c @L67482
0x67b0ca4,8,FUN_067b0ca4 @L67490
0x67b0cac,148,FUN_067b0cac @L67498
0x67b0f3c,64,FUN_067b0f3c @L67539
0x67b158c,132,FUN_067b158c @L67574
0x67b17a4,124,FUN_067b17a4 @L67597
0x67b1dc8,8,FUN_067b1dc8 @L67630
0x67b1dd8,8,FUN_067b1dd8 @L67638
0x67b1f10,8,FUN_067b1f10 @L67646
0x67b1f18,8,FUN_067b1f18 @L67654
0x67b1f20,8,FUN_067b1f20 @L67662
0x67b1f28,8,FUN_067b1f28 @L67670
0x67b1f30,8,FUN_067b1f30 @L67678
0x67b1f38,140,FUN_067b1f38 @L67686
0x67b1fc8,24,FUN_067b1fc8 @L67718
0x67b1fe0,260,FUN_067b1fe0 @L67727
0x67b2a74,64,FUN_067b2a74 @L67763
0x67b2b0c,8,FUN_067b2b0c @L67797
0x67b2b14,208,FUN_067b2b14 @L67805
0x67b2efc,372,FUN_067b2efc @L67872
0x67b3744,44,FUN_067b3744 @L67988
0x67b382c,248,FUN_067b382c @L67999
0x67b4660,192,FUN_067b4660 @L68084
0x67b498c,44,FUN_067b498c @L68159
0x67b4c14,360,FUN_067b4c14 @L68170
0x67b5680,412,FUN_067b5680 @L68280
0x67b660c,328,FUN_067b660c @L68362
0x67b702c,288,FUN_067b702c @L68461
0x67b797c,472,FUN_067b797c @L68520
0x67b8d08,364,FUN_067b8d08 @L68666
0x67b98cc,132,FUN_067b98cc @L68756
0x67b9de0,4,FUN_067b9de0 @L68802
0x67b9de4,1108,FUN_067b9de4 @L68814
0x67c05f8,48,FUN_067c05f8 @L69164
0x67c06a4,40,FUN_067c06a4 @L69197
0x67c0b84,3040,FUN_067c0b84 @L69208; 未命名(FString/FText参数,疑似文本/本地化处理)
0x67cc69c,76,FUN_067cc69c @L70119
0x67cc8bc,12,FUN_067cc8bc @L70134
0x67cc978,12,FUN_067cc978 @L70143
0x67cc9a8,12,FUN_067cc9a8 @L70152
0x67cc9cc,12,FUN_067cc9cc @L70161
0x67ccab0,64,FUN_067ccab0 @L70170
0x67ccd68,72,FUN_067ccd68 @L70185
0x67cd088,184,FUN_067cd088 @L70208
0x67cd838,188,FUN_067cd838 @L70248
0x67cdbc4,8,FUN_067cdbc4 @L70277
0x67cdbe8,8,FUN_067cdbe8 @L70285
0x67cdc54,8,FUN_067cdc54 @L70293
0x67cdc80,8,FUN_067cdc80 @L70301
0x67cdcc0,8,FUN_067cdcc0 @L70309
0x67cde58,256,FUN_067cde58 @L70317
0x67ce67c,188,FUN_067ce67c @L70379
0x67cea4c,8,FUN_067cea4c @L70403
0x67cebe8,192,FUN_067cebe8 @L70411
0x67cfd94,12,FUN_067cfd94 @L70430
0x67d1f58,4,FUN_067d1f58 @L70439
0x67d1f5c,188,FUN_067d1f5c @L70447
0x67d2120,108,FUN_067d2120 @L70464
0x67d2c24,624,FUN_067d2c24 @L70495
0x67d336c,192,FUN_067d336c @L70647
0x67d3948,52,FUN_067d3948 @L70672
0x67d3a70,20,FUN_067d3a70 @L70690
0x67d3c64,276,FUN_067d3c64 @L70706
0x67d42d4,20,FUN_067d42d4 @L70774
0x67d43b0,164,FUN_067d43b0 @L70791
0x67d4a68,164,FUN_067d4a68 @L70838
0x67d4ddc,20,FUN_067d4ddc @L70884
0x67d4df0,152,FUN_067d4df0 @L70901
0x67d5080,304,FUN_067d5080 @L70952
0x67d57e0,228,FUN_067d57e0 @L71034
0x67d5e38,616,FUN_067d5e38 @L71092
0x67d6e64,612,FUN_067d6e64 @L71233
0x67d7e28,580,FUN_067d7e28 @L71367
0x67d8d90,188,FUN_067d8d90 @L71510
0x67d8e4c,76,FUN_067d8e4c @L71532
0x67d8ee4,76,FUN_067d8ee4 @L71546
0x67d9014,76,FUN_067d9014 @L71560
0x67d9144,76,FUN_067d9144 @L71582
0x67d928c,76,FUN_067d928c @L71597
0x67d9370,76,FUN_067d9370 @L71620
0x67d9414,76,FUN_067d9414 @L71635
0x67d9640,76,FUN_067d9640 @L71649
0x67d9788,12,FUN_067d9788 @L71662
0x67d97ec,76,FUN_067d97ec @L71671
0x67d9934,76,FUN_067d9934 @L71684
0x67d9afc,12,FUN_067d9afc @L71697
0x67d9b54,76,FUN_067d9b54 @L71706
0x67d9cd0,76,FUN_067d9cd0 @L71729
0x67d9e98,76,FUN_067d9e98 @L71743
0x67da020,76,FUN_067da020 @L71756
0x67da1b4,76,FUN_067da1b4 @L71771
0x67da2e4,76,FUN_067da2e4 @L71784
0x67da46c,76,FUN_067da46c @L71806
0x67da600,76,FUN_067da600 @L71823
0x67da8f0,192,FUN_067da8f0 @L71864
0x67dad60,12,FUN_067dad60 @L71879
0x67dad6c,12,FUN_067dad6c @L71887
0x67dad78,76,FUN_067dad78 @L71896
0x67daf5c,76,FUN_067daf5c @L71910
0x67db044,80,FUN_067db044 @L71925
0x67db268,80,FUN_067db268 @L71941
0x67db3f0,80,FUN_067db3f0 @L71956
0x67db614,76,FUN_067db614 @L71974
0x67db6b0,76,FUN_067db6b0 @L71989
0x67db870,12,FUN_067db870 @L72003
0x67db954,92,FUN_067db954 @L72014
0x67dbbac,76,FUN_067dbbac @L72036
0x67dbd00,92,FUN_067dbd00 @L72053
0x67dbf58,48,FUN_067dbf58 @L72075
0x67dc070,76,FUN_067dc070 @L72089
0x67dc2d0,8,FUN_067dc2d0 @L72111
0x67dc2dc,188,FUN_067dc2dc @L72119
0x67dc7bc,192,FUN_067dc7bc @L72144
0x67dcb24,184,FUN_067dcb24 @L72199
0x67dce9c,76,FUN_067dce9c @L72220
0x67dd0f8,12,FUN_067dd0f8 @L72240
0x67dd1cc,76,FUN_067dd1cc @L72249
0x67dd400,188,FUN_067dd400 @L72261
0x67dd7a4,76,FUN_067dd7a4 @L72286
0x67dd840,20,FUN_067dd840 @L72299
0x67dd9f8,76,FUN_067dd9f8 @L72315
0x67ddb28,76,FUN_067ddb28 @L72327
0x67ddcac,168,FUN_067ddcac @L72340
0x67ddfb4,4,FUN_067ddfb4 @L72386
0x67ddfb8,188,FUN_067ddfb8 @L72394
0x67de36c,12,FUN_067de36c @L72410
0x67de378,76,FUN_067de378 @L72419
0x67de680,76,FUN_067de680 @L72432
0x67de838,8,FUN_067de838 @L72446
0x67de8a4,76,FUN_067de8a4 @L72455
0x67deae8,60,FUN_067deae8 @L72469
0x67dec38,188,FUN_067dec38 @L72487
0x67def28,76,FUN_067def28 @L72504
0x67df00c,76,FUN_067df00c @L72516
0x67df2b8,76,FUN_067df2b8 @L72529
0x67df4b4,12,FUN_067df4b4 @L72543
0x67df51c,48,FUN_067df51c @L72553
0x67df5fc,12,FUN_067df5fc @L72567
0x67df6a0,144,FUN_067df6a0 @L72576
0x67dfacc,8,FUN_067dfacc @L72607
0x67dfadc,8,FUN_067dfadc @L72615
0x67dfaec,8,FUN_067dfaec @L72624
0x67dfaf8,8,FUN_067dfaf8 @L72632
0x67dfb10,8,FUN_067dfb10 @L72640
0x67dfb3c,264,FUN_067dfb3c @L72648
0x67dff40,8,FUN_067dff40 @L72705
0x67dff74,8,FUN_067dff74 @L72713
0x67dffa0,8,FUN_067dffa0 @L72721
0x67dffe0,4,FUN_067dffe0 @L72729
0x67e0004,12,FUN_067e0004 @L72737
0x67e0044,4,FUN_067e0044 @L72748
0x67e0058,8,FUN_067e0058 @L72756
0x67e00d4,8,FUN_067e00d4 @L72765
0x67e0108,8,FUN_067e0108 @L72773
0x67e0128,32,FUN_067e0128 @L72782
0x67e01c8,8,FUN_067e01c8 @L72791
0x67e01ec,8,FUN_067e01ec @L72799
0x67e02c4,8,FUN_067e02c4 @L72807
0x67e02f8,8,FUN_067e02f8 @L72815
0x67e0338,4,FUN_067e0338 @L72823
0x67e0350,8,FUN_067e0350 @L72831
0x67e037c,8,FUN_067e037c @L72840
0x67e03a8,8,FUN_067e03a8 @L72848
0x67e03d4,8,FUN_067e03d4 @L72856
0x67e0494,8,FUN_067e0494 @L72864
0x67e04c0,8,FUN_067e04c0 @L72873
0x67e04e0,8,FUN_067e04e0 @L72881
0x67e0520,8,FUN_067e0520 @L72889
0x67e0540,8,FUN_067e0540 @L72897
0x67e055c,8,FUN_067e055c @L72905
0x67e0580,8,FUN_067e0580 @L72914
0x67e05a8,4,FUN_067e05a8 @L72922
0x67e0660,12,FUN_067e0660 @L72930
0x67e06a0,8,FUN_067e06a0 @L72942
0x67e06b8,8,FUN_067e06b8 @L72950
0x67e06f8,4,FUN_067e06f8 @L72959
0x67e0718,8,FUN_067e0718 @L72967
0x67e0744,8,FUN_067e0744 @L72976
0x67e0778,8,FUN_067e0778 @L72984
0x67e079c,156,FUN_067e079c @L72992
0x67e0ac0,8,FUN_067e0ac0 @L73047
0x67e0ae8,4,FUN_067e0ae8 @L73055
0x67e0af4,8,FUN_067e0af4 @L73063
0x67e0b28,8,FUN_067e0b28 @L73071
0x67e0b54,8,FUN_067e0b54 @L73079
0x67e0c14,8,FUN_067e0c14 @L73087
0x67e0c40,8,FUN_067e0c40 @L73095
0x67e0c58,8,FUN_067e0c58 @L73103
0x67e0c90,8,FUN_067e0c90 @L73111
0x67e0cb0,12,FUN_067e0cb0 @L73119
0x67e0d10,8,FUN_067e0d10 @L73131
0x67e0d34,8,FUN_067e0d34 @L73139
0x67e0d5c,4,FUN_067e0d5c @L73147
0x67e0d70,164,FUN_067e0d70 @L73155
0x67e114c,12,FUN_067e114c @L73189
0x67e12e8,188,FUN_067e12e8 @L73197
0x67e15b0,8,FUN_067e15b0 @L73214
0x67e15ec,4,FUN_067e15ec @L73223
0x67e162c,8,FUN_067e162c @L73231
0x67e1658,8,FUN_067e1658 @L73239
0x67e1684,8,FUN_067e1684 @L73247
0x67e1694,8,FUN_067e1694 @L73255
0x67e17a8,8,FUN_067e17a8 @L73263
0x67e17e8,8,FUN_067e17e8 @L73271
0x67e17f8,8,FUN_067e17f8 @L73279
0x67e1824,8,FUN_067e1824 @L73287
0x67e1844,4,FUN_067e1844 @L73295
0x67e18bc,8,FUN_067e18bc @L73303
0x67e18dc,8,FUN_067e18dc @L73311
0x67e1908,8,FUN_067e1908 @L73319
0x67e1948,416,FUN_067e1948 @L73327
0x67e2140,4,FUN_067e2140 @L73403
0x67e2220,88,FUN_067e2220 @L73411
0x67e236c,8,FUN_067e236c @L73436
0x67e2398,8,FUN_067e2398 @L73444
0x67e23c4,8,FUN_067e23c4 @L73452
0x67e23dc,32,FUN_067e23dc @L73460
0x67e291c,8,FUN_067e291c @L73469
0x67e292c,16,FUN_067e292c @L73477
0x67e2998,8,FUN_067e2998 @L73490
0x67e29b0,8,FUN_067e29b0 @L73498
0x67e29c0,4,FUN_067e29c0 @L73506
0x67e29cc,8,FUN_067e29cc @L73514
0x67e29e4,8,FUN_067e29e4 @L73522
0x67e2a00,8,FUN_067e2a00 @L73530
0x67e2b08,8,FUN_067e2b08 @L73539
0x67e2b20,8,FUN_067e2b20 @L73547
0x67e2b3c,8,FUN_067e2b3c @L73555
0x67e2b54,8,FUN_067e2b54 @L73563
0x67e2b84,8,FUN_067e2b84 @L73571
0x67e2b98,188,FUN_067e2b98 @L73580
0x67e2eb4,8,FUN_067e2eb4 @L73596
0x67e2ee0,8,FUN_067e2ee0 @L73604
0x67e2f20,8,FUN_067e2f20 @L73612
0x67e2f40,84,FUN_067e2f40 @L73620
0x67e3090,12,FUN_067e3090 @L73643
0x67e30d8,8,FUN_067e30d8 @L73654
0x67e30f8,32,FUN_067e30f8 @L73662
0x67e3214,44,FUN_067e3214 @L73671
0x67e3298,8,FUN_067e3298 @L73684
0x67e3394,8,FUN_067e3394 @L73692
0x67e33b0,8,FUN_067e33b0 @L73700
0x67e33c8,8,FUN_067e33c8 @L73708
0x67e33e4,8,FUN_067e33e4 @L73716
0x67e33fc,8,FUN_067e33fc @L73724
0x67e3434,4,FUN_067e3434 @L73732
0x67e34ac,88,FUN_067e34ac @L73740
0x67e36a0,8,FUN_067e36a0 @L73763
0x67e36e4,8,FUN_067e36e4 @L73771
0x67e371c,8,FUN_067e371c @L73780
0x67e3764,28,FUN_067e3764 @L73788
0x67e37d8,8,FUN_067e37d8 @L73801
0x67e37fc,8,FUN_067e37fc @L73809
0x67e3820,8,FUN_067e3820 @L73817
0x67e390c,8,FUN_067e390c @L73825
0x67e3924,12,FUN_067e3924 @L73833
0x67e3950,8,FUN_067e3950 @L73841
0x67e3990,8,FUN_067e3990 @L73849
0x67e39f4,44,FUN_067e39f4 @L73857
0x67e3a80,4,FUN_067e3a80 @L73870
0x67e3b5c,12,FUN_067e3b5c @L73878
0x67e3b90,12,FUN_067e3b90 @L73889
0x67e3bc4,32,FUN_067e3bc4 @L73897
0x67e3c44,44,FUN_067e3c44 @L73906
0x67e3da8,8,FUN_067e3da8 @L73918
0x67e3dd0,12,FUN_067e3dd0 @L73926
0x67e3e04,32,FUN_067e3e04 @L73934
0x67e3ec0,8,FUN_067e3ec0 @L73943
0x67e3ee0,8,FUN_067e3ee0 @L73952
0x67e3ef4,8,FUN_067e3ef4 @L73960
0x67e3f30,44,FUN_067e3f30 @L73968
0x67e4024,16,FUN_067e4024 @L73992
0x67e408c,8,FUN_067e408c @L74005
0x67e40b0,8,FUN_067e40b0 @L74013
0x67e4194,8,FUN_067e4194 @L74021
0x67e41bc,12,FUN_067e41bc @L74029
0x67e4218,8,FUN_067e4218 @L74037
0x67e5938,192,FUN_067e5938 @L74045
0x67e5d00,48,FUN_067e5d00 @L74080
0x67e5fc0,184,FUN_067e5fc0 @L74098
0x67e6540,192,FUN_067e6540 @L74133
0x67e67e0,92,FUN_067e67e0 @L74168
0x67e6d54,76,FUN_067e6d54 @L74189
0x67e6f4c,156,FUN_067e6f4c @L74206
0x67e726c,76,FUN_067e726c @L74260
0x67e74f0,76,FUN_067e74f0 @L74281
0x67e7720,12,FUN_067e7720 @L74301
0x67e772c,8,FUN_067e772c @L74312
0x67e7740,172,FUN_067e7740 @L74320
0x67e7b24,8,FUN_067e7b24 @L74375
0x67e7bd8,180,FUN_067e7bd8 @L74383
0x67e809c,76,FUN_067e809c @L74403
0x67e82cc,180,FUN_067e82cc @L74416
0x67e876c,8,FUN_067e876c @L74433
0x67e8774,8,FUN_067e8774 @L74442
0x67e8788,4,FUN_067e8788 @L74450
0x67e8884,8,FUN_067e8884 @L74458
0x67e888c,4,FUN_067e888c @L74466
0x67e8890,192,FUN_067e8890 @L74474
0x67e8d90,4,FUN_067e8d90 @L74493
0x67e8e50,76,FUN_067e8e50 @L74501
0x67e8f54,48,FUN_067e8f54 @L74520
0x67e90ac,8,FUN_067e90ac @L74536
0x67e9168,52,FUN_067e9168 @L74544
0x67e9364,76,FUN_067e9364 @L74564
0x67e93fc,192,FUN_067e93fc @L74579
0x67e9924,48,FUN_067e9924 @L74599
0x67e9a2c,4,FUN_067e9a2c @L74612
0x67e9af4,12,FUN_067e9af4 @L74620
0x67e9b18,12,FUN_067e9b18 @L74629
0x67e9b3c,12,FUN_067e9b3c @L74638
0x67e9c58,12,FUN_067e9c58 @L74647
0x67e9d40,12,FUN_067e9d40 @L74656
0x67e9d64,76,FUN_067e9d64 @L74666
0x67e9f14,76,FUN_067e9f14 @L74679
0x67ea084,92,FUN_067ea084 @L74692
0x67ea4b8,168,FUN_067ea4b8 @L74711
0x67ea79c,188,FUN_067ea79c @L74748
0x67eacc0,12,FUN_067eacc0 @L74768
0x67eaccc,12,FUN_067eaccc @L74777
0x67eacf8,68,FUN_067eacf8 @L74786
0x67eb158,92,FUN_067eb158 @L74803
0x67eb294,100,FUN_067eb294 @L74823
0x67eb770,8,FUN_067eb770 @L74852
0x67eb7b8,8,FUN_067eb7b8 @L74860
0x67eb7c8,8,FUN_067eb7c8 @L74869
0x67eb7e4,8,FUN_067eb7e4 @L74878
0x67eb7fc,8,FUN_067eb7fc @L74886
0x67eb810,8,FUN_067eb810 @L74895
0x67eb8ac,8,FUN_067eb8ac @L74903
0x67eb8c8,8,FUN_067eb8c8 @L74911
0x67eb904,8,FUN_067eb904 @L74920
0x67eb93c,8,FUN_067eb93c @L74928
0x67eba18,192,FUN_067eba18 @L74936
0x67ebda4,12,FUN_067ebda4 @L74956
0x67ebf3c,12,FUN_067ebf3c @L74964
0x67ec0c8,12,FUN_067ec0c8 @L74972
0x67ec3a0,184,FUN_067ec3a0 @L74980
0x67ecae0,12,FUN_067ecae0 @L75014
0x67ecba8,12,FUN_067ecba8 @L75022
0x67ecbb4,180,FUN_067ecbb4 @L75030
0x67ece48,8,FUN_067ece48 @L75048
0x67ece54,8,FUN_067ece54 @L75056
0x67ece74,8,FUN_067ece74 @L75064
0x67ece88,8,FUN_067ece88 @L75072
0x67eceec,8,FUN_067eceec @L75080
0x67ecf0c,12,FUN_067ecf0c @L75089
0x67ecf60,8,FUN_067ecf60 @L75097
0x67ecf74,184,FUN_067ecf74 @L75105
0x67ed4f4,32,FUN_067ed4f4 @L75123
0x67ed77c,12,FUN_067ed77c @L75134
0x67ed7f4,8,FUN_067ed7f4 @L75142
0x67ed800,8,FUN_067ed800 @L75150
0x67ed810,8,FUN_067ed810 @L75158
0x67ed818,8,FUN_067ed818 @L75166
0x67ed828,4,FUN_067ed828 @L75174
0x67ed82c,8,FUN_067ed82c @L75182
0x67ed84c,8,FUN_067ed84c @L75191
0x67ed868,8,FUN_067ed868 @L75199
0x67ed8b0,8,FUN_067ed8b0 @L75207
0x67ed8c8,8,FUN_067ed8c8 @L75215
0x67ed8ec,8,FUN_067ed8ec @L75223
0x67ed92c,8,FUN_067ed92c @L75231
0x67ed94c,8,FUN_067ed94c @L75239
0x67ed9e8,8,FUN_067ed9e8 @L75247
0x67eda08,8,FUN_067eda08 @L75256
0x67eda2c,8,FUN_067eda2c @L75264
0x67eda50,8,FUN_067eda50 @L75272
0x67edb54,8,FUN_067edb54 @L75280
0x67edb80,8,FUN_067edb80 @L75288
0x67edbcc,184,FUN_067edbcc @L75296
0x67ee0f4,8,FUN_067ee0f4 @L75317
0x67ee124,4,FUN_067ee124 @L75325
0x67ee268,12,FUN_067ee268 @L75333
0x67ee2a8,8,FUN_067ee2a8 @L75344
0x67ee2d0,32,FUN_067ee2d0 @L75353
0x67ef5b4,4,FUN_067ef5b4 @L75364
0x67ef678,192,FUN_067ef678 @L75373
0x67efb40,76,FUN_067efb40 @L75390
0x67efca4,12,FUN_067efca4 @L75413
0x67efcb0,8,FUN_067efcb0 @L75423
0x67efccc,20,FUN_067efccc @L75432
0x67efcf4,188,FUN_067efcf4 @L75448
0x67f02b0,76,FUN_067f02b0 @L75490
0x67f059c,76,FUN_067f059c @L75505
0x67f0710,8,FUN_067f0710 @L75520
0x67f071c,188,FUN_067f071c @L75528
0x67f0cb0,8,FUN_067f0cb0 @L75568
0x67f0cb8,4,FUN_067f0cb8 @L75576
0x67f0d74,76,FUN_067f0d74 @L75584
0x67f0dd8,188,FUN_067f0dd8 @L75598
0x67f1a38,924,FUN_067f1a38 @L75618
0x67f3878,292,FUN_067f3878 @L75919
0x67f4450,564,FUN_067f4450 @L76040
0x67f5658,1128,FUN_067f5658 @L76213
0x67f7608,76,FUN_067f7608 @L76646
0x67f7710,76,FUN_067f7710 @L76662
0x67f7a54,12,FUN_067f7a54 @L76676
0x67f7a6c,188,FUN_067f7a6c @L76686
0x67f80d4,8712,_INIT_214 @L76713; _INIT_214: 静态初始化, 向0x0c3425xx全局区写浮点常量表(1.0/-1.0/pi/1e-8等NEON常量)
0x68c79a8,272,Bind @L78100
0x68c9834,656,QueryMeshDistanceField @L78153
0x68ca8a4,8,PopulateRequiredBindings @L78292
0x68ca8ac,8,GetCurrentSourceMode @L78302
0x68ca8bc,8,NeedsMIDsForMaterials @L78312
0x68ca8cc,8,NeedsSystemCompletion @L78322
0x68ca8dc,936,~UNiagaraDataInterface @L78332
0x68cb624,108,~UNiagaraDataInterfaceArrayFloat3 @L78499
0x68cb7e4,108,~UNiagaraDataInterfaceArrayColor @L78530
0x68cba10,116,~UNiagaraDataInterfaceArrayInt32 @L78553
0x68cbbc4,136,ResizeTo @L78585
0x68cbf68,100,~FNiagaraRHIUniformBufferLayout @L78639
0x68cc534,612,Empty @L78676
0x68ccf28,212,FNiagaraCrashReporterHandler @L78821
0x68cd3fc,1396,UpdateInfo @L78876
0x68cf60c,8,HasSameObject @L79125
0x68cf6ec,4,~TBaseFunctorDelegateInstance @L79141
0x68cf710,8,IsSafeToExecute @L79159
0x68cf7ec,8,GetUObject @L79174
0x68cf7f4,8,GetObjectForTimerManager @L79189
0x68cf80c,8,IsSafeToExecute @L79205
0x68cf8e8,8,GetUObject @L79220
0x68cf8f8,8,GetBoundProgramCounterForTimerManager @L79235
0x68cf9bc,36,ExecuteIfSafe @L79251
0x68cfab8,36,ExecuteIfSafe @L79268
0x68cfd6c,8,GetBoundProgramCounterForTimerManager @L79285
0x68cfd7c,8,IsSafeToExecute @L79301
0x68cfe28,28,ExecuteIfSafe @L79316
0x68cfe70,156,CreateCopy @L79335
0x68d038c,4,~TBaseFunctorDelegateInstance @L79377
0x68d0390,8,GetUObject @L79395
0x68d03a0,8,GetBoundProgramCounterForTimerManager @L79410
0x68d03b8,156,CreateCopy @L79426
0x68d0558,8,GetUObject @L79467
0x68d0560,8,GetObjectForTimerManager @L79482
0x68d0570,8,HasSameObject @L79498
0x68d0620,24,ExecuteIfSafe @L79514
0x68d0644,8,GetObjectForTimerManager @L79534
0x68d064c,8,GetBoundProgramCounterForTimerManager @L79550
0x68d065c,8,IsSafeToExecute @L79566
0x68d0700,4,Execute @L79581
0x68d09b4,4,~TBaseFunctorDelegateInstance @L79669
0x68d09b8,8,GetUObject @L79688
0x68d09c0,8,GetObjectForTimerManager @L79703
0x68d09d0,8,HasSameObject @L79719
0x68d0a80,24,ExecuteIfSafe @L79735
0x68d0a98,4,~TBaseFunctorDelegateInstance @L79754
0x68d0aac,8,GetBoundProgramCounterForTimerManager @L79772
0x68d0abc,8,IsSafeToExecute @L79788
0x68d0b60,4,Execute @L79803
0x68d1a2c,92,FUN_068d1a2c @L80068
0x68d1df0,8,GetUObject @L80109
0x68d1df8,8,GetObjectForTimerManager @L80125
0x68d1e58,32,IsSafeToExecute @L80141
0x68d1f54,76,ExecuteIfSafe @L80159
0x68d1fe8,36,IsCompactable @L80185
0x68d2110,92,ExecuteIfSafe @L80202
0x68d237c,20,FUN_068d237c @L80229
0x68d2398,12,FUN_068d2398 @L80238
0x68d27dc,32,FUN_068d27dc @L80250
0x68d27fc,20,FUN_068d27fc @L80267
0x68d2810,8,FUN_068d2810 @L80276
0x68d2818,12,FUN_068d2818 @L80284
0x68d2828,92,FUN_068d2828 @L80295
0x68d28d4,436,FUN_068d28d4 @L80327
0x68d3510,4,~TBaseStaticDelegateInstance @L80443
0x68d3514,8,GetUObject @L80457
0x68d351c,8,GetObjectForTimerManager @L80467
0x68d3524,8,GetBoundProgramCounterForTimerManager @L80480
0x68d352c,8,HasSameObject @L80494
0x68d3534,8,IsSafeToExecute @L80506
0x68d353c,8,GetHandle @L80518
0x68d3544,156,CreateCopy @L80530
0x68d3944,792,Rehash @L80569
0x68d553c,80,FUN_068d553c @L80778
0x68d57ac,540,UnhashElements @L80811
0x68d6768,272,AddUninitialized @L80991
0x68d75a0,584,EmplaceImpl @L81073
0x68d8b00,672,Emplace<TPairInitializer<FNiagaraVariable_const&;FNiagaraVariable_const&>> @L81219
0x68d9654,176,ResizeGrow @L81319
0x68d9cc0,1316,Rehash @L81367
0x68dd424,4,GetFunctionHLSL @L81635
0x68de720,8,GetObjectForTimerManager @L81861
0x68de730,8,HasSameObject @L81878
0x68de7dc,8,Execute @L81895
0x68de928,8,GetObjectForTimerManager @L81916
0x68de940,8,IsSafeToExecute @L81933
0x68dea08,456,SetValue @L81949
0x68e00f8,340,operator= @L82048
0x68e03a0,96,~TGraphTask @L82137
0x68e07e4,496,SetBuffer @L82178
0x68e1cc0,144,CopyToInternal @L82274
0x68e1e18,28,GetComputeParametersTypeDesc @L82312
0x68e1e34,16,BindParameters @L82326
0x68e1f74,4,UnsetParameters @L82344
0x68e1f78,984,GetVMExternalFunction_Internal<FNDIArrayImplHelper<FVector2D>> @L82358
0x68e322c,4,~TBaseFunctorDelegateInstance @L82497
0x68e32f4,8,Execute @L82517
0x68e3588,4,~TBaseFunctorDelegateInstance @L82538
0x68e359c,8,GetBoundProgramCounterForTimerManager @L82557
0x68e35b4,156,CreateCopy @L82574
0x68e3a08,8,Execute @L82616
0x68e3ecc,1196,GetFunctionHLSL_Internal<FNDIArrayImplHelper<FVector2D>> @L82638
0x68e6440,4,UnsetParameters @L82879
0x68e6444,984,GetVMExternalFunction_Internal<FNDIArrayImplHelper<FVector>> @L82893
0x68e7568,8,GetUObject @L83038
0x68e7570,8,GetObjectForTimerManager @L83054
0x68e7578,8,GetBoundProgramCounterForTimerManager @L83071
0x68e762c,8,Execute @L83088
0x68e7794,8,GetUObject @L83109
0x68e779c,8,GetObjectForTimerManager @L83125
0x68e77b4,8,IsSafeToExecute @L83142
0x68e7860,28,ExecuteIfSafe @L83158
0x68e7a24,4,~TBaseFunctorDelegateInstance @L83179
0x68e7a30,8,GetObjectForTimerManager @L83198
0x68e7a40,8,HasSameObject @L83215
0x68e7a50,156,CreateCopy @L83232
0x68e7d14,8,GetObjectForTimerManager @L83274
0x68e7d24,8,HasSameObject @L83291
0x68e7d2c,8,IsSafeToExecute @L83308
0x68e7dd8,28,ExecuteIfSafe @L83324
0x68e8154,456,GetParameterDefinitionHLSL_Internal<FNDIArrayImplHelper<FVector>> @L83345
0x68e9030,96,~TGraphTask @L83443
0x68e9090,84,~TGraphTask @L83484
0x68e90e4,444,ExecuteTask @L83525
0x68ea58c,144,CopyToInternal @L83640
0x68ea61c,196,Equals @L83678
0x68ea6e4,32,CreateComputeParameters @L83720
0x68ea720,16,BindParameters @L83738
0x68ea860,4,UnsetParameters @L83756
0x68ea864,984,GetVMExternalFunction_Internal<FNDIArrayImplHelper<FVector4>> @L83770
0x68ebda8,4,~TBaseFunctorDelegateInstance @L83907
0x68ebdc4,8,HasSameObject @L83926
0x68ebe70,8,Execute @L83943
0x68ec25c,4,~TBaseFunctorDelegateInstance @L83964
0x68ec270,8,GetBoundProgramCounterForTimerManager @L83983
0x68ec288,156,CreateCopy @L84000
0x68ec830,28,ExecuteIfSafe @L84061
0x68ecc04,456,GetParameterDefinitionHLSL_Internal<FNDIArrayImplHelper<FVector4>> @L84082
0x68edb08,96,~TGraphTask @L84180
0x68edb68,84,~TGraphTask @L84221
0x68edbbc,444,ExecuteTask @L84262
0x68ef0f4,196,Equals @L84377
0x68ef1bc,32,CreateComputeParameters @L84419
0x68ef1dc,28,GetComputeParametersTypeDesc @L84437
0x68ef208,304,SetParameters @L84451
0x68ef7dc,236,Execute @L84522
0x68ef9bc,8,GetUObject @L84580
0x68ef9c4,8,GetObjectForTimerManager @L84596
0x68ef9cc,8,GetBoundProgramCounterForTimerManager @L84613
0x68ef9dc,8,IsSafeToExecute @L84630
0x68efa80,8,Execute @L84646
0x68efa88,28,ExecuteIfSafe @L84667
0x68efc58,8,GetUObject @L84688
0x68efc60,8,GetObjectForTimerManager @L84704
0x68efc70,8,HasSameObject @L84721
0x68efd1c,240,Execute @L84738
0x68effd0,28,ExecuteIfSafe @L84795
0x68f0360,8,GetUObject @L84816
0x68f0370,8,GetBoundProgramCounterForTimerManager @L84832
0x68f0380,8,IsSafeToExecute @L84849
0x68f047c,80,ExecuteIfSafe @L84865
0x68f0554,4,~TBaseFunctorDelegateInstance @L84894
0x68f0580,156,CreateCopy @L84913
0x68f08d0,28,ExecuteIfSafe @L84955
0x68f0cb8,8,GetUObject @L84976
0x68f0cc0,8,GetObjectForTimerManager @L84992
0x68f0cd0,8,HasSameObject @L85009
0x68f0ce0,156,CreateCopy @L85026
0x68f1280,8,Execute @L85068
0x68f12a4,992,PopValue @L85089
0x68f3a74,4,GetVMExternalFunction @L85331
0x68f44a4,28,ExecuteIfSafe @L85465
0x68f4670,4,~TBaseFunctorDelegateInstance @L85486
0x68f4684,8,GetBoundProgramCounterForTimerManager @L85505
0x68f4694,8,IsSafeToExecute @L85526
0x68f469c,156,CreateCopy @L85542
0x68f4948,156,CreateCopy @L85594
0x68f4f70,4,~TBaseFunctorDelegateInstance @L85640
0x68f4f74,8,GetUObject @L85660
0x68f4f84,8,GetBoundProgramCounterForTimerManager @L85676
0x68f4f9c,156,CreateCopy @L85693
0x68f5760,4,~TBaseFunctorDelegateInstance @L85743
0x68f5784,8,IsSafeToExecute @L85762
0x68f5828,8,Execute @L85778
0x68f584c,1048,PushValue @L85799
0x68f72b8,28,FUN_068f72b8 @L86054
0x68f72d4,20,FUN_068f72d4 @L86066
0x68f72f0,12,FUN_068f72f0 @L86077
0x68f7304,4828,GetFunctions @L86090; FNiagaraDataInterfaceArrayImpl<int,UNiagaraDataInterfaceArrayInt32>::GetFunctions
0x690b688,164,UpdateTimeRanges @L86938
0x690b950,4,InternalDestroy @L86972
0x690b954,632,StaticGetTypeLayout @L86984
0x690da04,116,PostInitProperties @L87061
0x690e3e4,8,PerInstanceDataSize @L87090
0x690e3ec,1368,PerInstanceTick @L87100
0x691125c,40,CreateComputeParameters @L87344
0x69112b0,2696,Bind @L87369
0x691e008,872,CopyTo2D @L87852
0x691e9b0,1516,Bind @L88008
0x69213fc,316,GetEmitterDependencies @L88281
0x6921538,288,GetElementCount @L88351
0x6921a34,716,GetComponentCountFromFuncName @L88412
0x6922e80,16,SetParameters @L88482
0x6922e90,4000,Set @L88498; FNiagaraDataInterfaceParametersCS_Grid3DCollection::Set GPU DI参数上传(RHICommandList)
0x692e408,8,~TResourceArray @L89144
0x692e52c,828,PostSimulate @L89155
0x692eb44,4,InternalDestroy @L89280
0x692eb48,428,StaticGetTypeLayout @L89292
0x692f338,16,UnsetParameters @L89346
0x692f348,636,Unset @L89362
0x692f710,212,PostInitProperties @L89494
0x693170c,152,Equals @L89546
0x69317a4,180,CopyToInternal @L89574
0x6931858,1460,InitPerInstanceData @L89614
0x6932bfc,480,VMGetSize @L89924
0x6933108,56,FLandscapeTextureResource @L90029
0x6933140,684,InitRHI @L90051
0x69336bc,388,CanRepresent @L90176
0x6933a80,952,ReleaseGpu @L90246
0x6936274,1052,InitPerInstanceData @L90438
0x69368b8,1184,DestroyPerInstanceData @L90645
0x6937428,152,operator== @L90871
0x69374c0,596,FUN_069374c0 @L90909
0x6937924,4,InternalDestroy @L91032
0x6937928,640,StaticGetTypeLayout @L91044
0x6939748,16,SetParameters @L91127
0x6939758,1080,Set @L91143
0x6939b90,4,UnsetParameters @L91342
0x6939b94,36,~UNiagaraDataInterfaceCubeTexture @L91355
0x6939bc8,8,HasPreSimulateTick @L91369
0x6939bf4,8,CanExecuteOnTarget @L91379
0x6939bfc,64,~UNiagaraDataInterfaceExport @L91389
0x6939c90,8,CanExecuteOnTarget @L91406
0x6939ca0,8,HasPostSimulateTick @L91416
0x6939d1c,124,~FNiagaraDataInterfaceProxyGrid2DCollectionProxy @L91426
0x6939f10,4,PostLoad @L91462
0x6939f28,8,HasPreSimulateTick @L91474
0x6939f38,8,CanExposeVariables @L91484
0x6939f48,172,~FNiagaraDataInterfaceProxyGrid2DCollectionReaderProxy @L91494
0x693a174,36,~UNiagaraDataInterfaceGrid2DCollectionReader @L91536
0x693a218,124,~FNiagaraDataInterfaceProxyGrid3DCollectionProxy @L91550
0x693a374,4,ProvidePerInstanceDataForRenderThread @L91586
0x693a378,8,PerInstanceDataSize @L91598
0x693a380,8,HasPreSimulateTick @L91608
0x693a388,8,HasPostSimulateTick @L91618
0x693a398,188,~UNiagaraDataInterfaceIntRenderTarget2D @L91628
0x693a600,208,~FNDI_Landscape_GeneratedData @L91672
0x693a7e8,72,~UNiagaraDataInterfaceLandscape @L91736
0x693a928,8,PerInstanceDataPassedToRenderThreadSize @L91755
0x693a930,4,ConsumePerInstanceDataFromGameThread @L91765
0x693a9cc,68,~FNiagaraDataInterfaceProxyCubeTexture @L91777
0x693aa5c,8,PerInstanceDataPassedToRenderThreadSize @L91793
0x693aa68,4,~TBaseFunctorDelegateInstance @L91803
0x693aa84,8,HasSameObject @L91821
0x693aa94,156,CreateCopy @L91837
0x693aba8,156,CreateCopy @L91878
0x693ad58,8,PerInstanceDataPassedToRenderThreadSize @L91919
0x693ad60,4,ConsumePerInstanceDataFromGameThread @L91929
0x693b25c,552,Empty @L91939
0x693b69c,164,ResizeTo @L92072
0x693b740,328,Initialize @L92114
0x693bd5c,184,ResizeGrow @L92176
0x693beb0,8,GetUObject @L92219
0x693beb8,8,GetObjectForTimerManager @L92234
0x693bec8,8,HasSameObject @L92250
0x693bf74,16,Execute @L92266
0x693bf84,36,ExecuteIfSafe @L92284
0x693bfa8,4,~TBaseFunctorDelegateInstance @L92301
0x693bfac,8,GetUObject @L92319
0x693bfb4,8,GetObjectForTimerManager @L92334
0x693bfcc,8,IsSafeToExecute @L92350
0x693c070,16,Execute @L92365
0x693c0a4,148,ResizeGrow @L92383
0x693c1d0,8,GetBoundProgramCounterForTimerManager @L92422
0x693c1e8,156,CreateCopy @L92438
0x693c36c,24,ExecuteIfSafe @L92479
0x693c384,4,~TBaseFunctorDelegateInstance @L92498
0x693c388,8,GetUObject @L92516
0x693c398,8,GetBoundProgramCounterForTimerManager @L92531
0x693c3a8,8,IsSafeToExecute @L92547
0x693c3b0,156,CreateCopy @L92562
0x693c450,24,ExecuteIfSafe @L92603
0x693c474,8,GetObjectForTimerManager @L92622
0x693c48c,8,IsSafeToExecute @L92638
0x693c530,8,Execute @L92653
0x693c554,120,ResizeForCopy @L92672
0x693c9ec,4,ExecuteAndDestruct @L92707
0x693c9f0,4,StoreDebugInfo @L92725
0x693c9f4,4,ExecuteAndDestruct @L92737
0x693c9f8,4,StoreDebugInfo @L92754
0x693c9fc,4,~TBaseFunctorDelegateInstance @L92766
0x693ca00,8,GetUObject @L92784
0x693ca08,8,GetObjectForTimerManager @L92799
0x693ca10,8,GetBoundProgramCounterForTimerManager @L92815
0x693ca18,8,HasSameObject @L92831
0x693ca28,156,CreateCopy @L92847
0x693caec,8,GetObjectForTimerManager @L92888
0x693cafc,8,HasSameObject @L92904
0x693cba8,4,Execute @L92920
0x693cd94,420,Initialize @L93039
0x693d2d0,8,PerInstanceDataPassedToRenderThreadSize @L93109
0x693d2dc,4,PostSimulate @L93119
0x693d2e0,168,GetElementCount @L93130
0x693d88c,348,operator= @L93169
0x693da60,120,ResizeForCopy @L93265
0x693dc14,180,~FNiagaraDataInterfaceProxyLandscape @L93300
0x693e528,2620,SetNormalVirtualTextureParameters @L93344
0x6941194,348,operator= @L93758
0x69414bc,552,Empty @L93855
0x6941a78,168,ResizeTo @L93990
0x6941b20,168,ResizeGrow @L94032
0x6941cd8,272,Bind<TIntegralConstant<bool;false>> @L94077
0x6942200,8,GetObjectForTimerManager @L94132
0x6942210,8,HasSameObject @L94149
0x69422bc,8,Execute @L94166
0x69422e0,800,SampleCurve<TIntegralConstant<bool;false>> @L94186
0x6942ca0,80,FUN_06942ca0 @L94339
0x6942eb4,20,FUN_06942eb4 @L94371
0x6942ec8,8,FUN_06942ec8 @L94380
0x6942ed0,12,FUN_06942ed0 @L94388
0x6942ff0,272,Bind<TIntegralConstant<bool;false>> @L94399
0x6943100,4,~TBaseFunctorDelegateInstance @L94454
0x694310c,8,GetObjectForTimerManager @L94473
0x694311c,8,HasSameObject @L94490
0x69431c8,8,Execute @L94507
0x69433b4,4,~TBaseFunctorDelegateInstance @L94527
0x69433c0,8,GetObjectForTimerManager @L94546
0x69433d0,8,HasSameObject @L94563
0x69433e0,156,CreateCopy @L94580
0x6943668,8,FUN_06943668 @L94622
0x6943670,12,FUN_06943670 @L94630
0x6943680,144,ResizeGrow @L94641
0x69437bc,828,FUN_069437bc @L94684
0x6944ba4,540,FUN_06944ba4 @L94848
0x69453ec,204,CallWriteMemoryImage @L94972
0x6945590,4,CallDestroy @L95016
0x694559c,12,CallUnfrozenCopy @L95035
0x69455ac,8,CallGetTargetAlignment @L95049
0x69455b4,8,CallToString @L95062
0x69455bc,4,CallDestroy @L95076
0x69456f8,140,ResizeShrink @L95088
0x6945858,32,CallAppendHash @L95120
0x694589c,140,CallToString @L95139
0x6945aa4,160,ResizeShrink @L95175
0x6945b90,8,GetUObject @L95206
0x6945ba0,8,GetBoundProgramCounterForTimerManager @L95221
0x6945bb0,8,IsSafeToExecute @L95236
0x6945c5c,12,Execute @L95251
0x6945c68,32,ExecuteIfSafe @L95270
0x6945db0,472,EmplaceImpl @L95289
0x6946a94,524,Emplace<TKeyInitializer<unsigned_long_long_const&>> @L95399
0x694746c,168,FUN_0694746c @L95542
0x6947570,80,FUN_06947570 @L95581
0x694762c,296,Remove @L95613
0x6947bdc,296,Remove @L95689
0x6947f08,492,FUN_06947f08 @L95765
0x69489d0,496,FUN_069489d0 @L95880
0x69490e0,20,FUN_069490e0 @L95996
0x694910c,296,Emplace<TPairInitializer<unsigned_long_long&&;FGrid2DCollectionReaderInstanceData_GameThread*&>> @L96005
0x6949940,472,EmplaceImpl @L96078
0x694a2ec,296,Remove @L96188
0x694a470,80,FUN_0694a470 @L96264
0x694a76c,452,Initialize @L96296
0x694b220,696,Rehash @L96372
0x694c270,92,FUN_0694c270 @L96572
0x694c31c,108,FUN_0694c31c @L96604
0x694c600,92,FUN_0694c600 @L96640
0x694c65c,80,FUN_0694c65c @L96672
0x694c6ac,540,FUN_0694c6ac @L96704
0x694cf74,92,FUN_0694cf74 @L96828
0x694d1ec,144,ResizeGrow @L96860
0x694d2bc,12,GetResourceDataSize @L96905
0x694d2fc,8,IsStatic @L96915
0x694d30c,12,SetAllowCPUAccess @L96925
0x694d48c,12,InternalDestroy @L96937
0x694d498,136,Do @L96952
0x694d674,8,CallWriteMemoryImage @L96979
0x694d67c,12,CallUnfrozenCopy @L96993
0x694d688,4,CallAppendHash @L97007
0x694daac,132,ResizeGrow @L97125
0x694db60,8,FUN_0694db60 @L97164
0x694db68,12,FUN_0694db68 @L97172
0x694db94,8,FUN_0694db94 @L97183
0x694dc40,24,FUN_0694dc40 @L97191
0x694dc74,8,FUN_0694dc74 @L97200
0x694dc84,152,FUN_0694dc84 @L97208
0x694e220,344,ConditionalRehash @L97243
0x694e68c,80,FUN_0694e68c @L97342
0x694e890,320,Remove @L97374
0x694eb9c,420,FUN_0694eb9c @L97459
0x694f574,344,ConditionalRehash @L97562
0x694fb78,80,FUN_0694fb78 @L97661
0x694fe04,80,FUN_0694fe04 @L97693
0x6950000,236,ResizeGrow @L97725
0x695029c,136,ResizeTo @L97790
0x6950884,344,ConditionalRehash @L97833
0x6951048,92,FUN_06951048 @L97932
0x69510a4,80,FUN_069510a4 @L97964
0x6951310,284,Emplace<TPairInitializer<unsigned_int_const&;FNDI_Landscape_GeneratedData*&&>> @L97996
0x6951a28,452,Initialize @L98071
0x6954a80,8,Do @L98147
0x6954a88,28,GetTypeLayout @L98160
0x6954aa4,32,CreateComputeParameters @L98171
0x6954ae0,16,BindParameters @L98187
0x6954d2c,16,SetParameters @L98203
0x6954d3c,588,Set @L98219
0x6955af4,232,UNiagaraDataInterfaceMeshRendererInfo @L98347
0x6955e10,56,BeginDestroy @L98401
0x6956624,1224,GetMeshLocalBounds @L98417
0x6957528,28,GetComputeParametersTypeDesc @L98688
0x6957554,2216,Bind @L98699
0x695f7e0,372,PreStage @L99090
0x695f954,164,GetElementCount @L99170
0x695f9f8,116,CopyToInternal @L99211
0x695fa6c,108,CopyToInternal @L99239
0x695fad8,196,UNiagaraDataInterfaceOcclusion @L99266
0x695fb9c,116,PostInitProperties @L99328
0x695fc10,3768,GetFunctions @L99358; UNiagaraDataInterfaceOcclusion::GetFunctions
0x6972a88,396,UNiagaraDataInterfaceRenderTarget2D @L100233
0x6973e50,92,GetVMExternalFunction @L100332
0x6973fbc,272,Bind @L100354
0x697428c,372,InitPerInstanceData @L100407
0x6974a30,184,GetCanvasVariables @L100490
0x6974c74,812,SetSize @L100525
0x6975180,424,PerInstanceTick @L100707
0x6975a08,576,PostStage @L100788
0x6975e88,168,GetElementCount @L100914
0x6975f30,4,InternalDestroy @L100955
0x6975f34,564,StaticGetTypeLayout @L100967
0x6976b10,16,UnsetParameters @L101036
0x6976b20,636,Unset @L101052
0x6976d9c,364,UNiagaraDataInterfaceRenderTarget2DArray @L101184
0x6976f08,212,PostInitProperties @L101275
0x69784a0,272,Bind @L101327
0x6978798,232,CopyToInternal @L101380
0x6978e50,104,GetExposedVariables @L101429
0x6978eb8,212,GetExposedVariableValue @L101457
0x6979360,524,GetSize @L101498
0x69796fc,36,FUN_069796fc @L101613
0x6979720,1644,PerInstanceTickPostSimulate @L101623
0x697c4dc,288,InitPerInstanceData @L101972
0x697cba4,628,SetSize @L102035
0x697d0f8,36,FUN_0697d0f8 @L102173
0x697d11c,1572,PerInstanceTickPostSimulate @L102182
0x69807e8,980,SetSize @L102521
0x6980f7c,1644,PerInstanceTickPostSimulate @L102736
0x6986414,2200,Tick @L103085
0x698fbd4,8156,Init @L103628; FNDISkeletalMesh_InstanceData::Init Niagara骨骼网格DI实例数据初始化(SkinWeight/顶点缓冲采样)
0x69d08e4,16,SetParameters @L105256
0x69d08f4,1292,Set @L105272
0x69d121c,140,SetTexture @L105506
0x69d12a8,248,UNiagaraDataInterfaceVector2DCurve @L105540
0x69d1418,380,UpdateTimeRanges @L105599
0x69d1bf4,272,GetVMExternalFunction @L105681
0x69d1d34,352,UNiagaraDataInterfaceVector4Curve @L105734
0x69d2170,472,BuildLUT @L105821
0x69d2508,112,Equals @L105889
0x69d2578,544,GetCurveData @L105915
0x69d2b38,48,FUN_069d2b38 @L106001
0x69d2c94,116,PostInitProperties @L106013
0x69d2d08,4,Serialize @L106043
0x69d2ef8,388,BuildLUT @L106064
0x69d367c,272,GetVMExternalFunction @L106124
0x69d38b8,88,PostLoad @L106177
0x69d3984,2200,GetFunctions @L106199
0x69d8514,4,UnsetParameters @L106579
0x69d8518,1748,PushToRenderThreadImpl @L106592
0x69dc638,564,ReleaseGPU @L106937
0x69dcc4c,40,FUN_069dcc4c @L107021
0x69dcc74,40,FUN_069dcc74 @L107030
0x69dccc4,40,FUN_069dccc4 @L107039
0x69dcd40,40,FUN_069dcd40 @L107048
0x69dd660,656,UnsetShaderParams @L107057
0x69ddb2c,212,Empty @L107176
0x69ddd28,164,Empty @L107228
0x69de100,76,ReadInt @L107267
0x69de3ec,760,ValidateDataBuffer @L107287
0x69e1900,16,GetFont @L107433
0x69e1a34,416,GetTextLocation @L107448
0x69e2050,1660,DrawSystemLocation @L107538
0x69e6c20,812,FUN_069e6c20 @L107753
0x69e6f4c,3448,DrawValidation @L107879; FNiagaraDebugHud::DrawValidation
0x69ed438,276,Emplace<TPairInitializer<int_const&;int_const&>> @L108551
0x69edad8,1040,IntroSortInternal<unsigned_int;int;FIdentityFunctor;TDereferenceWrapper<unsigned_int;TLess<unsigned_int>>> @L108617
0x69ef9b4,452,VisitElements<FQuadTreeQueryHelper<true>::FindFirstTriangle(FBox2D_const&;FVector&)const::{lambda(int)#1}> @L108859
0x69eff2c,452,VisitElements<FQuadTreeQueryHelper<false>::FindFirstTriangle(FBox2D_const&;FVector&)const::{lambda(int)#1}> @L108957
0x69f0af0,272,Bind<FNDITransformHandlerNoop;VectorVM::FExternalFuncRegisterHandler<float>> @L109055
0x69f1048,8,IsSafeToExecute @L109113
0x69f10f4,28,ExecuteIfSafe @L109129
0x69f146c,272,Bind<FNDITransformHandler;VectorVM::FExternalFuncConstHandler<float>> @L109149
0x69f1754,8,Execute @L109207
0x69f175c,28,ExecuteIfSafe @L109226
0x69f1778,884,SampleSplinePositionByUnitDistance<FNDITransformHandler;VectorVM::FExternalFuncConstHandler<float>> @L109246
0x69f2ed0,4,~TBaseFunctorDelegateInstance @L109441
0x69f2ed4,8,GetUObject @L109460
0x69f2edc,8,GetObjectForTimerManager @L109476
0x69f2ee4,8,GetBoundProgramCounterForTimerManager @L109493
0x69f2eec,8,HasSameObject @L109510
0x69f2ef4,8,IsSafeToExecute @L109527
0x69f2efc,156,CreateCopy @L109543
0x69f34ec,8,GetUObject @L109585
0x69f34fc,8,GetBoundProgramCounterForTimerManager @L109601
0x69f350c,8,IsSafeToExecute @L109618
0x69f35b8,28,ExecuteIfSafe @L109634
0x69f3b10,272,Bind<FNDITransformHandlerNoop;VectorVM::FExternalFuncConstHandler<float>> @L109655
0x69f3d30,4,~TBaseFunctorDelegateInstance @L109713
0x69f3d34,8,GetUObject @L109732
0x69f3d3c,8,GetObjectForTimerManager @L109748
0x69f3d44,8,GetBoundProgramCounterForTimerManager @L109765
0x69f3d4c,8,HasSameObject @L109782
0x69f3d54,8,IsSafeToExecute @L109799
0x69f3d5c,156,CreateCopy @L109815
0x69f41d0,4,~TBaseFunctorDelegateInstance @L109857
0x69f41d4,8,GetUObject @L109876
0x69f41dc,8,GetObjectForTimerManager @L109892
0x69f41e4,8,GetBoundProgramCounterForTimerManager @L109909
0x69f41ec,8,HasSameObject @L109926
0x69f41f4,8,IsSafeToExecute @L109943
0x69f41fc,156,CreateCopy @L109959
0x69f4298,8,Execute @L110001
0x69f42a0,28,ExecuteIfSafe @L110020
0x69f42bc,984,SampleSplineUpVectorByUnitDistance<FNDITransformHandlerNoop;VectorVM::FExternalFuncRegisterHandler<float>> @L110040
0x69f5460,272,Bind<FNDITransformHandlerNoop;VectorVM::FExternalFuncRegisterHandler<float>> @L110213
0x69f5574,8,GetUObject @L110271
0x69f557c,8,GetObjectForTimerManager @L110287
0x69f558c,8,HasSameObject @L110304
0x69f559c,156,CreateCopy @L110321
0x69f59f8,4,~TBaseFunctorDelegateInstance @L110363
0x69f5a0c,8,GetBoundProgramCounterForTimerManager @L110382
0x69f5a24,156,CreateCopy @L110399
0x69f5fb4,272,Bind<FNDITransformHandler;VectorVM::FExternalFuncRegisterHandler<float>> @L110441
0x69f60c8,8,GetUObject @L110499
0x69f60d8,8,GetBoundProgramCounterForTimerManager @L110515
0x69f60e8,8,IsSafeToExecute @L110532
0x69f60f0,156,CreateCopy @L110548
0x69f65f8,8,GetBoundProgramCounterForTimerManager @L110590
0x69f6610,156,CreateCopy @L110607
0x69f6d48,4,~TBaseFunctorDelegateInstance @L110649
0x69f6d4c,8,GetUObject @L110668
0x69f6d54,8,GetObjectForTimerManager @L110684
0x69f6d5c,8,GetBoundProgramCounterForTimerManager @L110701
0x69f6d64,8,HasSameObject @L110718
0x69f6d6c,8,IsSafeToExecute @L110735
0x69f6d74,156,CreateCopy @L110751
0x69f7204,8,HasSameObject @L110793
0x69f72b0,8,Execute @L110810
0x69f72d4,984,SampleSplineRightVectorByUnitDistance<FNDITransformHandlerNoop;VectorVM::FExternalFuncRegisterHandler<float>> @L110829
0x69f8478,272,Bind<FNDITransformHandlerNoop;VectorVM::FExternalFuncRegisterHandler<float>> @L111002
0x69f89b0,8,GetUObject @L111060
0x69f89b8,8,GetObjectForTimerManager @L111076
0x69f89d0,8,IsSafeToExecute @L111093
0x69f8a74,8,Execute @L111109
0x69f8a98,860,SampleSplineTangentByUnitDistance<FNDITransformHandlerNoop;VectorVM::FExternalFuncRegisterHandler<float>> @L111128
0x69f9ae0,272,Bind<VectorVM::FExternalFuncConstHandler<float>;VectorVM::FExternalFuncConstHandler<float>;VectorVM::FExternalFuncRegisterHandler<float>> @L111289
0x69f9cdc,712,FindClosestUnitDistanceFromPositionWS<VectorVM::FExternalFuncConstHandler<float>;VectorVM::FExternalFuncConstHandler<float>;VectorVM::FExternalFuncConstHandler<float>> @L111347
0x69fa9a0,156,CreateCopy @L111507
0x69faf9c,8,GetBoundProgramCounterForTimerManager @L111550
0x69fafa4,8,HasSameObject @L111568
0x69fafb4,156,CreateCopy @L111586
0x69fb36c,8,GetObjectForTimerManager @L111629
0x69fb37c,8,HasSameObject @L111647
0x69fb428,8,Execute @L111665
0x69fb44c,776,FindClosestUnitDistanceFromPositionWS<VectorVM::FExternalFuncRegisterHandler<float>;VectorVM::FExternalFuncConstHandler<float>;VectorVM::FExternalFuncRegisterHandler<float>> @L111687
0x69fc350,1812,InaccurateFindNearestOnSegment @L111844
0x69febe4,28,ExecuteIfSafe @L112128
0x69ff130,8,GetUObject @L112149
0x69ff138,8,GetObjectForTimerManager @L112165
0x69ff140,8,GetBoundProgramCounterForTimerManager @L112182
0x69ff150,8,IsSafeToExecute @L112199
0x69ff1f4,8,Execute @L112215
0x69ff660,272,Bind<TIntegralConstant<UNiagaraDataInterfaceStaticMesh::ESampleMode;(UNiagaraDataInterfaceStaticMesh::ESampleMode)-1>> @L112236
0x69ff9a4,8,GetBoundProgramCounterForTimerManager @L112294
0x69ff9bc,156,CreateCopy @L112311
0x69ffb44,28,ExecuteIfSafe @L112353
0x6a000c8,4,~TBaseFunctorDelegateInstance @L112374
0x6a000cc,8,GetUObject @L112393
0x6a000d4,8,GetObjectForTimerManager @L112409
0x6a000dc,8,GetBoundProgramCounterForTimerManager @L112426
0x6a000e4,8,HasSameObject @L112443
0x6a000ec,8,IsSafeToExecute @L112460
0x6a00190,8,Execute @L112476
0x6a00198,28,ExecuteIfSafe @L112497
0x6a001b4,1300,RandomTriCoordOnSection<TIntegralConstant<UNiagaraDataInterfaceStaticMesh::ESampleMode;(UNiagaraDataInterfaceStaticMesh::ESampleMode)0>> @L112518
0x6a02188,8,Execute @L112787
0x6a02190,28,ExecuteIfSafe @L112806
0x6a02844,272,Bind<TNullMeshVertexAccessor;FNDITransformHandlerNoop> @L112825
0x6a02a1c,8,Execute @L112881
0x6a02a24,28,ExecuteIfSafe @L112902
0x6a02a40,1520,GetTriCoordTangents<TNullMeshVertexAccessor;FNDITransformHandlerNoop> @L112923
0x6a04920,8,HasSameObject @L113251
0x6a04930,156,CreateCopy @L113268
0x6a050f0,4,~TBaseFunctorDelegateInstance @L113310
0x6a050f4,8,GetUObject @L113329
0x6a050fc,8,GetObjectForTimerManager @L113345
0x6a05104,8,GetBoundProgramCounterForTimerManager @L113362
0x6a0510c,8,HasSameObject @L113379
0x6a05114,8,IsSafeToExecute @L113396
0x6a0511c,156,CreateCopy @L113412
0x6a051c0,28,ExecuteIfSafe @L113454
0x6a057cc,272,Bind<TTypedMeshVertexAccessor<(EStaticMeshVertexTangentBasisType)1;(EStaticMeshVertexUVType)1>;FNDITransformHandler> @L113474
0x6a059a4,8,Execute @L113532
0x6a059ac,28,ExecuteIfSafe @L113553
0x6a059c8,1520,GetTriCoordTangents<TTypedMeshVertexAccessor<(EStaticMeshVertexTangentBasisType)1;(EStaticMeshVertexUVType)1>;FNDITransformHandler> @L113574
0x6a0799c,272,Bind<TTypedMeshVertexAccessor<(EStaticMeshVertexTangentBasisType)1;(EStaticMeshVertexUVType)0>> @L113903
0x6a07ccc,4,~TBaseFunctorDelegateInstance @L113960
0x6a07cd0,8,GetUObject @L113978
0x6a07ce0,8,GetBoundProgramCounterForTimerManager @L113993
0x6a07cf0,8,IsSafeToExecute @L114009
0x6a07d94,8,Execute @L114024
0x6a07db8,868,GetTriCoordUV<TNullMeshVertexAccessor> @L114043
0x6a09c04,8,Execute @L114242
0x6a09c0c,28,ExecuteIfSafe @L114263
0x6a0a714,4,~TBaseUObjectMethodDelegateInstance @L114284
0x6a0a718,8,GetUObject @L114300
0x6a0a720,8,GetObjectForTimerManager @L114315
0x6a0a728,8,GetBoundProgramCounterForTimerManager @L114331
0x6a0a730,44,HasSameObject @L114347
0x6a0a75c,36,IsCompactable @L114364
0x6a0a780,32,IsSafeToExecute @L114381
0x6a0a7a0,164,CreateCopy @L114398
0x6a0a844,64,Execute @L114442
0x6a0a884,92,ExecuteIfSafe @L114469
0x6a0a8e0,272,Bind<FNDITransformHandlerNoop> @L114496
0x6a0a9f0,4,~TBaseFunctorDelegateInstance @L114552
0x6a0a9f4,8,GetUObject @L114570
0x6a0a9fc,8,GetObjectForTimerManager @L114585
0x6a0aa04,8,GetBoundProgramCounterForTimerManager @L114601
0x6a0aa0c,8,HasSameObject @L114617
0x6a0aa14,8,IsSafeToExecute @L114633
0x6a0aa1c,156,CreateCopy @L114648
0x6a0aab8,8,Execute @L114689
0x6a0aac0,28,ExecuteIfSafe @L114708
0x6a0aadc,1080,GetVertexPosition<FNDITransformHandlerNoop> @L114727
0x6a0b9cc,8,FUN_06a0b9cc @L114990
0x6a0b9d4,8,FUN_06a0b9d4 @L114998
0x6a0b9e4,8,FUN_06a0b9e4 @L115006
0x6a0ba84,8,FUN_06a0ba84 @L115014
0x6a0ba8c,28,FUN_06a0ba8c @L115023
0x6a0baa8,328,FUN_06a0baa8 @L115032
0x6a0c360,8,FUN_06a0c360 @L115103
0x6a0c368,8,FUN_06a0c368 @L115111
0x6a0c378,8,FUN_06a0c378 @L115119
0x6a0c388,152,FUN_06a0c388 @L115127
0x6a0cc1c,8,FUN_06a0cc1c @L115162
0x6a0cc24,8,FUN_06a0cc24 @L115170
0x6a0cc2c,8,FUN_06a0cc2c @L115178
0x6a0cc34,8,FUN_06a0cc34 @L115186
0x6a0cc3c,8,FUN_06a0cc3c @L115194
0x6a0cc44,152,FUN_06a0cc44 @L115202
0x6a0ccdc,8,FUN_06a0ccdc @L115237
0x6a0cce4,28,FUN_06a0cce4 @L115247
0x6a0cd00,1680,GetFilteredSocketTransform<false> @L115257
0x6a0e5d0,8,FUN_06a0e5d0 @L115618
0x6a0e5d8,28,FUN_06a0e5d8 @L115628
0x6a0ef94,92,FUN_06a0ef94 @L115638
0x6a0f040,568,FUN_06a0f040 @L115670
0x6a0fdb4,396,Remove @L115810
0x6a10154,304,FUN_06a10154 @L115921
0x6a10874,8,IsSafeToExecute @L115997
0x6a10918,8,Execute @L116013
0x6a10b88,8,GetUObject @L116033
0x6a10b98,8,GetBoundProgramCounterForTimerManager @L116049
0x6a10bb0,156,CreateCopy @L116066
0x6a110d4,8,IsSafeToExecute @L116108
0x6a11178,8,Execute @L116124
0x6a11180,28,ExecuteIfSafe @L116144
0x6a114bc,4,~TBaseFunctorDelegateInstance @L116164
0x6a114d8,8,HasSameObject @L116183
0x6a114e0,8,IsSafeToExecute @L116200
0x6a11584,8,Execute @L116216
0x6a118c8,272,Bind<TIntegralConstant<bool;true>> @L116236
0x6a11ea0,8,GetObjectForTimerManager @L116291
0x6a11ea8,8,GetBoundProgramCounterForTimerManager @L116308
0x6a11eb8,8,IsSafeToExecute @L116325
0x6a11f5c,8,Execute @L116341
0x6a12220,4,~TBaseUObjectMethodDelegateInstance @L116361
0x6a1222c,8,GetObjectForTimerManager @L116377
0x6a1223c,44,HasSameObject @L116393
0x6a1228c,32,IsSafeToExecute @L116410
0x6a12390,92,ExecuteIfSafe @L116427
0x6a12434,160,InitRHI @L116454
0x6a12710,172,InitRHI @L116494
0x6a129f4,12,FUN_06a129f4 @L116536
0x6a12ab0,536,FUN_06a12ab0 @L116547
0x6a13b4c,80,FUN_06a13b4c @L116670
0x6a13e34,180,SnprintfImpl @L116702
0x6a14110,164,ResizeTo @L116751
0x6a1486c,12,FUN_06a1486c @L116794
0x6a148e4,20,FUN_06a148e4 @L116805
0x6a1498c,8,FUN_06a1498c @L116814
0x6a149a4,104,FUN_06a149a4 @L116822
0x6a14ce4,20,FUN_06a14ce4 @L116848
0x6a14d94,20,FUN_06a14d94 @L116857
0x6a14dc0,132,FUN_06a14dc0 @L116866
0x6a14f88,12,FUN_06a14f88 @L116894
0x6a15014,8,FUN_06a15014 @L116905
0x6a1502c,112,FUN_06a1502c @L116913
0x6a152c0,12,FUN_06a152c0 @L116943
0x6a15354,12,FUN_06a15354 @L116954
0x6a15410,12,FUN_06a15410 @L116965
0x6a154a4,20,FUN_06a154a4 @L116976
0x6a15540,20,FUN_06a15540 @L116985
0x6a155d4,20,FUN_06a155d4 @L116994
0x6a15614,8,FUN_06a15614 @L117003
0x6a156bc,8,FUN_06a156bc @L117011
0x6a15d20,36,FUN_06a15d20 @L117020
0x6a16280,584,FCachedVariables @L117029
0x6a17314,352,Remove @L117179
0x6a17a2c,536,EmplaceImpl @L117261
0x6a186fc,220,TTupleBaseElement<FNiagaraDebugHud::FValidationErrorInfo;(void*)0> @L117397
0x6a18e84,640,Remove @L117454
0x6a19f1c,8,IsReadyForFinishDestroy @L117628
0x6a19f58,176,PostLoad @L117638
0x6a1a38c,64,FNiagaraEmitterScalabilityOverride @L117683
0x6a1a8f8,248,FNiagaraEventGeneratorProperties @L117699
0x6a1b120,548,GetScripts @L117766
0x6a1bfd8,8,GetInstance @L117858
0x6a1bfe0,8,GetIsEnabled @L117868
0x6a1bfe8,8,IsEnabledOnPlatform @L117878
0x6a1bff0,44,FUN_06a1bff0 @L117889
0x6a1c01c,320,IsValid @L117898
0x6a1c6f0,152,CacheFromShaderCompiled @L117957
0x6a1c79c,96,UsesScript @L117985
0x6a1c954,68,CanObtainSystemAttribute @L118018
0x6a1ca44,588,SetUniqueEmitterName @L118038
0x6a1dd84,648,GetMaxParticleCountEstimate @L118156
0x6a1ed90,24,GetBounds @L118307
0x6a1eda8,32,GetEventExecutionContexts @L118330
0x6a1ee00,468,Dump @L118348
0x6a2066c,352,SetNum @L118429
0x6a20d74,40,FUN_06a20d74 @L118513
0x6a20dec,36,FUN_06a20dec @L118525
0x6a20e10,36,FUN_06a20e10 @L118537
0x6a20ec4,152,DirtyDataInterfaces @L118548
0x6a21254,28,GetTotalBytesUsed @L118586
0x6a21270,456,InternalCalculateDynamicBounds @L118599
0x6a23658,40,FUN_06a23658 @L118749
0x6a23870,40,FUN_06a23870 @L118761
0x6a238ec,40,FUN_06a238ec @L118773
0x6a23938,36,FUN_06a23938 @L118785
0x6a2395c,48,FUN_06a2395c @L118794
0x6a23bb0,52,FUN_06a23bb0 @L118806
0x6a2422c,544,FUN_06a2422c @L118818
0x6a24c20,1656,NiagaraEmitterInstanceBatcher @L118903
0x6a27c20,232,PostSimulateInterface @L119279
0x6a280f8,2272,DumpDebugFrame @L119331
0x6a2f224,8,GetGPUSortManager @L119749
0x6a2f290,860,Init @L119760
0x6a30184,1056,OverrideSystemUserVariableStaticMeshComponent @L119863
0x6a31dc4,44,FUN_06a31dc4 @L120053
0x6a31e48,44,FUN_06a31e48 @L120065
0x6a31ecc,44,FUN_06a31ecc @L120077
0x6a31f50,48,FUN_06a31f50 @L120089
0x6a31f88,772,GetDataInterface @L120101
0x6a33890,1292,Exec @L120251
0x6a33d9c,4,Exec @L120574
0x6a33da0,2740,Exec @L120584
0x6a3d3f0,1988,GetFunctionSignature @L121143
0x6a40150,340,operator= @L121472
0x6a4098c,720,Empty @L121560
0x6a41c04,176,ResizeGrow @L121728
0x6a420d0,152,ResizeShrink @L121771
0x6a425c4,312,CopyToEmpty<FNiagaraEventGeneratorProperties;int> @L121811
0x6a43424,692,Rehash @L121908
0x6a44b40,224,~FEventInstanceData @L122104
0x6a45220,152,ResizeShrink @L122172
0x6a455f8,184,ResizeShrink @L122212
0x6a45a18,136,ResizeTo @L122247
0x6a46210,288,AddUninitialized @L122290
0x6a46b80,8,FUN_06a46b80 @L122366
0x6a46b90,152,FUN_06a46b90 @L122374
0x6a46df0,152,ResizeShrink @L122409
0x6a473f0,176,ResizeGrow @L122449
0x6a47a64,200,zzAppendMemberGetPrev @L122492
0x6a47ef4,200,zzAppendMemberGetPrev @L122531
0x6a48534,200,zzAppendMemberGetPrev @L122570
0x6a49020,200,zzAppendMemberGetPrev @L122609
0x6a497bc,288,AddUninitialized @L122648
0x6a4aa04,344,ConditionalRehash @L122724
0x6a4b538,252,ResizeGrow @L122823
0x6a4d2c8,152,GetUniformBuffer @L122896
0x6a4d3e4,44,~TArray @L122952
0x6a4f194,176,CreateEmitterRenderer @L122970
0x6a50ef0,4136,InitBindings @L123004; UNiagaraMeshRendererProperties::InitBindings 网格渲染器粒子数据绑定
0x6a5cb44,284,GetSizeInBytes @L123917
0x6a5cf90,156,ParameterNameFromFriendlyName @L123967
0x6a5d18c,376,GetIntParameter @L124004
0x6a5d790,388,GetQuatParameter @L124089
0x6a5dca4,532,SetFloatParameter @L124168
0x6a5e728,560,SetColorParameter @L124278
0x6a5f59c,100,PostLoad @L124390
0x6a5f83c,68,FNiagaraParameterStore @L124418
0x6a5f8a4,344,operator= @L124444
0x6a60d7c,728,FUN_06a60d7c @L124504
0x6a61ef0,264,GetAlignment @L124625
0x6a6222c,44,FUN_06a6222c @L124673
0x6a62b14,44,FUN_06a62b14 @L124685
0x6a62b40,44,FUN_06a62b40 @L124697
0x6a62b6c,48,FUN_06a62b6c @L124707
0x6a62bc8,40,FUN_06a62bc8 @L124719
0x6a63554,48,FUN_06a63554 @L124731
0x6a63584,164,SetParameterDataArray @L124743
0x6a63740,404,InitFromSource @L124780
0x6a63b74,652,FindParameterOffset @L124848
0x6a647f4,172,IsActive @L124986
0x6a6494c,464,IsEnabled @L125018
0x6a651ac,24,ShouldPruneEmittersOnCook @L125104
0x6a651c4,148,~TMapBase @L125114
0x6a65350,56,FNiagaraPlatformSetCVarCondition @L125151
0x6a65388,688,GetCVar @L125173
0x6a6669c,1472,TickPreviews @L125292
0x6a6c7cc,352,GetValue<FVector4> @L125624
0x6a6cbd4,648,InvokeSetterFunction @L125689
0x6a6ebe0,48,FUN_06a6ebe0 @L125809
0x6a6ec18,320,ResetComponentPool @L125821
0x6a6ef68,424,FindPropertyRecursive @L125892
0x6a7035c,188,~FNiagaraRendererMeshes @L125993
0x6a70418,188,~FNiagaraRendererMeshes @L126039
0x6a7096c,4,ReleaseRenderThreadResources @L126085
0x6a70970,212,SetupVertexFactory @L126095
0x6a70ab0,816,PrepareParticleMeshRenderData @L126165
0x6a71dec,196,PreparePerMeshData @L126332
0x6a71eb0,344,PerformSortAndCull @L126395
0x6a72654,804,CreateMeshBatchForSection @L126472
0x6a73434,456,AllocateOneFrameResource<FNiagaraRendererMeshes::TMeshCollectorResources<FNiagaraMeshVertexFactoryEx>> @L126632
0x6a73a9c,8,GetDynamicDataSize @L126726
0x6a73aa4,28,IsMaterialValid @L126736
0x6a73b00,72,~UNiagaraBaselineController @L126753
0x6a73ba8,104,~UNiagaraBaselineController_Basic @L126771
0x6a73d60,36,~UNiagaraLightRendererProperties @L126795
0x6a73d84,8,CreateBoundsCalculator @L126809
0x6a73d8c,12,IsSimTargetSupported @L126819
0x6a73d98,8,NeedsSystemPostTick @L126830
0x6a73da0,8,NeedsSystemCompletion @L126840
0x6a73da8,124,~INiagaraModule @L126850
0x6a73e24,124,~INiagaraModule @L126882
0x6a74024,36,~FNiagaraTypeRegistry @L126913
0x6a740c4,132,~UNiagaraParameterCollection @L126925
0x6a74148,16,ReadParameterVariables @L126961
0x6a7417c,8,Num_Implementation @L126976
0x6a74184,36,~UNiagaraPreviewAxis_InterpParamFloat @L126987
0x6a741cc,36,~UNiagaraPreviewAxis_InterpParamVector @L127001
0x6a74278,72,~ANiagaraPreviewGrid @L127015
0x6a74438,64,~UNiagaraPrecompileContainer @L127032
0x6a74550,144,ResizeGrow @L127049
0x6a7482c,108,~FNiagaraDynamicDataLights @L127094
0x6a74a44,156,ResizeTo @L127126
0x6a750d0,288,AddUninitialized @L127168
0x6a75520,136,ResizeTo @L127244
0x6a755a8,136,ResizeTo @L127287
0x6a757e0,168,ResizeGrow @L127330
0x6a768c4,48,InitializeModule @L127373
0x6a768f4,4,~TBaseRawMethodDelegateInstance @L127390
0x6a76908,8,GetBoundProgramCounterForTimerManager @L127406
0x6a76920,8,IsSafeToExecute @L127422
0x6a76928,164,CreateCopy @L127435
0x6a76ae4,28,FUN_06a76ae4 @L127479
0x6a76b10,8,FUN_06a76b10 @L127488
0x6a76b18,8,FUN_06a76b18 @L127496
0x6a76b28,8,FUN_06a76b28 @L127504
0x6a76bc8,76,FUN_06a76bc8 @L127512
0x6a76c64,8,GetUObject @L127525
0x6a76c6c,8,GetObjectForTimerManager @L127538
0x6a76c8c,8,IsSafeToExecute @L127553
0x6a76d54,48,ExecuteIfSafe @L127566
0x6a76d90,8,GetObjectForTimerManager @L127588
0x6a76db0,8,IsSafeToExecute @L127603
0x6a76db8,164,CreateCopy @L127616
0x6a76fcc,272,AddUninitialized @L127660
0x6a7770c,272,AddUninitialized @L127735
0x6a77b38,788,Rehash @L127810
0x6a7830c,144,ResizeGrow @L127998
0x6a78584,572,RemoveAll<TArray<FNiagaraVariable;TSizedDefaultAllocator<32>>::Remove(FNiagaraVariable_const&)::{lambda(FNiagaraVariable&)#1}> @L128041
0x6a790e0,144,ResizeGrow @L128175
0x6a79490,8,FUN_06a79490 @L128218
0x6a79498,8,FUN_06a79498 @L128226
0x6a794a0,8,FUN_06a794a0 @L128234
0x6a794a8,8,FUN_06a794a8 @L128242
0x6a794b0,8,FUN_06a794b0 @L128250
0x6a794b8,144,FUN_06a794b8 @L128258
0x6a7996c,40,FUN_06a7996c @L128290
0x6a79994,144,ResizeGrow @L128300
0x6a79d18,344,ConditionalRehash @L128343
0x6a7a378,944,ForEachComponent_Internal<UNiagaraComponent;false;false;AActor::GetComponents<UNiagaraComponent;TInlineAllocator<4u;TSizedDefaultAllocator<32>>>(TArray<UNiagaraComponent*;TInlineAllocator<4u;TSizedDefaultAllocator<32>>>&;bool)const::{lambda(UNiagaraComponent*)#1}> @L128441
0x6a7b17c,76,~FNiagaraEmptyTextureSRV @L128705
0x6a7b958,1056,BuildParticleOrder_Inner1<float;FNiagaraSortCullHelper<true>::BuildParticleOrder(FNiagaraGPUSortInfo_const&;FNiagaraDataBuffer_const&;FParticleOrderAsUint*)::{lambda(int)#2}> @L128724
0x6a7d944,164,ResizeTo @L129085
0x6a7d9e8,148,FUN_06a7d9e8 @L129127
0x6a7dadc,448,Reserve @L129158
0x6a7e9e0,168,ResizeGrow @L129279
0x6a7ece0,336,ResizeGrow @L129323
0x6a7f288,24,ResizeShrink @L129402
0x6a7f2d0,8,FUN_06a7f2d0 @L129416
0x6a7f2e8,84,~TMeshCollectorResources @L129424
0x6a7f508,252,ResizeTo @L129442
0x6a82d48,232,NeedsLoadForTargetPlatform @L129515
0x6a82f3c,96,NeedsPreciseMotionVectors @L129567
0x6a82f9c,512,FNiagaraRendererRibbons @L129590
0x6a84088,2416,SetupMeshBatchAndCollectorResourceForView @L129723
0x6a8c2e0,168,FNiagaraResourceArrayWriter @L130116
0x6a8c510,12,FNiagaraRibbonShapeCustomVertex @L130160
0x6a8c51c,44,FNiagaraRibbonUVSettings @L130175
0x6a8d424,116,CreateEmitterRenderer @L130191
0x6a8d498,88,PostLoad @L130210
0x6a8d594,264,GetUsedMaterials @L130229
0x6a8d804,180,UpdateSourceModeDerivates @L130280
0x6a8d8b8,220,PostInitProperties @L130321
0x6a8ebc0,132,InitCDOPropertiesAfterModuleStartup @L130370
0x6a8ec44,2336,CacheFromCompiledData @L130406
0x6a93530,196,ShouldCacheShadersForCooking @L130844
0x6a93654,20,IsReadyForFinishDestroy @L130882
0x6a93668,8,IsEditorOnly @L130892
0x6a93670,808,ModifyCompilationEnvironment @L130902
0x6a94838,40,CanExecute @L131110
0x6a94880,1616,Tick @L131127
0x6a9a4e0,8,GetEmitterHandles @L131426
0x6a9a4e8,356,UpdateSystemAfterLoad @L131436
0x6a9bfd8,1752,CacheFromCompiledData @L131504
0x6a9def8,236,OnScalabilityCVarChanged @L131820
0x6a9e614,48,GetUsedMaterials @L131891
0x6a9e7d8,8,BindSystemInstances @L131907
0x6a9e804,88,GetArchiveName @L131921
0x6a9eb7c,36,~UNiagaraRibbonRendererProperties @L131943
0x6a9eba0,12,IsSimTargetSupported @L131957
0x6a9ebbc,36,~UNiagaraSimulationStageBase @L131968
0x6a9ec68,36,~FNiagaraScriptInstanceParameterStore @L131981
0x6a9ec9c,4,RenameParameter @L131995
0x6a9ecd4,52,Reset @L132005
0x6a9edd4,200,~FNiagaraScriptExecutionContext @L132019
0x6a9efc0,36,~UNiagaraSettings @L132070
0x6a9f144,36,~UNiagaraScriptSourceBase @L132082
0x6a9f168,8,IsEditorOnly @L132094
0x6a9f170,8,IsSynchronized @L132104
0x6a9f17c,12,GetChangeID @L132114
0x6a9f18c,12,GetCompileBaseId @L132124
0x6a9f1a0,8,PreCompile @L132134
0x6a9f1b8,72,~FNiagaraScriptExecutionParameterStore @L132151
0x6a9f2ac,160,~FNiagaraDynamicDataRibbon @L132170
0x6a9f958,52,~FVertexBuffer @L132211
0x6a9f98c,60,~FVertexBuffer @L132224
0x6a9f9c8,12,ReleaseRHI @L132238
0x6a9f9d4,88,GetFriendlyName @L132250
0x6a9fa2c,96,~FNiagaraDynamicDataSprites @L132272
0x6a9faf4,4,~FNiagaraBoundsCalculatorHelper @L132297
0x6a9faf8,412,InitAccessors @L132310
0x6aa0a60,344,ConditionalRehash @L132366
0x6aa0fa4,260,operator= @L132464
0x6aa1de0,664,Empty @L132534
0x6aa2660,28,FUN_06aa2660 @L132704
0x6aa267c,20,FUN_06aa267c @L132718
0x6aa2690,8,FUN_06aa2690 @L132727
0x6aa2698,12,FUN_06aa2698 @L132735
0x6aa26ec,76,~FNiagaraMeshCollectorResourcesRibbon @L132746
0x6aa2820,136,ResizeTo @L132764
0x6aa2938,276,EmplaceByHash<TKeyInitializer<FNiagaraID&&>> @L132809
0x6aa30c0,480,Compact @L132880
0x6aa38e0,276,EmplaceByHash<TKeyInitializer<int&&>> @L133028
0x6aa3be4,344,ConditionalRehash @L133098
0x6aa3fec,480,Compact @L133197
0x6aa54e8,28,FUN_06aa54e8 @L133345
0x6aa5504,20,FUN_06aa5504 @L133359
0x6aa5518,8,FUN_06aa5518 @L133368
0x6aa5520,12,FUN_06aa5520 @L133376
0x6aa5584,92,~TMeshCollectorResources @L133387
0x6aa55fc,4,~FMeshCollectorResourcesBase @L133407
0x6aa56a8,84,~TMeshCollectorResources @L133423
0x6aa5758,8,GetVertexFactory @L133442
0x6aa5760,144,ResizeGrow @L133455
0x6aa5918,288,EmplaceByHash<TKeyInitializer<UNiagaraSystem_const*const&>> @L133500
0x6aa5d68,792,Rehash @L133567
0x6aa6cb0,652,FNiagaraShaderMapId @L133776
0x6aa7990,304,ResizeShrink @L133942
0x6aa7e00,8,FUN_06aa7e00 @L134013
0x6aa7e10,8,FUN_06aa7e10 @L134021
0x6aa7e20,8,FUN_06aa7e20 @L134029
0x6aa7ec0,16,FUN_06aa7ec0 @L134037
0x6aa7ed0,36,FUN_06aa7ed0 @L134048
0x6aa80bc,4,~TIntrusiveReferenceController @L134059
0x6aa81b0,144,ResizeGrow @L134073
0x6aa8534,168,ResizeGrow @L134118
0x6aa8a38,136,ResizeTo @L134161
0x6aa9ac4,1036,AddToBatcher @L134204
0x6aabec4,672,WaitForConcurrentTickDoNotFinalize @L134404
0x6aad4a8,520,FinalizeTick_GameThread @L134527
0x6aadcd0,468,DeallocateSystemInstance @L134632
0x6aae03c,304,UnbindParameters @L134750
0x6aae4ac,92,UnpauseInstance @L134842
0x6aaf174,320,BindParameters @L134867
0x6aafb70,204,AddInstance @L134957
0x6aafc3c,456,AdvanceSimulation @L135015
0x6ab01ec,16,UseLegacySystemSimulationContexts @L135129
0x6ab0228,344,Reset @L135139
0x6ab0c1c,1404,TickInstanceParameters_Concurrent @L135247
0x6ab1e34,40,FUN_06ab1e34 @L135512
0x6ab226c,40,FUN_06ab226c @L135523
0x6ab25a4,504,CreateEventDataSet @L135535
0x6ab3ce0,64,GetEmitterExecutionOrder @L135626
0x6ab3e48,180,GetGPUTickHandlingMode @L135646
0x6ab3efc,1392,GenerateAndSubmitGPUTick @L135681
0x6ab7b10,1192,SetInstanceState @L135999
0x6ab9d34,844,CreateTask @L136267
0x6aba400,328,PrepareForSystemSimulate @L136424
0x6abba6c,496,BuildConstantBufferTable @L136495
0x6abbc5c,40,FUN_06abbc5c @L136614
0x6abbc84,40,FUN_06abbc84 @L136623
0x6abbcac,40,FUN_06abbcac @L136632
0x6abbd00,628,Init @L136641
0x6abc514,128,ApplyOffsets @L136739
0x6abc594,1156,OnChanged_UseLegacySystemSimulationContexts @L136783
0x6abd114,248,RedirectUserVariable @L137076
0x6abd4d4,276,RemoveParameter @L137144
0x6abd7c8,192,FNiagaraUvQuadTree @L137222
0x6abd888,200,AddDefaultSubTree @L137270
0x6abdd6c,20,Freeze @L137313
0x6abe270,40,FSubTree @L137324
0x6abe298,216,GetQuads @L137349
0x6abe97c,16,FNiagaraVariant @L137402
0x6abe98c,140,FNiagaraVariant @L137417
0x6abea18,20,FNiagaraVariant @L137448
0x6abea40,124,FNiagaraVariant @L137463
0x6abeb30,8,GetUObject @L137495
0x6abeb38,16,SetUObject @L137505
0x6abeb50,16,SetDataInterface @L137517
0x6abeb60,144,AllocateBytes @L137530
0x6abeca4,180,operator== @L137558
0x6abeebc,164,~TGlobalResource @L137591
0x6abf194,56,ReleaseDynamicRHI @L137628
0x6abf1cc,4,InitDynamicRHI @L137645
0x6abf1d0,20,ExecuteTick @L137655
0x6abfdc4,92,DiagnosticContext @L137670
0x6ac0074,784,Init @L137692
0x6ac1554,240,OnWorldCleanup @L137854
0x6ac1734,292,OnPreWorldFinishDestroy @L137892
0x6ac1a78,476,OnPostReachabilityAnalysis @L137937
0x6ac1ef0,504,OnPreGarbageCollectBeginDestroy @L138067
0x6ac28e4,88,GetReferencerName @L138198
0x6ac293c,116,CleanupParameterCollections @L138220
0x6ac2af0,176,OnBatcherDestroyed_Internal @L138245
0x6ac2e00,232,PostReachabilityAnalysis @L138286
0x6ac2f9c,636,PreGarbageCollectBeginDestroy @L138339
0x6ac3ad4,344,Reset @L138493
0x6ac40f8,992,DumpDetails @L138601
0x6ac5198,604,PrimePoolForAllWorlds @L138787
0x6ac6504,412,FUN_06ac6504 @L138929
0x6ac6e68,156,ResizeTo @L139029
0x6ac775c,296,EmplaceByHash<TKeyInitializer<TTuple<FName;FName>&&>> @L139071
0x6ac7e4c,80,FUN_06ac7e4c @L139147
0x6ac8118,8,FUN_06ac8118 @L139179
0x6ac8128,144,FUN_06ac8128 @L139187
0x6ac8674,144,ResizeGrow @L139219
0x6ac893c,468,ExecuteTask @L139262
0x6ac9bf4,468,ExecuteTask @L139374
0x6acabd4,20,FUN_06acabd4 @L139486
0x6acac60,84,~TGraphTask @L139495
0x6acb190,12,Destroy @L139531
0x6acb674,96,~TGraphTask @L139550
0x6acb728,548,ExecuteTask @L139586
0x6acc030,84,~TGraphTask @L139731
0x6acc5a0,24,CloneToEmptyStorage @L139767
0x6acc5b8,8,GetAddress @L139785
0x6acc5cc,4,~TFunction_CopyableOwnedObject @L139802
0x6acc758,528,SetupPrereqs @L139820
0x6acd1b4,540,UnhashElements @L139905
0x6acde58,136,ResizeTo @L140075
0x6ace018,8,FUN_06ace018 @L140118
0x6ace020,8,FUN_06ace020 @L140126
0x6ace038,144,FUN_06ace038 @L140134
0x6ace34c,40,FUN_06ace34c @L140166
0x6ace388,8,FUN_06ace388 @L140175
0x6ace390,8,FUN_06ace390 @L140183
0x6ace3a0,144,FUN_06ace3a0 @L140191
0x6ace5f4,8,IsSafeToExecute @L140223
0x6ace6a8,28,Execute @L140236
0x6ace704,8,GetObjectForTimerManager @L140260
0x6ace724,156,CreateCopy @L140273
0x6acea1c,8,FUN_06acea1c @L140312
0x6aceabc,8,FUN_06aceabc @L140320
0x6acec54,384,Emplace<TKeyInitializer<UNiagaraParameterCollection*const&>> @L140329
0x6acf638,412,Emplace<TPairInitializer<UNiagaraSystem*const&;TSharedRef<FNiagaraSystemSimulation;(ESPMode)1>const&>> @L140408
0x6ad00ec,144,ResizeGrow @L140509
0x6ad0204,540,UnhashElements @L140554
0x6ad1250,244,Remove @L140725
0x6ad14f4,284,ResizeTo @L140775
0x6ad1bb4,396,TTuple<UNiagaraEffectType*const&;FNiagaraScalabilityManager;(void*)0> @L140842
0x6ad20a0,12,Get_Z_Construct_UScriptStruct_FMovieSceneNiagaraBoolParameterSectionTemplate_Hash @L140938
0x6ad215c,76,Z_Construct_UScriptStruct_FMovieSceneNiagaraParameterSectionTemplate @L140949
0x6ad247c,116,InternalConstructor<UMovieSceneNiagaraBoolParameterTrack> @L140968
0x6ad2734,4,EmptyLinkFunctionForGeneratedCodeMovieSceneNiagaraColorParameterSectionTemplate @L140996
0x6ad27b4,76,Z_Construct_UScriptStruct_FMovieSceneNiagaraColorParameterSectionTemplate @L141007
0x6ad28bc,4,EmptyLinkFunctionForGeneratedCodeMovieSceneNiagaraColorParameterTrack @L141026
0x6ad2980,188,StaticClass @L141037
0x6ad2ff0,76,Z_Construct_UClass_UMovieSceneNiagaraFloatParameterTrack @L141057
0x6ad329c,4,EmptyLinkFunctionForGeneratedCodeMovieSceneNiagaraIntegerParameterSectionTemplate @L141075
0x6ad32a0,124,StaticStruct @L141086
0x6ad34e8,188,StaticClass @L141106
0x6ad3994,192,Z_Construct_UClass_UMovieSceneNiagaraParameterTrack_NoRegister @L141126
0x6ad3f24,112,FUN_06ad3f24 @L141147
0x6ad43fc,8,InternalVTableHelperCtorCaller<UMovieSceneNiagaraSystemSpawnSection> @L141164
0x6ad44c0,48,UMovieSceneNiagaraSystemSpawnSection @L141175
0x6ad4778,68,InternalConstructor<UMovieSceneNiagaraSystemTrack> @L141189
0x6ad48bc,4,EmptyLinkFunctionForGeneratedCodeMovieSceneNiagaraSystemTrackTemplate @L141207
0x6ad493c,76,Z_Construct_UScriptStruct_FMovieSceneNiagaraSystemTrackImplementation @L141218
0x6ad4b0c,12,Get_Z_Construct_UScriptStruct_FMovieSceneNiagaraSystemTrackTemplate_Hash @L141237
0x6ad4b94,52,NewStructOps @L141248
0x6ad4e58,4,EmptyLinkFunctionForGeneratedCodeMovieSceneNiagaraVectorParameterSectionTemplate @L141263
0x6ad4e5c,124,StaticStruct @L141274
0x6ad5160,76,Z_Construct_UClass_UMovieSceneNiagaraVectorParameterTrack @L141294
0x6ad5414,168,execOnNiagaraSystemFinished @L141312
0x6ad5898,16,NewProp_bDestroyOnSystemFinish_SetBit @L141350
0x6ad5968,12,InternalConstructor<ANiagaraActor> @L141361
0x6ad5a70,112,StaticEnum<ENiagaraBakerViewMode> @L141372
0x6ad5c70,12,Get_Z_Construct_UScriptStruct_FNiagaraBakerTextureSettings_Hash @L141392
0x6ad5d2c,76,Z_Construct_UScriptStruct_FNiagaraBakerTextureSource @L141403
0x6ad603c,16,NewProp_bUseCameraAspectRatio_SetBit @L141421
0x6ad605c,76,Z_Construct_UClass_UNiagaraBakerSettings @L141433
0x6ad637c,12,Get_Z_Construct_UEnum_Niagara_ENiagaraCollisionMode_Hash @L141450
0x6ad6388,76,Z_Construct_UEnum_Niagara_ENiagaraCollisionMode @L141461
0x6ad64c4,76,Z_Construct_UEnum_Niagara_ENiagaraFunctionDebugState @L141478
0x6ad6728,12,Get_Z_Construct_UEnum_Niagara_ENCPoolMethod_Hash @L141495
0x6ad6734,76,Z_Construct_UEnum_Niagara_ENCPoolMethod @L141506
0x6ad6998,12,Get_Z_Construct_UEnum_Niagara_ENiagaraRendererSourceDataMode_Hash @L141523
0x6ad69f0,112,StaticEnum<ENiagaraBindingSource> @L141534
0x6ad6d40,12,Get_Z_Construct_UEnum_Niagara_ENiagaraScriptGroup_Hash @L141554
0x6ad6e08,112,FUN_06ad6e08 @L141565
0x6ad7140,112,StaticEnum<ENiagaraScriptCompileStatus> @L141582
0x6ad74e8,112,StaticEnum<ENiagaraStatDisplayMode> @L141602
0x6ad78b4,112,FUN_06ad78b4 @L141622
0x6ad7bec,112,StaticEnum<ENiagaraDefaultMode> @L141639
0x6ad7f94,112,StaticEnum<ENiagaraTickBehavior> @L141659
0x6ad82b0,124,StaticStruct @L141679
0x6ad8708,52,NewStructOps @L141698
0x6ad88c0,124,StaticStruct @L141713
0x6ad8c9c,124,StaticStruct<FNiagaraVariableAttributeBinding> @L141733
0x6ad90f0,76,Z_Construct_UScriptStruct_FVMExternalFunctionBindingInfo @L141754
0x6ad92cc,124,StaticStruct<FVMFunctionSpecifier> @L141772
0x6ad9650,52,NewStructOps @L141793
0x6ad9814,124,StaticStruct @L141808
0x6ad9c8c,12,Get_Z_Construct_UScriptStruct_FNiagaraDataSetProperties_Hash @L141827
0x6ad9c98,124,StaticStruct<FNiagaraDataSetProperties> @L141838
0x6ad9f34,8,HasNetSerializer @L141859
0x6ad9f68,8,IsPlainOldData @L141871
0x6ada0ec,8,HasExportTextItem @L141882
0x6ada120,8,HasSerializeFromMismatchedTag @L141895
0x6ada130,8,SerializeFromMismatchedTag @L141908
0x6ada248,8,HasNoopConstructor @L141921
0x6ada268,8,HasDestructor @L141934
0x6ada288,8,HasStructuredSerializer @L141945
0x6ada2b4,8,HasNetSharedSerialization @L141958
0x6ada2dc,4,PostScriptConstruct @L141971
0x6ada348,12,Identical @L141983
0x6ada388,8,HasSerializeFromMismatchedTag @L141999
0x6ada3b0,32,GetStructTypeHash @L142012
0x6ada81c,4,~TCppStructOps @L142026
0x6ada858,8,HasSerializer @L142040
0x6ada870,8,Serialize @L142051
0x6ada880,4,PostSerialize @L142063
0x6ada8b8,8,IsPlainOldData @L142075
0x6adaa4c,8,HasIdentical @L142087
0x6adaa70,8,HasImportTextItem @L142098
0x6adaa9c,8,HasStructuredSerializeFromMismatchedTag @L142111
0x6adaabc,32,GetStructTypeHash @L142124
0x6adabc4,8,HasZeroConstructor @L142138
0x6adabdc,8,HasDestructor @L142151
0x6adabf4,8,HasSerializer @L142163
0x6adabfc,8,HasStructuredSerializer @L142175
0x6adac20,8,HasNetSerializer @L142188
0x6adac40,8,NetDeltaSerialize @L142201
0x6adadd4,12,Identical @L142214
0x6adae00,8,HasAddStructReferencedObjects @L142230
0x6adae1c,8,HasStructuredSerializeFromMismatchedTag @L142243
0x6adae34,8,HasGetTypeHash @L142256
0x6adae64,8,IsAbstract @L142269
0x6adaf2c,12,ClassPackage @L142281
0x6adaf44,8,HasZeroConstructor @L142291
0x6adaf54,8,ConstructForTests @L142302
0x6adaf9c,4,PostSerialize @L142316
0x6adafb8,8,HasNetDeltaSerializer @L142328
0x6adafd0,4,PostScriptConstruct @L142341
0x6adb0ac,8,HasIdentical @L142353
0x6adb0d0,8,HasImportTextItem @L142364
0x6adb0e8,12,AddStructReferencedObjects @L142375
0x6adb144,8,IsAbstract @L142387
0x6adb2d8,12,ClassPackage @L142398
0x6adb3ac,4,~TCppStructOps @L142408
0x6adb3d8,16,Destruct @L142421
0x6adb41c,8,HasNetSharedSerialization @L142436
0x6adb444,4,PostScriptConstruct @L142449
0x6adb48c,8,HasIdentical @L142461
0x6adb4b0,8,HasImportTextItem @L142472
0x6adb4c8,12,AddStructReferencedObjects @L142483
0x6adb4f4,8,HasGetTypeHash @L142495
0x6adb530,4,~TCppStructOps @L142506
0x6adb5c4,4,PostSerialize @L142519
0x6adb5f8,4,PostScriptConstruct @L142531
0x6adb654,8,HasExportTextItem @L142543
0x6adb674,8,HasAddStructReferencedObjects @L142554
0x6adb6a0,8,StructuredSerializeFromMismatchedTag @L142567
0x6adb6d8,8,IsAbstract @L142580
0x6adb834,8,HasNoopConstructor @L142590
0x6adb854,8,HasDestructor @L142603
0x6adb87c,8,Serialize @L142615
0x6adb8a0,8,HasNetSharedSerialization @L142628
0x6adb8cc,8,IsPlainOldData @L142641
0x6adbcd8,8,HasImportTextItem @L142653
0x6adbcfc,8,HasSerializeFromMismatchedTag @L142666
0x6adbd0c,8,SerializeFromMismatchedTag @L142679
0x6adbe20,192,Register @L142692
0x6adc0f8,4,Destruct @L142711
0x6adc11c,8,HasPostSerialize @L142721
0x6adc164,8,HasCopy @L142731
0x6adc1bc,8,HasImportTextItem @L142741
0x6adc1e0,8,HasSerializeFromMismatchedTag @L142751
0x6adc200,8,HasGetTypeHash @L142762
0x6adc238,4,AddStructReferencedObjectsOrNot<FNiagaraBakerTextureSource> @L142772
0x6adc310,24,Construct @L142785
0x6adc374,4,PostSerialize @L142799
0x6adc3ac,8,IsPlainOldData @L142810
0x6adc40c,8,HasImportTextItem @L142820
0x6adc41c,8,HasAddStructReferencedObjects @L142830
0x6adc438,8,HasStructuredSerializeFromMismatchedTag @L142841
0x6adc450,8,HasGetTypeHash @L142854
0x6adc490,8,HasNoopConstructor @L142864
0x6adc538,152,ConstructForTests @L142874
0x6adc92c,8,HasNoopConstructor @L142917
0x6adc954,8,HasDestructor @L142927
0x6adc960,8,HasSerializer @L142937
0x6adc980,8,HasPostSerialize @L142947
0x6adc99c,8,NetSerialize @L142957
0x6adc9c0,8,IsPlainOldData @L142970
0x6adca10,8,HasExportTextItem @L142980
0x6adca20,8,HasImportTextItem @L142990
0x6adca4c,8,HasStructuredSerializeFromMismatchedTag @L143000
0x6adca8c,8,GetComputedPropertyFlags @L143011
0x6adcabc,8,ConstructForTests @L143021
0x6adcb34,8,NetSerialize @L143034
0x6adcc60,8,HasExportTextItem @L143047
0x6adcc9c,8,HasStructuredSerializeFromMismatchedTag @L143057
0x6adccb4,8,HasGetTypeHash @L143070
0x6adccec,4,AddStructReferencedObjectsOrNot<FNiagaraUserParameterBinding> @L143080
0x6adcd24,4,Destruct @L143093
0x6adcd48,8,HasPostSerialize @L143103
0x6adcd74,8,NetDeltaSerialize @L143113
0x6adcdd8,8,HasExportTextItem @L143126
0x6adce0c,8,HasSerializeFromMismatchedTag @L143136
0x6adce34,32,GetStructTypeHash @L143147
0x6adcefc,44,Destruct @L143159
0x6adcf88,8,IsPlainOldData @L143175
0x6add05c,8,HasExportTextItem @L143185
0x6add07c,8,HasAddStructReferencedObjects @L143196
0x6add0b0,8,HasGetTypeHash @L143209
0x6add0f0,8,HasNoopConstructor @L143219
0x6add1fc,8,HasSerializer @L143229
0x6add224,4,PostSerialize @L143239
0x6add230,8,HasNetSharedSerialization @L143251
0x6add258,4,PostScriptConstruct @L143262
0x6add2ac,12,Identical @L143273
0x6add2d8,8,HasAddStructReferencedObjects @L143289
0x6add2ec,8,HasSerializeFromMismatchedTag @L143301
0x6add30c,8,HasGetTypeHash @L143313
0x6add348,4,~TCppStructOps @L143323
0x6add4d8,8,Serialize @L143336
0x6add504,8,HasNetDeltaSerializer @L143347
0x6add520,8,IsPlainOldData @L143358
0x6add658,8,HasExportTextItem @L143368
0x6add678,8,HasAddStructReferencedObjects @L143378
0x6add68c,8,HasSerializeFromMismatchedTag @L143390
0x6add6ac,8,HasGetTypeHash @L143402
0x6add6dc,8,IsAbstract @L143412
0x6add6fc,72,Construct @L143422
0x6add9fc,8,HasAddStructReferencedObjects @L143446
0x6adda28,8,StructuredSerializeFromMismatchedTag @L143456
0x6adda68,4,AddStructReferencedObjectsOrNot<FNiagaraVariableInfo> @L143468
0x6addae8,8,HasSerializer @L143480
0x6addaf8,8,Serialize @L143490
0x6addb14,8,HasNetSerializer @L143502
0x6addb50,8,HasCopy @L143512
0x6addbcc,8,HasImportTextItem @L143522
0x6addbf8,8,HasStructuredSerializeFromMismatchedTag @L143532
0x6addc38,8,GetComputedPropertyFlags @L143545
0x6adde64,120,ResizeForCopy @L143555
0x6ade100,8,ImportTextItem @L143590
0x6ade13c,8,HasGetTypeHash @L143603
0x6ade174,140,ResizeForCopy @L143613
0x6ade2fc,8,HasImportTextItem @L143644
0x6ade30c,8,HasAddStructReferencedObjects @L143654
0x6ade330,8,SerializeFromMismatchedTag @L143664
0x6ade390,12,Construct @L143677
0x6ade3e0,8,HasNetSerializer @L143692
0x6ade3f8,8,HasNetDeltaSerializer @L143702
0x6ade424,44,Copy @L143712
0x6ade4f8,8,HasNoopConstructor @L143736
0x6ade574,8,HasSerializer @L143747
0x6ade59c,4,PostSerialize @L143757
0x6ade5c8,8,HasPostScriptConstruct @L143769
0x6ade630,8,HasExportTextItem @L143780
0x6ade664,8,HasSerializeFromMismatchedTag @L143791
0x6ade68c,32,GetStructTypeHash @L143804
0x6ade730,8,HasSerializer @L143818
0x6ade75c,8,HasNetSerializer @L143828
0x6ade7a0,44,Copy @L143838
0x6ade874,8,HasNoopConstructor @L143878
0x6ade944,8,HasStructuredSerializer @L143888
0x6ade964,4,PostSerialize @L143898
0x6ade99c,8,IsPlainOldData @L143909
0x6adea04,12,Identical @L143919
0x6adea5c,8,StructuredSerializeFromMismatchedTag @L143935
0x6adec24,408,CopyToEmpty<FNiagaraVariable;int> @L143947
0x6adf3a4,8,HasGetTypeHash @L144034
0x6ae0c28,192,Z_Construct_UClass_UNiagaraComponent_NoRegister @L144044
0x6ae13e4,176,execSetRenderingEnabled @L144064
0x6ae1848,248,execSetVariableTextureRenderTarget @L144102
0x6ae1c30,248,execSetVariableActor @L144158
0x6ae232c,256,execSetNiagaraVariableFloat @L144213
0x6ae2b14,264,execSetNiagaraVariableVec4 @L144271
0x6ae31e4,56,execGetLockDesiredAgeDeltaTimeToSeekDelta @L144332
0x6ae33a8,168,execSeekToDesiredAge @L144353
0x6ae38a0,188,StaticRegisterNativesUNiagaraComponent @L144391
0x6ae3d54,76,Z_Construct_UFunction_UNiagaraComponent_GetLockDesiredAgeDeltaTimeToSeekDelta @L144411
0x6ae3ed0,76,Z_Construct_UFunction_UNiagaraComponent_GetPreviewLODDistance @L144430
0x6ae40b0,76,Z_Construct_UFunction_UNiagaraComponent_IsPaused @L144448
0x6ae42e8,76,Z_Construct_UFunction_UNiagaraComponent_SetAutoDestroy @L144466
0x6ae4494,76,Z_Construct_UFunction_UNiagaraComponent_SetLockDesiredAgeDeltaTimeToSeekDelta @L144484
0x6ae46b4,76,Z_Construct_UFunction_UNiagaraComponent_SetNiagaraVariableObject @L144503
0x6ae483c,76,Z_Construct_UFunction_UNiagaraComponent_SetPaused @L144521
0x6ae4a1c,76,Z_Construct_UFunction_UNiagaraComponent_SetVariableActor @L144539
0x6ae4bf0,76,Z_Construct_UFunction_UNiagaraComponent_SetVariableObject @L144557
0x6ae4d20,76,Z_Construct_UFunction_UNiagaraComponent_SetVariableVec3 @L144575
0x6ae4fb0,124,UNiagaraComponent @L144593
0x6ae51e4,76,Z_Construct_UScriptStruct_FNCPoolElement @L144619
0x6ae5328,4,StaticRegisterNativesUNiagaraComponentPool @L144636
0x6ae549c,76,Z_Construct_UClass_UNiagaraComponentPool @L144646
0x6ae56b8,4,EmptyLinkFunctionForGeneratedCodeNiagaraComponentRendererProperties @L144663
0x6ae5718,76,Z_Construct_UScriptStruct_FNiagaraComponentPropertyBinding @L144674
0x6ae5770,92,StaticStruct<FNiagaraComponentPropertyBinding> @L144693
0x6ae5aa4,8,InternalVTableHelperCtorCaller<UNiagaraComponentRendererProperties> @L144713
0x6ae5b6c,320,UNiagaraComponentRendererProperties @L144724
0x6ae626c,184,StaticClass @L144800
0x6ae6730,8,InternalVTableHelperCtorCaller<UNiagaraDataInterface> @L144820
0x6ae6738,192,StaticClass<UNiagaraDataInterface> @L144830
0x6ae6c98,192,StaticClass @L144850
0x6ae7148,188,GetPrivateStaticClass @L144870
0x6ae75c4,188,StaticClass<UNiagaraDataInterfaceArrayFloat2> @L144890
0x6ae7b44,188,StaticClass @L144911
0x6ae7ff8,188,GetPrivateStaticClass @L144931
0x6ae8460,12,InternalConstructor<UNiagaraDataInterfaceArrayQuat> @L144951
0x6ae8588,220,~UNiagaraComponent @L144963
0x6ae8864,8,SerializeFromMismatchedTag @L145010
0x6ae88b0,192,Register @L145023
0x6ae8c68,8,NetSerialize @L145042
0x6ae8c9c,44,Copy @L145055
0x6ae8d60,8,IsAbstract @L145076
0x6ae8e3c,8,HasZeroConstructor @L145086
0x6ae9050,8,Destruct @L145096
0x6ae9084,8,HasNetSerializer @L145109
0x6ae909c,8,HasNetDeltaSerializer @L145119
0x6ae90b4,4,PostScriptConstruct @L145130
0x6ae90c8,80,Copy @L145141
0x6ae9188,32,GetStructTypeHash @L145159
0x6ae9594,4,AddStructReferencedObjectsOrNot<FNiagaraComponentPropertyBinding> @L145171
0x6ae9664,8,HasNoopConstructor @L145184
0x6ae9680,16,ConstructForTests @L145194
0x6ae96dc,8,Serialize @L145210
0x6ae96ec,4,PostSerialize @L145221
0x6ae9718,8,HasPostScriptConstruct @L145233
0x6ae9734,176,Copy @L145244
0x6ae9b1c,192,Register @L145288
0x6aea090,12,ClassPackage @L145307
0x6aea09c,188,Register @L145317
0x6aeb220,320,execGetNiagaraArrayVector4Value @L145337
0x6aebab4,460,execSetNiagaraArrayQuatValue @L145413
0x6aec3b4,460,execSetNiagaraArrayFloatValue @L145512
0x6aed004,324,execSetNiagaraArrayInt32 @L145611
0x6aed658,324,execSetNiagaraArrayVector2D @L145689
0x6aedb44,76,Z_Construct_UFunction_UNiagaraDataInterfaceArrayFunctionLibrary_GetNiagaraArrayColor @L145768
0x6aedcc0,76,Z_Construct_UFunction_UNiagaraDataInterfaceArrayFunctionLibrary_GetNiagaraArrayInt32Value @L145787
0x6aede3c,76,Z_Construct_UFunction_UNiagaraDataInterfaceArrayFunctionLibrary_GetNiagaraArrayVector2DValue @L145806
0x6aedfd0,76,Z_Construct_UFunction_UNiagaraDataInterfaceArrayFunctionLibrary_SetNiagaraArrayBoolValue @L145826
0x6aee1b0,12,NewProp_bSizeToFit_SetBit @L145845
0x6aee254,12,NewProp_bSizeToFit_SetBit @L145858
0x6aee260,76,Z_Construct_UFunction_UNiagaraDataInterfaceArrayFunctionLibrary_SetNiagaraArrayQuatValue @L145871
0x6aee440,12,NewProp_bSizeToFit_SetBit @L145890
0x6aee554,188,GetPrivateStaticClass @L145903
0x6aee9c4,12,InternalConstructor<UNiagaraDataInterfaceArrayInt32> @L145923
0x6aeea94,52,UNiagaraDataInterfaceArrayInt32 @L145935
0x6aeec90,188,GetPrivateStaticClass @L145952
0x6aef0d8,12,InternalConstructor<UNiagaraDataInterfaceAudioSubmix> @L145972
0x6aef0ec,188,StaticClass<UNiagaraDataInterfaceAudioSubmix> @L145984
0x6aef560,4,EmptyLinkFunctionForGeneratedCodeNiagaraDataInterfaceAudioPlayer @L146005
0x6aef564,4,StaticRegisterNativesUNiagaraDataInterfaceAudioPlayer @L146016
0x6aef568,188,Z_Construct_UClass_UNiagaraDataInterfaceAudioPlayer_NoRegister @L146026
0x6aef910,4,StaticRegisterNativesUNiagaraDataInterfaceAudioSpectrum @L146047
0x6aef9d0,188,StaticClass @L146058
0x6aefc98,4,StaticRegisterNativesUNiagaraDataInterfaceCamera @L146078
0x6aefe14,12,NewProp_bRequireCurrentFrameData_SetBit @L146088
0x6aefe20,76,Z_Construct_UClass_UNiagaraDataInterfaceCamera @L146101
0x6aeff28,12,InternalConstructor<UNiagaraDataInterfaceCamera> @L146118
0x6aefff8,60,UNiagaraDataInterfaceCamera @L146130
0x6af01b4,76,Z_Construct_UClass_UNiagaraDataInterfaceCollisionQuery @L146146
0x6af02d0,188,StaticClass<UNiagaraDataInterfaceCollisionQuery> @L146164
0x6af081c,252,UNiagaraDataInterfaceColorCurve @L146186
0x6af0bf4,8,InternalVTableHelperCtorCaller<UNiagaraDataInterfaceCubeTexture> @L146260
0x6af0cb8,64,UNiagaraDataInterfaceCubeTexture @L146270
0x6af0e78,76,Z_Construct_UClass_UNiagaraDataInterfaceCurlNoise @L146285
0x6af0f8c,8,InternalVTableHelperCtorCaller<UNiagaraDataInterfaceCurlNoise> @L146303
0x6af0f94,188,StaticClass<UNiagaraDataInterfaceCurlNoise> @L146313
0x6af1458,12,Serialize @L146334
0x6af1464,4,EmptyLinkFunctionForGeneratedCodeNiagaraDataInterfaceCurveBase @L146346
0x6af146c,188,Z_Construct_UClass_UNiagaraDataInterfaceCurveBase_NoRegister @L146357
0x6af18ac,188,GetPrivateStaticClass @L146378
0x6af1c74,52,NewStructOps @L146398
0x6af1f34,76,Z_Construct_UClass_UNiagaraParticleCallbackHandler @L146413
0x6af208c,192,GetPrivateStaticClass @L146431
0x6af25e4,188,GetPrivateStaticClass @L146451
0x6af2938,76,Z_Construct_UClass_UNiagaraDataInterfaceGBuffer @L146471
0x6af2a40,12,InternalConstructor<UNiagaraDataInterfaceGBuffer> @L146488
0x6af2a4c,8,InternalVTableHelperCtorCaller<UNiagaraDataInterfaceGBuffer> @L146500
0x6af2b10,48,UNiagaraDataInterfaceGBuffer @L146510
0x6af2b40,64,~UNiagaraDataInterfaceCurveBase @L146524
0x6af2d1c,136,~UNiagaraDataInterfaceCurve @L146542
0x6af30ac,12,ClassPackage @L146567
0x6af30b8,188,Register @L146577
0x6af355c,12,ClassPackage @L146597
0x6af3568,188,Register @L146607
0x6af3a0c,12,ClassPackage @L146628
0x6af3a18,188,Register @L146638
0x6af3be8,8,ImportTextItem @L146658
0x6af3c1c,8,StructuredSerializeFromMismatchedTag @L146671
0x6af3c5c,4,AddStructReferencedObjectsOrNot<FBasicParticleData> @L146683
0x6af3eb0,12,ClassPackage @L146694
0x6af49f8,4,EmptyLinkFunctionForGeneratedCodeNiagaraDataInterfaceGrid2DCollection @L146704
0x6af4b50,340,execGetRawTextureSize @L146715
0x6af505c,188,StaticClass @L146791
0x6af5260,76,Z_Construct_UFunction_UNiagaraDataInterfaceGrid2DCollection_GetTextureSize @L146811
0x6af5480,12,InternalConstructor<UNiagaraDataInterfaceGrid2DCollection> @L146830
0x6af5554,188,StaticClass<UNiagaraDataInterfaceGrid2DCollection> @L146842
0x6af5718,188,Z_Construct_UClass_UNiagaraDataInterfaceGrid2DCollectionReader_NoRegister @L146864
0x6af5af8,4,EmptyLinkFunctionForGeneratedCodeNiagaraDataInterfaceGrid3DCollection @L146886
0x6af5ca4,424,execGetRawTextureSize @L146897
0x6af631c,76,Z_Construct_UClass_UNiagaraDataInterfaceGrid3DCollection @L146990
0x6af640c,76,Z_Construct_UFunction_UNiagaraDataInterfaceGrid3DCollection_GetRawTextureSize @L147008
0x6af65bc,188,GetPrivateStaticClass @L147027
0x6af68f8,4,EmptyLinkFunctionForGeneratedCodeNiagaraDataInterfaceIntRenderTarget2D @L147047
0x6af68fc,4,StaticRegisterNativesUNiagaraDataInterfaceIntRenderTarget2D @L147058
0x6af6a78,76,Z_Construct_UClass_UNiagaraDataInterfaceRWBase @L147070
0x6af6b10,188,GetPrivateStaticClass @L147087
0x6af6e58,4,EmptyLinkFunctionForGeneratedCodeNiagaraDataInterfaceLandscape @L147107
0x6af6e5c,80,StaticEnum<ENDILandscape_SourceMode> @L147118
0x6af70d0,76,Z_Construct_UClass_UNiagaraDataInterfaceLandscape @L147137
0x6af71e4,8,InternalVTableHelperCtorCaller<UNiagaraDataInterfaceLandscape> @L147155
0x6af72a8,56,UNiagaraDataInterfaceLandscape @L147165
0x6af72e0,4,EmptyLinkFunctionForGeneratedCodeNiagaraDataInterfaceMeshCommon @L147182
0x6af7340,76,Z_Construct_UScriptStruct_FMeshTriCoordinate @L147193
0x6af73f4,52,NewStructOps @L147211
0x6af76b0,12,InternalConstructor<UNiagaraDataInterfaceMeshRendererInfo> @L147226
0x6af76bc,8,InternalVTableHelperCtorCaller<UNiagaraDataInterfaceMeshRendererInfo> @L147238
0x6af7780,52,UNiagaraDataInterfaceMeshRendererInfo @L147249
0x6af77b8,4,StaticRegisterNativesUNiagaraDataInterfaceNeighborGrid3D @L147265
0x6af77bc,188,Z_Construct_UClass_UNiagaraDataInterfaceNeighborGrid3D_NoRegister @L147277
0x6af7b6c,4,EmptyLinkFunctionForGeneratedCodeNiagaraDataInterfaceOcclusion @L147299
0x6af7b70,4,StaticRegisterNativesUNiagaraDataInterfaceOcclusion @L147310
0x6af7b74,188,Z_Construct_UClass_UNiagaraDataInterfaceOcclusion_NoRegister @L147320
0x6af7ef4,4,EmptyLinkFunctionForGeneratedCodeNiagaraDataInterfaceParticleRead @L147341
0x6af7ef8,4,StaticRegisterNativesUNiagaraDataInterfaceParticleRead @L147352
0x6af7efc,188,Z_Construct_UClass_UNiagaraDataInterfaceParticleRead_NoRegister @L147362
0x6af824c,100,UNiagaraDataInterfaceParticleRead @L147384
0x6af8430,76,Z_Construct_UClass_UNiagaraDataInterfacePlatformSet @L147414
0x6af854c,188,StaticClass<UNiagaraDataInterfacePlatformSet> @L147432
0x6af88e4,12,InternalConstructor<UNiagaraDataInterfaceRenderTarget2D> @L147453
0x6af88f0,8,InternalVTableHelperCtorCaller<UNiagaraDataInterfaceRenderTarget2D> @L147465
0x6af88f8,188,StaticClass<UNiagaraDataInterfaceRenderTarget2D> @L147476
0x6af8bec,16,NewProp_bOverrideFormat_SetBit @L147498
0x6af8d04,12,InternalConstructor<UNiagaraDataInterfaceRenderTarget2DArray> @L147511
0x6af8dd4,144,UNiagaraDataInterfaceRenderTarget2DArray @L147523
0x6af8fe4,16,NewProp_bInheritUserParameterSettings_SetBit @L147561
0x6af8ff4,16,NewProp_bOverrideFormat_SetBit @L147574
0x6af9050,188,GetPrivateStaticClass @L147587
0x6af93e8,16,NewProp_bInheritUserParameterSettings_SetBit @L147607
0x6af9408,76,Z_Construct_UClass_UNiagaraDataInterfaceRenderTargetVolume @L147620
0x6af96c4,80,FUN_06af96c4 @L147638
0x6af9714,12,Get_Z_Construct_UEnum_Niagara_ESetResolutionMethod_Hash @L147654
0x6af976c,4,StaticRegisterNativesUNiagaraDataInterfaceRWBase @L147665
0x6af9770,192,Z_Construct_UClass_UNiagaraDataInterfaceRWBase_NoRegister @L147675
0x6af9b48,12,InternalConstructor<UNiagaraDataInterfaceGrid3D> @L147696
0x6af9b5c,192,StaticClass<UNiagaraDataInterfaceGrid3D> @L147708
0x6af9f44,188,StaticClass @L147729
0x6afa354,80,FUN_06afa354 @L147749
0x6afa3fc,4,StaticRegisterNativesUNiagaraDataInterfaceSkeletalMesh @L147765
0x6afa588,12,NewProp_bRequireCurrentFrameData_SetBit @L147775
0x6afa69c,12,InternalConstructor<UNiagaraDataInterfaceSkeletalMesh> @L147788
0x6afa6a8,8,InternalVTableHelperCtorCaller<UNiagaraDataInterfaceSkeletalMesh> @L147800
0x6afa7c0,4,EmptyLinkFunctionForGeneratedCodeNiagaraDataInterfaceSpline @L147810
0x6afa7c4,4,StaticRegisterNativesUNiagaraDataInterfaceSpline @L147821
0x6afa7c8,188,Z_Construct_UClass_UNiagaraDataInterfaceSpline_NoRegister @L147831
0x6afab50,80,StaticEnum<ENDIStaticMesh_SourceMode> @L147852
0x6afabfc,76,Z_Construct_UEnum_Niagara_ENDIStaticMesh_SourceMode @L147871
0x6afacfc,92,StaticStruct<FNDIStaticMeshSectionFilter> @L147888
0x6afb028,8,InternalVTableHelperCtorCaller<UNiagaraDataInterfaceStaticMesh> @L147908
0x6afb030,188,StaticClass<UNiagaraDataInterfaceStaticMesh> @L147918
0x6afb4bc,12,Serialize @L147939
0x6afb4c8,4,EmptyLinkFunctionForGeneratedCodeNiagaraDataInterfaceVector2DCurve @L147951
0x6afb4cc,4,StaticRegisterNativesUNiagaraDataInterfaceVector2DCurve @L147962
0x6afb4d0,188,Z_Construct_UClass_UNiagaraDataInterfaceVector2DCurve_NoRegister @L147973
0x6afb8d0,4,StaticRegisterNativesUNiagaraDataInterfaceVector4Curve @L147995
0x6afb990,188,StaticClass @L148005
0x6afbd24,4,StaticRegisterNativesUNiagaraDataInterfaceVectorCurve @L148025
0x6afbea0,76,Z_Construct_UClass_UNiagaraDataInterfaceVectorCurve @L148035
0x6afbeec,188,GetPrivateStaticClass @L148053
0x6afc2f0,76,Z_Construct_UClass_UNiagaraDataInterfaceVectorField @L148073
0x6afc404,8,InternalVTableHelperCtorCaller<UNiagaraDataInterfaceVectorField> @L148091
0x6afc4c8,48,UNiagaraDataInterfaceVectorField @L148101
0x6afc678,76,Z_Construct_UClass_UNiagaraDataInterfaceVolumeTexture @L148115
0x6afc78c,8,InternalVTableHelperCtorCaller<UNiagaraDataInterfaceVolumeTexture> @L148133
0x6afc794,188,StaticClass<UNiagaraDataInterfaceVolumeTexture> @L148143
0x6afcb34,36,~UNiagaraDataInterfaceTexture @L148165
0x6afccd8,8,GetCurveNumElems @L148178
0x6afce04,8,GetCurveNumElems @L148188
0x6afceec,36,~UNiagaraDataInterfaceVectorCurve @L148198
0x6afcfd4,12,ClassPackage @L148212
0x6afcfe0,188,Register @L148222
0x6afd300,4,~TCppStructOps @L148243
0x6afd35c,8,HasDestructor @L148256
0x6afd364,4,Destruct @L148266
0x6afd368,8,HasSerializer @L148276
0x6afd370,8,HasStructuredSerializer @L148286
0x6afd388,8,HasPostSerialize @L148296
0x6afd39c,8,HasNetSharedSerialization @L148306
0x6afd3b4,8,NetDeltaSerialize @L148316
0x6afd3c8,8,IsPlainOldData @L148329
0x6afd404,12,Identical @L148339
0x6afd428,8,ImportTextItem @L148355
0x6afd45c,8,StructuredSerializeFromMismatchedTag @L148368
0x6afd49c,4,AddStructReferencedObjectsOrNot<FMeshTriCoordinate> @L148380
0x6afd630,188,Register @L148391
0x6afda0c,12,ClassPackage @L148411
0x6afdae0,188,Register @L148421
0x6afde0c,188,Register @L148442
0x6afe0f8,8,NetSerialize @L148463
0x6afe124,8,HasCopy @L148476
0x6afe1dc,8,ExportTextItem @L148486
0x6afe208,8,HasSerializeFromMismatchedTag @L148500
0x6afe228,8,HasGetTypeHash @L148511
0x6afe250,8,GetComputedPropertyFlags @L148521
0x6afe320,12,ClassPackage @L148531
0x6afe4b0,12,ClassPackage @L148541
0x6afe578,12,ClassPackage @L148551
0x6afe640,12,ClassPackage @L148561
0x6afe64c,188,Register @L148571
0x6afe800,8,HasDestructor @L148591
0x6afe898,8,HasPostSerialize @L148601
0x6afe8ac,8,HasNetSharedSerialization @L148611
0x6afe8c4,8,NetDeltaSerialize @L148622
0x6afe8e0,8,HasCopy @L148635
0x6afe9c4,8,HasExportTextItem @L148645
0x6afe9d4,8,HasImportTextItem @L148655
0x6afe9e4,8,HasAddStructReferencedObjects @L148665
0x6afea00,8,HasStructuredSerializeFromMismatchedTag @L148676
0x6afea18,8,HasGetTypeHash @L148689
0x6afea40,8,GetComputedPropertyFlags @L148699
0x6afeb68,4,~TCppStructOps @L148709
0x6afebb0,8,HasDestructor @L148722
0x6afec34,8,HasSerializer @L148732
0x6afec3c,8,HasStructuredSerializer @L148742
0x6afec54,8,HasPostSerialize @L148752
0x6afec5c,4,PostSerialize @L148762
0x6afec70,8,NetSerialize @L148774
0x6afec94,8,IsPlainOldData @L148787
0x6afed08,12,Identical @L148797
0x6afed34,8,HasAddStructReferencedObjects @L148813
0x6afed58,8,SerializeFromMismatchedTag @L148824
0x6afef58,4,AddStructReferencedObjectsOrNot<FNiagaraVariableLayoutInfo> @L148837
0x6b0011c,12,Get_Z_Construct_UEnum_Niagara_ENiagaraDebugHudVerbosity_Hash @L148850
0x6b00174,80,StaticEnum<ENiagaraDebugHudFont> @L148861
0x6b0026c,80,StaticEnum<ENiagaraDebugHudVAlign> @L148880
0x6b00410,76,Z_Construct_UEnum_Niagara_ENiagaraDebugHudHAlign @L148899
0x6b00554,92,StaticStruct @L148916
0x6b007a8,52,NewStructOps @L148934
0x6b00934,92,StaticStruct @L148949
0x6b00a9c,12,NewProp_bOverviewEnabled_SetBit @L148967
0x6b00ad8,12,NewProp_bSystemShowBounds_SetBit @L148980
0x6b00b94,12,NewProp_bShowParticleVariables_SetBit @L148993
0x6b00bb8,12,NewProp_bUseMaxParticlesToDisplay_SetBit @L149006
0x6b00be8,92,StaticStruct @L149019
0x6b00e8c,12,Get_Z_Construct_UScriptStruct_FNiagaraDebuggerOutlinerUpdate_Hash @L149037
0x6b00ef4,52,NewStructOps @L149048
0x6b01084,52,NewStructOps @L149063
0x6b01264,76,Z_Construct_UScriptStruct_FNiagaraDebuggerAcceptConnection @L149078
0x6b013a8,76,Z_Construct_UScriptStruct_FNiagaraDebuggerRequestConnection @L149097
0x6b01588,76,Z_Construct_UScriptStruct_FNiagaraOutlinerWorldData @L149116
0x6b01724,76,Z_Construct_UScriptStruct_FNiagaraOutlinerTimingData @L149134
0x6b0191c,92,StaticStruct<FNiagaraOutlinerSystemInstanceData> @L149152
0x6b01b5c,12,Get_Z_Construct_UScriptStruct_FNiagaraOutlinerTimingData_Hash @L149172
0x6b01bf8,4,StaticRegisterNativesUNiagaraDebugHUDSettings @L149183
0x6b01bfc,184,Z_Construct_UClass_UNiagaraDebugHUDSettings_NoRegister @L149193
0x6b0207c,12,Get_Z_Construct_UScriptStruct_FNiagaraGraphViewSettings_Hash @L149214
0x6b02088,92,StaticStruct<FNiagaraGraphViewSettings> @L149225
0x6b02494,48,UNiagaraEditorDataBase @L149245
0x6b02638,76,Z_Construct_UClass_UNiagaraEditorParametersAdapterBase @L149258
0x6b0277c,184,StaticClass<UNiagaraEditorParametersAdapterBase> @L149276
0x6b02b9c,76,Z_Construct_UScriptStruct_FNiagaraEmitterScalabilityOverride @L149298
0x6b02d98,76,Z_Construct_UScriptStruct_FNiagaraEmitterScalabilitySettingsArray @L149317
0x6b02ee8,92,StaticStruct<FNiagaraEmitterScalabilitySettings> @L149336
0x6b03174,12,Get_Z_Construct_UScriptStruct_FNiagaraSystemScalabilityOverride_Hash @L149356
0x6b031dc,52,NewStructOps @L149367
0x6b033f0,92,StaticStruct @L149382
0x6b036f8,184,GetPrivateStaticClass @L149400
0x6b03b94,8,InternalVTableHelperCtorCaller<UNiagaraSignificanceHandlerDistance> @L149420
0x6b03c58,48,UNiagaraSignificanceHandlerDistance @L149431
0x6b03e50,188,GetPrivateStaticClass @L149445
0x6b042b0,12,InternalConstructor<UNiagaraEffectType> @L149465
0x6b043bc,12,Serialize @L149476
0x6b043c8,4,EmptyLinkFunctionForGeneratedCodeNiagaraEmitter @L149487
0x6b043cc,80,StaticEnum<EParticleAllocationMode> @L149498
0x6b045bc,92,StaticStruct @L149517
0x6b04810,52,NewStructOps @L149535
0x6b049e0,76,Z_Construct_UScriptStruct_FNiagaraEventGeneratorProperties @L149550
0x6b04c1c,4,StaticRegisterNativesUNiagaraEmitter @L149569
0x6b04c20,180,Z_Construct_UClass_UNiagaraEmitter_NoRegister @L149579
0x6b0528c,916,~UNiagaraEmitter @L149599
0x6b062ec,248,operator= @L149820
0x6b06698,4,~TCppStructOps @L149886
0x6b066f4,8,HasStructuredSerializer @L149899
0x6b06704,8,Serialize @L149909
0x6b06730,8,HasNetDeltaSerializer @L149920
0x6b0674c,8,IsPlainOldData @L149930
0x6b067ac,8,ImportTextItem @L149940
0x6b067d0,8,HasStructuredSerializeFromMismatchedTag @L149953
0x6b067f0,32,GetStructTypeHash @L149966
0x6b06878,8,HasDestructor @L149978
0x6b068ec,8,Serialize @L149988
0x6b06904,4,PostSerialize @L150000
0x6b0693c,8,IsPlainOldData @L150012
0x6b06a28,12,Identical @L150022
0x6b06a5c,12,AddStructReferencedObjects @L150038
0x6b06d44,580,Empty @L150049
0x6b07934,32,GetStructTypeHash @L150188
0x6b0799c,4,Destruct @L150202
0x6b079a8,8,HasStructuredSerializer @L150212
0x6b079c8,4,PostSerialize @L150223
0x6b07a00,8,IsPlainOldData @L150235
0x6b07a34,8,HasIdentical @L150245
0x6b07a68,8,HasAddStructReferencedObjects @L150255
0x6b07a84,8,HasStructuredSerializeFromMismatchedTag @L150267
0x6b07ac4,8,GetComputedPropertyFlags @L150280
0x6b07aec,12,Construct @L150292
0x6b07b44,8,HasNetSharedSerialization @L150308
0x6b07b80,36,Copy @L150319
0x6b07c74,8,HasDestructor @L150347
0x6b07c98,8,Serialize @L150357
0x6b07ccc,8,NetDeltaSerialize @L150368
0x6b07d28,8,HasExportTextItem @L150381
0x6b07d48,8,HasAddStructReferencedObjects @L150391
0x6b07d7c,8,HasGetTypeHash @L150403
0x6b07dbc,8,HasNoopConstructor @L150413
0x6b07e7c,8,HasSerializer @L150423
0x6b07e9c,8,HasPostSerialize @L150433
0x6b07eb0,8,HasNetSharedSerialization @L150443
0x6b07ed8,4,PostScriptConstruct @L150453
0x6b07fdc,8,ExportTextItem @L150463
0x6b08030,32,GetStructTypeHash @L150477
0x6b08100,92,Destruct @L150488
0x6b082f4,12,AddStructReferencedObjects @L150515
0x6b08328,32,GetStructTypeHash @L150525
0x6b08380,16,ConstructForTests @L150536
0x6b083d4,8,HasNetSharedSerialization @L150554
0x6b08400,8,IsPlainOldData @L150564
0x6b08484,8,ExportTextItem @L150574
0x6b084c0,8,SerializeFromMismatchedTag @L150588
0x6b085dc,8,HasNoopConstructor @L150601
0x6b085fc,8,HasDestructor @L150612
0x6b08688,8,HasStructuredSerializer @L150622
0x6b086a0,8,HasPostSerialize @L150633
0x6b086bc,8,NetSerialize @L150643
0x6b086f0,176,Copy @L150656
0x6b08b00,8,HasAddStructReferencedObjects @L150707
0x6b08b1c,8,HasStructuredSerializeFromMismatchedTag @L150720
0x6b08b5c,8,GetComputedPropertyFlags @L150733
0x6b08b84,8,Construct @L150745
0x6b08bb8,8,Serialize @L150758
0x6b08bcc,8,HasNetSerializer @L150769
0x6b08bf4,8,HasPostScriptConstruct @L150779
0x6b08cc0,8,HasExportTextItem @L150789
0x6b08ce8,12,AddStructReferencedObjects @L150799
0x6b08d4c,4,AddStructReferencedObjectsOrNot<FNiagaraOutlinerTimingData> @L150809
0x6b08e28,28,Construct @L150822
0x6b08e94,4,PostSerialize @L150840
0x6b08ec0,8,HasPostScriptConstruct @L150851
0x6b08f24,8,ExportTextItem @L150861
0x6b08f68,8,StructuredSerializeFromMismatchedTag @L150875
0x6b08fa0,8,IsAbstract @L150887
0x6b09070,184,Register @L150897
0x6b09558,8,Construct @L150918
0x6b095c4,8,Serialize @L150931
0x6b095e0,8,HasNetSharedSerialization @L150942
0x6b09600,8,HasPostScriptConstruct @L150953
0x6b09748,8,HasIdentical @L150964
0x6b09774,8,ImportTextItem @L150974
0x6b097d8,8,GetComputedPropertyFlags @L150987
0x6b097f8,8,HasZeroConstructor @L150999
0x6b09818,120,Destruct @L151010
0x6b09a04,8,HasStructuredSerializeFromMismatchedTag @L151048
0x6b09a1c,8,HasGetTypeHash @L151061
0x6b09a4c,8,IsAbstract @L151072
0x6b09c14,8,HasZeroConstructor @L151082
0x6b09c2c,8,HasDestructor @L151093
0x6b09c70,8,HasSerializer @L151103
0x6b09c88,8,Serialize @L151113
0x6b09c9c,8,HasNetSerializer @L151124
0x6b09cb4,8,HasNetDeltaSerializer @L151134
0x6b09cd8,8,HasCopy @L151145
0x6b09e20,8,HasImportTextItem @L151155
0x6b09e44,8,HasSerializeFromMismatchedTag @L151165
0x6b09e5c,8,StructuredSerializeFromMismatchedTag @L151178
0x6b09e94,8,IsAbstract @L151191
0x6b09eac,8,HasZeroConstructor @L151201
0x6b09f44,8,HasSerializer @L151212
0x6b09f5c,8,Serialize @L151222
0x6b09f80,8,NetSerialize @L151233
0x6b09fac,8,HasCopy @L151246
0x6b0a08c,8,HasImportTextItem @L151256
0x6b0a0a4,12,AddStructReferencedObjects @L151266
0x6b0a100,8,IsAbstract @L151277
0x6b0a2c4,4,~TCppStructOps @L151287
0x6b0a334,8,HasStructuredSerializer @L151300
0x6b0a34c,8,HasPostSerialize @L151311
0x6b0a358,8,HasNetSerializer @L151321
0x6b0a378,8,NetDeltaSerialize @L151331
0x6b0a39c,300,Copy @L151344
0x6b0a9f8,8,HasSerializer @L151413
0x6b0aa18,8,HasPostSerialize @L151423
0x6b0aa24,8,HasNetSerializer @L151433
0x6b0aa44,8,NetDeltaSerialize @L151443
0x6b0ab8c,8,HasIdentical @L151456
0x6b0abb8,8,ImportTextItem @L151466
0x6b0abec,8,StructuredSerializeFromMismatchedTag @L151479
0x6b0ac30,184,Register @L151492
0x6b0afd4,4,PostScriptConstruct @L151512
0x6b0b01c,12,Identical @L151523
0x6b0b06c,8,SerializeFromMismatchedTag @L151539
0x6b0b0b8,4,~TCppStructOps @L151552
0x6b0b1fc,4,PostSerialize @L151565
0x6b0b228,8,HasPostScriptConstruct @L151577
0x6b0b31c,8,HasIdentical @L151587
0x6b0b350,8,HasAddStructReferencedObjects @L151597
0x6b0b36c,8,HasStructuredSerializeFromMismatchedTag @L151608
0x6b0b3ac,8,GetComputedPropertyFlags @L151621
0x6b0b484,8,HasNoopConstructor @L151632
0x6b0b4a4,16,ConstructForTests @L151642
0x6b0b58c,8,Serialize @L151659
0x6b0b5b8,8,NetSerialize @L151671
0x6b0b5d8,4,PostScriptConstruct @L151684
0x6b0b5ec,192,Copy @L151695
0x6b0b874,8,IsPlainOldData @L151741
0x6b0b984,8,ImportTextItem @L151751
0x6b0b9b8,8,StructuredSerializeFromMismatchedTag @L151764
0x6b0b9e8,8,GetComputedPropertyFlags @L151777
0x6b0ba10,16,Construct @L151789
0x6b0ba78,8,NetSerialize @L151806
0x6b0bb00,8,HasImportTextItem @L151819
0x6b0bb18,12,AddStructReferencedObjects @L151829
0x6b0bb74,8,IsAbstract @L151840
0x6b0bc40,5228,_INIT_240 @L151850; _INIT_240: Niagara静态数据初始化(186处Niagara符号)
0x6b375c0,296,StaticGetTypeLayout @L152412
0x6b37a64,20,ModifyCompilationEnvironmentImpl @L152449
0x6b37bb8,5772,_INIT_252 @L152463; _INIT_252: Niagara静态数据初始化(FNiagaraShaderMap::GIdToNiagaraShaderMap清零等)
0x6bf9d40,36,~FAzureSlateTextLayoutWithPage @L153323
0x6bf9d64,20,OnLayoutFinish @L153336
0x6bf9eb0,204,~TSlotlessChildren @L153350
0x6bf9f84,44,GetChildAt @L153412
0x6bf9fdc,120,GetSlotAt @L153445
0x6bfa314,136,ResizeTo @L153463
0x6bfbc9c,136,ResizeTo @L153507
0x6bfc0cc,164,ResizeTo @L153550
0x6bfc298,4,~TBaseFunctorDelegateInstance @L153592
0x6bfc2ac,8,GetBoundProgramCounterForTimerManager @L153610
0x6bfc2bc,8,IsSafeToExecute @L153625
0x6bfc2cc,156,CreateCopy @L153640
0x6bfc544,4,~TCommonDelegateInstanceState @L153681
0x6bfc548,852,FAzureSlateTextBlockLayoutWithPage @L153700
0x6bfd250,120,ExecuteIfSafe @L153937
0x6bfd2c8,4,~TCommonDelegateInstanceState @L153965
0x6bfd35c,272,AddUninitialized @L153984
0x6bfda78,376,PrivateAllocateWidget @L154060
0x6bfe318,36,~SAzureHTMLTextBlockMultiSection @L154185
0x6bfe33c,552,OnMouseButtonDown @L154199; UUMGCustomStatics输入派发OnMouseButtonDown->OnClickDelegate
0x6bfef98,8,GetChildren @L154308
0x6bfefa0,596,ComputeVolatility @L154319
0x6bff1f4,496,OnPaint @L154389
0x6bff638,3372,Construct @L154475; SAzureHTMLTextBlockMultiSection::Construct Azure HTML多段文本Slate控件
0x6c086b8,124,~SAzureInfinitePanel @L155259
0x6c098d8,132,~SAzureInfinitePanel @L155289
0x6c099c4,16,GetSlotAt @L155320
0x6c09a3c,104,~FAzureInfiniteList @L155330
0x6c09ac8,272,ResizeGrow @L155358
0x6c0a104,136,ResizeTo @L155422
0x6c0a298,256,Emplace<TPairInitializer<FString&&;FAzureLuaDynamicTypeData&&>> @L155465
0x6c0a4b8,560,EmplaceImpl @L155532
0x6c0b0f0,664,operator= @L155675
0x6c0b844,640,EmplaceImpl @L155858
0x6c0c43c,540,UnhashElements @L156034
0x6c0d20c,8,DestroyObject @L156205
0x6c0d214,4,~TIntrusiveReferenceController @L156225
0x6c0d218,492,InitInstanceBuffer @L156243
0x6c0da08,8,GetUObject @L156401
0x6c0da10,8,GetObjectForTimerManager @L156416
0x6c0da4c,36,IsCompactable @L156432
0x6c0da70,32,IsSafeToExecute @L156449
0x6c0db84,100,ExecuteIfSafe @L156466
0x6c0dd08,152,ResizeShrink @L156494
0x6c0e1f4,4,~TIntrusiveReferenceController @L156535
0x6c0e3e4,444,~FAzureInstanceBufferHolder @L156554
0x6c0e92c,8,DestroyObject @L156684
0x6c0ea78,36,~SInstancedBMText @L156697
0x6c0eaa0,12,ComputeDesiredSize @L156709
0x6c0ee88,260,OnInstanceAdded @L156721
0x6c0f168,232,OnAllInstancesRemoved @L156807
0x6c0f42c,292,~FInstanceReorderArray @L156863
0x6c0fee0,440,FInstanceReorderArray @L156929
0x6c10098,528,UpdateTransformBufferForIndex @L157035
0x6c10860,152,ResizeShrink @L157160
0x6c10a20,296,Remove @L157201
0x6c10be0,144,ResizeGrow @L157276
0x6c10d90,472,EmplaceImpl @L157319
0x6c11498,480,EmplaceImpl @L157428
0x6c11a80,536,UnhashElements @L157538
0x6c12934,212,ClearDataForInstance @L157707
0x6c12ebc,204,Reset @L157745
0x6c1307c,244,Clear @L157797
0x6c13760,36,IsCompactable @L157856
0x6c13890,92,ExecuteIfSafe @L157873
0x6c13938,36,IsCompactable @L157900
0x6c13a20,56,Execute @L157917
0x6c13b10,32,IsSafeToExecute @L157944
0x6c13c2c,100,ExecuteIfSafe @L157961
0x6c13d20,8,GetHandle @L157988
0x6c13e90,8,GetUObject @L158000
0x6c13ea8,44,HasSameObject @L158016
0x6c140c0,4,~TCommonDelegateInstanceState @L158034
0x6c141fc,1904,_INIT_258 @L158053
0x6c287e0,8,GetDynamicMaterial @L158329
0x6c287e8,144,MarkMaterialNotUsed @L158340
0x6c288c8,764,AddReferencedObjects @L158379
0x6c2961c,308,KeyEventOccurred @L158571
0x6c2a4ac,1008,RebuildWidget @L158629
0x6c2c178,20,AutoProgress @L158951
0x6c2c18c,800,AutoProgress @L158968
0x6c2d15c,256,OnPressDelegates @L159174
0x6c2d3d8,856,UncheckOhters @L159224
0x6c2dea4,312,SynchronizeProperties @L159383
0x6c2e0a8,384,UAzureRichTextBlock @L159491
0x6c2fa84,544,Create @L159587
0x6c3057c,440,SynchronizeProperties @L159742
0x6c30b6c,184,SetMinDesiredWidth @L159857
0x6c30c24,600,SetText @L159900
0x6c30e7c,140,Serialize @L160064
0x6c30f30,52,~FAzureRichTextDecorator @L160103
0x6c30fa0,1704,Create @L160116
0x6c334b4,2656,SetText @L160544
0x6c3f50c,60,ScrollOffset2FirstIndex @L161333
0x6c3f548,44,SetCellCount @L161347
0x6c3f574,96,ScrollToEnd @L161359
0x6c3f5d4,420,OnUpdateItemInner @L161379
0x6c3f778,356,UpdateItemInertial @L161445
0x6c3f8dc,396,CheckMiddleIndexChange @L161506
0x6c40068,44,ReverseOffsetFloat @L161575
0x6c40094,56,TranformReversedOffset @L161589
0x6c400cc,8,GetScrollTotalLength @L161603
0x6c400d4,1132,SetCellCount_forWidgets @L161613
0x6c406e8,128,SetScrollOffsetWithPadding @L161824
0x6c408e4,80,GetItemByIndex @L161850
0x6c40a18,368,GetItemByWidget @L161878
0x6c40d58,72,ScrollToBegin @L161943
0x6c40db0,644,GetSlotNames @L161962
0x6c418e0,508,FAzureSimpleTextureAtlas @L162108
0x6c41e40,36,~FAzureSimpleTextureAtlas @L162240
0x6c41e64,824,LoadTexture @L162252
0x6c42f78,1888,ConditionalUpdateTexture @L162429
0x6c455f0,76,TickUI @L162760
0x6c4563c,48,FUN_06c4563c @L162788
0x6c4566c,44,SetProxy @L162799
0x6c45698,68,SetResourceObject @L162812
0x6c456dc,60,SetImageSize @L162830
0x6c45718,60,SetMargin @L162846
0x6c45754,196,SetTintColor @L162866
0x6c45818,188,UAzureSpacer @L162944
0x6c458d4,40,ReleaseSlateResources @L162981
0x6c458fc,1972,RebuildWidget @L162993
0x6c46c08,300,SynchronizeProperties @L163438
0x6c46d34,1216,UAzureSplitScrollList @L163546
0x6c473f8,8,GetSlotNames @L163902
0x6c47400,244,GetContentForSlot @L163914
0x6c475e8,4,SetContentForSlot @L163962
0x6c475ec,4,SetContentForSlot @L163972
0x6c475f0,1920,RebuildWidget @L163982
0x6c49ab8,20,GetPhysicalOffset @L164400
0x6c49acc,132,GetItemByIndex @L164422
0x6c49f50,32,FUN_06c49f50 @L164451
0x6c49fb0,40,FUN_06c49fb0 @L164462
0x6c49ff8,708,SetFirstIndexAndAutoFill @L164474
0x6c4ac8c,160,ReplyTaketurnAnim @L164641
0x6c4ad2c,12,TemporarilyShutOffTakeTurnAnim @L164675
0x6c4aee0,36,~UAzureInstancedImage @L164687
0x6c4af04,4,Tick @L164699
0x6c4af08,424,~UAzureInstancedCelluloidAnimation @L164709
0x6c4b63c,36,~UAzureInstancedTextBlock @L164829
0x6c4b6f0,152,~FAaureRollingTextRun @L164841
0x6c4bc90,36,~UAzureLineChart @L164890
0x6c4bcb4,36,~FFakeListLengthCache @L164902
0x6c4bcd8,144,~SAzureFakeScrollBar @L164914
0x6c4be00,64,~UAzureListView @L164962
0x6c4be40,72,~UAzureListView @L164976
0x6c4bed4,8,GetDefaultEntryClass @L164991
0x6c4bee4,8,OnItemDoubleClicked @L165001
0x6c4bef4,8,OnItemSelectionChanged @L165011
0x6c4bf0c,8,OnItemExpansionChanged @L165021
0x6c4bf24,8,OnItemDoubleClicked @L165031
0x6c4bf44,8,OnItemScrolledIntoView @L165041
0x6c4bf68,8,GetMyListView @L165051
0x6c4bfb8,208,GetDesiredEntryClassForItem @L165061
0x6c4c354,4,TickUI @L165093
0x6c4c418,200,~SAzureMeshWidget @L165103
0x6c4ca24,36,~UAzurePlayerInput @L165148
0x6c4ca7c,8,_getUObject @L165160
0x6c4cd2c,728,~UAzureProgressBar @L165170
0x6c4d868,144,~FAzureRollingTextLayoutMarshaller @L165397
0x6c4dcac,124,~UAzureSceneWidgetComponent @L165447
0x6c4dfe0,36,~UAzureScrollBox @L165478
0x6c4e96c,4,_getUObject @L165490
0x6c4e978,40,~UAzureScrollList @L165500
0x6c4eb80,184,~UAzureSpacerIrregular @L165512
0x6c4ec8c,36,~UAzureListAnim @L165566
0x6c4f0ec,144,ResizeGrow @L165578
0x6c4f224,328,FindId @L165623
0x6c4f7c4,344,FUN_06c4f7c4 @L165710
0x6c4ffe0,140,ResizeForCopy @L165802
0x6c50154,36,~FAzureLogLayoutMarshaller @L165833
0x6c50178,8,SetText @L165846
0x6c50180,12,GetText @L165859
0x6c5018c,232,~FSlateMaterialBrush @L165872
0x6c5058c,136,ResizeTo @L165949
0x6c50734,220,TIntrusiveReferenceController<> @L165992
0x6c50c9c,192,HasSameObject @L166031
0x6c51080,68,~FRichTextDecorator @L166101
0x6c51120,676,Supports @L166137
0x6c54ab4,24,DestroyObject @L166279
0x6c54acc,4,~TReferenceControllerWithDeleter @L166300
0x6c54ad0,284,~FSlateTextRun @L166318
0x6c54c10,48,Measure @L166405
0x6c54d14,660,Supports @L166429
0x6c557f8,8,DestroyObject @L166564
0x6c55800,4,~TIntrusiveReferenceController @L166577
0x6c55804,36,~SAzureRichInlineImage @L166591
0x6c55828,4852,Construct @L166603; SAzureRichInlineImage::Construct Azure富文本内嵌图片Slate控件
0x6c7ea8c,288,AddUninitialized @L167915
0x6c7eee4,688,Rehash @L167991
0x6c80a6c,92,~SAzureProgressBar @L168190
0x6c80bbc,344,OnPaint @L168224
0x6c81770,684,InnerPaintNotClipped @L168271
0x6c82388,8,GetObjectForTimerManager @L168403
0x6c823c4,36,IsCompactable @L168419
0x6c82658,288,AddUninitialized @L168436
0x6c82d68,540,PrivateAllocateWidget @L168512
0x6c83a08,24,DestroyObject @L168658
0x6c83a24,536,PrivateAllocateWidget @L168679
0x6c85520,1288,ComputeDesiredSize_FitArea @L168822
0x6c882f4,380,OnDragLeave @L169025
0x6c889e4,24,DestroyObject @L169135
0x6c889fc,4,~TReferenceControllerWithDeleter @L169156
0x6c88a00,136,ResizeTo @L169174
0x6c88a9c,8,GetBoundProgramCounterForTimerManager @L169217
0x6c88aa4,44,HasSameObject @L169233
0x6c88af4,32,IsSafeToExecute @L169250
0x6c88bb8,80,Execute @L169267
0x6c88c08,100,ExecuteIfSafe @L169295
0x6c88df0,436,PrivateAllocateWidget @L169323
0x6c8965c,44,HasSameObject @L169455
0x6c896cc,164,CreateCopy @L169472
0x6c89830,44,HasSameObject @L169516
0x6c898a0,164,CreateCopy @L169533
0x6c89c4c,540,UnhashElements @L169577
0x6c8a5f0,140,OnPaint @L169747
0x6c8a850,4,~TBaseUObjectMethodDelegateInstance @L169783
0x6c8a85c,8,GetObjectForTimerManager @L169799
0x6c8a8dc,164,CreateCopy @L169815
0x6c8abe0,8,FUN_06c8abe0 @L169859
0x6c8abe8,8,FUN_06c8abe8 @L169867
0x6c8abf0,8,FUN_06c8abf0 @L169875
0x6c8ac00,8,FUN_06c8ac00 @L169883
0x6c8ace8,4,~TCommonDelegateInstanceState @L169891
0x6c8acf8,8,FUN_06c8acf8 @L169909
0x6c8ad00,8,FUN_06c8ad00 @L169917
0x6c8ad18,160,FUN_06c8ad18 @L169925
0x6c8b314,4,~TIntrusiveReferenceController @L169964
0x6c8b318,196,~SAzureScrollListCell @L169978
0x6c8b6e8,472,EmplaceImpl @L170019
0x6c8c8e8,792,Rehash @L170128
0x6c8df20,352,Remove @L170337
0x6c8eae0,168,ResizeGrow @L170426
0x6c8ee50,596,~SAzureSpacer @L170469
0x6c8fe4c,44,HasSameObject @L170614
0x6c8ff60,64,Execute @L170631
0x6c90018,44,HasSameObject @L170658
0x6c901b0,540,PrivateAllocateWidget @L170675
0x6c92b74,36,FUN_06c92b74 @L170826
0x6c92bec,224,Serialize @L170835
0x6c943a8,76,PrepareGetDesiredSize @L170887
0x6c9471c,328,AssignPageText @L170912
0x6c94b2c,76,PrevPage @L170959
0x6c94d3c,432,SetText @L170974
0x6c959e4,236,EnableSection @L171099
0x6c97360,420,SetAutoWrapTextHeight @L171157
0x6c97738,172,UAzureTextBlockWithPageOne @L171241
0x6c98c24,56,SetCurPageIdx @L171279
0x6c98d88,420,SetAutoWrapTextHeight @L171304
0x6c9989c,236,AzureSlateHandlePressed @L171387
0x6c99b14,92,OnTouchEventHandle @L171443
0x6c99b70,108,~TDelegate @L171473
0x6c99c90,48,UAzureUIParticleInterface @L171508
0x6c9a0c8,192,UAzureUserWidget @L171522
0x6c9a188,396,RemoveFromParent @L171566
0x6c9aae0,672,MakeSureRebuildWidget @L171636
0x6c9b768,156,UAzureViewport @L171815
0x6c9bcac,16,SetWorldPosition @L171842
0x6c9bccc,8,SetFieldOfView @L171856
0x6c9bce8,20,SetCameraActor @L171867
0x6c9bcfc,20,Index2Index2D @L171882
0x6c9bd20,248,AddTimer @L171900
0x6c9c1f8,168,LoadURL @L171941
0x6c9c3a4,16,ExecuteJavascript @L171985
0x6c9c478,20,GetUrl @L171999
0x6c9c48c,348,DeleteAllCookies @L172018
0x6c9da50,56,setJsFuncCallback @L172115
0x6c9da88,1004,OnJsFunctionCalled @L172130
0x6c9e044,284,Broadcast @L172332
0x6c9fb74,5116,AddBoxClipped @L172396; FQuadBuffer::AddBoxClipped Slate矩形裁剪四边形顶点生成(UI顶点缓冲)
0x6cad31c,32,SetScrollBarRightClickDragAllowed @L173344
0x6cad33c,764,UpdateInertialScroll @L173362
0x6cae078,1036,OnMouseButtonUp @L173540
0x6cb1574,396,OnDragLeave @L173819
0x6cb1a60,328,OnTouchStarted @L173930; UUMGCustomStatics::OnTouchStarted 触摸事件派发
0x6cb1ef0,36,FUN_06cb1ef0 @L173986
0x6cb1f6c,732,OnGesture @L173995; UUMGCustomStatics::OnGesture 手势事件派发
0x6cb2f44,356,OnTouchMoved @L174213
0x6cb3494,1184,CollectBatch @L174285
0x6cb7e1c,144,StartupModule @L174573
0x6cb8174,44,CallUMGCustomOnClickDelegate @L174599
0x6cb82dc,48,CallUMGCustomOnDragEndDelegate @L174616
0x6cb8400,44,CallUMGCustomOnEditBoxFocusReceiveDelegate @L174633
0x6cb853c,48,CallUMGCustomOnAnimationStartedDelegate @L174650
0x6cb8d04,320,ImageSaveToFile @L174669
0x6cba99c,6188,BeginPlay @L174736; AUMGCustomStaticPrinter::BeginPlay 注册UUMGCustomStatics::OnClickDelegate等多播委托
0x6cf80b4,4,StaticClass @L175652
0x6cf879c,92,StaticStruct<FAzureInstanceWidgetAnimationTrack_Containder> @L175670
0x6cf8e00,184,StaticRegisterNativesUAzureLineChart @L175691
0x6cf9688,12,InternalConstructor<UAzureListAnim> @L175710
0x6cf9694,8,InternalVTableHelperCtorCaller<UAzureListAnim> @L175721
0x6cf9780,4,EmptyLinkFunctionForGeneratedCodeAzureListOffsetCurve @L175731
0x6cf9784,80,StaticEnum<EAzureListOffsetCurve::ECurveDistribution> @L175742
0x6cf9ad4,52,NewStructOps @L175761
0x6cf9df4,188,GetPrivateStaticClass @L175776
0x6cfa400,12,NewProp_AutoScroll_SetBit @L175794
0x6cfa4d4,8,InternalVTableHelperCtorCaller<UAzureLogTextBox> @L175805
0x6cfa784,188,Register @L175815
0x6cfadcc,8,SerializeFromMismatchedTag @L175834
0x6cfb508,4,AddStructReferencedObjectsOrNot<FInstancedAnimationComponent> @L175847
0x6cfb518,8,HasZeroConstructor @L175860
0x6cfb520,8,Construct @L175870
0x6cfb550,8,HasStructuredSerializer @L175883
0x6cfb568,8,HasPostSerialize @L175894
0x6cfb584,8,NetSerialize @L175904
0x6cfb63c,8,HasAddStructReferencedObjects @L175917
0x6cfb668,8,StructuredSerializeFromMismatchedTag @L175928
0x6cfb82c,8,HasNoopConstructor @L175941
0x6cfb864,8,HasDestructor @L175952
0x6cfb890,8,HasPostSerialize @L175963
0x6cfb8c4,8,HasPostScriptConstruct @L175974
0x6cfb918,12,Identical @L175986
0x6cfb968,8,SerializeFromMismatchedTag @L176002
0x6cfb9f8,4,Destruct @L176015
0x6cfba1c,8,HasPostSerialize @L176026
0x6cfba58,4,PostScriptConstruct @L176037
0x6cfbab0,8,HasExportTextItem @L176049
0x6cfbb04,8,HasGetTypeHash @L176060
0x6cfbb40,4,~TCppStructOps @L176071
0x6cfbc50,12,AddStructReferencedObjects @L176084
0x6cfbcc4,8,HasZeroConstructor @L176096
0x6cfbd00,8,HasPostSerialize @L176107
0x6cfbd40,8,IsPlainOldData @L176118
0x6cfbda8,8,HasStructuredSerializeFromMismatchedTag @L176129
0x6cfbebc,12,ClassPackage @L176142
0x6cfc0a8,8,HasPostSerialize @L176152
0x6cfc0cc,8,HasNetDeltaSerializer @L176162
0x6cfc0e8,8,IsPlainOldData @L176172
0x6cfc1f8,8,HasImportTextItem @L176182
0x6cfc22c,8,SerializeFromMismatchedTag @L176192
0x6cfc2ec,4,Destruct @L176205
0x6cfc324,8,HasNetSharedSerialization @L176215
0x6cfc358,8,HasCopy @L176226
0x6cfc3b0,8,HasImportTextItem @L176236
0x6cfc3dc,8,HasStructuredSerializeFromMismatchedTag @L176246
0x6cfc42c,4,AddStructReferencedObjectsOrNot<FAzureListTakeTurnTimerInfo> @L176259
0x6cfd274,40,execGetTranslation @L176272
0x6cfd568,76,Z_Construct_UFunction_UAzureMeshWidget_GetDynamicMaterial @L176293
0x6cfd730,76,Z_Construct_UFunction_UAzureMeshWidget_SetTranslation @L176311
0x6cfdb24,184,StaticClass @L176329
0x6cfe0a0,76,Z_Construct_UEnum_UMGCustom_EAzureEmitterPositionType @L176349
0x6cfe41c,12,Get_Z_Construct_UScriptStruct_FAzureEmitterGravity_Hash @L176366
0x6cfe484,52,NewStructOps @L176377
0x6cfe97c,184,StaticClass @L176392
0x6cff1b8,76,Z_Construct_UClass_UAzurePolygonImage @L176411
0x6cff2e8,188,Z_Construct_UClass_UAzurePolygonImage_NoRegister @L176428
0x6cffa18,188,Z_Construct_UClass_UAzureProgressBar_NoRegister @L176448
0x6d00170,12,NewProp_ReturnValue_SetBit @L176468
0x6d0017c,76,Z_Construct_UFunction_UAzureRadioBox_GetChecked @L176480
0x6d0043c,188,GetPrivateStaticClass @L176498
0x6d00c4c,4,StaticRegisterNativesUAzureRichTextBackgroundImageAndStyleDecorator @L176516
0x6d00dd0,76,Z_Construct_UClass_UAzureRichTextBackgroundImageAndStyleDecorator @L176528
0x6d00ef0,4,StaticClass @L176547
0x6d016c8,4,EmptyLinkFunctionForGeneratedCodeAzureRichTextWidgetDecorator @L176566
0x6d01850,76,Z_Construct_UClass_UAzureRichTextBlockWidgetDecorator @L176577
0x6d01a64,20,execPlayAnim @L176595
0x6d01bec,76,Z_Construct_UClass_UAzureRollingTextBlock @L176613
0x6d01d98,188,GetPrivateStaticClass @L176630
0x6d0279c,168,execRemoveShowOnlyActor @L176649
0x6d02ed8,76,Z_Construct_UClass_UAzureSceneImage @L176687
0x6d03060,76,Z_Construct_UFunction_UAzureSceneImage_RemoveShowOnlyActor @L176704
0x6d03324,188,Z_Construct_UClass_UAzureSceneImage_NoRegister @L176722
0x6d03d00,176,execSetExtraPateVisible @L176742
0x6d04178,76,Z_Construct_UFunction_UAzureSceneWidgetComponent_GetExtraUserWidget @L176781
0x6d04488,76,Z_Construct_UFunction_UAzureSceneWidgetComponent_SetModelObjectWithMeshPos @L176800
0x6d04728,192,GetPrivateStaticClass @L176819
0x6d051e8,8,Serialize @L176839
0x6d051fc,8,HasNetSerializer @L176849
0x6d0521c,8,NetDeltaSerialize @L176859
0x6d05240,488,Copy @L176872
0x6d05d60,8,Serialize @L177067
0x6d05d70,4,PostSerialize @L177077
0x6d05d8c,8,HasNetDeltaSerializer @L177088
0x6d05db0,8,HasCopy @L177098
0x6d05fa8,8,ExportTextItem @L177108
0x6d05fdc,8,HasStructuredSerializeFromMismatchedTag @L177122
0x6d06024,8,IsAbstract @L177133
0x6d06230,192,Register @L177143
0x6d06828,8,HasIdentical @L177164
0x6d06854,8,ImportTextItem @L177174
0x6d068c0,8,IsAbstract @L177187
0x6d06c64,176,ConstructForTests @L177197
0x6d07018,8,HasNetSerializer @L177235
0x6d07088,12,Identical @L177245
0x6d070d0,8,HasStructuredSerializeFromMismatchedTag @L177261
0x6d070f0,32,GetStructTypeHash @L177272
0x6d07f20,188,Z_Construct_UClass_UAzureScrollBar_NoRegister @L177283
0x6d084e8,20,execScrollToEnd @L177303
0x6d086d8,188,StaticClass @L177321
0x6d08db8,168,execSetScrollOffset @L177340
0x6d09500,76,Z_Construct_UClass_UAzureScrollList @L177378
0x6d09630,76,Z_Construct_UFunction_UAzureScrollList_GetItemByIndex @L177395
0x6d09890,76,Z_Construct_UFunction_UAzureScrollList_SetScrollOffset @L177413
0x6d09a5c,12,NewProp_bTriggerBlueprintScrollEvent_SetBit @L177431
0x6d09ae0,12,NewProp_IsUseCustomOpacityCurve_SetBit @L177444
0x6d09b34,188,GetPrivateStaticClass @L177456
0x6d0a6a8,176,StaticRegisterNativesUAzureSlateBrushProxy @L177475
0x6d0ae04,76,Z_Construct_UClass_UAzureSpacer @L177494
0x6d0af88,12,NewProp_bTouchEvent_SetBit @L177511
0x6d0afb8,188,GetPrivateStaticClass @L177522
0x6d0b624,76,Z_Construct_UClass_UAzureSplitScrollList @L177540
0x6d0b898,52,execGetFirstIndex @L177557
0x6d0bd44,20,execForceStopInertialScroll @L177577
0x6d0be28,56,execIsEmpty @L177596
0x6d0c0cc,184,StaticRegisterNativesUAzureSplitScrollList @L177616
0x6d0c6c0,12,NewProp_InAnimateScroll_SetBit @L177636
0x6d0c6cc,76,Z_Construct_UFunction_UAzureSplitScrollList_ScrollWidgetIntoView @L177649
0x6d0c970,12,NewProp_bScrollEvent_SetBit @L177667
0x6d0cc38,184,~UAzureSpacer @L177678
0x6d0d0f4,188,Register @L177732
0x6d0dd38,4,StaticRegisterNativesUAzureTextBlock @L177750
0x6d0ddf8,188,StaticClass @L177760
0x6d0e2f8,188,Z_Construct_UClass_UAzureTextBlockWithEllipsis_NoRegister @L177779
0x6d0e948,76,Z_Construct_UFunction_UAzureTextBlockWithPageOne_GetPageCount @L177800
0x6d0eb6c,188,StaticClass<UAzureTextBlockWithPageOne> @L177818
0x6d0f3a4,76,Z_Construct_UClass_UAzureUIParticleInterface @L177839
0x6d0f4c4,192,StaticClass<UAzureUIParticleInterface> @L177856
0x6d0fe08,76,Z_Construct_UClass_UAzureUserWidget @L177876
0x6d0ff84,188,Z_Construct_UClass_UAzureUserWidget_NoRegister @L177893
0x6d10550,188,Z_Construct_UClass_UAzureVerticalBox_NoRegister @L177913
0x6d10d24,188,StaticClass @L177933
0x6d11504,12,Get_Z_Construct_UEnum_UMGCustom_EAzureAutoSizedTextMethod_Hash @L177951
0x6d11510,76,Z_Construct_UEnum_UMGCustom_EAzureAutoSizedTextMethod @L177962
0x6d116fc,76,Z_Construct_UDelegateFunction_ULoongSDKWebBrowser_OnBeforePopup__DelegateSignature @L177979
0x6d11e68,180,execExecuteJavascript @L177998
0x6d123d8,76,Z_Construct_UFunction_ULoongSDKWebBrowser_ExecuteJavascript @L178041
0x6d125ac,76,Z_Construct_UFunction_ULoongSDKWebBrowser_UnbindUObject @L178059
0x6d129e4,52,NewStructOps @L178077
0x6d12ca4,76,Z_Construct_UFunction_URetargetableWidgetAnim_ApplyToWidget @L178092
0x6d12eb0,8,InternalVTableHelperCtorCaller<URetargetableWidgetAnim> @L178110
0x6d12f6c,64,URetargetableWidgetAnim @L178120
0x6d131d4,76,Z_Construct_UEnum_UMGCustom_EAzure3DCameraAutoDepthMode @L178142
0x6d13fbc,1216,execDrawSplineWithBrush @L178159
0x6d177c0,12,ClassPackage @L178444
0x6d177cc,4,~TCppStructOps @L178454
0x6d17834,92,Destruct @L178467
0x6d17a24,8,HasStructuredSerializeFromMismatchedTag @L178494
0x6d17a34,8,StructuredSerializeFromMismatchedTag @L178507
0x6d17ea4,12,ClassPackage @L178520
0x6d17f78,188,Register @L178530
0x6d18444,8,ConstructForTests @L178548
0x6d184f0,8,HasNetSharedSerialization @L178562
0x6d18524,8,HasCopy @L178572
0x6d185b8,12,AddStructReferencedObjects @L178582
0x6d18720,120,ResizeForCopy @L178592
0x6d18a1c,60,Destruct @L178627
0x6d18be8,12,AddStructReferencedObjects @L178647
0x6d18d24,16,Construct @L178657
0x6d18ea4,8,HasPostScriptConstruct @L178674
0x6d190f4,8,HasExportTextItem @L178684
0x6d19128,8,HasSerializeFromMismatchedTag @L178694
0x6d19150,32,GetStructTypeHash @L178704
0x6d19ec8,4,EmptyLinkFunctionForGeneratedCodeUMGCustomStaticPrinter @L178715
0x6d19f90,192,StaticClass @L178726
0x6d1a4c0,180,Z_Construct_UClass_UUMGCustomStatics_NoRegister @L178745
0x6d1aa28,184,StaticRegisterNativesUWidgetTransformCurve @L178765
0x6d1b108,8,NetDeltaSerialize @L178785
0x6d1b174,8,ExportTextItem @L178798
0x6d1b1c0,8,HasGetTypeHash @L178812
0x6d1b2b0,12,ClassPackage @L178822
0x6d1b304,8,HasSerializer @L178832
0x6d1b340,8,NetSerialize @L178842
0x6d1b3cc,8,ImportTextItem @L178855
0x6d1b438,8,IsAbstract @L178868
0x6d1ba0c,280,FUN_06d1ba0c @L178878
0x6d1c83c,2448,FUN_06d1c83c @L178924
0x6d258ac,1184,FUN_06d258ac @L179423
0x6d27ff4,160,FUN_06d27ff4 @L179626
0x6d28278,32,FUN_06d28278 @L179669
0x6d282d8,84,FUN_06d282d8 @L179685
0x6d28438,76,FUN_06d28438 @L179710
0x6d28634,16,FUN_06d28634 @L179731
0x6d287e0,32,FUN_06d287e0 @L179739
0x6d288f4,116,FUN_06d288f4 @L179748
0x6d28fc8,252,FUN_06d28fc8 @L179777
0x6d29900,308,FUN_06d29900 @L179827
0x6d2a32c,84,FUN_06d2a32c @L179883
0x6d2a538,340,FUN_06d2a538 @L179899
0x6d2addc,124,FUN_06d2addc @L179960
0x6d2af80,8,FUN_06d2af80 @L179974
0x6d2afe8,4,FUN_06d2afe8 @L179983
0x6d2b100,8,FUN_06d2b100 @L179991
0x6d2b1e8,48,FUN_06d2b1e8 @L179999
0x6d2bb08,176,FUN_06d2bb08 @L180015
0x6d2bf48,240,FUN_06d2bf48 @L180051
0x6d2c708,176,FUN_06d2c708 @L180103
0x6d2cb54,76,FUN_06d2cb54 @L180139
0x6d2ce18,12,FUN_06d2ce18 @L180152
0x6d2ce24,76,FUN_06d2ce24 @L180161
0x6d2d21c,20,FUN_06d2d21c @L180174
0x6d2d488,76,FUN_06d2d488 @L180190
0x6d2d5c4,12,FUN_06d2d5c4 @L180203
0x6d2d714,8,FUN_06d2d714 @L180212
0x6d2d720,192,FUN_06d2d720 @L180220
0x6d2e494,124,TeardownShakePatternImpl @L180235
0x6d2e7a8,16,GetOffsetAtTime @L180267
0x6d2e7b8,316,UMatineeCameraShake @L180277
0x6d2fb34,116,GetShakePatternInfoImpl @L180330
0x6d2fc14,108,StartShakePatternImpl @L180365
0x6d2fd60,168,IsFinishedImpl @L180392
0x6d30038,432,Evaluate @L180430
0x6d313bc,36,UpdateShakePatternImpl @L180513
0x6d31674,716,RunTest @L180535
0x6d34470,4,StartShakePatternImpl @L180670
0x6d34474,4,UpdateShakePatternImpl @L180680
0x6d3447c,8,IsFinishedImpl @L180692
0x6d3448c,4,~FGameplayCamerasModule @L180702
0x6d344fc,36,~UPerlinNoiseCameraShakePattern @L180713
0x6d34570,8,ElevateLogWarningsToErrors @L180727
0x6d346a0,8,GetTestOpenCommand @L180737
0x6d34898,36,~FCameraShakeStateRestart @L180751
0x6d34b98,8,IsStressTest @L180763
0x6d34ba0,36,~FCameraShakeStateScrub @L180773
0x6d34bc4,12,GetTestFlags @L180785
0x6d34cd8,8,GetTestSourceFileLine @L180797
0x6d34e28,136,GetBeautifiedTestName @L180807
0x6d351e0,36,~FCameraShakeLocalOffsetTest @L180840
0x6d3530c,336,GetTests @L180853
0x6d35c64,12,GetTestFlags @L180919
0x6d35eb8,140,GetBeautifiedTestName @L180931
0x6d36078,336,GetTests @L180969
0x6d36c78,76,Z_Construct_UPackage__Script_GameplayCameras @L181036
0x6d36e10,188,StaticClass<UTestCameraShake> @L181052
0x6d373ec,4,EmptyLinkFunctionForGeneratedCodeCompositeCameraShakePattern @L181072
0x6d373f0,4,StaticRegisterNativesUCompositeCameraShakePattern @L181083
0x6d375b8,188,GetPrivateStaticClass @L181093
0x6d37b3c,4,EmptyLinkFunctionForGeneratedCodeGameplayCameras_init @L181113
0x6d37b40,4,EmptyLinkFunctionForGeneratedCodeMatineeCameraShake @L181124
0x6d37bb4,112,FUN_06d37bb4 @L181135
0x6d37e88,124,StaticStruct<FVOscillator> @L181153
0x6d38b44,124,ReceiveStopShake @L181175
0x6d38e24,76,Z_Construct_UFunction_UMatineeCameraShake_ReceivePlayShake @L181199
0x6d390e8,12,InternalConstructor<UMatineeCameraShake> @L181217
0x6d3924c,188,Z_Construct_UClass_UMatineeCameraShakePattern_NoRegister @L181228
0x6d396b8,188,StaticClass @L181249
0x6d39cec,188,GetPrivateStaticClass @L181269
0x6d3a408,192,Z_Construct_UClass_USimpleCameraShakePattern_NoRegister @L181289
0x6d3a92c,52,NewStructOps @L181309
0x6d3ad80,188,Register @L181324
0x6d3b254,28,ConstructForTests @L181343
0x6d3b2ec,48,Copy @L181361
0x6d3b410,8,Serialize @L181393
0x6d3b43c,8,HasNetDeltaSerializer @L181403
0x6d3b4a8,8,HasExportTextItem @L181413
0x6d3b4f4,8,StructuredSerializeFromMismatchedTag @L181423
0x6d3b538,188,Register @L181434
0x6d3bce4,8,HasAddStructReferencedObjects @L181453
0x6d3bd10,8,StructuredSerializeFromMismatchedTag @L181463
0x6d3c908,144,UTemplateSequence @L181474
0x6d3d4e4,108,GetRootObjectBindingID @L181510
0x6d3d970,44,~TEntityBuilderImpl @L181531
0x6d3da50,252,USequenceCameraShakeCameraStandIn @L181561
0x6d3e490,232,Initialize @L181608
0x6d3edb4,292,Update @L181657
0x6d3f3e0,40,BeginDestroy @L181738
0x6d3f4f8,104,ResolveBoundObjects @L181752
0x6d3fec0,3696,OnRun @L181779; UTemplateSequencePropertyScalingInstantiatorSystem::OnRun(MovieScene系统任务)
0x6d51820,76,Z_Construct_UScriptStruct_FTemplateSectionPropertyScale @L182488
0x6d51bb8,12,InternalConstructor<UTemplateSequenceSection> @L182506
0x6d51c90,60,UTemplateSequenceSection @L182517
0x6d51f6c,188,StaticClass<UTemplateSequenceSystem> @L182534
0x6d526a8,8,InternalVTableHelperCtorCaller<UTemplateSequencePropertyScalingEvaluatorSystem> @L182554
0x6d527bc,4,StaticRegisterNativesUTemplateSequenceTrack @L182567
0x6d52938,76,Z_Construct_UClass_UTemplateSequenceTrack @L182577
0x6d52b14,48,UTemplateSequenceTrack @L182594
0x6d52e58,192,Register @L182607
0x6d533e0,8,HasPostScriptConstruct @L182626
0x6d533fc,304,Copy @L182636
0x6d54df8,480,LoadLayoutFromXmlFilePath @L182709
0x6d55e98,8,GetBoundProgramCounterForTimerManager @L182845
0x6d55f78,48,ExecuteIfSafe @L182861
0x6d56734,332,execSlateFontMappingLoadPackage @L182884
0x6d56f1c,76,Z_Construct_UFunction_UAzureSlateFontMappingBlueprintLibrary_SlateFontMappingDisableLayout @L182965
0x6d57130,188,Z_Construct_UClass_UAzureSlateFontMappingBlueprintLibrary_NoRegister @L182985
0x6d57d34,544,FUN_06d57d34 @L183007
0x6d59194,120,FUN_06d59194 @L183120
0x6d59218,44,FUN_06d59218 @L183154
0x6d59248,316,FUN_06d59248 @L183166
0x6d5a3d4,36,FUN_06d5a3d4 @L183255
0x6d5a40c,8,FUN_06d5a40c @L183267
0x6d5a4e4,48,FUN_06d5a4e4 @L183275
0x6d5a59c,172,FUN_06d5a59c @L183291
0x6d5ac8c,888,_INIT_276 @L183325
0x6d5fb28,8,GetSettings @L183503
0x6d5fb30,452,operator<< @L183514
0x6d60128,112,ContainsChannel @L183582
0x6d60210,116,GetLoudnessArray @L183612
0x6d60338,184,GetChannelLoudnessRange @L183643
0x6d603f8,1264,GetKeys<TSizedDefaultAllocator<32>> @L183689
0x6d631f8,120,GetOnsetsForChannel @L183976
0x6d637dc,8,IsSortedChronologically @L184007
0x6d64214,12,Analyze @L184017
0x6d64b3c,312,ExtractOnsetsFromOnsetStrengths @L184029
0x6d65060,36,~FConstantQNRTResult @L184094
0x6d6516c,140,~FConstantQNRTWorker @L184106
0x6d65404,112,~FLoudnessNRTWorker @L184143
0x6d65ca4,556,Empty @L184173
0x6d66d4c,156,ResizeTo @L184311
0x6d67140,1528,operator<< @L184351
0x6d6b308,592,FUN_06d6b308 @L184618
0x6d6c66c,368,GetChannelOnsetsBetweenTimes @L184786
0x6d6d604,272,AddUninitialized @L184883
0x6d6e114,288,AddUninitialized @L184959
0x6d6ec44,288,AddUninitialized @L185035
0x6d6f774,288,AddUninitialized @L185111
0x6d6fd08,48,ExecuteIfSafe @L185187
0x6d6fdcc,36,FUN_06d6fdcc @L185210
0x6d70120,4,EmptyLinkFunctionForGeneratedCodeAudioSynesthesia_init @L185224
0x6d70404,56,InternalConstructor<UAudioSynesthesiaNRTSettings> @L185235
0x6d70538,4,StaticRegisterNativesUAudioSynesthesiaNRT @L185250
0x6d706bc,76,Z_Construct_UClass_UAudioSynesthesiaNRT @L185260
0x6d7086c,4,StaticClass @L185277
0x6d713d0,76,Z_Construct_UFunction_UConstantQNRT_GetChannelConstantQAtTime @L185296
0x6d715e0,8,InternalConstructor<UConstantQNRT> @L185314
0x6d71750,112,FUN_06d71750 @L185325
0x6d71de4,332,execGetChannelLoudnessAtTime @L185343
0x6d72b20,508,execGetChannelOnsetsBetweenTimes @L185416
0x6d74b1c,620,FUN_06d74b1c @L185531
0x6d777b8,16,FUN_06d777b8 @L185595
0x6d77c54,744,FUN_06d77c54 @L185605
0x6d797dc,240,FUN_06d797dc @L185742
0x6d79b3c,4,FUN_06d79b3c @L185771
0x6d79b40,4,FUN_06d79b40 @L185779
0x6d79b44,192,FUN_06d79b44 @L185787
0x6d7a52c,88,FUN_06d7a52c @L185855
0x6d7ab48,96,FUN_06d7ab48 @L185875
0x6d7b364,860,FUN_06d7b364 @L185904
0x6d7f738,36,FUN_06d7f738 @L186106
0x6d7f808,36,FUN_06d7f808 @L186115
0x6d7f8bc,36,FUN_06d7f8bc @L186124
0x6d7f928,36,FUN_06d7f928 @L186135
0x6d80058,36,FUN_06d80058 @L186146
0x6d8040c,596,FUN_06d8040c @L186156
0x6d817a8,1072,FUN_06d817a8 @L186254
0x6d85714,264,FUN_06d85714 @L186497
0x6d8658c,232,FUN_06d8658c @L186541
0x6d87850,524,FUN_06d87850 @L186585
0x6d88b88,192,FUN_06d88b88 @L186679
0x6d88fd0,4,FUN_06d88fd0 @L186722
0x6d88fd4,44,FUN_06d88fd4 @L186730
0x6d89338,240,FUN_06d89338 @L186741
0x6d89500,8,FUN_06d89500 @L186782
0x6d89a08,172,FUN_06d89a08 @L186791
0x6d89c64,812,FUN_06d89c64 @L186827
0x6d8bf1c,36,FUN_06d8bf1c @L187029
0x6d8c000,32,FUN_06d8c000 @L187038
0x6d8d1fc,36,FUN_06d8d1fc @L187047
0x6d8d240,32,FUN_06d8d240 @L187058
0x6d8d260,720,FUN_06d8d260 @L187067
0x6d8e714,36,FUN_06d8e714 @L187170
0x6d8e7d8,28,FUN_06d8e7d8 @L187179
0x6d8fb88,40,FUN_06d8fb88 @L187189
0x6d8fbb0,12,FUN_06d8fbb0 @L187204
0x6d90134,332,FUN_06d90134 @L187212
0x6d90bec,44,FUN_06d90bec @L187265
0x6d90de4,36,FUN_06d90de4 @L187277
0x6d92860,212,FUN_06d92860 @L187287
0x6d92c54,148,FUN_06d92c54 @L187318
0x6d92fbc,52,FUN_06d92fbc @L187342
0x6d93024,32,FUN_06d93024 @L187365
0x6d9319c,20,FUN_06d9319c @L187384
0x6d931c0,8,FUN_06d931c0 @L187398
0x6d93244,8,FUN_06d93244 @L187406
0x6d93254,724,FUN_06d93254 @L187415
0x6d94818,20,FUN_06d94818 @L187558
0x6d94854,404,FUN_06d94854 @L187568
0x6d975fc,424,FUN_06d975fc @L187650
0x6d97ffc,316,FUN_06d97ffc @L187736
0x6d98c60,988,FUN_06d98c60 @L187796
0x6d9b4b8,8,FUN_06d9b4b8 @L187942
0x6d9b4c0,8,FUN_06d9b4c0 @L187951
0x6d9b4c8,88,FUN_06d9b4c8 @L187960
0x6d9b520,1048,FUN_06d9b520 @L187982
0x6d9c2e8,160,FUN_06d9c2e8 @L188151
0x6d9c500,476,FUN_06d9c500 @L188178
0x6d9d1dc,220,FUN_06d9d1dc @L188281
0x6d9ddc0,4,FUN_06d9ddc0 @L188310
0x6d9ddc4,492,FUN_06d9ddc4 @L188318
0x6d9e5f0,284,FUN_06d9e5f0 @L188431
0x6d9ec8c,260,FUN_06d9ec8c @L188499
0x6d9ee8c,248,FUN_06d9ee8c @L188538
0x6d9f614,76,FUN_06d9f614 @L188577
0x6d9f6d8,36,FUN_06d9f6d8 @L188596
0x6d9f77c,368,FUN_06d9f77c @L188606
0x6da028c,428,FUN_06da028c @L188681
0x6da0824,56,FUN_06da0824 @L188766
0x6da135c,864,FUN_06da135c @L188778
0x6da2834,4,FUN_06da2834 @L188932
0x6da2840,8,FUN_06da2840 @L188940
0x6da2858,8,FUN_06da2858 @L188948
0x6da291c,76,FUN_06da291c @L188956
0x6da2a7c,84,FUN_06da2a7c @L188974
0x6da31ec,336,FUN_06da31ec @L188991
0x6da3c20,120,FUN_06da3c20 @L189076
0x6da3de8,68,FUN_06da3de8 @L189106
0x6da436c,1532,FUN_06da436c @L189123
0x6da8554,136,FUN_06da8554 @L189354
0x6da8ae0,36,FUN_06da8ae0 @L189392
0x6da8c18,60,FUN_06da8c18 @L189401
0x6da8cd4,8,FUN_06da8cd4 @L189426
0x6da8d98,144,FUN_06da8d98 @L189435
0x6da91b8,4,FUN_06da91b8 @L189474
0x6da92c0,8,FUN_06da92c0 @L189486
0x6da92f4,36,FUN_06da92f4 @L189494
0x6da9340,156,FUN_06da9340 @L189505
0x6da98b8,8,FUN_06da98b8 @L189544
0x6da9940,156,FUN_06da9940 @L189553
0x6da9eb8,8,FUN_06da9eb8 @L189592
0x6da9f38,156,FUN_06da9f38 @L189601
0x6daa580,820,FUN_06daa580 @L189640
0x6dacbf4,296,FUN_06dacbf4 @L189829
0x6dad24c,136,FUN_06dad24c @L189883
0x6dad63c,936,FUN_06dad63c @L189921
0x6db00c0,412,FUN_06db00c0 @L190164
0x6db1690,640,FUN_06db1690 @L190242
0x6db3568,140,FUN_06db3568 @L190398
0x6db3d8c,8,FUN_06db3d8c @L190420
0x6db3e08,156,FUN_06db3e08 @L190428
0x6db428c,176,FUN_06db428c @L190458
0x6db499c,628,FUN_06db499c @L190497
0x6db93a0,204,FUN_06db93a0 @L190613
0x6db993c,44,FUN_06db993c @L190644
0x6db996c,320,FUN_06db996c @L190656
0x6dba528,328,FUN_06dba528 @L190725
0x6dbae3c,80,FUN_06dbae3c @L190790
0x6dbb470,156,FUN_06dbb470 @L190813
0x6dbb65c,168,FUN_06dbb65c @L190836
0x6dbb9e4,208,FUN_06dbb9e4 @L190860
0x6dbbe00,184,FUN_06dbbe00 @L190897
0x6dbc498,232,FUN_06dbc498 @L190928
0x6dbc71c,216,FUN_06dbc71c @L190961
0x6dbcae0,184,FUN_06dbcae0 @L190993
0x6dbcf78,212,FUN_06dbcf78 @L191025
0x6dbde24,376,FUN_06dbde24 @L191058
0x6dbf23c,296,FUN_06dbf23c @L191126
0x6dbf6fc,184,FUN_06dbf6fc @L191186
0x6dbfcf8,24,FUN_06dbfcf8 @L191215
0x6dbfe80,56,FUN_06dbfe80 @L191228
0x6dc0064,460,FUN_06dc0064 @L191239
0x6dc0f7c,196,FUN_06dc0f7c @L191323
0x6dc1b00,196,FUN_06dc1b00 @L191375
0x6dc32a4,196,FUN_06dc32a4 @L191427
0x6dc3634,204,FUN_06dc3634 @L191479
0x6dc40f4,824,FUN_06dc40f4 @L191515
0x6dc5f08,40,FUN_06dc5f08 @L191722
0x6dc5f58,96,FUN_06dc5f58 @L191731
0x6dc6020,180,FUN_06dc6020 @L191744
0x6dc6350,508,FUN_06dc6350 @L191781
0x6dc7244,200,FUN_06dc7244 @L191856
0x6dc737c,3580,FUN_06dc737c @L191892; pak文件元数据处理(FileMD5/OrigFileSize/CompressedFileSize/DepFileNames)
0x6ddd9d0,804,FUN_06ddd9d0 @L192554
0x6ddf7f4,76,FUN_06ddf7f4 @L192701
0x6ddf91c,48,FUN_06ddf91c @L192717
0x6ddfab4,64,FUN_06ddfab4 @L192740
0x6ddfbac,88,FUN_06ddfbac @L192754
0x6de01f4,20,FUN_06de01f4 @L192770
0x6de03ec,36,FUN_06de03ec @L192779
0x6de0474,4,FUN_06de0474 @L192788
0x6de049c,380,FUN_06de049c @L192796
0x6de0ef8,4,FUN_06de0ef8 @L192856
0x6de0f84,24,FUN_06de0f84 @L192864
0x6de1100,164,FUN_06de1100 @L192874
0x6de14d8,240,FUN_06de14d8 @L192904
0x6de2520,24,FUN_06de2520 @L192953
0x6de26f4,4,FUN_06de26f4 @L192963
0x6de26fc,76,FUN_06de26fc @L192971
0x6de2ef8,400,FUN_06de2ef8 @L192989
0x6de343c,100,FUN_06de343c @L193067
0x6de3aac,132,FUN_06de3aac @L193087
0x6de4024,160,FUN_06de4024 @L193133
0x6de4890,8,FUN_06de4890 @L193169
0x6de4980,88,FUN_06de4980 @L193177
0x6de4b8c,144,FUN_06de4b8c @L193200
0x6de53cc,1124,FUN_06de53cc @L193239
0x6dedf08,1116,FUN_06dedf08 @L193473
0x6defbe0,16,FUN_06defbe0 @L193747
0x6defd54,268,FUN_06defd54 @L193755
0x6df08c8,324,FUN_06df08c8 @L193836
0x6df1158,252,FUN_06df1158 @L193891
0x6df1f60,480,FUN_06df1f60 @L193946
0x6df3d28,352,FUN_06df3d28 @L194031
0x6df40c4,144,FUN_06df40c4 @L194090
0x6df45dc,296,FUN_06df45dc @L194126
0x6df55e4,512,FUN_06df55e4 @L194167
0x6df7058,348,FUN_06df7058 @L194231
0x6df7aec,208,FUN_06df7aec @L194304
0x6df7e54,36,FUN_06df7e54 @L194365
0x6df7f00,36,FUN_06df7f00 @L194375
0x6df7fd4,92,FUN_06df7fd4 @L194385
0x6df81dc,264,FUN_06df81dc @L194404
0x6dfb768,200,FUN_06dfb768 @L194493
0x6dfc750,204,FUN_06dfc750 @L194529
0x6dfcb38,268,FUN_06dfcb38 @L194590
0x6dfd03c,248,FUN_06dfd03c @L194645
0x6dfd58c,48,FUN_06dfd58c @L194703
0x6dfd5bc,56,FUN_06dfd5bc @L194715
0x6dfd868,152,FUN_06dfd868 @L194728
0x6dfdcb8,36,FUN_06dfdcb8 @L194764
0x6dfe7f8,2524,FUN_06dfe7f8 @L194774
0x6e06510,144,FUN_06e06510 @L195266
0x6e067c0,2064,_INIT_281 @L195305
0x6e17484,40,FUN_06e17484 @L195562
0x6e174ac,428,FUN_06e174ac @L195571
0x6e17b20,520,FUN_06e17b20 @L195646
0x6e182a8,320,FUN_06e182a8 @L195739
0x6e18cd0,144,FUN_06e18cd0 @L195791
0x6e18fd8,424,FUN_06e18fd8 @L195813
0x6e19a0c,696,FUN_06e19a0c @L195901
0x6e1c210,552,FUN_06e1c210 @L196048
0x6e1d474,200,FUN_06e1d474 @L196100
0x6e1d88c,60,FUN_06e1d88c @L196128
0x6e1da08,28,FUN_06e1da08 @L196138
0x6e1da24,224,FUN_06e1da24 @L196147
0x6e1e6fc,52,FUN_06e1e6fc @L196208
0x6e1ea64,192,FUN_06e1ea64 @L196220
0x6e1f6f0,220,FUN_06e1f6f0 @L196271
0x6e203f8,96,FUN_06e203f8 @L196311
0x6e20888,236,FUN_06e20888 @L196329
0x6e212a8,24,FUN_06e212a8 @L196375
0x6e21414,36,FUN_06e21414 @L196384
0x6e21468,36,FUN_06e21468 @L196396
0x6e21518,96,FUN_06e21518 @L196408
0x6e226e8,184,FUN_06e226e8 @L196436
0x6e228b8,1324,FUN_06e228b8 @L196476
0x6e2906c,144,FUN_06e2906c @L196719
0x6e293c0,88,FUN_06e293c0 @L196739
0x6e2977c,472,FUN_06e2977c @L196758
0x6e2a9f4,248,FUN_06e2a9f4 @L196856
0x6e2b27c,40,FUN_06e2b27c @L196896
0x6e2b490,236,FUN_06e2b490 @L196905
0x6e2b870,40,FUN_06e2b870 @L196981
0x6e2b8e8,40,FUN_06e2b8e8 @L196993
0x6e2bc50,1172,FUN_06e2bc50 @L197008
0x6e31ce8,852,FUN_06e31ce8 @L197304
0x6e34590,8,FUN_06e34590 @L197498
0x6e34598,8,FUN_06e34598 @L197506
0x6e345a0,8,FUN_06e345a0 @L197514
0x6e345a8,16,FUN_06e345a8 @L197522
0x6e345c0,156,FUN_06e345c0 @L197530
0x6e34eb0,528,FUN_06e34eb0 @L197569
0x6e36718,432,FUN_06e36718 @L197668
0x6e370b0,108,FUN_06e370b0 @L197757
0x6e373bc,72,FUN_06e373bc @L197773
0x6e377d8,140,FUN_06e377d8 @L197787
0x6e37c34,40,FUN_06e37c34 @L197817
0x6e37c7c,48,FUN_06e37c7c @L197829
0x6e37d60,48,FUN_06e37d60 @L197841
0x6e38a50,48,FUN_06e38a50 @L197853
0x6e38a98,48,FUN_06e38a98 @L197865
0x6e38cd4,60,FUN_06e38cd4 @L197877
0x6e39038,48,FUN_06e39038 @L197890
0x6e39098,60,FUN_06e39098 @L197902
0x6e39298,388,FUN_06e39298 @L197915
0x6e3aa18,80,FUN_06e3aa18 @L197991
0x6e3aeb0,536,FUN_06e3aeb0 @L198023
0x6e3c1cc,76,FUN_06e3c1cc @L198172
0x6e3c480,72,FUN_06e3c480 @L198191
0x6e3c5d4,60,FUN_06e3c5d4 @L198208
0x6e3d398,316,FUN_06e3d398 @L198224
0x6e3decc,140,FUN_06e3decc @L198285
0x6e3e548,220,FUN_06e3e548 @L198318
0x6e3ee54,240,FUN_06e3ee54 @L198363
0x6e3f560,240,FUN_06e3f560 @L198409
0x6e3fc34,348,FUN_06e3fc34 @L198455
0x6e40740,236,FUN_06e40740 @L198518
0x6e40d1c,340,FUN_06e40d1c @L198564
0x6e418d8,308,FUN_06e418d8 @L198627
0x6e422f4,368,FUN_06e422f4 @L198679
0x6e42f80,232,FUN_06e42f80 @L198748
0x6e43480,248,FUN_06e43480 @L198797
0x6e43c24,232,FUN_06e43c24 @L198850
0x6e448f4,232,FUN_06e448f4 @L198898
0x6e450ec,448,FUN_06e450ec @L198947
0x6e460dc,240,FUN_06e460dc @L199030
0x6e46b6c,268,FUN_06e46b6c @L199083
0x6e473a8,272,FUN_06e473a8 @L199137
0x6e47f70,272,FUN_06e47f70 @L199183
0x6e48c68,276,FUN_06e48c68 @L199229
0x6e49964,272,FUN_06e49964 @L199270
0x6e4a788,272,FUN_06e4a788 @L199316
0x6e4b5ac,272,FUN_06e4b5ac @L199362
0x6e4c3d0,272,FUN_06e4c3d0 @L199408
0x6e4d9e0,184,FUN_06e4d9e0 @L199454
0x6e4e190,200,FUN_06e4e190 @L199512
0x6e4e80c,340,FUN_06e4e80c @L199572
0x6e4f480,244,FUN_06e4f480 @L199635
0x6e4ffdc,340,FUN_06e4ffdc @L199681
0x6e51278,272,FUN_06e51278 @L199744
0x6e51f14,504,FUN_06e51f14 @L199790
0x6e538b0,272,FUN_06e538b0 @L199884
0x6e546d8,272,FUN_06e546d8 @L199930
0x6e55500,272,FUN_06e55500 @L199976
0x6e560b4,72,FUN_06e560b4 @L200022
0x6e56298,48,FUN_06e56298 @L200033
0x6e5648c,184,FUN_06e5648c @L200047
0x6e572a0,76,FUN_06e572a0 @L200082
0x6e574d4,416,FUN_06e574d4 @L200097
0x6e589f8,332,FUN_06e589f8 @L200171
0x6e59a9c,300,FUN_06e59a9c @L200249
0x6e5b444,492,FUN_06e5b444 @L200321
0x6e5cf9c,248,FUN_06e5cf9c @L200464
0x6e5dc6c,232,FUN_06e5dc6c @L200510
0x6e5e880,396,FUN_06e5e880 @L200559
0x6e5f618,340,FUN_06e5f618 @L200632
0x6e60454,228,FUN_06e60454 @L200695
0x6e60f6c,280,FUN_06e60f6c @L200742
0x6e61ab0,420,FUN_06e61ab0 @L200795
0x6e62e14,276,FUN_06e62e14 @L200868
0x6e64190,272,FUN_06e64190 @L200909
0x6e65004,44,FUN_06e65004 @L200955
0x6e6524c,272,FUN_06e6524c @L200967
0x6e663e4,244,FUN_06e663e4 @L201013
0x6e66de4,240,FUN_06e66de4 @L201059
0x6e677c4,276,FUN_06e677c4 @L201108
0x6e68848,276,FUN_06e68848 @L201149
0x6e69670,272,FUN_06e69670 @L201190
0x6e6a6f4,272,FUN_06e6a6f4 @L201236
0x6e6b6fc,376,FUN_06e6b6fc @L201282
0x6e6caac,84,FUN_06e6caac @L201351
0x6e6d038,240,FUN_06e6d038 @L201367
0x6e6db78,236,FUN_06e6db78 @L201417
0x6e6eb3c,272,FUN_06e6eb3c @L201468
0x6e6fa20,236,FUN_06e6fa20 @L201514
0x6e70464,272,FUN_06e70464 @L201560
0x6e713c8,272,FUN_06e713c8 @L201606
0x6e722a4,44,FUN_06e722a4 @L201652
0x6e727d4,236,FUN_06e727d4 @L201664
0x6e7377c,72,FUN_06e7377c @L201710
0x6e73c4c,272,FUN_06e73c4c @L201721
0x6e748d0,44,FUN_06e748d0 @L201767
0x6e74fd4,72,FUN_06e74fd4 @L201780
0x6e75478,244,FUN_06e75478 @L201793
0x6e76038,280,FUN_06e76038 @L201854
0x6e77004,44,FUN_06e77004 @L201918
0x6e776c4,272,FUN_06e776c4 @L201930
0x6e784d4,272,FUN_06e784d4 @L201980
0x6e79864,272,FUN_06e79864 @L202028
0x6e7a528,224,FUN_06e7a528 @L202074
0x6e7afd4,232,FUN_06e7afd4 @L202124
0x6e7bce0,272,FUN_06e7bce0 @L202176
0x6e7ce88,72,FUN_06e7ce88 @L202230
0x6e7d4dc,216,FUN_06e7d4dc @L202242
0x6e7e2c8,272,FUN_06e7e2c8 @L202315
0x6e7f1e0,240,FUN_06e7f1e0 @L202375
0x6e7fbf4,316,FUN_06e7fbf4 @L202451
0x6e81250,272,FUN_06e81250 @L202512
0x6e8249c,232,FUN_06e8249c @L202564
0x6e8324c,272,FUN_06e8324c @L202617
0x6e842bc,276,FUN_06e842bc @L202685
0x6e85418,272,FUN_06e85418 @L202744
0x6e8621c,72,FUN_06e8621c @L202808
0x6e86830,72,FUN_06e86830 @L202819
0x6e87080,272,FUN_06e87080 @L202830
0x6e88034,476,FUN_06e88034 @L202876
0x6e89b10,276,FUN_06e89b10 @L203027
0x6e8ad54,232,FUN_06e8ad54 @L203083
0x6e8bb60,244,FUN_06e8bb60 @L203132
0x6e8cbf4,252,FUN_06e8cbf4 @L203178
0x6e8d79c,272,FUN_06e8d79c @L203224
0x6e8ec84,272,FUN_06e8ec84 @L203270
0x6e8ff1c,276,FUN_06e8ff1c @L203316
0x6e9106c,272,FUN_06e9106c @L203360
0x6e91fc0,276,FUN_06e91fc0 @L203406
0x6e93174,272,FUN_06e93174 @L203447
0x6e9431c,272,FUN_06e9431c @L203493
0x6e955dc,272,FUN_06e955dc @L203539
0x6e96f54,276,FUN_06e96f54 @L203585
0x6e97a6c,640,_INIT_285 @L203626
0x6e9c688,84,FUN_06e9c688 @L203769
0x6e9c7f0,44,FUN_06e9c7f0 @L203787
0x6e9ca74,272,FUN_06e9ca74 @L203799
0x6e9dd00,272,FUN_06e9dd00 @L203845
0x6e9f194,276,FUN_06e9f194 @L203896
0x6ea0464,312,FUN_06ea0464 @L203969
0x6ea147c,272,FUN_06ea147c @L204049
0x6ea2434,320,FUN_06ea2434 @L204098
0x6ea3640,232,FUN_06ea3640 @L204169
0x6ea4114,220,FUN_06ea4114 @L204218
0x6ea50c4,44,FUN_06ea50c4 @L204262
0x6ea52cc,240,FUN_06ea52cc @L204274
0x6ea63e4,272,FUN_06ea63e4 @L204332
0x6ea7920,284,FUN_06ea7920 @L204387
0x6ea8cf0,244,FUN_06ea8cf0 @L204453
0x6ea9c6c,284,FUN_06ea9c6c @L204520
0x6eaadac,272,FUN_06eaadac @L204586
0x6eac4a4,312,FUN_06eac4a4 @L204634
0x6ead824,412,FUN_06ead824 @L204686
0x6eaefc4,272,FUN_06eaefc4 @L204759
0x6eb0094,272,FUN_06eb0094 @L204808
0x6eb13b8,260,FUN_06eb13b8 @L204854
0x6eb26e0,84,FUN_06eb26e0 @L204908
0x6eb2874,68,FUN_06eb2874 @L204924
0x6eb342c,44,FUN_06eb342c @L204941
0x6eb3920,84,FUN_06eb3920 @L204953
0x6eb3ecc,492,FUN_06eb3ecc @L204969
0x6eb5f1c,224,FUN_06eb5f1c @L205110
0x6eb6950,224,FUN_06eb6950 @L205164
0x6eb72fc,528,FUN_06eb72fc @L205211
0x6eb9608,284,FUN_06eb9608 @L205305
0x6eba538,276,FUN_06eba538 @L205365
0x6ebb92c,244,FUN_06ebb92c @L205413
0x6ebc90c,272,FUN_06ebc90c @L205475
0x6ebe3b8,272,FUN_06ebe3b8 @L205521
0x6ebf30c,276,FUN_06ebf30c @L205591
0x6ec06f8,72,FUN_06ec06f8 @L205636
0x6ec0d64,592,FUN_06ec0d64 @L205648
0x6ec300c,276,FUN_06ec300c @L205832
0x6ec42ac,84,FUN_06ec42ac @L205892
0x6ec45e0,204,FUN_06ec45e0 @L205908
0x6ec4ec8,128,FUN_06ec4ec8 @L205945
0x6ec68c4,1188,FUN_06ec68c4 @L205972
0x6ecb560,332,FUN_06ecb560 @L206175
0x6ecd014,204,FUN_06ecd014 @L206231
0x6ecd598,208,FUN_06ecd598 @L206268
0x6ecdc54,308,FUN_06ecdc54 @L206309
0x6ece78c,804,FUN_06ece78c @L206367
0x6ed1a74,260,FUN_06ed1a74 @L206518
0x6ed28a8,196,FUN_06ed28a8 @L206566
0x6ed3e40,608,FUN_06ed3e40 @L206603
0x6ed5b20,84,FUN_06ed5b20 @L206717
0x6ed5e18,284,FUN_06ed5e18 @L206733
0x6ed74f4,348,FUN_06ed74f4 @L206799
0x6ed8a10,224,FUN_06ed8a10 @L206865
0x6ed9790,276,FUN_06ed9790 @L206909
0x6eda4a8,240,FUN_06eda4a8 @L206952
0x6edb504,308,FUN_06edb504 @L206998
0x6edc740,196,FUN_06edc740 @L207066
0x6edd3b4,284,FUN_06edd3b4 @L207098
0x6ede64c,152,FUN_06ede64c @L207146
0x6edf200,364,FUN_06edf200 @L207173
0x6ee047c,148,FUN_06ee047c @L207253
0x6ee0a60,192,FUN_06ee0a60 @L207289
0x6ee1b6c,308,FUN_06ee1b6c @L207331
0x6ee2f24,276,FUN_06ee2f24 @L207395
0x6ee3940,112,FUN_06ee3940 @L207452
0x6ee43e8,296,FUN_06ee43e8 @L207471
0x6ee56dc,160,FUN_06ee56dc @L207530
0x6ee5ed8,416,FUN_06ee5ed8 @L207567
0x6ee7760,216,FUN_06ee7760 @L207640
0x6ee834c,116,FUN_06ee834c @L207682
0x6ee8a08,464,FUN_06ee8a08 @L207703
0x6eeab04,192,FUN_06eeab04 @L207831
0x6eebb58,184,FUN_06eebb58 @L207922
0x6eebfd0,180,FUN_06eebfd0 @L207974
0x6eecda0,192,FUN_06eecda0 @L208021
0x6eed92c,188,FUN_06eed92c @L208067
0x6eee3dc,132,FUN_06eee3dc @L208113
0x6eeed80,180,FUN_06eeed80 @L208155
0x6eefde4,108,FUN_06eefde4 @L208183
0x6eeffac,108,FUN_06eeffac @L208206
0x6ef05f0,248,FUN_06ef05f0 @L208226
0x6ef1a20,172,FUN_06ef1a20 @L208287
0x6ef23a0,284,FUN_06ef23a0 @L208317
0x6ef35b8,112,FUN_06ef35b8 @L208364
0x6ef3da0,120,FUN_06ef3da0 @L208384
0x6ef41e8,232,FUN_06ef41e8 @L208406
0x6ef4bb4,136,FUN_06ef4bb4 @L208455
0x6ef5a04,180,FUN_06ef5a04 @L208484
0x6ef6408,92,FUN_06ef6408 @L208536
0x6ef66bc,172,FUN_06ef66bc @L208553
0x6ef7a40,212,FUN_06ef7a40 @L208594
0x6ef85dc,232,FUN_06ef85dc @L208652
0x6ef9684,336,FUN_06ef9684 @L208701
0x6efb234,320,FUN_06efb234 @L208766
0x6efbcd0,144,FUN_06efbcd0 @L208829
0x6efd4fc,356,FUN_06efd4fc @L208883
0x6efeb8c,256,FUN_06efeb8c @L208989
0x6eff4e4,76,FUN_06eff4e4 @L209032
0x6f003c8,272,FUN_06f003c8 @L209049
0x6f0157c,76,FUN_06f0157c @L209141
0x6f01a78,272,FUN_06f01a78 @L209160
0x6f0307c,76,FUN_06f0307c @L209264
0x6f036dc,504,FUN_06f036dc @L209281
0x6f063b0,176,FUN_06f063b0 @L209382
0x6f0767c,272,FUN_06f0767c @L209426
0x6f0824c,232,FUN_06f0824c @L209498
0x6f088bc,272,FUN_06f088bc @L209567
0x6f09440,84,FUN_06f09440 @L209619
0x6f09ec4,224,FUN_06f09ec4 @L209635
0x6f0b0ec,72,FUN_06f0b0ec @L209685
0x6f0b4e0,84,FUN_06f0b4e0 @L209696
0x6f0b794,204,FUN_06f0b794 @L209712
0x6f0c1a8,232,FUN_06f0c1a8 @L209747
0x6f0d3fc,272,FUN_06f0d3fc @L209805
0x6f0e6dc,220,FUN_06f0e6dc @L209851
0x6f0f018,240,FUN_06f0f018 @L209901
0x6f10224,272,FUN_06f10224 @L209957
0x6f11b28,600,FUN_06f11b28 @L210036
0x6f15528,244,FUN_06f15528 @L210220
0x6f16078,340,FUN_06f16078 @L210266
0x6f16d50,380,FUN_06f16d50 @L210326
0x6f18840,272,FUN_06f18840 @L210423
0x6f19c78,556,FUN_06f19c78 @L210469
0x6f1cc3c,764,FUN_06f1cc3c @L210604
0x6f1ef8c,376,FUN_06f1ef8c @L210775
0x6f20850,304,FUN_06f20850 @L210882
0x6f21860,276,FUN_06f21860 @L210958
0x6f22cf8,76,FUN_06f22cf8 @L211006
0x6f232c4,332,FUN_06f232c4 @L211026
0x6f252ec,20,FUN_06f252ec @L211136
0x6f25404,396,FUN_06f25404 @L211146
0x6f26330,196,FUN_06f26330 @L211253
0x6f27d38,152,FUN_06f27d38 @L211292
0x6f2827c,160,FUN_06f2827c @L211320
0x6f293c8,328,FUN_06f293c8 @L211349
0x6f2a774,168,FUN_06f2a774 @L211423
0x6f2aed0,312,FUN_06f2aed0 @L211448
0x6f2c570,180,FUN_06f2c570 @L211513
0x6f2cce0,180,FUN_06f2cce0 @L211542
0x6f2dd78,88,FUN_06f2dd78 @L211572
0x6f2ddd0,88,FUN_06f2ddd0 @L211596
0x6f2e004,328,FUN_06f2e004 @L211620
0x6f306d8,1392,FUN_06f306d8 @L211719
0x6f385a0,232,FUN_06f385a0 @L212069; [渲染相关]USpineWidget::SetNormalBlendMaterial BP thunk: 校验USpineWidget+UMaterialInterface后调FUN_070cd1ec(卷外)
0x6f394a0,8,FUN_06f394a0 @L212112
0x6f39584,8,FUN_06f39584 @L212120
0x6f3958c,8,FUN_06f3958c @L212128
0x6f39690,8,FUN_06f39690 @L212136
0x6f3984c,716,FUN_06f3984c @L212145
0x6f3c010,1760,FUN_06f3c010 @L212325
0x6f4329c,296,FUN_06f4329c @L212809
0x6f443e8,8,FUN_06f443e8 @L212867
0x6f44400,16,FUN_06f44400 @L212875
0x6f444d0,48,FUN_06f444d0 @L212883
0x6f44558,124,FUN_06f44558 @L212899
0x6f4566c,8,FUN_06f4566c @L212924
0x6f45674,8,FUN_06f45674 @L212932
0x6f45684,8,FUN_06f45684 @L212940
0x6f45714,176,FUN_06f45714 @L212948
0x6f470d0,556,FUN_06f470d0 @L213005
0x6f49154,164,FUN_06f49154 @L213142
0x6f4cd34,656,FUN_06f4cd34 @L213171
0x6f4f414,72,FUN_06f4f414 @L213316
0x6f4f688,1032,FUN_06f4f688 @L213332
0x6f53260,716,FUN_06f53260 @L213590
0x6f5540c,796,FUN_06f5540c @L213722
0x6f58b7c,280,FUN_06f58b7c @L213883
0x6f592fc,276,FUN_06f592fc @L213934
0x6f5a24c,276,FUN_06f5a24c @L213975
0x6f5b2d0,276,FUN_06f5b2d0 @L214041
0x6f5c484,272,FUN_06f5c484 @L214099
0x6f5d508,272,FUN_06f5d508 @L214157
0x6f5e58c,272,FUN_06f5e58c @L214203
0x6f5f610,272,FUN_06f5f610 @L214249
0x6f607a8,272,FUN_06f607a8 @L214295
0x6f6193c,272,FUN_06f6193c @L214359
0x6f62f98,272,FUN_06f62f98 @L214405
0x6f644d4,272,FUN_06f644d4 @L214459
0x6f65558,272,FUN_06f65558 @L214512
0x6f66344,44,FUN_06f66344 @L214558
0x6f66954,272,FUN_06f66954 @L214570
0x6f67458,44,FUN_06f67458 @L214616
0x6f67b68,268,FUN_06f67b68 @L214628
0x6f6865c,284,FUN_06f6865c @L214684
0x6f69630,232,FUN_06f69630 @L214745
0x6f6a634,232,FUN_06f6a634 @L214800
0x6f6bc5c,224,FUN_06f6bc5c @L214857
0x6f6c764,424,FUN_06f6c764 @L214904
0x6f6dddc,276,FUN_06f6dddc @L215009
0x6f6ec00,272,FUN_06f6ec00 @L215050
0x6f70310,116,FUN_06f70310 @L215103
0x6f7066c,88,FUN_06f7066c @L215123
0x6f70f24,4,FUN_06f70f24 @L215148
0x6f710a4,8,FUN_06f710a4 @L215156
0x6f71900,116,FUN_06f71900 @L215164
0x6f72710,360,FUN_06f72710 @L215192
0x6f73738,112,FUN_06f73738 @L215257
0x6f73988,28,FUN_06f73988 @L215278
0x6f739f8,8,FUN_06f739f8 @L215299
0x6f73a08,8,FUN_06f73a08 @L215307
0x6f73acc,28,FUN_06f73acc @L215315
0x6f73c54,24,FUN_06f73c54 @L215334
0x6f73d40,28,FUN_06f73d40 @L215348
0x6f73ef0,8,FUN_06f73ef0 @L215368
0x6f74014,8,FUN_06f74014 @L215376
0x6f740d4,264,FUN_06f740d4 @L215384
0x6f75198,8,FUN_06f75198 @L215453
0x6f751b0,8,FUN_06f751b0 @L215461
0x6f75298,8,FUN_06f75298 @L215469
0x6f7535c,48,FUN_06f7535c @L215477
0x6f75490,8,FUN_06f75490 @L215489
0x6f75544,32,FUN_06f75544 @L215497
0x6f75670,8,FUN_06f75670 @L215508
0x6f75758,8,FUN_06f75758 @L215516
0x6f75804,16,FUN_06f75804 @L215524
0x6f75938,8,FUN_06f75938 @L215536
0x6f75a10,8,FUN_06f75a10 @L215544
0x6f75acc,32,FUN_06f75acc @L215552
0x6f75bf8,8,FUN_06f75bf8 @L215564
0x6f75ce0,8,FUN_06f75ce0 @L215572
0x6f75d94,24,FUN_06f75d94 @L215580
0x6f75edc,8,FUN_06f75edc @L215592
0x6f75f90,24,FUN_06f75f90 @L215600
0x6f760dc,8,FUN_06f760dc @L215612
0x6f761a4,8,FUN_06f761a4 @L215620
0x6f76260,24,FUN_06f76260 @L215628
0x6f76428,4,FUN_06f76428 @L215640
0x6f765ec,8,FUN_06f765ec @L215652
0x6f76604,140,FUN_06f76604 @L215660
0x6f770a0,256,FUN_06f770a0 @L215692
0x6f78678,80,FUN_06f78678 @L215761
0x6f78a3c,1760,_INIT_291 @L215784
0x6f86684,272,FUN_06f86684 @L216018
0x6f87ad4,72,FUN_06f87ad4 @L216064
0x6f87ee8,232,FUN_06f87ee8 @L216078
0x6f88c14,84,FUN_06f88c14 @L216127
0x6f891ac,460,FUN_06f891ac @L216143
0x6f8b438,272,FUN_06f8b438 @L216245
0x6f8ba1c,276,FUN_06f8ba1c @L216299
0x6f8caa0,276,FUN_06f8caa0 @L216351
0x6f8da80,72,FUN_06f8da80 @L216392
0x6f8dff0,296,FUN_06f8dff0 @L216403
0x6f8f104,344,FUN_06f8f104 @L216465
0x6f90790,236,FUN_06f90790 @L216534
0x6f913fc,232,FUN_06f913fc @L216580
0x6f92254,276,FUN_06f92254 @L216631
0x6f9355c,276,FUN_06f9355c @L216680
0x6f94ae4,356,FUN_06f94ae4 @L216729
0x6f95ebc,272,FUN_06f95ebc @L216807
0x6f9706c,276,FUN_06f9706c @L216861
0x6f97e94,276,FUN_06f97e94 @L216909
0x6f99048,284,FUN_06f99048 @L216981
0x6f9a3e4,324,FUN_06f9a3e4 @L217047
0x6f9b5e0,272,FUN_06f9b5e0 @L217115
0x6f9c854,624,FUN_06f9c854 @L217161
0x6f9f464,232,FUN_06f9f464 @L217302
0x6f9ff68,248,FUN_06f9ff68 @L217359
0x6fa1140,272,FUN_06fa1140 @L217418
0x6fa2370,240,FUN_06fa2370 @L217467
0x6fa3250,272,FUN_06fa3250 @L217517
0x6fa3c80,232,FUN_06fa3c80 @L217566
0x6fa49f8,84,FUN_06fa49f8 @L217623
0x6fa50dc,216,FUN_06fa50dc @L217639
0x6fa5eac,272,FUN_06fa5eac @L217683
0x6fa7218,408,FUN_06fa7218 @L217737
0x6fa8b48,216,FUN_06fa8b48 @L217818
0x6fa98d0,272,FUN_06fa98d0 @L217862
0x6faa5c8,272,FUN_06faa5c8 @L217908
0x6fab890,276,FUN_06fab890 @L217954
0x6facbd8,560,FUN_06facbd8 @L217995
0x6faed38,352,FUN_06faed38 @L218095
0x6fb01e8,224,FUN_06fb01e8 @L218176
0x6fb1a68,340,FUN_06fb1a68 @L218223
0x6fb2d3c,420,FUN_06fb2d3c @L218291
0x6fb4634,240,FUN_06fb4634 @L218374
0x6fb5388,272,FUN_06fb5388 @L218423
0x6fb6534,272,FUN_06fb6534 @L218475
0x6fb792c,252,FUN_06fb792c @L218521
0x6fb8b68,272,FUN_06fb8b68 @L218571
0x6fb9df8,244,FUN_06fb9df8 @L218620
0x6fbae94,340,FUN_06fbae94 @L218672
0x6fbc524,272,FUN_06fbc524 @L218735
0x6fbd22c,204,FUN_06fbd22c @L218788
0x6fbda80,272,FUN_06fbda80 @L218828
0x6fbee8c,240,FUN_06fbee8c @L218888
0x6fbff00,384,FUN_06fbff00 @L218939
0x6fc1680,244,FUN_06fc1680 @L219017
0x6fc27bc,328,FUN_06fc27bc @L219088
0x6fc3950,372,FUN_06fc3950 @L219155
0x6fc4fac,260,FUN_06fc4fac @L219238
0x6fc6130,340,FUN_06fc6130 @L219288
0x6fc79d4,272,FUN_06fc79d4 @L219355
0x6fc8b7c,276,FUN_06fc8b7c @L219401
0x6fc9d1c,272,FUN_06fc9d1c @L219442
0x6fcad84,272,FUN_06fcad84 @L219488
0x6fcc180,276,FUN_06fcc180 @L219534
0x6fcd320,272,FUN_06fcd320 @L219575
0x6fce924,204,FUN_06fce924 @L219621
0x6fcf8a8,200,FUN_06fcf8a8 @L219683
0x6fd0b40,216,FUN_06fd0b40 @L219743
0x6fd1ff4,492,FUN_06fd1ff4 @L219791
0x6fd3ccc,72,FUN_06fd3ccc @L219955
0x6fd43dc,240,FUN_06fd43dc @L219967
0x6fd4e3c,272,FUN_06fd4e3c @L220014
0x6fd5fec,272,FUN_06fd5fec @L220064
0x6fd73f4,276,FUN_06fd73f4 @L220110
0x6fd8478,276,FUN_06fd8478 @L220151
0x6fd9534,272,FUN_06fd9534 @L220192
0x6fda754,272,FUN_06fda754 @L220244
0x6fdba34,272,FUN_06fdba34 @L220296
0x6fdcafc,232,FUN_06fdcafc @L220342
0x6fdd560,272,FUN_06fdd560 @L220391
0x6fde810,204,FUN_06fde810 @L220437
0x6fdf8b0,216,FUN_06fdf8b0 @L220472
0x6fe02a0,276,FUN_06fe02a0 @L220516
0x6fe15d4,204,FUN_06fe15d4 @L220557
0x6fe23b8,272,FUN_06fe23b8 @L220592
0x6fe3698,272,FUN_06fe3698 @L220638
0x6fe4a70,216,FUN_06fe4a70 @L220684
0x6fe58b0,556,FUN_06fe58b0 @L220728
0x6fe774c,272,FUN_06fe774c @L220830
0x6fe88f4,272,FUN_06fe88f4 @L220876
0x6fe9cc0,216,FUN_06fe9cc0 @L220934
0x6feac8c,272,FUN_06feac8c @L220978
0x6fec050,284,FUN_06fec050 @L221024
0x6fed268,216,FUN_06fed268 @L221090
0x6fee388,276,FUN_06fee388 @L221134
0x6fef420,84,FUN_06fef420 @L221175
0x6fef588,44,FUN_06fef588 @L221191
0x6fefaf8,272,FUN_06fefaf8 @L221203
0x6ff0cf4,396,FUN_06ff0cf4 @L221249
0x6ff2634,276,FUN_06ff2634 @L221328
0x6ff3588,276,FUN_06ff3588 @L221369
0x6ff502c,252,FUN_06ff502c @L221410
0x6ff61bc,304,FUN_06ff61bc @L221478
0x6ff73c4,296,FUN_06ff73c4 @L221535
0x6ff8868,232,FUN_06ff8868 @L221591
0x6ff9638,268,FUN_06ff9638 @L221640
0x6ffa664,372,FUN_06ffa664 @L221705
0x6ffbda0,272,FUN_06ffbda0 @L221778
0x6ffcf50,272,FUN_06ffcf50 @L221830
0x6ffe35c,272,FUN_06ffe35c @L221926
0x6fff764,276,FUN_06fff764 @L221989
0x700078c,44,FUN_0700078c @L222054
0x700098c,252,FUN_0700098c @L222067
0x7001dd4,236,FUN_07001dd4 @L222117
0x70025b0,252,FUN_070025b0 @L222174
0x7003a64,304,FUN_07003a64 @L222231
0x70049b0,276,FUN_070049b0 @L222286
0x7005db4,276,FUN_07005db4 @L222327
0x7006f18,232,FUN_07006f18 @L222374
0x700806c,220,FUN_0700806c @L222429
0x70085f4,36,FUN_070085f4 @L222473
0x70088c8,36,FUN_070088c8 @L222485
0x7008bac,276,FUN_07008bac @L222497
0x700a0e4,272,FUN_0700a0e4 @L222546
0x700b824,272,FUN_0700b824 @L222612
0x700c468,272,FUN_0700c468 @L222658
0x700ded4,272,FUN_0700ded4 @L222704
0x700f2dc,272,FUN_0700f2dc @L222758
0x7010360,272,FUN_07010360 @L222810
0x70113e0,272,FUN_070113e0 @L222861
0x70124cc,264,FUN_070124cc @L222936
0x7013388,240,FUN_07013388 @L222998
0x7014388,276,FUN_07014388 @L223044
0x70153b4,220,FUN_070153b4 @L223110
0x7016028,276,FUN_07016028 @L223154
0x7017138,84,FUN_07017138 @L223195
0x7017784,272,FUN_07017784 @L223211
0x70184e4,204,FUN_070184e4 @L223257
0x7019634,272,FUN_07019634 @L223295
0x701a914,284,FUN_0701a914 @L223342
0x701be38,276,FUN_0701be38 @L223408
0x701d038,204,FUN_0701d038 @L223455
0x701e204,496,FUN_0701e204 @L223493
0x70207c4,276,FUN_070207c4 @L223625
0x7021b24,344,FUN_07021b24 @L223691
0x70232c4,264,FUN_070232c4 @L223761
0x7023e8c,332,FUN_07023e8c @L223827
0x7025400,344,FUN_07025400 @L223892
0x7026590,232,FUN_07026590 @L223959
0x70276e8,304,FUN_070276e8 @L224011
0x702864c,292,FUN_0702864c @L224069
0x7029a18,276,FUN_07029a18 @L224132
0x702a970,272,FUN_0702a970 @L224173
0x702c068,272,FUN_0702c068 @L224219
0x702d40c,276,FUN_0702d40c @L224268
0x702e0fc,272,FUN_0702e0fc @L224309
0x702f07c,44,FUN_0702f07c @L224388
0x702f350,44,FUN_0702f350 @L224400
0x702f88c,240,FUN_0702f88c @L224412
0x7030980,276,FUN_07030980 @L224484
0x7031b28,272,FUN_07031b28 @L224525
0x7032c2c,204,FUN_07032c2c @L224577
0x7033cc0,276,FUN_07033cc0 @L224615
0x7034e70,276,FUN_07034e70 @L224660
0x7036150,276,FUN_07036150 @L224719
0x7037560,272,FUN_07037560 @L224778
0x70385d4,72,FUN_070385d4 @L224829
0x7038a74,272,FUN_07038a74 @L224840
0x7039e28,272,FUN_07039e28 @L224886
0x703aee0,236,FUN_0703aee0 @L224958
0x703bc0c,244,FUN_0703bc0c @L225004
0x703cf4c,36,FUN_0703cf4c @L225060
0x703d0d8,44,FUN_0703d0d8 @L225072
0x703d2b4,216,FUN_0703d2b4 @L225084
0x703da18,84,FUN_0703da18 @L225153
0x703e560,240,FUN_0703e560 @L225170
0x703f3a4,252,FUN_0703f3a4 @L225231
0x7040100,472,FUN_07040100 @L225303
0x7042c5c,340,FUN_07042c5c @L225396
0x704380c,232,FUN_0704380c @L225471
0x7044344,368,FUN_07044344 @L225519
0x7045898,84,FUN_07045898 @L225591
0x70461b8,36,FUN_070461b8 @L225607
0x7046344,44,FUN_07046344 @L225619
0x7046618,44,FUN_07046618 @L225632
0x70467d8,352,FUN_070467d8 @L225646
0x704839c,272,FUN_0704839c @L225728
0x7049450,232,FUN_07049450 @L225786
0x704aac4,512,FUN_0704aac4 @L225841
0x704d12c,272,FUN_0704d12c @L225940
0x704df54,272,FUN_0704df54 @L225988
0x704f3a4,348,FUN_0704f3a4 @L226053
0x705039c,224,FUN_0705039c @L226129
0x7050e5c,224,FUN_07050e5c @L226176
0x7051f84,272,FUN_07051f84 @L226223
0x7053134,276,FUN_07053134 @L226269
0x7054670,276,FUN_07054670 @L226310
0x7055788,276,FUN_07055788 @L226351
0x705693c,272,FUN_0705693c @L226420
0x7057a28,36,FUN_07057a28 @L226466
0x7057bb4,44,FUN_07057bb4 @L226478
0x7057efc,216,FUN_07057efc @L226490
0x7058c9c,188,FUN_07058c9c @L226555; AzureFacility UClass注册(AnimNotifyState_Azure/AzureDynamicSky/AzureModelHelper/FxCache等)
0x7059918,556,FUN_07059918 @L226570
0x705b504,12,FUN_0705b504 @L226708
0x705b51c,12,FUN_0705b51c @L226717
0x705b5d0,48,FUN_0705b5d0 @L226726
0x705b8ac,92,FUN_0705b8ac @L226741
0x705c5d0,308,FUN_0705c5d0 @L226759
0x705d868,20,FUN_0705d868 @L226835
0x705d9b0,228,FUN_0705d9b0 @L226853
0x705e2d0,188,FUN_0705e2d0 @L226957
0x705ef04,76,FUN_0705ef04 @L226979
0x705f260,76,FUN_0705f260 @L226992
0x705f5d4,12,FUN_0705f5d4 @L227010
0x705f644,12,FUN_0705f644 @L227020
0x705f68c,12,FUN_0705f68c @L227029
0x705f93c,188,FUN_0705f93c @L227038
0x70601a4,12,FUN_070601a4 @L227059
0x7060204,8,FUN_07060204 @L227071
0x7060300,8,FUN_07060300 @L227079
0x7060344,32,FUN_07060344 @L227087
0x7060554,8,FUN_07060554 @L227096
0x70605c0,8,FUN_070605c0 @L227104
0x706063c,8,FUN_0706063c @L227112
0x7060690,4,FUN_07060690 @L227120
0x706071c,8,FUN_0706071c @L227128
0x7060814,4,FUN_07060814 @L227136
0x7060874,4,FUN_07060874 @L227144
0x7060988,4,FUN_07060988 @L227152
0x7060a88,8,FUN_07060a88 @L227160
0x7060b38,8,FUN_07060b38 @L227168
0x7060bb4,8,FUN_07060bb4 @L227176
0x7060c08,8,FUN_07060c08 @L227184
0x7060c60,8,FUN_07060c60 @L227192
0x7060d5c,8,FUN_07060d5c @L227200
0x7060e08,8,FUN_07060e08 @L227208
0x7060e44,8,FUN_07060e44 @L227216
0x7060f64,8,FUN_07060f64 @L227225
0x7061e60,76,FUN_07061e60 @L227233
0x7062578,180,FUN_07062578 @L227245
0x7062bc4,4,FUN_07062bc4 @L227291
0x7062c88,76,FUN_07062c88 @L227299
0x70630c8,76,FUN_070630c8 @L227312
0x706364c,192,FUN_0706364c @L227325
0x70644ac,240,FUN_070644ac @L227346
0x7065064,76,FUN_07065064 @L227404
0x70657a0,256,FUN_070657a0 @L227423
0x706641c,8,FUN_0706641c @L227488
0x7066424,4,FUN_07066424 @L227496
0x7066428,192,FUN_07066428 @L227504
0x7067110,228,FUN_07067110 @L227527
0x7068e68,740,FUN_07068e68 @L227583
0x706a614,76,FUN_0706a614 @L227719
0x706a970,12,FUN_0706a970 @L227732
0x706a97c,76,FUN_0706a97c @L227741
0x706ace8,12,FUN_0706ace8 @L227754
0x706ae3c,76,FUN_0706ae3c @L227763
0x706b05c,12,FUN_0706b05c @L227776
0x706b1e4,76,FUN_0706b1e4 @L227785
0x706b508,12,FUN_0706b508 @L227803
0x706b76c,12,FUN_0706b76c @L227811
0x706b848,8,FUN_0706b848 @L227819
0x706b8a8,4,FUN_0706b8a8 @L227827
0x706b8bc,8,FUN_0706b8bc @L227835
0x706b8d8,8,FUN_0706b8d8 @L227843
0x706b8f8,8,FUN_0706b8f8 @L227851
0x706b968,8,FUN_0706b968 @L227859
0x706b980,8,FUN_0706b980 @L227867
0x706b9a4,8,FUN_0706b9a4 @L227875
0x706b9b4,8,FUN_0706b9b4 @L227883
0x706b9f4,4,FUN_0706b9f4 @L227891
0x706ba28,8,FUN_0706ba28 @L227899
0x706ba6c,8,FUN_0706ba6c @L227908
0x706bae8,8,FUN_0706bae8 @L227917
0x706bb54,4,FUN_0706bb54 @L227925
0x706bc24,192,FUN_0706bc24 @L227933
0x706cd94,76,FUN_0706cd94 @L227948
0x706d304,56,FUN_0706d304 @L227970
0x706d650,176,FUN_0706d650 @L227995
0x706dcfc,12,FUN_0706dcfc @L228045
0x706ddec,76,FUN_0706ddec @L228054
0x706e1c4,12,FUN_0706e1c4 @L228067
0x706e268,76,FUN_0706e268 @L228076
0x706e90c,56,FUN_0706e90c @L228094
0x706ee8c,168,FUN_0706ee8c @L228112
0x706f5fc,12,FUN_0706f5fc @L228150
0x706f654,76,FUN_0706f654 @L228159
0x706f940,4,FUN_0706f940 @L228172
0x706fa50,192,FUN_0706fa50 @L228180
0x7070fd4,192,FUN_07070fd4 @L228195
0x70713e0,76,FUN_070713e0 @L228210
0x7071798,76,FUN_07071798 @L228223
0x7071d3c,180,FUN_07071d3c @L228235
0x70727fc,56,FUN_070727fc @L228254
0x70728a4,56,FUN_070728a4 @L228277
0x707364c,240,FUN_0707364c @L228303
0x7074064,180,FUN_07074064 @L228369
0x707491c,168,FUN_0707491c @L228412
0x7074dec,76,FUN_07074dec @L228472
0x707517c,76,FUN_0707517c @L228485
0x707550c,76,FUN_0707550c @L228498
0x70758f4,76,FUN_070758f4 @L228511
0x7075e24,8,FUN_07075e24 @L228524
0x7075e68,8,FUN_07075e68 @L228532
0x7075eac,8,FUN_07075eac @L228540
0x7075ed0,8,FUN_07075ed0 @L228548
0x7075f38,8,FUN_07075f38 @L228556
0x7075f74,32,FUN_07075f74 @L228564
0x7076290,16,FUN_07076290 @L228573
0x70762ec,8,FUN_070762ec @L228584
0x7076320,12,FUN_07076320 @L228592
0x7076368,8,FUN_07076368 @L228603
0x70763d0,12,FUN_070763d0 @L228611
0x7076440,8,FUN_07076440 @L228622
0x70764bc,8,FUN_070764bc @L228630
0x70764f8,8,FUN_070764f8 @L228638
0x7076848,12,FUN_07076848 @L228646
0x70771f0,8,FUN_070771f0 @L228654
0x7077568,392,FUN_07077568 @L228663
0x707867c,316,FUN_0707867c @L228750
0x7078f68,76,FUN_07078f68 @L228831
0x7079600,1064,_INIT_303 @L228844; _INIT_303: AzureFacility第二批UClass注册(AParticleBindBPActor/UPixelPainterImage/ARTGlobalShadowActor/ASoundOne/GUIActor等)
0x707e614,48,ExecuteIfSafe @L229021
0x707ee10,244,Remove @L229038
0x707f648,4,CheckCallable @L229093
0x707f7cc,472,EmplaceImpl @L229109
0x7080980,136,ResizeTo @L229229
0x7081018,420,Merge<USignificanceManager::FManagedObjectInfo*;TDereferenceWrapper<USignificanceManager::FManagedObjectInfo*;bool(USignificanceManager::FManagedObjectInfo_const&;USignificanceManager::FManagedObjectInfo_const&)>> @L229273
0x70821c4,120,Play @L229401
0x7082c64,1024,ResetRoot @L229428
0x7087320,256,Stop @L229624
0x7087a38,984,Tick @L229709
0x708aa40,28,Execute @L229887
0x708ad74,8,FUN_0708ad74 @L229912
0x708ad84,8,FUN_0708ad84 @L229920
0x708ad94,8,FUN_0708ad94 @L229928
0x708ae54,128,FUN_0708ae54 @L229936
0x708b170,32,IsSafeToExecute @L229985
0x708b480,132,FUN_0708b480 @L230004
0x708ba38,8,GetUObject @L230054
0x708bb9c,76,ExecuteIfSafe @L230069
0x708c2d8,12,Get_Z_Construct_UScriptStruct_FEasyParticleChildEmitterArray_Hash @L230094
0x708c360,52,NewStructOps @L230105
0x708c4f8,20,execPlay @L230125
0x708c808,188,Z_Construct_UClass_UUIParticle_NoRegister @L230143
0x708cd30,180,StaticClass @L230169
0x708d798,76,Z_Construct_UEnum_UIParticle_EPositionType @L230188
0x708dc24,124,StaticStruct @L230205
0x708e2fc,12,Get_Z_Construct_UScriptStruct_FRange_LinearColorCurve_Hash @L230224
0x708e3b8,76,Z_Construct_UScriptStruct_FLinearColorCurve @L230235
0x708e8cc,76,Z_Construct_UScriptStruct_FScalarParamCurve @L230253
0x708ec1c,12,NewProp_AutoEmitPosRange_SetBit @L230271
0x708ec7c,16,NewProp_UseScaleFollowSpeedDirection_SetBit @L230283
0x708eda8,8,InternalVTableHelperCtorCaller<UUIParticleEmitterAsset> @L230296
0x708efb4,8,HasDestructor @L230306
0x708f090,8,Serialize @L230316
0x708f0ac,8,HasNetSharedSerialization @L230327
0x708f0d8,8,IsPlainOldData @L230338
0x708f284,8,HasAddStructReferencedObjects @L230350
0x708f2b8,8,HasGetTypeHash @L230367
0x708f368,4,AddStructReferencedObjectsOrNot<FEasyParticleChildEmitterArray> @L230377
0x708f47c,8,HasStructuredSerializer @L230390
0x708f4b0,8,NetSerialize @L230400
0x708f544,8,HasAddStructReferencedObjects @L230414
0x708f5a8,8,IsAbstract @L230425
0x708f750,8,Construct @L230435
0x708f80c,8,HasNetDeltaSerializer @L230448
0x708f838,96,Copy @L230458
0x708fcbc,96,Copy @L230504
0x708ff50,8,Construct @L230538
0x708ffbc,8,HasPostScriptConstruct @L230552
0x7090054,8,SerializeFromMismatchedTag @L230562
0x70900e8,8,Serialize @L230575
0x7090198,8,HasImportTextItem @L230586
0x70901d4,8,StructuredSerializeFromMismatchedTag @L230596
0x709022c,8,Construct @L230608
0x70902bc,8,HasIdentical @L230621
0x7090314,8,SerializeFromMismatchedTag @L230631
0x7090414,8,HasNetSharedSerialization @L230644
0x7090440,8,IsPlainOldData @L230654
0x70904d8,8,ImportTextItem @L230664
0x7090920,8,HasNetSharedSerialization @L230677
0x70909b4,12,Identical @L230687
0x7090a4c,4,AddStructReferencedObjectsOrNot<FLinearColorCurve> @L230703
0x7090b8c,8,HasNetSerializer @L230714
0x7090d24,8,HasExportTextItem @L230724
0x7090d60,8,HasStructuredSerializeFromMismatchedTag @L230734
0x7090db0,4,AddStructReferencedObjectsOrNot<FPosotion_Vector2DCurve> @L230746
0x7090e48,120,Destruct @L230759
0x70913dc,4,Destruct @L230785
0x7091450,44,Copy @L230795
0x70925bc,208,HandleMediaPlayerEvent @L230819
0x7093bf0,76,UMovieSceneMediaTrack @L230874
0x70941a4,16,SetupOverrides @L230900
0x7094208,72,~UMovieSceneMediaPlayerPropertyTrack @L230913
0x7094468,8,_getUObject @L230932
0x70945ac,4,~FMediaPlayerSectionPreRollExecutionToken @L230942
0x70948a8,1080,Execute @L230955
0x70970b0,12,ClassPackage @L231184
0x7098344,868,FUN_07098344 @L231194
0x709b310,272,FUN_0709b310 @L231372
0x709c37c,276,FUN_0709c37c @L231418
0x709d1cc,424,FUN_0709d1cc @L231464
0x709f3cc,276,FUN_0709f3cc @L231551
0x70a0054,400,FUN_070a0054 @L231592
0x70a2cfc,404,FUN_070a2cfc @L231673
0x70a4f40,376,FUN_070a4f40 @L231762
0x70a593c,276,FUN_070a593c @L231853
0x70a62ec,272,FUN_070a62ec @L231902
0x70a6eb8,272,FUN_070a6eb8 @L231956
0x70a809c,272,FUN_070a809c @L232002
0x70a8ec4,272,FUN_070a8ec4 @L232048
0x70a97b8,204,FUN_070a97b8 @L232094
0x70aa490,280,FUN_070aa490 @L232131
0x70abc44,352,FUN_070abc44 @L232189
0x70ad1e8,276,FUN_070ad1e8 @L232269
0x70ae340,344,FUN_070ae340 @L232310
0x70af550,244,FUN_070af550 @L232395
0x70b0478,248,FUN_070b0478 @L232451; spine TrackEntry属性BP thunk(读track time)
0x70b1554,2640,FUN_070b1554 @L232521; [渲染相关]spine attachment按材质分批: 0x28B批次记录{flags,FColor白255,材质,顶点/索引计数},RTTI区分Region/Mesh/BoundingBox;紧邻卷外0x70b2424/0x70b25f0顶点色生产端
