addr,size,note
0x99d66d0,20,FString::StartsWith 包装
0x99d67d4,12,虚调用 thunk (jumptable 未恢复)
0x99d6f20,176,"TArray<FPackageDependencyData, TSizedDefaultAllocator<32> >::ResizeShrink()"
0x99d7824,632,"TSparseArray<TSetElement<TTuple<FName,TSet<FName>>>>::Reset"
0x99d9138,8,未命名(AssetRegistry 区前奏)
0x99d9158,164,未命名辅助
0x99da488,540,未命名辅助
0x99dc698,456,未命名辅助
0x99dd3d0,448,未命名辅助
0x99df098,528,未命名辅助
0x99e08a0,8,未命名小函数
0x99e08c0,184,未命名辅助
0x99e18f0,372,未命名辅助
0x99e2aa8,360,未命名辅助
0x99e39a4,192,Z_Construct_UClass_UAssetRegistry_NoRegister()
0x99e4610,396,"UAssetRegistryHelpers::execGetExportTextName(UObject*, FFrame&, void*)"
0x99e5654,184,UAssetRegistryHelpers::StaticClass()
0x99e5e14,4,EmptyLinkFunctionForGeneratedCodeIAssetRegistry()
0x99e5e94,76,Z_Construct_UScriptStruct_FAssetRegistryDependencyOptions()
0x99e62a8,332,"IAssetRegistry::execScanFilesSynchronous(UObject*, FFrame&, void*)"
0x99e7bf0,280,"IAssetRegistry::execHasAssets(UObject*, FFrame&, void*)"
0x99e803c,12,未命名小函数
0x99e8094,12,未命名小函数
0x99e8110,12,未命名小函数
0x99e81c0,12,Z_Construct_UFunction_UAssetRegistry_HasAssets_Statics::NewProp_bRecursive_SetBit(void*)
0x99e8230,76,Z_Construct_UFunction_UAssetRegistry_IsLoadingAssets()
0x99e84cc,76,Z_Construct_UFunction_UAssetRegistry_SearchAllAssets()
0x99e8790,8,UAssetRegistryImpl::OnAssetRemoved()
0x99e87c0,8,UAssetRegistryImpl::OnFileLoadProgressUpdated()
0x99e87f8,8,non-virtual thunk to UAssetRegistryImpl::OnAssetUpdated()
0x99e8ca4,4,UScriptStruct::TCppStructOps<FTagAndValue>::~TCppStructOps()
0x99e8d30,4,"UScriptStruct::TCppStructOps<FTagAndValue>::PostSerialize(FArchive const&, void*)"
0x99e8d70,8,UScriptStruct::TCppStructOps<FTagAndValue>::HasCopy()
0x99e8e5c,8,UScriptStruct::TCppStructOps<FTagAndValue>::HasAddStructReferencedObjects()
0x99e8e90,8,UScriptStruct::TCppStructOps<FTagAndValue>::HasGetTypeHash()
0x99e8ecc,184,TClassCompiledInDefer<UAssetRegistryHelpers>::Register() const
0x99e9d50,12,Get_Z_Construct_UScriptStruct_FEngineServiceTerminate_Hash()
0x99e9db8,52,Z_Construct_UScriptStruct_FEngineServiceTerminate_Statics::NewStructOps()
0x99ea0d0,76,Z_Construct_UScriptStruct_FEngineServiceAuthDeny()
0x99ea308,92,FEngineServicePing::StaticStruct()
0x99ea4ec,8,UScriptStruct::TCppStructOps<FEngineServiceNotification>::HasNetDeltaSerializer()
0x99ea5c8,8,UScriptStruct::TCppStructOps<FEngineServiceNotification>::HasExportTextItem()
0x99ea614,8,
0x99ea664,8,UScriptStruct::TCppStructOps<FEngineServiceTerminate>::HasZeroConstructor()
0x99ea6b0,8,UScriptStruct::TCppStructOps<FEngineServiceTerminate>::HasSerializer()
0x99ea6fc,8,
0x99ea7e8,8,UScriptStruct::TCppStructOps<FEngineServiceTerminate>::HasAddStructReferencedObjects()
0x99ea84c,8,UScriptStruct::TCppStructOps<FEngineServiceTerminate>::IsAbstract() const
0x99ea85c,8,UScriptStruct::TCppStructOps<FEngineServiceExecuteCommand>::HasNoopConstructor()
0x99ea8e0,8,
0x99eaa30,8,UScriptStruct::TCppStructOps<FEngineServiceExecuteCommand>::HasExportTextItem()
0x99eaa6c,8,
0x99eaab4,8,UScriptStruct::TCppStructOps<FEngineServiceExecuteCommand>::IsAbstract() const
0x99eab30,8,UScriptStruct::TCppStructOps<FEngineServiceAuthGrant>::HasSerializer()
0x99eab5c,8,UScriptStruct::TCppStructOps<FEngineServiceAuthGrant>::HasNetSerializer()
0x99eab8c,4,UScriptStruct::TCppStructOps<FEngineServiceAuthGrant>::PostScriptConstruct(void*)
0x99eaca0,8,
0x99ead3c,12,UScriptStruct::TCppStructOps<FEngineServiceAuthDeny>::Construct(void*)
0x99eadd4,8,
0x99eaf44,8,
0x99eafd8,8,UScriptStruct::TCppStructOps<FEngineServicePong>::HasDestructor()
0x99eb044,4,"UScriptStruct::TCppStructOps<FEngineServicePong>::PostSerialize(FArchive const&, void*)"
0x99eb1b0,8,UScriptStruct::TCppStructOps<FEngineServicePong>::HasExportTextItem()
0x99eb204,8,UScriptStruct::TCppStructOps<FEngineServicePong>::HasGetTypeHash()
0x99eb22c,8,UScriptStruct::TCppStructOps<FEngineServicePong>::GetComputedPropertyFlags() const
0x99eb278,8,"UScriptStruct::TCppStructOps<FEngineServicePing>::Serialize(FArchive&, void*)"
0x99eb2f4,8,UScriptStruct::TCppStructOps<FEngineServicePing>::HasExportTextItem()
0x99eb338,8,
0x99eba48,724,RayIntersectBenchmark()
0x99ede38,24,"UBlueprintGameplayTagLibrary::NotEqual_GameplayTag(FGameplayTag, FGameplayTag)"
0x99ede88,16,UBlueprintGameplayTagLibrary::GetTagName(FGameplayTag const&)
0x99edea8,328,"UBlueprintGameplayTagLibrary::HasTag(FGameplayTagContainer const&, FGameplayTag, bool)"
0x99ee888,148,
0x99ef000,4,
0x99f08b4,488,IGameplayTagAssetInterface::HasAnyMatchingGameplayTags(FGameplayTagContainer const&) const
0x99f1de0,268,"FQueryEvaluator::EvalAllExprMatch(FGameplayTagContainer const&, bool)"
0x99f27c8,260,FGameplayTagContainer::RemoveTagByExplicitName(FName const&)
0x99f3524,796,
0x99f5378,1452,"FGameplayTagContainer::ToMatchingText(EGameplayContainerMatchType, bool) const"
0x99fb2f0,1472,"UGameplayTagsManager::AddTagTableRow(FGameplayTagTableRow const&, FName, bool)"
0x99ffdd8,548,UGameplayTagsManager::FindGameplayTagFromPartialString_Slow(FString) const
0x9a01734,160,FGameplayTagTableRow::FGameplayTagTableRow(FGameplayTagTableRow const&)
0x9a01a04,64,
0x9a01d90,56,UGameplayTagsList::UGameplayTagsList(FObjectInitializer const&)
0x9a02330,152,FNativeGameplayTag::~FNativeGameplayTag()
0x9a02ad0,100,
0x9a02e1c,4,
0x9a02f78,144,"TArray<FRestrictedConfigInfo, TSizedDefaultAllocator<32> >::ResizeGrow(int)"
0x9a03774,8,
0x9a0386c,168,"TArray<FGameplayTagRedirect, TSizedDefaultAllocator<32> >::ResizeGrow(int)"
0x9a04604,272,
0x9a05078,308,FGameplayTagNode::~FGameplayTagNode()
0x9a062e0,540,
0x9a07db8,1008,
0x9a0b030,188,"UBlueprintGameplayTagLibrary::execGetTagName(UObject*, FFrame&, void*)"
0x9a0b814,76,Z_Construct_UScriptStruct_FGameplayTag()
0x9a0baf4,12,
0x9a0bb00,76,Z_Construct_UFunction_UBlueprintGameplayTagLibrary_DoesTagAssetInterfaceHaveTag()
0x9a0bce0,76,Z_Construct_UFunction_UBlueprintGameplayTagLibrary_GetNumGameplayTagsInContainer()
0x9a0c128,12,
0x9a0c140,76,Z_Construct_UFunction_UBlueprintGameplayTagLibrary_MatchesAnyTags()
0x9a0c63c,48,UBlueprintGameplayTagLibrary::UBlueprintGameplayTagLibrary(FVTableHelper&)
0x9a0cbf4,12,
0x9a0cc00,76,Z_Construct_UFunction_UGameplayTagAssetInterface_HasAllMatchingGameplayTags()
0x9a0cdc8,8,UObject* InternalVTableHelperCtorCaller<UGameplayTagAssetInterface>(FVTableHelper&)
0x9a0cec4,112,UEnum* StaticEnum<EGameplayTagQueryExprType::Type>()
0x9a0d46c,12,Get_Z_Construct_UScriptStruct_FGameplayTagCreationWidgetHelper_Hash()
0x9a0d478,124,UScriptStruct* StaticStruct<FGameplayTagCreationWidgetHelper>()
0x9a0da8c,184,Z_Construct_UClass_UEditableGameplayTagQueryExpression_NoRegister()
0x9a0e300,64,
0x9a0e6d0,64,
0x9a0e9e0,192,UEditableGameplayTagQueryExpression_NoTagsMatch::GetPrivateStaticClass()
0x9a0f274,8,
0x9a0f370,4,
0x9a0f434,192,UEditableGameplayTagQueryExpression_NoExprMatch::StaticClass()
0x9a0fcbc,124,FGameplayTagSource::StaticStruct()
0x9a1047c,180,UGameplayTagsManager::GetPrivateStaticClass()
0x9a10e88,8,UObject* InternalVTableHelperCtorCaller<URestrictedGameplayTagsList>(FVTableHelper&)
0x9a11044,192,UGameplayTagsSettings::StaticClass()
0x9a119d4,64,
0x9a11d14,8,UScriptStruct::TCppStructOps<FGameplayTagQuery>::Construct(void*)
0x9a11dbc,8,UScriptStruct::TCppStructOps<FGameplayTagQuery>::HasNetSharedSerialization()
0x9a11de8,8,UScriptStruct::TCppStructOps<FGameplayTagQuery>::IsPlainOldData()
0x9a11e84,12,UScriptStruct::TCppStructOps<FGameplayTagQuery>::AddStructReferencedObjects()
0x9a11f04,4,UScriptStruct::TCppStructOps<FGameplayTagCreationWidgetHelper>::ConstructForTests(void*)
0x9a11f2c,8,
0x9a11f84,8,"UScriptStruct::TCppStructOps<FGameplayTagCreationWidgetHelper>::Copy(void*, void const*, int)"
0x9a11ffc,32,UScriptStruct::TCppStructOps<FGameplayTagCreationWidgetHelper>::GetStructTypeHash(void const*)
0x9a12108,8,UScriptStruct::TCppStructOps<FGameplayTagReferenceHelper>::HasNetSharedSerialization()
0x9a1221c,8,
0x9a12324,8,UScriptStruct::TCppStructOps<FGameplayTagContainer>::HasPostSerialize()
0x9a12358,8,UScriptStruct::TCppStructOps<FGameplayTagContainer>::HasPostScriptConstruct()
0x9a12370,8,UScriptStruct::TCppStructOps<FGameplayTagContainer>::HasCopy()
0x9a1244c,8,UScriptStruct::TCppStructOps<FGameplayTagContainer>::HasStructuredSerializeFromMismatchedTag()
0x9a1248c,8,UScriptStruct::TCppStructOps<FGameplayTagContainer>::GetComputedPropertyFlags() const
0x9a124d4,4,UScriptStruct::TCppStructOps<FGameplayTag>::Destruct(void*)
0x9a12500,8,"UScriptStruct::TCppStructOps<FGameplayTag>::PostSerialize(FArchive const&, void*)"
0x9a1288c,12,TClassCompiledInDefer<UEditableGameplayTagQueryExpression_AnyTagsMatch>::ClassPackage() const
0x9a12afc,192,TClassCompiledInDefer<UEditableGameplayTagQueryExpression_AllExprMatch>::Register() const
0x9a13208,8,UScriptStruct::TCppStructOps<FGameplayTagSource>::HasNoopConstructor()
0x9a13264,8,"UScriptStruct::TCppStructOps<FGameplayTagSource>::Serialize(FArchive&, void*)"
0x9a132b0,4,UScriptStruct::TCppStructOps<FGameplayTagSource>::PostScriptConstruct(void*)
0x9a13324,12,UScriptStruct::TCppStructOps<FGameplayTagSource>::AddStructReferencedObjects()
0x9a133f0,16,UScriptStruct::TCppStructOps<FRestrictedGameplayTagTableRow>::Destruct(void*)
0x9a134c0,8,UScriptStruct::TCppStructOps<FRestrictedGameplayTagTableRow>::HasIdentical()
0x9a134f4,8,UScriptStruct::TCppStructOps<FRestrictedGameplayTagTableRow>::HasAddStructReferencedObjects()
0x9a13558,8,UScriptStruct::TCppStructOps<FRestrictedGameplayTagTableRow>::IsAbstract() const
0x9a135d0,8,UScriptStruct::TCppStructOps<FGameplayTagTableRow>::HasStructuredSerializer()
0x9a13614,8,
0x9a136d0,8,UScriptStruct::TCppStructOps<FGameplayTagTableRow>::HasSerializeFromMismatchedTag()
0x9a136f0,8,UScriptStruct::TCppStructOps<FGameplayTagTableRow>::HasGetTypeHash()
0x9a1380c,12,UScriptStruct::TCppStructOps<FRestrictedConfigInfo>::ConstructForTests(void*)
0x9a138f0,8,UScriptStruct::TCppStructOps<FRestrictedConfigInfo>::HasPostScriptConstruct()
0x9a139b4,12,
0x9a13a4c,4,
0x9a13b08,8,UScriptStruct::TCppStructOps<FGameplayTagCategoryRemap>::HasStructuredSerializer()
0x9a13b28,4,"UScriptStruct::TCppStructOps<FGameplayTagCategoryRemap>::PostSerialize(FArchive const&, void*)"
0x9a13b68,8,UScriptStruct::TCppStructOps<FGameplayTagCategoryRemap>::HasCopy()
0x9a13c58,8,UScriptStruct::TCppStructOps<FGameplayTagCategoryRemap>::HasSerializeFromMismatchedTag()
0x9a13e30,12,TClassCompiledInDefer<URestrictedGameplayTagsList>::ClassPackage() const
0x9a14fe0,4,
0x9a15378,300,ReliabilityHandlerComponent::Incoming(FBitReader&)
0x9a15ac0,144,"TArray<BufferedPacket*, TSizedDefaultAllocator<32> >::ResizeGrow(int)"
0x9a16d6c,1776,"PacketHandler::AddHandler(FString const&, bool)"
0x9a1d1e8,4,FMeshAttributes::Register()
0x9a1d1ec,196,UDEPRECATED_MeshDescription::Serialize(FArchive&)
0x9a1d454,4984,FMeshDescription::Serialize
0x9a2e854,40,
0x9a2ebf4,40,
0x9a2efb8,40,
0x9a2f1c0,236,
0x9a303fc,660,
0x9a323ac,236,
0x9a33044,236,
0x9a33dc8,976,
0x9a37888,1376,"TEMPNAMEPLACEHOLDERVALUE(FArchive&, TMeshElementArrayBase<FMeshPolygon>&)"
0x9a3adf0,264,"UMeshDescriptionBase::execGetVertexInstanceForPolygonVertex(UObject*, FFrame&, void*)"
0x9a3b980,280,"UMeshDescriptionBase::execGetTriangleAdjacentTriangles(UObject*, FFrame&, void*)"
0x9a3c6e0,268,"UMeshDescriptionBase::execIsEdgeInternalToPolygon(UObject*, FFrame&, void*)"
0x9a3d2c8,188,"UMeshDescriptionBase::execGetNumVertexConnectedTriangles(UObject*, FFrame&, void*)"
0x9a3da0c,192,"UMeshDescriptionBase::execIsPolygonGroupValid(UObject*, FFrame&, void*)"
0x9a3ea08,192,"UMeshDescriptionBase::execIsEdgeValid(UObject*, FFrame&, void*)"
0x9a3ef8c,280,"UMeshDescriptionBase::execDeleteVertexInstance(UObject*, FFrame&, void*)"
0x9a3f8e4,76,Z_Construct_UScriptStruct_FEdgeID()
0x9a3fbdc,76,Z_Construct_UFunction_UMeshDescriptionBase_CreateTriangle()
0x9a3ff6c,76,Z_Construct_UFunction_UMeshDescriptionBase_Empty()
0x9a40264,76,Z_Construct_UFunction_UMeshDescriptionBase_GetNumPolygonVertices()
0x9a405a8,76,Z_Construct_UFunction_UMeshDescriptionBase_GetPolygonPolygonGroup()
0x9a40a1c,76,Z_Construct_UFunction_UMeshDescriptionBase_GetVertexInstanceConnectedPolygons()
0x9a40cd4,76,Z_Construct_UFunction_UMeshDescriptionBase_IsEdgeInternal()
0x9a41174,76,Z_Construct_UFunction_UMeshDescriptionBase_ReserveNewTriangles()
0x9a4162c,12,UMeshDescriptionBase::Serialize(FStructuredArchiveRecord)
0x9a418f0,124,FTriangleID::StaticStruct()
0x9a41fb8,8,UMeshDescriptionBase::GetRequiredAttributes()
0x9a41fc8,180,TClassCompiledInDefer<UDEPRECATED_MeshDescription>::Register() const
0x9a42610,156,"UScriptStruct::TCppStructOps<FTriangleID>::Copy(void*, void const*, int)"
0x9a42964,4,
0x9a429dc,8,UScriptStruct::TCppStructOps<FVertexInstanceID>::HasNetSerializer()
0x9a42ac4,12,
0x9a42b2c,44,UScriptStruct::TCppStructOps<FVertexInstanceID>::GetStructTypeHash(void const*)
0x9a42c04,8,"UScriptStruct::TCppStructOps<FVertexID>::NetDeltaSerialize(FNetDeltaSerializeInfo&, void*)"
0x9a42d1c,8,
0x9a42dc0,8,UScriptStruct::TCppStructOps<FElementID>::HasSerializer()
0x9a42e04,8,UScriptStruct::TCppStructOps<FElementID>::HasNetDeltaSerializer()
0x9a42e30,156,"UScriptStruct::TCppStructOps<FElementID>::Copy(void*, void const*, int)"
0x9a44544,156,
0x9a44bd0,360,FAllocator2D::FlipX(FAllocator2D::FRect const&)
0x9a4a350,64,FLayoutUV::ResetStats()
0x9a4a478,4548,"FLayoutUV::FChartPacker::ScaleCharts(TArray<FMeshChart, TSizedDefaultAllocator<32> >&, float) | FLayoutUV::FChartPacker::ScaleCharts lightmapUV打包"
0x9a60460,1960,
0x9a62e5c,8,FLayoutUVMeshDescriptionView::GetNumIndices() const
0x9a62e9c,44,FLayoutUVMeshDescriptionView::GetNormal(unsigned int) const
0x9a62ed8,376,FLayoutUVMeshDescriptionView::InitOutputTexcoords(unsigned int)
0x9a6327c,420,
0x9a635cc,548,
0x9a6398c,440,
0x9a64234,108,
0x9a6430c,108,
0x9a64450,108,
0x9a64594,108,
0x9a6466c,108,
0x9a64888,108,
0x9a64a38,108,
0x9a64c54,108,
0x9a64d98,108,
0x9a64f70,4,
0x9a64f74,8,
0x9a64f7c,8,
0x9a64f8c,16,
0x9a65094,4,FStaticMeshUtilitiesModule::~FStaticMeshUtilitiesModule()
0x9a65098,4,FStaticMeshUtilitiesModule::StartupModule()
0x9a650a0,3328,
0x9a71664,64,FPakPlatformFile::BroadcastPakMasterSignatureTableCheckFailure(FString const&)
0x9a71bc8,504,
0x9a7359c,60,TIntervalTreeAllocator<FIntervalTreeNode>::~TIntervalTreeAllocator()
0x9a73bec,1420,"FPakPrecacher::DoSignatureCheck(bool, IAsyncReadRequest*, int)"
0x9a769e0,1020,"FPakFile::Initialize(FArchive*, bool)"
0x9a7ad14,36,
0x9a7ad80,40,
0x9a7ae44,40,
0x9a7aee4,40,
0x9a7afd0,40,
0x9a7b044,40,
0x9a7b10c,40,
0x9a7b230,40,
0x9a7b2a8,40,
0x9a7b8f4,1512,"FPakFile::EncodePakEntry(FArchive&, FPakEntry const&, FPakInfo const&)"
0x9a7f398,380,FPakPlatformFile::FPakPlatformFile()
0x9a802d8,508,
0x9a81984,72,
0x9a819cc,664,"FPakPlatformFile::HandleMountPakDelegate(FString const&, int)"
0x9a8324c,380,
0x9a84414,40,
0x9a8443c,40,
0x9a84464,332,FPakPlatformFile::GetPakOrderFromPakFilePath(FString const&)
0x9a84740,48,
0x9a84960,36,FPakPlatformFile::GetMountStartupPaksWildCard()
0x9a84a04,180,FPakPlatformFile::GetPakChunkLocation(int) const
0x9a84bf8,520,
0x9a859e8,36,FChunkCacheWorker::~FChunkCacheWorker()
0x9a85a0c,8,FChunkCacheWorker::Init()
0x9a85a14,100,FChunkCacheWorker::Run()
0x9a85fc8,44,FChunkCacheWorker::Stop()
0x9a85ff4,324,FChunkCacheWorker::GetCachedChunkBuffer(int)
0x9a863f0,8,FChunkCacheWorker::AcquireNotificationEvent() const
0x9a863f8,236,FChunkCacheWorker::ReleaseNotificationEvent(FEvent*)
0x9a869ec,180,"FSignedArchiveReader::FSignedArchiveReader(FArchive*, FChunkCacheWorker*)"
0x9a871e4,352,FPakFile::PakVisitPrunedFilenames(IPlatformFile::FDirectoryVisitor&) const
0x9a878d4,316,"FPakPlatformFile::MoveFile(char16_t const*, char16_t const*)"
0x9a8874c,16,FPakPlatformFile::CreateDirectory(char16_t const*)
0x9a8875c,72,FPakPlatformFile::DeleteDirectory(char16_t const*)
0x9a88a00,8,"FPakPlatformFile::IterateDirectoryStat(char16_t const*, IPlatformFile::FDirectoryStatVisitor&)"
0x9a88c80,8,
0x9a88c90,120,
0x9a88ef0,280,FPakPlatformFile::ConvertToAbsolutePathForExternalAppForWrite(char16_t const*)
0x9a8962c,1388,"FPakPrecacher::CompleteRequest(bool, unsigned char*, unsigned int)"
0x9a8bfdc,212,
0x9a8ccd0,532,FPakPrecacher::StartBlockTask(FPakPrecacher::FCacheBlock&)
0x9a8d6d0,164,
0x9a8d8e0,12,
0x9a8d8f0,4,
0x9a8d8f4,240,
0x9a8e244,472,
0x9a8ed7c,28,
0x9a8ede4,32,
0x9a8ee6c,272,FPakProcessedReadRequest::RequestIsComplete()
0x9a8f634,44,
0x9a8f99c,696,
0x9a91518,208,FPakReadRequestBase::CancelImpl()
0x9a9197c,8,non-virtual thunk to FPakEncryptedReadRequest::RequestIsComplete()
0x9a91a68,232,non-virtual thunk to FPakReadRequestBase::~FPakReadRequestBase()
0x9a92998,1484,"FPakPrecacher::RegisterPakFile(FPakFile*, FName, long long)"
0x9a985b0,424,
0x9a99f00,1152,
0x9a9e680,668,
0x9a9fd38,472,
0x9aa0a7c,48,
0x9aa0ac4,8,
0x9aa0adc,8,
0x9aa0b7c,28,
0x9aa0c74,8,
0x9aa0c94,8,
0x9aa0d5c,48,
0x9aa0dcc,164,
0x9aa11f8,28,
0x9aa1458,180,"TArray<FPakPlatformFile::FPakListDeferredEntry, TSizedDefaultAllocator<32> >::ResizeGrow(int)"
0x9aa1950,8,FPakFileHandle<FPakCompressedReaderPolicy<FPakSimpleEncryption> >::Size()
0x9aa20ec,56,
0x9aa22f4,76,FCompressionScratchBuffers::~FCompressionScratchBuffers()
0x9aa2568,8,FPakFileHandle<FPakCompressedReaderPolicy<FPakNoEncryption> >::Tell()
0x9aa25b0,336,"FPakFileHandle<FPakCompressedReaderPolicy<FPakNoEncryption> >::Read(unsigned char*, long long)"
0x9aa3814,8,FPakFileHandle<FPakReaderPolicy<FPakNoEncryption> >::Truncate(long long)
0x9aa3bd0,616,
0x9aa5664,164,FNetworkReplayStreaming::GetAutomaticReplayPrefixExtern() const
0x9aa5c18,108,FStaticallyLinkedModuleRegistrant<FNetworkReplayStreaming>::InitializeModule()
0x9aa6334,108,"TArray<FPropertyAccessSystem::FSubscriberMap, TSizedDefaultAllocator<32> >::~TArray()"
0x9aa6914,352,
0x9aa8564,156,"TArray<FPropertyAccessIndirectionChain, TSizedDefaultAllocator<32> >::ResizeTo(int)"
0x9aa86a8,176,"TArray<FPropertyAccessIndirectionChain, TSizedDefaultAllocator<32> >::ResizeShrink()"
0x9aa8a24,4,
0x9aa8f00,8,
0x9aa9208,1084,
0x9aab424,344,
0x9aabb88,4,EmptyLinkFunctionForGeneratedCodeIPropertyAccess()
0x9aabbfc,112,
0x9aabee0,192,UPropertyAccess::GetPrivateStaticClass()
0x9aac47c,124,FPropertyAccessLibrary::StaticStruct()
0x9aac8b4,76,Z_Construct_UScriptStruct_FPropertyAccessCopy()
0x9aacb3c,52,Z_Construct_UScriptStruct_FPropertyAccessPath_Statics::NewStructOps()
0x9aacc08,124,UScriptStruct* StaticStruct<FPropertyAccessSegment>()
0x9aad100,192,UPropertyEventBroadcaster::GetPrivateStaticClass()
0x9aad6f8,36,UPropertyEventSubscriber::~UPropertyEventSubscriber()
0x9aad860,8,UScriptStruct::TCppStructOps<FPropertyAccessLibrary>::HasStructuredSerializer()
0x9aad878,8,UScriptStruct::TCppStructOps<FPropertyAccessLibrary>::HasPostSerialize()
0x9aad894,8,
0x9aad920,12,
0x9aad978,8,
0x9aadba0,1152,FPropertyAccessLibrary::TEMPNAMEPLACEHOLDERVALUE(FPropertyAccessLibrary const&)
0x9ab0814,276,"UClothingSimulationInteractor::CreateClothingInteractor(UClothingAssetBase const*, int)"
0x9ab1818,180,UClothingSimulationInteractor::~UClothingSimulationInteractor()
0x9ab1d2c,156,"TArray<FClothCollisionPrim_Box, TSizedDefaultAllocator<32> >::ResizeTo(int)"
0x9ab214c,344,
0x9ab3510,4,EmptyLinkFunctionForGeneratedCodeClothCollisionData()
0x9ab3514,124,FClothCollisionData::StaticStruct()
0x9ab3628,12,Get_Z_Construct_UScriptStruct_FClothCollisionData_Hash()
0x9ab3634,124,UScriptStruct* StaticStruct<FClothCollisionData>()
0x9ab39cc,12,Get_Z_Construct_UScriptStruct_FClothCollisionPrim_Convex_Hash()
0x9ab3a54,52,Z_Construct_UScriptStruct_FClothCollisionPrim_Convex_Statics::NewStructOps()
0x9ab3b5c,124,UScriptStruct* StaticStruct<FClothCollisionPrim_ConvexFace>()
0x9ab4108,184,UClass* StaticClass<UClothConfigBase>()
0x9ab4704,76,Z_Construct_UClass_UClothingAssetBase()
0x9ab4948,184,Z_Construct_UClass_UClothingSimulationFactory_NoRegister()
0x9ab4e38,184,UClass* StaticClass<UClothingInteractor>()
0x9ab558c,76,Z_Construct_UFunction_UClothingSimulationInteractor_GetClothingInteractor()
0x9ab57ec,76,Z_Construct_UFunction_UClothingSimulationInteractor_SetAnimDriveSpringStiffness()
0x9ab5b5c,84,UClothingSimulationInteractor::UClothingSimulationInteractor(FVTableHelper&)
0x9ab5e80,180,UClass* StaticClass<UClothPhysicalMeshDataBase_Legacy>()
0x9ab63c0,60,UClothingSimulationFactory::GetClothConfigClasses() const
0x9ab66d8,8,
0x9ab67e4,8,UScriptStruct::TCppStructOps<FClothCollisionPrim_Box>::HasDestructor()
0x9ab681c,8,UScriptStruct::TCppStructOps<FClothCollisionPrim_Box>::HasNetSerializer()
0x9ab6858,8,UScriptStruct::TCppStructOps<FClothCollisionPrim_Box>::HasCopy()
0x9ab68b0,8,UScriptStruct::TCppStructOps<FClothCollisionPrim_Box>::HasImportTextItem()
0x9ab68e4,8,
0x9ab6a04,8,
0x9ab6a48,4,UScriptStruct::TCppStructOps<FClothCollisionPrim_Convex>::PostScriptConstruct(void*)
0x9ab6b40,8,UScriptStruct::TCppStructOps<FClothCollisionPrim_Convex>::HasImportTextItem()
0x9ab6b7c,8,
0x9ab6cc0,8,UScriptStruct::TCppStructOps<FClothCollisionPrim_ConvexFace>::HasNoopConstructor()
0x9ab6d1c,8,UScriptStruct::TCppStructOps<FClothCollisionPrim_ConvexFace>::HasSerializer()
0x9ab6d3c,8,UScriptStruct::TCppStructOps<FClothCollisionPrim_ConvexFace>::HasPostSerialize()
0x9ab6d60,8,UScriptStruct::TCppStructOps<FClothCollisionPrim_ConvexFace>::HasNetDeltaSerializer()
0x9ab6e34,8,UScriptStruct::TCppStructOps<FClothCollisionPrim_ConvexFace>::HasIdentical()
0x9ab6e84,8,
0x9ab6e9c,8,UScriptStruct::TCppStructOps<FClothCollisionPrim_ConvexFace>::HasGetTypeHash()
0x9ab6ef8,12,UScriptStruct::TCppStructOps<FClothCollisionPrim_SphereConnection>::ConstructForTests(void*)
0x9ab6f5c,8,
0x9ab7048,8,
0x9ab70bc,4,
0x9ab7104,4,UScriptStruct::TCppStructOps<FClothCollisionPrim_Sphere>::Destruct(void*)
0x9ab7134,8,UScriptStruct::TCppStructOps<FClothCollisionPrim_Sphere>::HasNetSerializer()
0x9ab7178,44,"UScriptStruct::TCppStructOps<FClothCollisionPrim_Sphere>::Copy(void*, void const*, int)"
0x9ab7610,12,TClassCompiledInDefer<UClothingInteractor>::ClassPackage() const
0x9ab77a4,8,UScriptStruct::TCppStructOps<FClothVertBoneData>::HasNoopConstructor()
0x9ab77b4,40,UScriptStruct::TCppStructOps<FClothVertBoneData>::Construct(void*)
0x9ab7830,8,UScriptStruct::TCppStructOps<FClothVertBoneData>::HasPostSerialize()
0x9ab783c,8,UScriptStruct::TCppStructOps<FClothVertBoneData>::HasNetSerializer()
0x9ab785c,8,
0x9ab78d4,8,UScriptStruct::TCppStructOps<FClothVertBoneData>::HasExportTextItem()
0x9ab78ec,8,
0x9ab7920,8,
0x9ab84ac,304,FCapturedFrames::~FCapturedFrames()
0x9ab9364,8,
0x9ab936c,8,
0x9ab938c,8,
0x9ab9484,4,FAVIWriterModule::~FAVIWriterModule()
0x9ab979c,8,
0x9ab97ac,12,
0x9ab9ab8,136,FJsonObjectConverter::StandardizeCase(FString const&)
0x9abc438,512,
0x9abdbd0,40,
0x9abdef4,600,"FJsonObjectWrapper::ImportTextItem(char16_t const*&, int, UObject*, FOutputDevice*)"
0x9abea94,8564,属性ImportText/JSON导入辅助(FJsonValue+FProperty::ValidateImportFlags)
0x9b00c9c,632,
0x9b022a0,52,ULevelSequencePlayer::RewindForReplay()
0x9b0235c,32,ALevelSequenceActor::GetSequencePlayer() const
0x9b0274c,88,ALevelSequenceActor::BeginPlay()
0x9b02d14,220,ALevelSequenceActor::SetSequence(ULevelSequence*)
0x9b05080,1892,"ALevelSequenceActor::RemoveBindingByTag(FName, AActor*)"
0x9b0b9bc,132,"non-virtual thunk to ALevelSequenceMediaController::OnTick(float, float)"
0x9b0bd0c,40,non-virtual thunk to ULevelSequence::~ULevelSequence()
0x9b0bf64,88,non-virtual thunk to ALevelSequenceActor::~ALevelSequenceActor()
0x9b0c230,188,FLevelSequenceModule::~FLevelSequenceModule()
0x9b0c7f4,128,ULevelSequenceBurnIn::~ULevelSequenceBurnIn()
0x9b0d614,8,
0x9b0d61c,8,
0x9b0d67c,32,
0x9b0d824,4,
0x9b0dbd4,344,
0x9b0eb0c,152,"TArray<FLevelSequenceBindingReference, TSizedDefaultAllocator<32> >::ResizeShrink()"
0x9b0edac,4,
0x9b0edc0,8,
0x9b0edd0,8,
0x9b0ede0,156,
0x9b0f1c4,400,
0x9b104bc,56,void InternalConstructor<ULevelSequenceMetaData>(FObjectInitializer const&)
0x9b10860,188,ULevelSequence::StaticRegisterNativesULevelSequence()
0x9b110d8,12,Get_Z_Construct_UScriptStruct_FBoundActorProxy_Hash()
0x9b110e4,124,UScriptStruct* StaticStruct<FBoundActorProxy>()
0x9b11840,184,Z_Construct_UClass_ULevelSequenceBurnInOptions_NoRegister()
0x9b12390,376,"ALevelSequenceActor::execSetBinding(UObject*, FFrame&, void*)"
0x9b12f00,16,Z_Construct_UClass_ALevelSequenceActor_Statics::NewProp_bOverrideInstanceData_SetBit(void*)
0x9b12f20,188,Z_Construct_UClass_ULevelSequenceBurnIn_NoRegister()
0x9b13814,12,Get_Z_Construct_UScriptStruct_FLevelSequenceBindingReferences_Hash()
0x9b1389c,52,Z_Construct_UScriptStruct_FLevelSequenceBindingReferences_Statics::NewStructOps()
0x9b13b1c,12,Get_Z_Construct_UScriptStruct_FLevelSequenceBindingReference_Hash()
0x9b13bd8,4,EmptyLinkFunctionForGeneratedCodeLevelSequenceBurnIn()
0x9b13c90,120,ULevelSequenceBurnIn::SetSettings(UObject*)
0x9b14138,192,ULevelSequenceBurnIn::ULevelSequenceBurnIn(FVTableHelper&)
0x9b148b8,76,Z_Construct_UFunction_ULevelSequenceDirector_GetBoundObjects()
0x9b14c28,4,
0x9b14eb8,200,void InternalConstructor<ULegacyLevelSequenceDirectorBlueprint>(FObjectInitializer const&)
0x9b1563c,12,Get_Z_Construct_UScriptStruct_FLevelSequencePlayerSnapshot_Hash()
0x9b15744,124,FLevelSequenceSnapshotSettings::StaticStruct()
0x9b15e24,192,Z_Construct_UClass_ULevelSequenceProjectSettings_NoRegister()
0x9b165c8,76,Z_Construct_UFunction_ALevelSequenceMediaController_SynchronizeToServer()
0x9b16964,4,UDefaultLevelSequenceInstanceData::~UDefaultLevelSequenceInstanceData()
0x9b16fc8,8,UScriptStruct::TCppStructOps<FBoundActorProxy>::IsAbstract() const
0x9b17088,12,TClassCompiledInDefer<ULevelSequenceBurnInInitSettings>::ClassPackage() const
0x9b17238,32,UScriptStruct::TCppStructOps<FLevelSequenceAnimSequenceLinkItem>::Construct(void*)
0x9b172b4,8,UScriptStruct::TCppStructOps<FLevelSequenceAnimSequenceLinkItem>::HasStructuredSerializer()
0x9b172d4,4,
0x9b17308,4,UScriptStruct::TCppStructOps<FLevelSequenceAnimSequenceLinkItem>::PostScriptConstruct(void*)
0x9b17418,8,
0x9b1754c,12,TClassCompiledInDefer<ULevelSequenceAnimSequenceLink>::ClassPackage() const
0x9b17620,8,UScriptStruct::TCppStructOps<FLevelSequenceBindingReferences>::HasPostSerialize()
0x9b17644,8,UScriptStruct::TCppStructOps<FLevelSequenceBindingReferences>::HasNetDeltaSerializer()
0x9b17670,80,"UScriptStruct::TCppStructOps<FLevelSequenceBindingReferences>::Copy(void*, void const*, int)"
0x9b17ca0,8,UScriptStruct::TCppStructOps<FLevelSequenceBindingReferenceArray>::HasPostSerialize()
0x9b17cc4,8,UScriptStruct::TCppStructOps<FLevelSequenceBindingReferenceArray>::HasNetDeltaSerializer()
0x9b17ce0,8,UScriptStruct::TCppStructOps<FLevelSequenceBindingReferenceArray>::IsPlainOldData()
0x9b17db4,8,UScriptStruct::TCppStructOps<FLevelSequenceBindingReferenceArray>::HasIdentical()
0x9b17de8,8,
0x9b17e0c,8,
0x9b17e9c,8,UScriptStruct::TCppStructOps<FLevelSequenceBindingReference>::HasDestructor()
0x9b17f10,8,UScriptStruct::TCppStructOps<FLevelSequenceBindingReference>::HasPostSerialize()
0x9b17f40,8,
0x9b180b0,8,UScriptStruct::TCppStructOps<FLevelSequenceBindingReference>::HasExportTextItem()
0x9b180f4,8,
0x9b18398,8,UScriptStruct::TCppStructOps<FLevelSequenceObjectReferenceMap>::HasNoopConstructor()
0x9b18458,8,UScriptStruct::TCppStructOps<FLevelSequenceObjectReferenceMap>::HasSerializer()
0x9b18470,8,
0x9b18484,8,UScriptStruct::TCppStructOps<FLevelSequenceObjectReferenceMap>::HasNetSerializer()
0x9b184b8,8,UScriptStruct::TCppStructOps<FLevelSequenceObjectReferenceMap>::IsPlainOldData()
0x9b185e0,8,
0x9b18654,8,
0x9b18b98,8,UScriptStruct::TCppStructOps<FLevelSequenceLegacyObjectReference>::HasNoopConstructor()
0x9b18bf4,8,UScriptStruct::TCppStructOps<FLevelSequenceLegacyObjectReference>::HasSerializer()
0x9b18c1c,4,
0x9b18d0c,8,UScriptStruct::TCppStructOps<FLevelSequenceLegacyObjectReference>::HasIdentical()
0x9b18d64,8,
0x9b18e0c,8,UScriptStruct::TCppStructOps<FLevelSequenceObject>::HasDestructor()
0x9b18e68,4,"UScriptStruct::TCppStructOps<FLevelSequenceObject>::PostSerialize(FArchive const&, void*)"
0x9b18f70,8,UScriptStruct::TCppStructOps<FLevelSequenceObject>::HasIdentical()
0x9b18fb8,8,UScriptStruct::TCppStructOps<FLevelSequenceObject>::HasSerializeFromMismatchedTag()
0x9b19008,8,UScriptStruct::TCppStructOps<FLevelSequenceObject>::IsAbstract() const
0x9b1904c,8,UScriptStruct::TCppStructOps<FLevelSequenceCameraSettings>::HasSerializer()
0x9b19080,8,UScriptStruct::TCppStructOps<FLevelSequenceCameraSettings>::HasNetSharedSerialization()
0x9b190b4,8,UScriptStruct::TCppStructOps<FLevelSequenceCameraSettings>::HasCopy()
0x9b19184,8,
0x9b19200,8,UScriptStruct::TCppStructOps<FLevelSequencePlayerSnapshot>::HasNoopConstructor()
0x9b19378,8,UScriptStruct::TCppStructOps<FLevelSequencePlayerSnapshot>::HasStructuredSerializer()
0x9b193a4,8,UScriptStruct::TCppStructOps<FLevelSequencePlayerSnapshot>::HasNetSharedSerialization()
0x9b193d8,8,UScriptStruct::TCppStructOps<FLevelSequencePlayerSnapshot>::HasCopy()
0x9b1944c,8,
0x9b19664,4,
0x9b196c8,8,"UScriptStruct::TCppStructOps<FLevelSequenceSnapshotSettings>::Serialize(FArchive&, void*)"
0x9b19788,8,UScriptStruct::TCppStructOps<FLevelSequenceSnapshotSettings>::HasAddStructReferencedObjects()
0x9b197bc,8,UScriptStruct::TCppStructOps<FLevelSequenceSnapshotSettings>::HasGetTypeHash()
0x9b1998c,192,TClassCompiledInDefer<ALevelSequenceMediaController>::Register() const
0x9b1be50,28,UCompositionGraphCaptureProtocol::TickImpl()
0x9b1c370,68,FViewportSurfaceReader::BlockUntilAvailable()
0x9b1c438,2288,ResolveRenderTarget
0x9b2b118,4,"FFrameCaptureViewExtension::PreRenderView_RenderThread(FRHICommandListImmediate&, FSceneView&)"
0x9b2b2e0,308,"ProcessValue(FString const&, UMaterialInterface*, FText const&)"
0x9b2be00,40,
0x9b2beec,24,
0x9b2c044,452,
0x9b2d7b0,8,
0x9b2d8a8,4,
0x9b2d8dc,164,
0x9b2e298,24,
0x9b2e49c,8,
0x9b2e4ac,44,UE4Function_Private::IFunction_OwnedObject_OnHeap<FCallPixelHandler_GameThread>::Destroy()
0x9b2e524,44,
0x9b2e6c8,1256,
0x9b32d40,76,Z_Construct_UFunction_UMovieSceneCaptureEnvironment_FindAudioCaptureProtocol()
0x9b33124,48,UMovieSceneCaptureEnvironment::UMovieSceneCaptureEnvironment(FVTableHelper&)
0x9b33358,12,Get_Z_Construct_UScriptStruct_FFrameMetrics_Hash()
0x9b333e0,52,Z_Construct_UScriptStruct_FFrameMetrics_Statics::NewStructOps()
0x9b337a8,184,UClass* StaticClass<UMovieSceneCaptureProtocolBase>()
0x9b33dc8,12,
0x9b33df8,12,
0x9b33eb0,124,UScriptStruct* StaticStruct<FCaptureResolution>()
0x9b346e0,68,UUserDefinedCaptureProtocol::OnBeginFinalize()
0x9b34b34,68,UUserDefinedCaptureProtocol::OnPreTick()
0x9b34d80,192,UUserDefinedCaptureProtocol::StaticClass()
0x9b35364,192,Z_Construct_UClass_UUserDefinedCaptureProtocol_NoRegister()
0x9b35dbc,192,Z_Construct_UClass_UUserDefinedImageCaptureProtocol_NoRegister()
0x9b36478,164,UNullAudioCaptureProtocol::~UNullAudioCaptureProtocol()
0x9b36c28,164,UMovieSceneImageCaptureProtocolBase::~UMovieSceneImageCaptureProtocolBase()
0x9b36ff0,8,UScriptStruct::TCppStructOps<FCompositionGraphCapturePasses>::HasPostScriptConstruct()
0x9b3700c,80,"UScriptStruct::TCppStructOps<FCompositionGraphCapturePasses>::Copy(void*, void const*, int)"
0x9b371cc,192,TClassCompiledInDefer<UFrameGrabberProtocol>::Register() const
0x9b379a4,12,TClassCompiledInDefer<UMovieSceneCapture>::ClassPackage() const
0x9b37a8c,8,UScriptStruct::TCppStructOps<FFrameMetrics>::ConstructForTests(void*)
0x9b37ac0,8,UScriptStruct::TCppStructOps<FFrameMetrics>::HasPostSerialize()
0x9b37b00,8,UScriptStruct::TCppStructOps<FFrameMetrics>::IsPlainOldData()
0x9b37b50,8,
0x9b37bd8,184,TClassCompiledInDefer<UMovieSceneCaptureProtocolBase>::Register() const
0x9b3827c,8,
0x9b382f0,4,
0x9b383b0,8,"UScriptStruct::TCppStructOps<FCapturedPixels>::Serialize(FStructuredArchiveSlot, void*)"
0x9b383dc,8,UScriptStruct::TCppStructOps<FCapturedPixels>::HasNetDeltaSerializer()
0x9b38400,8,UScriptStruct::TCppStructOps<FCapturedPixels>::HasCopy()
0x9b38508,8,UScriptStruct::TCppStructOps<FCapturedPixels>::HasAddStructReferencedObjects()
0x9b3853c,8,UScriptStruct::TCppStructOps<FCapturedPixels>::HasGetTypeHash()
0x9b3857c,8,UScriptStruct::TCppStructOps<FCapturedPixelsID>::HasNoopConstructor()
0x9b38684,8,"UScriptStruct::TCppStructOps<FCapturedPixelsID>::Serialize(FArchive&, void*)"
0x9b386b0,8,
0x9b387d4,8,
0x9b3885c,192,TClassCompiledInDefer<UUserDefinedCaptureProtocol>::Register() const
0x9b3d008,284,
0x9b3d6f0,296,FDefaultGameMoviePlayer::GetMovieHeight() const
0x9b3e82c,712,
0x9b413a8,28,non-virtual thunk to FDefaultGameMoviePlayer::GetMovieName()
0x9b413f4,340,
0x9b421bc,372,DestroyMoviePlayer()
0x9b4258c,24,FSlateLoadingSynchronizationMechanism::SetSlateDrawPassEnqueued()
0x9b425b8,20,FSlateLoadingSynchronizationMechanism::ResetSlateMainLoopRunning()
0x9b427b4,40,FSlateLoadingThreadTask::Init()
0x9b4280c,44,FSlateLoadingThreadTask::Stop()
0x9b428b8,8,FDefaultGameMoviePlayer::OnPrepareLoadingScreen()
0x9b428c8,8,FDefaultGameMoviePlayer::OnMoviePlaybackFinished()
0x9b428e0,8,non-virtual thunk to FDefaultGameMoviePlayer::OnMoviePlaybackStarted()
0x9b42900,4,FSlateLoadingThreadTask::~FSlateLoadingThreadTask()
0x9b42a18,4,IGameMoviePlayer::Suspend()
0x9b42a20,24,
0x9b42a3c,4,"FNullGameMoviePlayer::RegisterMovieStreamer(TSharedPtr<IMovieStreamer, (ESPMode)1>)"
0x9b42a40,4,"FNullGameMoviePlayer::Initialize(FSlateRenderer&, TSharedPtr<SWindow, (ESPMode)1>)"
0x9b42a4c,4,FNullGameMoviePlayer::SetupLoadingScreen(FLoadingScreenAttributes const&)
0x9b42a58,8,FNullGameMoviePlayer::HasEarlyStartupMovie() const
0x9b42a60,8,FNullGameMoviePlayer::PlayEarlyStartupMovies()
0x9b42a70,4,FNullGameMoviePlayer::StopMovie()
0x9b42a90,4,FNullGameMoviePlayer::SetupLoadingScreenFromIni()
0x9b42aa4,8,FNullGameMoviePlayer::OnMoviePlaybackStarted()
0x9b42d54,36,FNullGameMoviePlayer::~FNullGameMoviePlayer()
0x9b42dc8,164,
0x9b4320c,568,
0x9b43fec,8,SDefaultMovieBorder::SupportsKeyboardFocus() const
0x9b4424c,68,
0x9b443b4,192,
0x9b44a6c,92,
0x9b44c7c,196,
0x9b452a4,8,
0x9b452ac,184,
0x9b45750,376,"TWidgetAllocator<SViewport, false>::PrivateAllocateWidget()"
0x9b467fc,92,
0x9b46d98,4,
0x9b46dac,8,
0x9b46e70,28,
0x9b46ef8,408,"TWidgetAllocator<SLoadingScreenTestWidget, false>::PrivateAllocateWidget()"
0x9b48c54,76,Z_Construct_UEnum_MoviePlayer_EMoviePlaybackType()
0x9b48e74,12,Z_Construct_UClass_UMoviePlayerSettings_Statics::NewProp_bMoviesAreSkippable_SetBit(void*)
0x9b48ed8,184,UMoviePlayerSettings::GetPrivateStaticClass()
0x9b4acbc,488,FStreamingPauseRenderingModule::~FStreamingPauseRenderingModule()
0x9b4b2f8,28,
0x9b4b35c,8,
0x9b4b43c,48,
0x9b4b6e8,4,
0x9b4b9d8,24,"TUniquePtr<FSlateDrawBuffer, TDefaultDelete<FSlateDrawBuffer> >::~TUniquePtr()"
0x9b4bb90,4,"FSlateNullRenderer::CreateViewport(TSharedRef<SWindow, (ESPMode)1>)"
0x9b4bba0,4,FSlateNullRenderer::DrawWindows(FSlateDrawBuffer&)
0x9b4bbb4,28,FSlateNullRenderer::GetResourceHandle(FSlateBrush const&)
0x9b4bc88,4,FSlateNullRenderer::ReleaseUpdatableTexture(FSlateUpdatableTexture*)
0x9b4bc90,8,FSlateNullRenderer::GetResourceCriticalSection()
0x9b4bca0,8,FSlateNullRenderer::GetCurrentSceneIndex() const
0x9b4bcac,96,FSlateFontTextureNull::~FSlateFontTextureNull()
0x9b4bfe4,8,FSlateFontTextureNull::GetSizeY() const
0x9b4c044,92,non-virtual thunk to FSlateFontTextureNull::~FSlateFontTextureNull()
0x9b4c2c8,240,FSlateNullRendererModule::~FSlateNullRendererModule()
0x9b4cca0,12,FSlateFontAtlasNull::GetSlateTexture()
0x9b4cccc,40,non-virtual thunk to FSlateFontAtlasNull::~FSlateFontAtlasNull()
0x9b4cd64,4,FSlateNullShaderResourceManager::GetTextureAtlasProvider()
0x9b4cee0,8,non-virtual thunk to FSlateNullShaderResourceManager::GetResourceHandle(FSlateBrush const&)
0x9b4cf80,4,
0x9b4d488,1196,
0x9b4f5c8,216,
0x9b50474,4,FNullNetworkReplayStreamer::GetStatId() const
0x9b5047c,196,FNullNetworkReplayStreamer::GetDemoPath(FString&) const
0x9b5086c,4,FNullNetworkReplayStreamer::UpdatePlaybackTime(unsigned int)
0x9b50890,4,FNullNetworkReplayStreamer::RefreshHeader()
0x9b50964,8,FNullNetworkReplayStreamer::GetLastError() const
0x9b50978,8,FNullNetworkReplayStreamer::SetDemoPath(FString const&)
0x9b50990,8,FNullNetworkReplayStreamer::IsTickableWhenPaused() const
0x9b50b00,4,FNullNetworkReplayStreamingFactory::~FNullNetworkReplayStreamingFactory()
0x9b50e84,236,"FNullReplayInfo::Serialize(FJsonSerializerBase&, bool)"
0x9b516bc,92,FReplayEventListItem::~FReplayEventListItem()
0x9b51774,236,"FReplayEventListItem::Serialize(FJsonSerializerBase&, bool)"
0x9b51b88,4,FDownloadHeaderResult::~FDownloadHeaderResult()
0x9b51d10,8,
0x9b51d18,8,
0x9b51d28,16,
0x9b51e30,24,
0x9b52130,16,FLocalFileNetworkReplayStreamer::FLocalFileSerializationInfo::FLocalFileSerializationInfo()
0x9b52258,8,FLocalFileStreamFArchive::Seek(long long)
0x9b524f0,220,FLocalFileNetworkReplayStreamer::GetDefaultDemoSavePath()
0x9b530ac,112,"FLocalFileNetworkReplayStreamer::ReadReplayInfo(FArchive&, FLocalFileReplayInfo&) const"
0x9b54404,32,
0x9b54468,32,
0x9b544ac,36,
0x9b54538,36,
0x9b545c0,288,"FLocalFileNetworkReplayStreamer::WriteReplayInfo(FString const&, FLocalFileReplayInfo const&)"
0x9b55d7c,624,FLocalFileNetworkReplayStreamer::StopStreaming()
0x9b57044,384,
0x9b57ac0,384,
0x9b5827c,384,
0x9b58bcc,496,
0x9b5a284,412,FLocalFileNetworkReplayStreamer::ConditionallyRefreshReplayInfo()
0x9b5b610,36,
0x9b5ba98,32,
0x9b5bbb8,156,"FLocalFileNetworkReplayStreamer::IsDataAvailableForTimeRange(unsigned int, unsigned int)"
0x9b5bd90,44,
0x9b5c08c,420,
0x9b5d108,8,FLocalFileNetworkReplayStreamer::GetDecompressedSize(FArchive&) const
0x9b5d110,276,
0x9b5d898,32,
0x9b5d8c4,4,FLocalFileNetworkReplayStreamingFactory::GetStatId() const
0x9b5d914,272,FGenericQueuedLocalFileRequest::~FGenericQueuedLocalFileRequest()
0x9b5e45c,272,
0x9b5eda4,408,
0x9b5ff54,144,
0x9b60460,12,
0x9b60560,384,
0x9b61a0c,8,
0x9b61a14,12,
0x9b61aa8,144,
0x9b61f0c,200,
0x9b628e0,944,
0x9b651f8,4,
0x9b651fc,2452,
0x9b79054,36,
0x9b7a278,36,
0x9b7aa18,40,
0x9b7ace0,288,FHttpNetworkReplayStreamer::StopStreaming()
0x9b7c0d8,32,
0x9b7c0f8,32,
0x9b7c118,32,
0x9b7c160,1288,
0x9b8034c,848,
0x9b81e18,40,
0x9b82124,268,
0x9b82538,436,
0x9b83308,2916,
0x9b8e4ac,476,
0x9b8f6a4,92,FStaticallyLinkedModuleRegistrant<FHttpNetworkReplayStreamingFactory>::InitializeModule()
0x9b8f968,1392,
0x9b9862c,236,FActiveSound::RemoveWaveInstance(unsigned long long)
0x9b98edc,856,"FActiveSound::CheckOcclusion(FVector, FVector, FSoundAttenuationSettings const*)"
0x9b9b868,40,
0x9b9b908,40,
0x9b9bb34,12,AActor::CanBeInCluster() const
0x9b9bd88,12,AActor::IsEditorOnly() const
0x9b9bed4,32,AActor::NeedsLoadForEditorGame() const
0x9b9bef4,8,AActor::PreSaveRoot(char16_t const*)
0x9b9bf00,156,AActor::GetWorld() const
0x9b9c848,284,AActor::BeginDestroy()
0x9b9db14,136,AActor::WasRecentlyRendered(float) const
0x9b9e0d0,316,AActor::CallPreReplication(UNetDriver*)
0x9b9f8c0,520,AActor::SetActorEnableCollision(bool)
0x9ba1474,4,AActor::NotifyActorEndOverlap(AActor*)
0x9ba1558,216,AActor::NotifyActorOnReleased(FKey)
0x9ba1660,624,AActor::SetOwner(AActor*)
0x9ba29dc,12,"AActor::IsRelevancyOwnerFor(AActor const*, AActor const*, AActor const*) const"
0x9ba2db0,8,AActor::IsReplicationPausedForConnection(FNetViewer const&)
0x9ba2db8,4,AActor::OnReplicationPausedChanged(bool)
0x9ba3178,644,"AActor::PrestreamTextures(float, bool, int)"
0x9ba69a4,12,AActor::OutsideWorldBounds()
0x9ba69bc,4,AActor::EndViewTarget(APlayerController*)
0x9ba75c8,464,AActor::AddOwnedComponent(UActorComponent*)
0x9ba82e8,228,AActor::K2_GetComponentsByClass(TSubclassOf<UActorComponent>) const
0x9ba8e90,2804,"AActor::PostSpawnInitialize(FTransform const&, AActor*, APawn*, bool, bool, bool) | AActor::PostSpawnInitialize"
0x9bb80d8,44,
0x9bb8288,4,Audio::IQuartzQuantizedCommand::~IQuartzQuantizedCommand()
0x9bb8290,4,Audio::IQuartzQuantizedCommand::OnFinalCallbackCustom(int)
0x9bb82b8,36,FActorTickFunction::~FActorTickFunction()
0x9bb8324,8,FADPCMAudioInfo::GetCurrentChunkIndex() const
0x9bb8b3c,408,
0x9bb9d34,92,
0x9bb9e30,4,
0x9bb9e90,104,
0x9bb9f60,8,
0x9bba03c,540,
0x9bbb9a0,36,
0x9bbbad4,48,
0x9bbbee0,164,
0x9bbc184,144,"TArray<FWaveInstance*, TSizedDefaultAllocator<32> >::ResizeGrow(int)"
0x9bbcaf4,696,
0x9bbfab0,284,"TArray<FOverlapInfo, TInlineAllocator<3u, TSizedDefaultAllocator<32> > >::ResizeTo(int)"
0x9bc02b8,272,
0x9bc0abc,788,
0x9bc2814,568,
0x9bc3b54,8,
0x9bc3bd4,164,
0x9bc4a18,144,"TArray<UDynamicClass const*, TSizedDefaultAllocator<32> >::ResizeGrow(int)"
0x9bc51d0,352,
0x9bc6858,200,UAISystemBase::GetAISystemModuleName()
0x9bc6fb4,760,UAvoidanceManager::RemoveOutdatedObjects()
0x9bc943c,56,UNavigationDataChunk::UNavigationDataChunk(FObjectInitializer const&)
0x9bc9594,48,UPathFollowingAgentInterface::UPathFollowingAgentInterface(FObjectInitializer const&)
0x9bc9b30,44,"TArray<FNavigationSegmentLink, TSizedDefaultAllocator<32> >::~TArray()"
0x9bca014,140,FAreaNavModifier::Init(TSubclassOf<UNavAreaBase>)
0x9bcb00c,244,
0x9bcbdf0,392,FAreaNavModifier::SetAreaClassToReplace(TSubclassOf<UNavAreaBase>)
0x9bccc34,420,FSimpleLinkNavModifier::AddLink(FNavigationLink const&)
0x9bcd340,248,FCompositeNavModifier::Empty()
0x9bd0148,160,FNavAgentProperties::FNavAgentProperties(FNavAgentProperties const&)
0x9bd0434,204,FNavDataConfig::GetDescription() const
0x9bd096c,176,FNavigationQueryFilter::Assign(FNavigationQueryFilter const&)
0x9bd0f14,16,"FNavigationQueryFilter::SetFixedAreaEnteringCost(unsigned char, float)"
0x9bd0f50,16,"FNavigationQueryFilter::SetAllAreaCosts(float const*, int)"
0x9bd0f80,16,FNavigationQueryFilter::GetIncludeFlags() const
0x9bd0fb8,136,FNavAgentSelector::Serialize(FArchive&)
0x9bd1314,40,
0x9bd153c,40,
0x9bd1564,692,
0x9bd41a0,88,FAlphaBlend::SetAlpha(float)
0x9bd4300,632,FAlphaBlend::Update(float)
0x9bd56f4,264,FStudioAnalytics::AddDefaultEventAttribute(FAnalyticsEventAttribute const&)
0x9bd5c10,940,
0x9bd8778,848,
0x9bda020,108,
0x9bda164,92,
0x9bda820,476,
0x9bdd8e8,244,
0x9bde55c,12,
0x9bde568,1668,
0x9be3020,44,
0x9be30a4,36,
0x9be3628,48,
0x9be3814,520,"FAnimationStreamingManager::UpdateResourceStreaming(float, bool)"
0x9be5a84,652,FAnimationUtils::GetAnimationCompressionFormatString(AnimationCompressionFormat)
0x9be9bf4,572,GetDefaultAnimationCompressionSettings(char16_t const*)
0x9beb22c,172,UAnimBlueprintGeneratedClass::PurgeClass(bool)
0x9bebdcc,180,"TArray<FAnimBlueprintFunction, TSizedDefaultAllocator<32> >::Empty(int)"
0x9bec0ac,172,UAnimBoneCompressionCodec::GetCodec(FString const&)
0x9bec248,52,UAnimBoneCompressionSettings::UAnimBoneCompressionSettings(FObjectInitializer const&)
0x9becaec,64,UAnimComposite::UAnimComposite(FObjectInitializer const&)
0x9becb68,168,UAnimComposite::IsNotifyAvailable() const
0x9bed8e4,160,"UAnimComposite::GetAnimationPose(FAnimationPoseData&, FAnimExtractContext const&) const"
0x9bede78,108,UAnimComposite::HasRootMotion() const
0x9bee288,296,"FAnimSegment::GetAnimationData(float, float&) const"
0x9bee7b4,1048,
0x9bf271c,24,
0x9bf28f4,72,UAISystemBase::~UAISystemBase()
0x9bf299c,232,UAvoidanceManager::~UAvoidanceManager()
0x9bf2d9c,8,non-virtual thunk to UAimOffsetBlendSpace1D::~UAimOffsetBlendSpace1D()
0x9bf2e58,48,
0x9bf301c,36,UAnimCompositeBase::~UAnimCompositeBase()
0x9bf30a4,16,"UAnimSequenceBase::GetMarkerSyncPositionfromMarkerIndicies(int, int, float) const"
0x9bf30c8,8,
0x9bf3154,40,non-virtual thunk to UAnimCompositeBase::~UAnimCompositeBase()
0x9bf324c,36,UAnimComposite::IsValidAdditive() const
0x9bf3318,80,non-virtual thunk to UAnimComposite::~UAnimComposite()
0x9bf3530,48,UNavCollisionBase::Setup(UBodySetup*)
0x9bf3638,36,UNavRelevantInterface::~UNavRelevantInterface()
0x9bf3794,64,UNavigationSystemConfig::~UNavigationSystemConfig()
0x9bf3a60,140,"TArray<FAreaNavModifier, TSizedDefaultAllocator<32> >::ResizeForCopy(int, int)"
0x9bf3e48,168,"TArray<FAreaNavModifier, TSizedDefaultAllocator<32> >::ResizeGrow(int)"
0x9bf40a0,4,
0x9bf417c,8,
0x9bf419c,8,
0x9bf4248,8,
0x9bf4260,8,
0x9bf4310,4,
0x9bf43d4,8,
0x9bf4400,8,
0x9bf449c,4,
0x9bf44b4,8,
0x9bf44d4,148,
0x9bf47f4,8,
0x9bf480c,148,
0x9bf4b6c,8,
0x9bf4b8c,8,
0x9bf4c3c,8,
0x9bf4c64,8,
0x9bf4d14,8,
0x9bf4d24,8,
0x9bf4de8,4,
0x9bf4e08,8,
0x9bf4eb8,24,
0x9bf4ef0,8,
0x9bf4f9c,4,
0x9bf4fc8,8,
0x9bf5080,4,
0x9bf5890,940,
0x9bf7664,8,
0x9bf7674,12,
0x9bf7770,92,
0x9bf7aec,40,
0x9bf7b60,144,"TArray<FLoadedAnimationChunk, TSizedDefaultAllocator<32> >::ResizeGrow(int)"
0x9bf87c0,156,
0x9bf8c68,156,"TArray<FBakedAnimationStateMachine, TSizedDefaultAllocator<32> >::ResizeTo(int)"
0x9bf915c,120,"TArray<UAnimCompositeBase*, TSizedDefaultAllocator<32> >::ResizeForCopy(int, int)"
0x9bfa100,168,
0x9bfbb34,108,"float CalcDelta<FQuat>(FQuat const&, FQuat const&)"
0x9bfbcc8,180,"UpdateSHAWithCurves(FSHA1&, FRawCurveTracks const&)"
0x9bfc138,652,FCompressibleAnimData::Update(FCompressedAnimSequence&) const
0x9bfd168,4,"ValidateUObjectLoaded(UObject*, UObject*)"
0x9bfd16c,288,
0x9bfe09c,56,FCompressedAnimSequence::ClearCompressedCurveData()
0x9bfe0d4,332,
0x9bff150,100,
0x9bff43c,40,
0x9bff464,52,"FRawCurveTracks::GetCurveData(unsigned short, ERawCurveTrackTypes) const"
0x9bff6ac,160,
0x9bffacc,308,FAnimCurveBase::PostSerialize(FArchive&)
0x9c001d4,36,FVectorCurve::GetNumKeys()
0x9c003e0,356,"FTransformCurve::UpdateOrAddKey(FTransform const&, float)"
0x9c00bec,460,
0x9c01fec,48,
0x9c0204c,48,
0x9c020ac,48,
0x9c0210c,1004,
0x9c03ab0,240,
0x9c044ac,452,
0x9c04cf4,824,
0x9c0616c,684,
0x9c076ac,356,
0x9c07c7c,280,
0x9c08630,120,
0x9c088b8,264,
0x9c0971c,672,
0x9c0aae0,680,
0x9c0c300,1192,
0x9c0ec64,916,
0x9c114d0,656,
0x9c126f0,848,"UAnimInstance::UpdateAnimation(float, bool, UAnimInstance::EUpdateAnimationFlag)"
0x9c15184,3020,
0x9c247d8,724,
0x9c27698,332,MakeGuidForMessage(FText const&)
0x9c28dd0,132,
0x9c28fa0,52,
0x9c290e4,276,
0x9c2a0a4,12,
0x9c2a26c,144,FAnimInstanceProxy::AddAnimNotifyFromGeneratedClass(int)
0x9c2a7d4,556,FAnimInstanceProxy::RegisterSlotNodeWithAnimInstance(FName const&)
0x9c2bea4,192,FAnimInstanceProxy::CacheBones()
0x9c2c1c8,5116,FAnimInstanceProxy::SlotEvaluatePose 动画Slot姿态求值
0x9c7c3e0,648,FCachedAnimTransitionData::CacheIndices(UAnimInstance&) const
0x9c7e708,2148,BlendAttributesPerBone 蒙皮属性逐骨混合
0x9c85fe4,168,UPoseAsset::GetTrackIndexByName(FName const&) const
0x9c86c80,160,FPreviewAssetAttachContainer::GetAttachedObjectByAttachName(FName) const
0x9c86da4,16,FPreviewAssetAttachContainer::operator[](int)
0x9c86dc4,8,FPreviewAssetAttachContainer::CreateConstIterator() const
0x9c86dcc,8,FPreviewAssetAttachContainer::CreateIterator()
0x9c86eb4,284,FPreviewAssetAttachContainer::SaveAttachedObjectsFromDeprecatedProperties()
0x9c87c10,232,FReferenceSkeletonModifier::FindBoneIndex(FName const&) const
0x9c8845c,492,"FReferenceSkeleton::GetRawSourceBoneIndex(USkeleton const*, FName const&) const"
0x9c89244,496,"TEMPNAMEPLACEHOLDERVALUE(FArchive&, FReferenceSkeleton&)"
0x9c89d80,8,
0x9c89e98,448,
0x9c8b7dc,40,USkeleton::PostDuplicate(bool)
0x9c8c078,40,
0x9c8c5ac,420,"USkeleton::DoesParentChainMatch(int, USkeletalMesh const*) const"
0x9c8d254,344,USkeleton::UpdateReferencePoseFromMesh(USkeletalMesh const*)
0x9c8dd0c,76,USkeleton::FindAnimSlotGroup(FName const&)
0x9c8e288,220,USkeleton::AddSlotGroupName(FName const&)
0x9c8eae4,128,"FSmartNameMapping::FindSmartName(FName, FSmartName&) const"
0x9c8ec98,208,FSmartNameContainer::GetContainerInternal(FName const&) const
0x9c8f408,200,FSmartNameContainer::GetContainer(FName) const
0x9c8f8d0,292,USkeleton::GetCurveMetaData(FSmartName const&) const
0x9c90aac,8,non-virtual thunk to USkeleton::RemoveUserDataOfClass(TSubclassOf<UAssetUserData>)
0x9c90ab4,8,USkeleton::GetAssetUserDataArray() const
0x9c90cd4,208,"TEMPNAMEPLACEHOLDERVALUE(FArchive&, FRuntimeSkinWeightProfileData&)"
0x9c92334,728,
0x9c94174,184,FRuntimeSkinWeightProfileData::~FRuntimeSkinWeightProfileData()
0x9c94bb8,16,FSkinWeightProfilesData::IsDataReadbackPending() const
0x9c94bc8,124,FSkinWeightProfilesData::IsDataReadbackFinished() const
0x9c94fa8,4,
0x9c959fc,292,FSkinWeightProfileManager::OnWorldBeginTearDown(UWorld*)
0x9c96d78,440,FSkinWeightProfileManager::CleanupRequest(FSetProfileRequest const&)
0x9c98304,932,"FTimeStretchCurve::BakeFromFloatCurve(FFloatCurve const&, float)"
0x9c9b834,176,"UAssetManager::GetNormalizedPackagePath(FString const&, bool)"
0x9c9c344,220,
0x9c9d448,276,UAssetManager::StartBulkScanning()
0x9c9e7d8,1340,UAssetManager::RecursivelyExpandBundleData(FAssetBundleData&) const
0x9ca4448,308,
0x9ca4f00,168,UAssetManager::UnloadPrimaryAsset(FPrimaryAssetId const&)
0x9ca5838,316,
0x9ca79e0,2344,"UAssetManager::OnAssetRegistryAvailableAfterInitialization(FName, FAssetRegistryState&) | UAssetManager::OnAssetRegistryAvailableAfterInitialization"
0x9cc58cc,344,
0x9cc5f50,120,
0x9cc62ac,8,
0x9cc640c,60,
0x9cc6628,116,
0x9cc6a60,380,
0x9cc91b0,84,FPrimaryAssetRulesExplicitOverride::OverrideRulesExplicitly(FPrimaryAssetRules&) const
0x9cc92fc,28,UAssetManagerSettings::PostReloadConfig(FProperty*)
0x9cc9aa4,252,UAsyncActionLoadPrimaryAsset::HandleLoadCompleted()
0x9cca3b8,348,
0x9ccbb9c,24,UAtmosphericFogComponent::SetDefaultBrightness(float)
0x9ccbc24,24,UAtmosphericFogComponent::SetSunMultiplier(float)
0x9ccbc9c,24,UAtmosphericFogComponent::SetAltitudeScale(float)
0x9ccbd3c,4,"UAtmosphericFogComponent::SetPrecomputeParams(float, int, int)"
0x9ccbd68,80,UAtmosphericFogComponent::~UAtmosphericFogComponent()
0x9ccc6a8,404,
0x9ccd444,108,FSoundBuffer::~FSoundBuffer()
0x9ccde14,16,FWaveInstance::GetVolume() const
0x9ccdf64,392,FSoundSource::NotifyPlaybackData()
0x9ccecb0,92,FSoundSource::UpdateCommon()
0x9ccee6c,188,"FNotifyBufferFinishedHooks::DispatchNotifies(FWaveInstance*, bool)"
0x9ccf938,64,FWaveInstance::StopWithoutNotification()
0x9ccfb80,104,FWaveInstance::GetActualVolume() const
0x9ccfd00,184,FWaveInstance::GetName() const
0x9cd0e2c,44,"TArray<char16_t, TSizedDefaultAllocator<32> >::~TArray()"
0x9cd11c8,1172,"FAudioAddressPattern::IsValidPath(FString const&, bool)"
0x9cd364c,364,"IStreamedCompressedInfo::ExpandFile(unsigned char*, FSoundQualityInfo*)"
0x9cd4a38,36,
0x9cd4ae0,12,FStreamedAudioPlatformData::FStreamedAudioPlatformData()
0x9cd4aec,144,FStreamedAudioPlatformData::~FStreamedAudioPlatformData()
0x9cd51ec,164,USoundWave::CleanupCachedRunningPlatformData()
0x9cd5b30,52,FAudioDevice::CreateEffectsManager()
0x9cd5b64,120,FAudioDevice::GetQualityLevelSettings()
0x9cd7184,36,
0x9cd71f4,40,
0x9cd78c8,32,FAudioDevice::OnPreGarbageCollect()
0x9cd7a88,36,
0x9cd7ad0,256,FAudioDevice::SetMaxChannelsScaled(float)
0x9cd92d8,248,FAudioDevice::EnableRadioEffect(bool)
0x9cd9570,8,"FAudioDevice::Exec(UWorld*, char16_t const*, FOutputDevice&)"
0x9cd9f84,100,FAudioDevice::RemoveSoundMix(USoundMix*)
0x9cdad98,436,"FAudioDevice::RecursiveApplyAdjuster(FSoundClassAdjuster const&, USoundClass*)"
0x9cdbe58,180,"FAudioDevice::UpdateSoundMix(USoundMix*, FSoundMixState*)"
0x9cdc8b8,144,FAudioDevice::TryClearingEQSoundMix(USoundMix*)
0x9cdcc24,288,
0x9cdd8ec,68,FListener::GetPosition(bool) const
0x9cddaa0,52,FAudioDevice::InvalidateCachedInteriorVolumes() const
0x9cddbd4,68,FListenerProxy::GetPosition(bool) const
0x9cddc18,1336,"FAudioDevice::SetListener(UWorld*, int, FTransform const&, float)"
0x9ce318c,8,FAudioDevice::AddNewActiveSound(FActiveSound const&)
0x9ce3720,64,"FAudioDevice::ReportSoundFailedToStart(unsigned long long, FAudioVirtualLoop*)"
0x9ce3760,324,FAudioDevice::SoundIsAudible(FActiveSound const&)
0x9ce3a38,28,
0x9ce3ad4,36,
0x9ce3d04,312,FAudioDevice::StopActiveSound(unsigned long long)
0x9ce42d8,276,"FAudioDevice::LocationIsAudible(FVector const&, int, float) const"
0x9ce4c24,96,FAudioDevice::FindClosestListenerIndex(FTransform const&) const
0x9ce4f8c,204,
0x9ce5574,116,FAudioDevice::FCreateComponentParams::FCreateComponentParams(FAudioDevice*)
0x9ce5e44,1152,
0x9ce93b8,108,FAudioDevice::StopEnvelopeFollowing(USoundSubmix*)
0x9ce979c,8,FAudioDevice::InitializeHardware()
0x9ce9834,36,UAudioBus::~UAudioBus()
0x9ce9a4c,68,FAtmosphereTextureResource::~FAtmosphereTextureResource()
0x9cea838,456,
0x9ceb6b8,28,
0x9ceb760,44,
0x9cebc08,92,
0x9cec444,688,
0x9cee8f0,792,
0x9cf0cd4,120,
0x9cf1180,8,
0x9cf119c,28,
0x9cf1a64,344,
0x9cf1fe8,12,
0x9cf22dc,492,
0x9cf3abc,296,
0x9cf4928,452,
0x9cf600c,8,
0x9cf6024,4,
0x9cf60d0,56,FAsyncTask<FAsyncAudioDecompressWorker>::~FAsyncTask()
0x9cf6510,244,
0x9cf6b4c,20,
0x9cf6ce8,8,
0x9cf6d04,16,
0x9cf6ec4,8,
0x9cf7d28,464,
0x9cfa960,204,
0x9cfb480,1644,UAudioSettings::LoadDefaultObjects()
0x9cffa0c,612,
0x9d01e1c,40,
0x9d01e9c,8,UAudioSettings::GetDefaultSoundConcurrency() const
0x9d01f64,76,FStreamingWaveData::~FStreamingWaveData()
0x9d026a4,384,"FStreamingWaveData::Initialize(USoundWave*, FLegacyAudioStreamingManager*)"
0x9d04020,44,
0x9d04594,4,FLegacyAudioStreamingManager::SetDisregardWorldResourcesForFrames(int)
0x9d045a0,4,"FLegacyAudioStreamingManager::NotifyLevelOffset(ULevel*, FVector const&)"
0x9d04a9c,260,FLegacyAudioStreamingManager::RemoveDecoder(ICompressedAudioInfo*)
0x9d051e8,340,FLegacyAudioStreamingManager::RemoveStreamingSoundSource(FSoundSource*)
0x9d05a28,4,FCachedAudioStreamingManager::AddLevel(ULevel*)
0x9d05a38,4,FCachedAudioStreamingManager::RemoveStreamingSoundWave(USoundWave*)
0x9d05a3c,4,FCachedAudioStreamingManager::AddDecoder(ICompressedAudioInfo*)
0x9d05a54,8,FCachedAudioStreamingManager::CanCreateSoundSource(FWaveInstance const*) const
0x9d05fc4,80,FCachedAudioStreamingManager::GetCacheForWave(USoundWave const*) const
0x9d068f8,56,FCachedAudioStreamingManager::GetCacheForChunkSize(unsigned int) const
0x9d06bc8,396,
0x9d07d5c,36,
0x9d07f1c,12,FAudioChunkCache::BeginLoggingCacheMisses()
0x9d08f9c,36,
0x9d08fc0,36,
0x9d09008,48,FAudioChunkCache::ShouldAddNewChunk() const
0x9d092e0,36,
0x9d093f4,764,
0x9d0c8ac,120,FAudioThread::OnPostGarbageCollect()
0x9d0ca4c,16,FAudioThread::Exit()
0x9d0cb0c,36,
0x9d0cd58,56,FAudioThread::ResetAudioThreadTimers()
0x9d0cec4,752,FAudioAsyncBatcher::Flush()
0x9d0eedc,572,AAudioVolume::UpdateProxy() const
0x9d109ec,36,
0x9d10a84,244,UAzureTexture2DReadable::CopyMipData() | UAzureTexture2DReadable::CopyMipData Azure纹理mip拷贝
0x9d11030,532,FBasedPosition::TEMPNAMEPLACEHOLDERVALUE() const
0x9d12264,300,
0x9d1695c,304,FBatchedElements::Clear()
0x9d16c0c,324,"FBPVariableDescription::SetMetaData(FName, FString)"
0x9d17184,180,"UBlueprint::GetPreloadDependencies(TArray<UObject*, TSizedDefaultAllocator<32> >&)"
0x9d17524,840,"UBlueprint::GetTimelineSignatureForFunctionByName(FName const&, FName const&)"
0x9d196ec,300,
0x9d1a490,68,
0x9d1a4d4,68,
0x9d1a63c,552,"UBlueprintGeneratedClass::BindDynamicDelegates(UClass const*, UObject*)"
0x9d1b930,532,
0x9d1c44c,116,UBlueprintGeneratedClass::Serialize(FArchive&)
0x9d1c974,408,
0x9d1d47c,572,
0x9d1e174,28,
0x9d1e680,688,
0x9d1f960,4,
0x9d1fadc,8,
0x9d1faf8,540,
0x9d20f5c,136,"TArray<FLoadedAudioChunk, TSizedDefaultAllocator<32> >::ResizeTo(int)"
0x9d21794,352,
0x9d227c4,1244,
0x9d29d90,788,FScriptSetHelper::RemoveElement(void const*)
0x9d2c250,1000,
0x9d2e418,236,ACameraActor::Serialize(FArchive&)
0x9d2f1a4,544,"UCameraAnimInst::AdvanceAnim(float, bool)"
0x9d3193c,1388,"UCameraComponent::AddAdditiveOffset(FTransform const&, float)"
0x9d347e4,24,"FCameraPhotographyManager::UpdateCamera(FMinimalViewInfo&, APlayerCameraManager*)"
0x9d34814,24,FCameraPhotographyManager::StartSession()
0x9d34860,48,
0x9d34a98,128,FCameraShakeState::Update(float)
0x9d34dcc,16,UCameraShakeBase::SetRootShakePattern(UCameraShakePattern*)
0x9d35054,596,"UCameraShakeBase::ScrubAndApplyCameraShake(float, float, FMinimalViewInfo&)"
0x9d378bc,120,
0x9d37a3c,112,"ACharacter::CacheInitialMeshOffset(FVector, FRotator)"
0x9d37b70,104,ACharacter::GetDefaultHalfHeight() const
0x9d37d68,276,ACharacter::CanJumpInternal_Implementation() const
0x9d38570,624,"MovementBaseUtility::AddTickDependency(FTickFunction&, UPrimitiveComponent*)"
0x9d39748,96,ACharacter::UnPossessed()
0x9d3a4e8,232,"ACharacter::OnMovementModeChanged(EMovementMode, unsigned char)"
0x9d3ad08,380,ACharacter::OnRep_RootMotion()
0x9d3bb6c,1484,ACharacter::PreReplication(IRepChangedPropertyTracker&)
0x9d46da8,72,UCheatManager::DebugCapsuleSweepPawn()
0x9d46f3c,68,UCheatManager::DumpChatState()
0x9d470fc,84,UCheatManager::GetWorld() const
0x9d47948,44,UCheatManager::FlushLog()
0x9d47c88,236,UCheatManager::InvertMouse()
0x9d4850c,56,UCheatManager::ToggleServerStatReplicatorClientOverwrite()
0x9d48624,240,UCheatManager::RemoveCheatManagerExtension(UCheatManagerExtension*)
0x9d490f0,8,FOverlapResult::GetComponent() const
0x9d4916c,100,FCollisionQueryParams::AddIgnoredActor(AActor const*)
0x9d49424,136,FCollisionQueryParams::AddIgnoredComponent(UPrimitiveComponent const*)
0x9d498a8,276,"FSeparatingAxisPointCheck::TestSeparatingAxisCommon(FVector const&, float, float)"
0x9d4bc54,112,
0x9d4bed8,1552,
0x9d52b0c,168,"TArray<FOrientAndScaleRetargetingCachedData, TSizedDefaultAllocator<32> >::ResizeGrow(int)"
0x9d53418,184,"TArray<FPostProcessSettings, TSizedDefaultAllocator<32> >::ResizeGrow(int)"
0x9d53608,176,"TArray<FActiveCameraShakeInfo, TSizedDefaultAllocator<32> >::ResizeShrink()"
0x9d53b50,344,
0x9d54704,92,
0x9d54b4c,144,"TArray<FPerformanceTrackingChart const*, TSizedDefaultAllocator<32> >::ResizeGrow(int)"
0x9d54c9c,8,
0x9d54d14,164,
0x9d55238,184,"TArray<FHitResult, TSizedDefaultAllocator<32> >::ResizeGrow(int)"
0x9d564d4,296,"TBitArray<TInlineAllocator<2u, TSizedDefaultAllocator<32> > >::SetRange(int, int, bool)"
0x9d56924,356,
0x9d57fb4,960,
0x9d5931c,244,UCollisionProfile::UCollisionProfile(FObjectInitializer const&)
0x9d5af9c,188,UCollisionProfile::LookForProfileRedirect(FName) const
0x9d5b058,292,
0x9d5bd7c,36,
0x9d5bdc8,40,
0x9d5bdf0,36,
0x9d5be38,40,
0x9d5c264,432,UCollisionProfile::ReturnContainerIndexFromChannelName(FName&) const
0x9d5c8f0,1292,FKAggregateGeom::CalcAABB(FTransform const&) const
0x9d61160,1248,
0x9d6402c,228,
0x9d64770,32,
0x9d648ec,324,
0x9d65610,448,
0x9d66340,36,
0x9d665fc,40,
0x9d66c90,536,
0x9d6835c,640,
0x9d6a770,308,UActorComponent::ReregisterComponent()
0x9d6b4dc,3732,"FComponentInstanceDataCache::ApplyToActor(AActor*, ECacheApplyPhase) const"
0x9d74630,232,UAudioComponent::GetPlayState() const
0x9d74c08,148,UAudioComponent::Play(float)
0x9d76030,508,UAudioComponent::Stop()
0x9d77538,192,UAudioComponent::SetFadeInComplete()
0x9d776dc,388,
0x9d77f38,212,"UAudioComponent::SetAudioBusSendPreEffect(UAudioBus*, float)"
0x9d78314,24,UAudioComponent::HasCookedAmplitudeEnvelopeData() const
0x9d78d34,1080,
0x9d7bf7c,152,"TArray<FHitResult, TSizedDefaultAllocator<32> >::ResizeForCopy(int, int)"
0x9d7c61c,864,FComponentPropertyWriter::GetDuplicatedObject(UObject*)
0x9d7e784,144,"TArray<FResponseChannel, TSizedDefaultAllocator<32> >::ResizeGrow(int)"
0x9d7eaec,4,PhysXInterface::FSingleHitBuffer<physx::PxRaycastHit>::~FSingleHitBuffer()
0x9d7eb60,36,
0x9d7eb98,36,
0x9d7ec28,36,
0x9d7eea8,28,
0x9d7f00c,4,
0x9d7ffb8,1820,
0x9d85f80,8,
0x9d85f9c,44,
0x9d86154,4,
0x9d861fc,8,
0x9d86234,4,
0x9d8627c,104,
0x9d864a8,44,
0x9d86630,12,
0x9d866b8,12,
0x9d8674c,12,
0x9d8683c,16,
0x9d869dc,232,
0x9d883fc,124,UCapsuleComponent::CreateSceneProxy()
0x9d88920,320,"UCapsuleComponent::AreSymmetricRotations(FQuat const&, FQuat const&, FVector const&) const"
0x9d88ed4,1444,UCharacterMovementComponent::UCharacterMovementComponent(FObjectInitializer const&)
0x9d8ec78,36,UCharacterMovementComponent::DisableMovement()
0x9d8eca8,6540,UCharacterMovementComponent::PerformMovement(float) | UCharacterMovementComponent::PerformMovement 角色移动tick
0x9dd0084,180,"UPrimitiveComponent::SetDefaultCustomPrimitiveDataVector4(int, FVector4) | UPrimitiveComponent::SetDefaultCustomPrimitiveDataVector4"
0x9dd20b4,284,FCompositeNavModifier::~FCompositeNavModifier()
0x9dd2790,124,UPrimitiveComponent::IsOverlappingComponent(UPrimitiveComponent const*) const
0x9dd3788,1264,
0x9dd7484,636,UPrimitiveComponent::DispatchOnReleased(FKey)
0x9dd9568,56,FLightSceneProxy::~FLightSceneProxy()
0x9dd95e8,8,FLightSceneProxy::IsRectLight() const
0x9dd9618,4,FLightSceneProxy::GetLightShaderParameters(FLightShaderParameters&) const
0x9dd9658,8,
0x9dd96b0,40,"FLightSceneProxy::GetScissorRect(FIntRect&, FSceneView const&, FIntRect const&) const"
0x9dd9754,8,FLightSceneProxy::GetCloudShadowMapResolutionScale() const
0x9dd9798,8,FLightSceneProxy::GetUsePerPixelAtmosphereTransmittance() const
0x9dd99c4,40,non-virtual thunk to UCustomBoneComponent::~UCustomBoneComponent()
0x9dd9a6c,40,non-virtual thunk to UDrawFrustumComponent::~UDrawFrustumComponent()
0x9dd9b40,132,FForceFeedbackManager::~FForceFeedbackManager()
0x9dd9f70,232,UInterpToMovementComponent::~UInterpToMovementComponent()
0x9dda87c,176,non-virtual thunk to UMeshComponent::~UMeshComponent()
0x9ddae44,116,non-virtual thunk to UPawnNoiseEmitterComponent::~UPawnNoiseEmitterComponent()
0x9ddb160,8,"USkinnedMeshComponent::TickPose(float, bool)"
0x9ddb260,8,non-virtual thunk to USkinnedMeshComponent::_getUObject() const
0x9ddb3b4,116,non-virtual thunk to UPoseableMeshComponent::~UPoseableMeshComponent()
0x9ddbc8c,88,FDirectionalLightSceneProxy::GetLightDirectionForFogInscattering() const
0x9ddca94,1004,
0x9ddfb84,1756,
0x9de629c,144,"TArray<FLightAndChannel*, TSizedDefaultAllocator<32> >::ResizeGrow(int)"
0x9de6a00,288,
0x9de6f48,168,"TArray<FBatchedMesh, TSizedDefaultAllocator<32> >::ResizeGrow(int)"
0x9de7340,568,
0x9de88b0,288,
0x9de9294,4,
0x9de92f4,80,
0x9de9afc,492,
0x9deb2f8,80,
0x9deb54c,80,
0x9debb84,452,"TArray<FInputKeyBinding, TSizedDefaultAllocator<32> >::~TArray()"
0x9deded8,88,
0x9dee878,132,"UProjectileMovementComponent::ComputeMoveDelta(FVector const&, float) const"
0x9deea54,32,UProjectileMovementComponent::AddForce(FVector)
0x9deea74,68,UProjectileMovementComponent::GetGravityZ() const
0x9deeec0,76,
0x9def29c,788,UProjectileMovementComponent::CheckStillInWorld()
0x9df12f0,16,FRectLightSceneProxy::HasSourceTexture() const
0x9df1454,1240,
0x9df3840,140,UReflectionCaptureComponent::SendRenderTransform_Concurrent()
0x9df4128,16,USceneComponent::SetRelativeLocation_Direct(FVector)
0x9df4138,984,UReflectionCaptureComponent::BeginDestroy()
0x9df73e8,52,ASceneCapture::Serialize(FArchive&)
0x9df773c,16,ASceneCaptureCube::OnInterpToggle(bool)
0x9df7a68,528,USceneCaptureComponent::UpdateShowFlags()
0x9df9e20,8,USceneComponent::OnUnregister()
0x9df9e28,260,USceneCaptureComponent2D::USceneCaptureComponent2D(FObjectInitializer const&)
0x9dfa800,176,USceneCaptureComponent2D::Serialize(FArchive&)
0x9dfad08,224,UPlanarReflectionComponent::CreateRenderState_Concurrent(FRegisterComponentContext*)
0x9dfb690,120,"USceneCaptureComponentCube::AddReferencedObjects(UObject*, FReferenceCollector&)"
0x9dfeae4,8,USceneComponent::SetAttachParent(USceneComponent*)
0x9dfeaec,12,USceneComponent::SetAttachSocketName(FName)
0x9dfeaf8,408,
0x9dff194,548,FScopedMovementUpdate::IsTransformDirty() const
0x9dffe98,76,
0x9dfff3c,40,"USceneComponent::CalcBoundingCylinder(float&, float&) const"
0x9e001d0,464,"USceneComponent::SetRelativeRotation(FRotator, bool, FHitResult*, ETeleportType)"
0x9e00b84,1472,"USceneComponent::AddLocalTransform(FTransform const&, bool, FHitResult*, ETeleportType)"
0x9e0417c,96,USceneComponent::GetSocketQuaternion(FName) const
0x9e04200,136,"USceneComponent::GetSocketWorldLocationAndRotation(FName, FVector&, FRotator&) const"
0x9e05398,152,USceneComponent::CheckStaticMobilityAndWarn(FText const&) const
0x9e05a98,680,"USceneComponent::SetVisibility(bool, USceneComponent::EVisibilityPropagation)"
0x9e07080,32,
0x9e07320,68,USceneComponent::SetShouldUpdatePhysicsVolume(bool)
0x9e07618,16,"USceneComponent::K2_SetRelativeRotation(FRotator, bool, FHitResult&, bool)"
0x9e076ac,468,"USceneComponent::K2_AddRelativeLocation(FVector, bool, FHitResult&, bool)"
0x9e07ecc,352,void UShapeComponent::AddShapeToGeomArray<FKBoxElem>()
0x9e0966c,392,USkeletalMeshComponent::Serialize(FArchive&)
0x9e09cc4,396,
0x9e0ae48,364,USkeletalMeshComponent::RecalcRequiredBones(int)
0x9e0c220,60,USkeletalMeshComponent::ShouldOnlyTickMontages(float) const
0x9e0c288,296,USkeletalMeshComponent::RecalcRequiredCurves()
0x9e0d388,120,
0x9e0e650,72,USkeletalMeshComponent::ShouldPostUpdatePostProcessInstance() const
0x9e0e900,112,
0x9e0eba0,8,USkeletalMeshComponent::GetClothingSimulationContext() const
0x9e0ebb0,84,USkeletalMeshComponent::CompleteParallelClothSimulation()
0x9e0eda0,116,USkeletalMeshComponent::DoInstancePreEvaluation()
0x9e0f910,1408,USkeletalMeshComponent::DispatchParallelEvaluationTasks(FActorComponentTickFunction*)
0x9e13a14,36,
0x9e13a5c,140,USkeletalMeshComponent::Stop()
0x9e15834,80,
0x9e15cb8,68,USkeletalMeshComponent::IsPlayingNetworkedRootMotionMontage() const
0x9e16610,24,USkeletalMeshComponent::ResumeClothingSimulation()
0x9e16634,160,USkeletalMeshComponent::BindClothToMasterPoseComponent()
0x9e16980,148,USkeletalMeshComponent::FinalizeBoneTransform()
0x9e16b90,152,
0x9e172a0,576,
0x9e182ec,100,UBoxReflectionCaptureComponent::~UBoxReflectionCaptureComponent()
0x9e185bc,116,non-virtual thunk to URotatingMovementComponent::~URotatingMovementComponent()
0x9e18a18,8,non-virtual thunk to UShapeComponent::~UShapeComponent()
0x9e18a90,8,AReflectionCapture::IsLevelBoundsRelevant() const
0x9e18ae0,36,APlaneReflectionCapture::~APlaneReflectionCapture()
0x9e19074,244,
0x9e1a050,236,
0x9e1a9f8,344,
0x9e1b3a0,296,
0x9e1b8dc,420,
0x9e1c8b8,84,TGraphTask<FParallelAnimationCompletionTask>::~TGraphTask()
0x9e1e23c,536,FAnimUpdateRateManager::CleanupUpdateRateParametersRef(USkinnedMeshComponent*)
0x9e1f4a8,40,USkinnedMeshComponent::GetSkeletalMeshRenderData() const
0x9e1f558,164,USkinnedMeshComponent::Serialize(FArchive&)
0x9e20014,244,USkinnedMeshComponent::InitLODInfos()
0x9e20694,8,USkinnedMeshComponent::ShouldAlwaysEvaluate() const
0x9e20838,8,USkinnedMeshComponent::AdditionalStatObject() const
0x9e20844,24,USkinnedMeshComponent::GetNumMaterials() const
0x9e2086c,60,USkinnedMeshComponent::GetMaterialQualityLevelBias(int) const
0x9e20a4c,16,USkinnedMeshComponent::GetCPUSkinningEnabled() const
0x9e20d5c,8,USkinnedMeshComponent::GetForcedLOD() const
0x9e20d84,224,USkinnedMeshComponent::RebuildVisibilityArray()
0x9e21aa8,44,
0x9e21b2c,7384,"USkinnedMeshComponent::GetBoneTransform(int, FTransform const&) const | USkinnedMeshComponent::GetBoneTransform 骨骼变换查询"
0x9e42560,548,USplineMeshComponent::GetComponentInstanceData() const
0x9e42c5c,44,UStaticMeshComponent::GetTextureStreamingTransformScale() const
0x9e42d38,108,USpotLightComponent::GetCosHalfConeAngle() const
0x9e42e74,236,USpotLightComponent::ComputeLightBrightness() const
0x9e43540,120,FStaticMeshComponentInstanceData::ContainsData() const
0x9e43608,1340,UStaticMeshComponent::ApplyComponentInstanceData(FStaticMeshComponentInstanceData*)
0x9e46148,80,UStaticMeshComponent::SupportsDefaultCollision()
0x9e46278,224,UStaticMeshComponent::PostLoad()
0x9e4715c,148,"UStaticMeshComponent::GetLocalBounds(FVector&, FVector&) const"
0x9e47390,220,"UStaticMeshComponent::GetEstimatedLightMapResolution(int&, int&) const"
0x9e47720,188,"UStaticMeshComponent::GetLightAndShadowMapMemoryUsage(int&, int&) const"
0x9e47998,188,UStaticMeshComponent::GetMaterialSlotNames() const
0x9e48680,64,non-virtual thunk to UStaticMeshComponent::IsNavigationRelevant() const
0x9e48770,192,non-virtual thunk to UStaticMeshComponent::GetNavigationData(FNavigationRelevantData&) const
0x9e48f1c,704,"TEMPNAMEPLACEHOLDERVALUE(FArchive&, FStaticMeshComponentLODInfo&)"
0x9e49c88,180,FStaticMeshComponentInstanceData::~FStaticMeshComponentInstanceData()
0x9e4a12c,36,
0x9e4a4dc,180,
0x9e4ab28,104,FSplineStaticLightingMesh::~FSplineStaticLightingMesh()
0x9e4adb8,312,FSpotLightSceneProxy::AffectsBounds(FBoxSphereBounds const&) const
0x9e4c030,152,
0x9e4c6f8,344,
0x9e4cec4,444,
0x9e4e31c,420,
0x9e4f920,156,"TArray<FInterpCurvePoint<float>, TSizedDefaultAllocator<32> >::ResizeTo(int)"
0x9e4fe68,64,FSplineInstanceData::ContainsData() const
0x9e50078,556,
0x9e51dc0,144,"TArray<FPaintedVertex, TSizedDefaultAllocator<32> >::ResizeGrow(int)"
0x9e53034,1096,"UStereoLayerComponent::TickComponent(float, ELevelTick, FActorComponentTickFunction*)"
0x9e57c08,100,UVolumetricCloudComponent::SetLayerHeight(float)
0x9e57e54,100,UVolumetricCloudComponent::SetSkyLightCloudBottomOcclusion(float)
0x9e58228,156,ComponentUtils::GetSimpleConstructionScript(USceneComponent const*)
0x9e5892c,4460,UCurveTable::Serialize(FArchive&)
0x9e66914,76,non-virtual thunk to UCurveFloat::GetCurves() const
0x9e66cf4,8,FRichCurve::GetNumKeys() const
0x9e67030,152,UCurveLinearColor::GetUnadjustedLinearColorValue(float) const
0x9e67588,104,UCurveLinearColor::TEMPNAMEPLACEHOLDERVALUE(UCurveLinearColor const&) const
0x9e67820,444,FCurveOwnerInterface::GetCurveColor(FRichCurveEditInfoTemplate<FRealCurve*>) const
0x9e695a8,272,"FIntegralCurve::UpdateOrAddKey(float, int, float)"
0x9e6a564,8,FKeyHandle::FKeyHandle(unsigned int)
0x9e6a7a0,132,FKeyHandleMap::Empty()
0x9e6af0c,420,FKeyHandleLookupTable::Reset()
0x9e6c498,140,FRichCurveKey::TEMPNAMEPLACEHOLDERVALUE(FRichCurveKey const&) const
0x9e6ca40,260,FRichCurve::DeleteKey(FKeyHandle)
0x9e6dc88,372,FRichCurve::GetKeyTangentMode(FKeyHandle) const
0x9e7249c,816,FCompressedRichCurve::Serialize(FArchive&)
0x9e743ec,28,FSimpleCurve::RemoveRedundantKeys(float)
0x9e74408,1652,"FSimpleCurve::RemoveRedundantKeysInternal(float, int, int)"
0x9e7af38,8,non-virtual thunk to UCurveTable::GetCurves() const
0x9e7af40,524,UCurveTable::GetCurves()
0x9e7b9cc,112,"FCurveTableRowHandle::Eval(float, float*, FString const&) const"
0x9e7bb30,56,UDataAsset::UDataAsset(FObjectInitializer const&)
0x9e7c0c0,84,"FOutBunch::FOutBunch(UPackageMap*, long long)"
0x9e7c404,704,UChannel::Close(EChannelCloseReason)
0x9e7f8e4,40,
0x9e7f970,36,
0x9e7f9c0,492,"void FNetControlMessage<(unsigned char)6>::Send<FString>(UNetConnection*, FString&)"
0x9e81acc,40,
0x9e81b1c,36,
0x9e81c3c,36,
0x9e81d04,36,
0x9e82108,112,FOutBunch::~FOutBunch()
0x9e827a8,704,UActorChannel::Close(EChannelCloseReason)
0x9e83e18,1552,"UActorChannel::SetChannelActor(AActor*, ESetChannelActorFlags)"
0x9e88cd0,5364,UActorChannel::ReplicateActor() | UActorChannel::ReplicateActor 网络复制
0x9ebddc0,128,ADecalActor::Serialize(FArchive&)
0x9ebf768,460,
0x9ec06a8,8,non-virtual thunk to UDemoNetDriver::~UDemoNetDriver()
0x9ec06b0,36,UDemoNetDriver::~UDemoNetDriver()
0x9ec06fc,596,UDemoNetDriver::AddReplayTask(FQueuedReplayTask*)
0x9ec1b98,48,UDemoNetDriver::IsRecording() const
0x9ec1bc8,48,UDemoNetDriver::IsPlaying() const
0x9ec1e2c,8,UDemoNetDriver::LowLevelGetNetworkNumber()
0x9ec2468,36,
0x9ec2940,852,UDemoNetDriver::InitConnectInternal(FString&)
0x9ec566c,40,UDemoNetDriver::ShouldClientDestroyTearOffActors() const
0x9ec5704,36,
0x9ec5760,24,UDemoNetDriver::SaveExternalData(FArchive&)
0x9ec57f0,24,
0x9ec58c8,40,
0x9ec86b4,36,
0x9ec8858,184,
0x9ec8930,356,UDemoNetDriver::AdjustConsiderTime(float)
0x9ec945c,388,
0x9ec982c,36,
0x9ec990c,276,UDemoNetDriver::ProcessPacket(FPlaybackPacket const&)
0x9ec9f9c,156,UDemoNetDriver::NotifyGotoTimeFinished(bool)
0x9ecaa1c,408,
0x9ecb9dc,36,
0x9ecba48,376,"UDemoNetDriver::RemoveSplitscreenViewer(APlayerController*, bool)"
0x9eccb3c,40,
0x9eccd70,36,
0x9ecec68,860,
0x9ed1cdc,88,UDemoNetDriver::AddNonQueuedGUIDForScrubbing(FNetworkGUID)
0x9ed243c,224,
0x9ed27a0,452,"UDemoNetConnection::LowLevelSend(void*, int, FOutPacketTraits&)"
0x9ed32a8,24,"UDemoNetDriver::IsLevelInitializedForActor(AActor const*, UNetConnection const*) const"
0x9ed32f0,4,UDemoNetDriver::PendingNetGameLoadMapCompleted()
0x9ed32f4,40,UDemoNetDriver::OnSeamlessTravelStartDuringRecording(FString const&)
0x9ed3b30,40,
0x9ed3b58,40,
0x9ed3b80,40,
0x9ed3bd0,40,
0x9ed3bf8,372,"UDemoNetDriver::NotifyActorChannelOpen(UActorChannel*, AActor*)"
0x9ed4a6c,40,
0x9ed4c18,388,
0x9ed5080,312,"UDemoPendingNetGame::LoadMapCompleted(UEngine*, FWorldContext&, bool, FString const&)"
0x9ed5f08,44,UDemoNetDriver::SetWorld(UWorld*)
0x9ed5f34,8,"UDemoNetDriver::ShouldForwardFunction(AActor*, UFunction*, void*) const"
0x9ed5f3c,144,UDataDrivenConsoleVariableSettings::~UDataDrivenConsoleVariableSettings()
0x9ed60e4,36,UReporterBase::~UReporterBase()
0x9ed61e0,36,UReporterGraph::~UReporterGraph()
0x9ed6204,72,ADebugCameraController::~ADebugCameraController()
0x9ed629c,76,non-virtual thunk to ADebugCameraController::~ADebugCameraController()
0x9ed643c,36,FDebugDrawDelegateHelper::~FDebugDrawDelegateHelper()
0x9ed67f0,36,FDebugRenderSceneProxy::~FDebugRenderSceneProxy()
0x9ed6814,100,FDebugRenderSceneProxy::GetMemoryFootprint() const
0x9ed6878,36,ADefaultPawn::~ADefaultPawn()
0x9ed68cc,80,UPendingNetGame::~UPendingNetGame()
0x9ed6984,36,UDataTableFunctionLibrary::~UDataTableFunctionLibrary()
0x9ed6a9c,232,FNetSerializeCB::~FNetSerializeCB()
0x9ed7000,236,FNetSerializeCB::NetDeltaSerializeForFastArray(FFastArrayDeltaSerializeParams&)
0x9ed7668,168,"TArray<FCanvasUVTri, TSizedDefaultAllocator<32> >::ResizeGrow(int)"
0x9ed7a14,344,
0x9ed8310,224,
0x9ed87c8,536,"TSet<ULevel*, DefaultKeyFuncs<ULevel*, false>, FDefaultSetAllocator>::UnhashElements()"
0x9ed9574,792,
0x9edaa7c,20,FJumpToLiveReplayTask::GetName() const
0x9edaaac,76,FFastForwardLevelsTask::~FFastForwardLevelsTask()
0x9edb2b4,196,FFastForwardLevelsTask::CheckpointReady(FGotoResult const&)
0x9edb690,248,
0x9edbb78,152,"TArray<FDataDrivenConsoleVariable, TSizedDefaultAllocator<32> >::~TArray()"
0x9edc4d8,552,
0x9eddab8,144,"TArray<FRepChangedHistory, TSizedDefaultAllocator<32> >::ResizeGrow(int)"
0x9eddef4,488,
0x9edf090,720,
0x9ee06c0,164,
0x9ee10f0,4,
0x9ee10f4,8,
0x9ee10fc,8,
0x9ee1104,8,
0x9ee1124,164,
0x9ee1844,144,
0x9ee1a1c,8,
0x9ee1a9c,164,
0x9ee2040,4,
0x9ee204c,8,
0x9ee20d4,164,
0x9ee2a4c,136,"TArray<APlayerController*, TSizedDefaultAllocator<32> >::ResizeTo(int)"
0x9ee32a0,156,"TArray<UDemoNetDriver::FDemoActorPriority, TSizedDefaultAllocator<32> >::ResizeTo(int)"
0x9ee35bc,52,
0x9ee3614,144,"TArray<AController*, TSizedDefaultAllocator<32> >::ResizeGrow(int)"
0x9ee3aa0,648,
0x9ee574c,684,
0x9ee6bfc,272,
0x9ee7650,344,
0x9ee7dc0,480,
0x9ee9088,252,
0x9eeb21c,48,UDestructibleInterface::UDestructibleInterface(FObjectInitializer const&)
0x9eeb364,628,
0x9eed614,624,
0x9eee728,8,UDeviceProfileManager::OnManagerUpdated()
0x9eee730,8,UDeviceProfileManager::OnActiveDeviceProfileChanged()
0x9eee738,392,UDeviceProfileManager::SaveProfiles(bool)
0x9eeeaf0,144,"UDeviceProfileManager::GetScalabilityCVar(FString const&, int&)"
0x9eeeb80,136,"UDeviceProfileManager::GetScalabilityCVar(FString const&, float&)"
0x9eeec58,40,
0x9eeee24,84,"TEMPNAMEPLACEHOLDERVALUE(FDialogueContext const&, FDialogueContext const&)"
0x9eeeecc,68,FDialogueContext::FDialogueContext()
0x9eef7d0,68,FDialogueWaveParameter::FDialogueWaveParameter()
0x9eef814,60,UDialogueVoice::UDialogueVoice(FObjectInitializer const&)
0x9eef858,12,UDialogueVoice::GetExporterName()
0x9eefab4,4,
0x9ef0938,40,
0x9ef0960,300,UDialogueWave::GetLocalizedSpokenText() const
0x9ef0e14,364,UDialogueWave::GetLocalizedSubtitle() const
0x9ef13b0,188,UDialogueWave::GetContextRecordedAudioFilename(FDialogueContext const&) const
0x9ef1630,1644,
0x9ef5b88,4,"FDistanceFieldAsyncQueue::Build(FAsyncDistanceFieldTask*, FQueuedThreadPool&)"
0x9ef5b8c,24,FAsyncDistanceFieldTask::FAsyncDistanceFieldTask()
0x9ef5ba4,280,FDistanceFieldAsyncQueue::FDistanceFieldAsyncQueue()
0x9ef5dd0,4,FDistanceFieldAsyncQueue::AddTask(FAsyncDistanceFieldTask*)
0x9ef5fd0,4,FDistanceFieldAsyncQueue::ProcessAsyncTasks()
0x9ef5fd4,44,
0x9ef6038,148,FDistanceFieldAsyncQueue::AddReferencedObjects(FReferenceCollector&)
0x9ef61ac,36,
0x9ef6738,420,"FLandscapeTextureAtlas::FSubAllocator::Init(unsigned int, unsigned int, unsigned int)"
0x9ef7368,4,
0x9ef736c,276,FUploadHeightFieldToAtlasCS::StaticGetTypeLayout()
0x9ef75c8,100,
0x9ef78d8,8,"TGetDefaultObjectHelper<FUploadVisibilityToAtlasCS, (ETypeLayoutInterface::Type)0>::Do()"
0x9ef78e0,276,FUploadVisibilityToAtlasCS::GetTypeLayout() const
0x9ef9a34,636,
0x9efa008,32,
0x9efa028,4,
0x9efa25c,44,FDistanceFieldDownsamplingCS::ConstructSerializedInstance()
0x9efa288,100,
0x9efa2ec,4,
0x9efa2f0,88,
0x9efa348,100,"FDistanceFieldDownsampling::GetDownsampledSize(FIntVector const&, float, FIntVector&)"
0x9efa638,264,"FRawDistribution::GetValue1Extreme(float, float*, int, FRandomStream*) const"
0x9efa8e4,288,"FRawDistribution::GetValue3Extreme(float, float*, int, FRandomStream*) const"
0x9efabcc,728,"FRawDistribution::GetValue(float, float*, int, int, FRandomStream*) const"
0x9efb198,12,"non-virtual thunk to UDistributionFloat::GetInRange(float&, float&) const"
0x9efb1b0,12,"non-virtual thunk to UDistributionFloat::GetOutRange(float&, float&) const"
0x9efb2ac,60,FRawDistributionVector::GetFastRawDistribution()
0x9efb370,4,FRawDistributionVector::InitLookupTable()
0x9efb378,72,UDistributionVector::NeedsLoadForClient() const
0x9efb408,8,UDistributionVector::NeedsLoadForEditorGame() const
0x9efb410,20,"UDistributionVector::GetValue(float, UObject*, int, FRandomStream*) const"
0x9efb43c,12,"UDistributionVector::GetInRange(float&, float&) const"
0x9efb460,12,"non-virtual thunk to UDistributionVector::GetOutRange(float&, float&) const"
0x9efb4d8,116,FFloatDistribution::FFloatDistribution()
0x9efb6e8,1652,
0x9f00574,56,"UDistributionFloatUniformCurve::EvalSub(int, float)"
0x9f00bb4,128,non-virtual thunk to UDistributionFloatUniformCurve::DeleteKey(int)
0x9f00ea0,88,"non-virtual thunk to UDistributionFloatUniformCurve::SetKeyOut(int, int, float)"
0x9f00fd4,76,"non-virtual thunk to UDistributionFloatUniformCurve::SetTangents(int, int, float, float)"
0x9f011fc,8,UDistributionVectorConstant::GetNumKeys() const
0x9f0120c,44,UDistributionVectorConstant::GetNumSubCurves() const
0x9f01444,8,non-virtual thunk to UDistributionVectorConstant::GetKeyIn(int)
0x9f014c4,116,"non-virtual thunk to UDistributionVectorConstant::GetKeyOut(int, int)"
0x9f016e8,8,non-virtual thunk to UDistributionVectorConstant::GetKeyInterpMode(int) const
0x9f01728,8,UDistributionVectorConstant::CreateNewKey(float)
0x9f01740,8,"UDistributionVectorConstant::SetKeyIn(int, float)"
0x9f017b4,4,"non-virtual thunk to UDistributionVectorConstant::SetKeyInterpMode(int, EInterpCurveMode)"
0x9f017c0,36,"UDistributionVectorConstant::GetRange(FVector&, FVector&) const"
0x9f018f4,44,non-virtual thunk to UDistributionVectorConstantCurve::GetNumSubCurves() const
0x9f01c10,60,"UDistributionVectorConstantCurve::GetKeyColor(int, int, FColor const&)"
0x9f01d14,140,"non-virtual thunk to UDistributionVectorConstantCurve::GetInRange(float&, float&) const"
0x9f022e0,8,non-virtual thunk to UDistributionVectorConstantCurve::CreateNewKey(float)
0x9f022e8,124,UDistributionVectorConstantCurve::DeleteKey(int)
0x9f02764,72,"UDistributionVectorConstantCurve::SetKeyInterpMode(int, EInterpCurveMode)"
0x9f02884,144,"non-virtual thunk to UDistributionVectorConstantCurve::SetTangents(int, int, float, float)"
0x9f03138,92,UDistributionVectorUniform::GetOperation() const
0x9f03348,8,non-virtual thunk to UDistributionVectorUniform::GetNumKeys() const
0x9f033a8,428,"UDistributionVectorUniform::GetSubCurveButtonColor(int, bool) const"
0x9f03c68,8,UDistributionVectorUniform::CreateNewKey(float)
0x9f03c70,8,non-virtual thunk to UDistributionVectorUniform::CreateNewKey(float)
0x9f03c80,8,"UDistributionVectorUniform::SetKeyIn(int, float)"
0x9f03d74,228,"non-virtual thunk to UDistributionVectorUniform::SetKeyOut(int, int, float)"
0x9f044d4,20,UDistributionVectorUniformCurve::GetMinValue() const
0x9f04504,8,non-virtual thunk to UDistributionVectorUniformCurve::GetNumKeys() const
0x9f046c8,32,"non-virtual thunk to UDistributionVectorUniformCurve::GetSubCurveButtonColor(int, bool) const"
0x9f04914,164,"non-virtual thunk to UDistributionVectorUniformCurve::GetKeyColor(int, int, FColor const&)"
0x9f04d54,20,non-virtual thunk to UDistributionVectorUniformCurve::GetKeyInterpMode(int) const
0x9f05040,160,"non-virtual thunk to UDistributionVectorUniformCurve::EvalSub(int, float)"
0x9f05758,84,"UDistributionVectorUniformCurve::SetKeyIn(int, float)"
0x9f05aec,72,"UDistributionVectorUniformCurve::SetKeyInterpMode(int, EInterpCurveMode)"
0x9f05ea4,500,"UDistributionVectorUniformCurve::GetRange(FVector&, FVector&) const"
0x9f06abc,4,FDynamicMeshBufferAllocator::~FDynamicMeshBufferAllocator()
0x9f06ad0,204,FDynamicMeshBufferAllocator::AllocIndexBuffer(unsigned int)
0x9f073a8,28,FDynamicMeshBuilder::ReserveVertices(int)
0x9f074e4,144,
0x9f08a78,36,FDynamicResolutionHeuristicProxy::FDynamicResolutionHeuristicProxy()
0x9f08b20,88,FDynamicResolutionHeuristicProxy::Reset_RenderThread()
0x9f08e44,1700,
0x9f0b30c,196,
0x9f0b9d4,200,
0x9f0c4f0,104,FPooledDynamicMeshVertexBuffer::ReleaseRHI()
0x9f0c734,60,non-virtual thunk to FPooledDynamicMeshVertexBuffer::ReleaseResource()
0x9f0c92c,108,FPooledDynamicMeshIndexBuffer::~FPooledDynamicMeshIndexBuffer()
0x9f0cf7c,616,
0x9f0e638,184,
0x9f0f000,164,
0x9f0f158,428,
0x9f10b18,96,
0x9f10dbc,72,UTextureLODSettings::~UTextureLODSettings()
0x9f10f8c,32,
0x9f11068,24,
0x9f112e4,144,"TArray<FSubtitleCue, TSizedDefaultAllocator<32> >::ResizeGrow(int)"
0x9f11b38,156,"TArray<FUpdateTexture3DData, TSizedDefaultAllocator<32> >::ResizeTo(int)"
0x9f12684,92,
0x9f12a80,472,
0x9f141e4,180,
0x9f14f20,4,FRDGAllocator::TTrackedAlloc<FDistanceFieldDownsamplingCS::FParameters>::~TTrackedAlloc()
0x9f14ffc,756,
0x9f171b0,8,
0x9f171e8,152,
0x9f17f24,96,
0x9f18100,168,
0x9f18250,500,
0x9f1a6d0,8,
0x9f1aaf4,400,
0x9f1b8a4,8,UEdGraphNode::GetCanRenameNode() const
0x9f1ba0c,316,UEdGraphNode_Documentation::UEdGraphNode_Documentation(FObjectInitializer const&)
0x9f1cd20,72,UEdGraphPin::MovePersistentDataFromOldPin(UEdGraphPin&)
0x9f1d378,1040,UEdGraphPin::AssignByRefPassThroughConnection(UEdGraphPin*)
0x9f21814,20,UEdGraphPin::MarkPendingKill()
0x9f21ad8,152,UEdGraphPin::ShutdownVerification()
0x9f21cd0,220,UEdGraphPin::~UEdGraphPin()
0x9f22204,560,UEdGraphPin::Serialize(FArchive&)
0x9f23328,120,FGraphActionListBuilderBase::Append(FGraphActionListBuilderBase&)
0x9f23424,168,
0x9f237d8,16,
0x9f23958,48,
0x9f23a9c,112,FGraphActionListBuilderBase::ActionGroup::GetCategoryChain() const
0x9f23d7c,296,
0x9f24c7c,744,"UEdGraphSchema::CopyPinLinks(UEdGraphPin&, UEdGraphPin&, bool) const"
0x9f25a34,572,UAutoDestroySubsystem::Tick(float)
0x9f28a58,1400,"UViewportStatsSubsystem::AddTimedDisplay(FText, FLinearColor, float)"
0x9f2b9c0,48,FEngineSessionManager::OnAppDeactivate()
0x9f2ba4c,100,FEngineSessionManager::OnTerminate()
0x9f2c968,804,FEngineSessionManager::DeleteStoredRecord(FEngineSessionManager::FSessionRecord const&)
0x9f2e988,100,HActor::StaticGetType()
0x9f2eb5c,1160,
0x9f31d54,412,UFont::PostLoad()
0x9f32868,208,UFont::GetStringSize(char16_t const*) const
0x9f32a34,196,UFont::GetStringHeightSize(char16_t const*) const
0x9f33038,108,UFontFace::UFontFace()
0x9f333fc,268,UFontFace::GetResourceSizeEx(FResourceSizeEx&)
0x9f33590,516,UFontFace::GetCookedFilename() const
0x9f35698,352,SGameLayerManager::FArguments::FArguments()
0x9f36004,232,
0x9f3622c,300,
0x9f369d4,11488,UGameEngine::CreateGameWindow() | UGameEngine::CreateGameWindow 主窗口+Slate创建
0xa2f359c,184,"TArray<FForceTarget, TSizedDefaultAllocator<32> >::ResizeGrow(int)"
0xa2f38bc,156,"TArray<FRadialForceTarget, TSizedDefaultAllocator<32> >::ResizeTo(int)"
0xa2f3d24,164,
0xa2f49a8,472,
0xa2f5a1c,20,
0xa2f5b70,4,
0xa2f5b74,452,"FBuildPhysicsFieldClipmapCS::InternalLinkType<7, void>::Initialize(FTypeLayoutDesc&)"
0xa2f79f8,92,
0xa2f7cdc,8,
0xa2f7d3c,32,
0xa2f7e84,152,"TArray<UCameraAnimInst*, TSizedDefaultAllocator<32> >::ResizeShrink()"
0xa2f8164,136,"TArray<AEmitterCameraLensEffectBase*, TSizedDefaultAllocator<32> >::ResizeTo(int)"
0xa2f9f54,112,APlayerController::ClientFlushLevelStreaming_Implementation()
0xa2fa310,96,
0xa2fa5c8,36,"APlayerController::SetViewTarget(AActor*, FViewTargetTransitionParams)"
0xa2fa804,56,"APlayerController::SetControllingDirector(UInterpTrackInstDirector*, bool)"
0xa2fa8a4,376,APlayerController::ServerNotifyLoadedWorld_Implementation(FName)
0xa2fbb34,544,APlayerController::UpdateRotation(float)
0xa2fcc00,8,APlayerController::GetHUD() const
0xa2fcc84,180,"APlayerController::GetViewportSize(int&, int&) const"
0xa2fd164,240,APlayerController::ClientSetHUD_Implementation(TSubclassOf<AHUD>)
0xa2fda98,76,APlayerController::PawnLeavingGame()
0xa2fe0a8,24,APlayerController::FOV(float)
0xa2fe0c0,80,"APlayerController::PreClientTravel(FString const&, ETravelType, bool)"
0xa2fe260,128,
0xa2fe4e4,372,"APlayerController::ServerUpdateCamera_Implementation(FVector_NetQuantize, int)"
0xa2ff644,132,"APlayerController::GetInputTouchState(ETouchIndex::Type, float&, float&, bool&) const"
0xa2ff878,204,"APlayerController::DeprojectMousePositionToWorld(FVector&, FVector&) const"
0xa3003f8,1028,"APlayerController::InputKey(FKey, EInputEvent, float, bool)"
0xa3039d8,44,APlayerController::ClientSetBlockOnAsyncLoading_Implementation()
0xa303a90,12,APlayerController::SeamlessTravelTo(APlayerController*)
0xa303afc,80,APlayerController::PostSeamlessTravel()
0xa303b5c,16,APlayerController::StartTalking()
0xa303c1c,12,APlayerController::ClientVoiceHandshakeComplete_Implementation()
0xa303c7c,328,"FPlayerMuteList::GameplayMutePlayer(APlayerController*, FUniqueNetIdRepl const&)"
0xa304ab4,168,APlayerController::ClientUnmutePlayer_Implementation(FUniqueNetIdRepl)
0xa304f94,160,APlayerController::ClientEndOnlineSession_Implementation()
0xa3057c8,52,
0xa305b80,148,"APlayerController::ClientPrestreamTextures_Implementation(AActor*, float, bool, int)"
0xa306088,164,FDynamicForceFeedbackDetails::Update(FForceFeedbackValues&) const
0xa30674c,1368,"APlayerController::PlayHapticEffect(UHapticFeedbackEffect_Base*, EControllerHand, float, bool)"
0xa30969c,76,APlayerController::GetMinRespawnDelay()
0xa309968,616,APlayerController::PushInputComponent(UInputComponent*)
0xa30b1b4,8,APlayerController::GetCurrentTouchInterface()
0xa30b410,160,"FInputModeUIOnly::SetWidgetToFocus(TSharedPtr<SWidget, (ESPMode)1>)"
0xa30b9d0,1040,"FInputModeGameOnly::ApplyInputMode(FReply&, UGameViewportClient&) const"
0xa30d5a8,260,APlayerState::OverrideWith(APlayerState*)
0xa30db5c,272,APlayerState::OnRep_PlayerName()
0xa30e418,8,APlayerState::IsPrimaryPlayer() const
0xa30e420,1244,
0xa312ac4,4,FPositionVertexBuffer::CreateRHIBuffer_Async()
0xa3131e8,108,TVolumeLightingSample<3>::TVolumeLightingSample(TVolumeLightingSample<3> const&)
0xa3146c8,788,
0xa315fe4,136,FVolumetricLightmapDataLayer::CreateUAV()
0xa316550,124,FPrecomputedVolumetricLightmapData::GetAllocatedBytes() const
0xa316b6c,8,"TResourceArray<FColor, 0u>::~TResourceArray()"
0xa316b74,8,"TResourceArray<FIntVector, 0u>::~TResourceArray()"
0xa316ba0,24,"FPrecomputedVolumetricLightmapData::InitializeOnImport(FBox const&, int)"
0xa316bc0,1904,FPrecomputedVolumetricLightmapData::InitRHI()
0xa31b10c,8,"TGetDefaultObjectHelper<FRemoveSubLevelBricksCS, (ETypeLayoutInterface::Type)0>::Do()"
0xa31b114,276,FRemoveSubLevelBricksCS::GetTypeLayout() const
0xa31b4f4,44,FCopyResidentBricksCS::ConstructSerializedInstance()
0xa31b520,100,FCopyResidentBricksCS::ConstructCompiledInstance(FShaderCompiledShaderInitializerType const&)
0xa31b5b8,276,FCopyResidentBrickSHCoefficientsCS::StaticGetTypeLayout()
0xa31b884,276,FPatchIndirectionTextureCS::StaticGetTypeLayout()
0xa31bb50,280,FMoveWholeIndirectionTextureCS::StaticGetTypeLayout()
0xa31cf24,388,FVolumetricLightmapBasicBrickDataLayers::~FVolumetricLightmapBasicBrickDataLayers()
0xa31de80,424,FPreviewScene::~FPreviewScene()
0xa31e40c,16,FPreviewScene::ClearLineBatcher()
0xa31e41c,216,FPreviewScene::GetLightDirection()
0xa31e778,100,UPrimaryAssetLabel::UPrimaryAssetLabel()
0xa31e994,112,"UPrimitiveComponent::AddImpulse(FVector, FName, bool)"
0xa31ec00,124,"UPrimitiveComponent::AddForceAtLocation(FVector, FVector, FName)"
0xa31efe8,100,"UPrimitiveComponent::SetPhysicsMaxAngularVelocityInRadians(float, bool, FName)"
0xa31f258,52,UPrimitiveComponent::IsGravityEnabled() const
0xa31f410,20,UPrimitiveComponent::SetAllMassScale(float)
0xa31f674,124,UPrimitiveComponent::CalculateMass(FName)
0xa3201f8,796,UPrimitiveComponent::UnWeldFromParent()
0xa322c54,280,"CalcConeVert(float, float, float)"
0xa323ff4,396,
0xa324288,80,
0xa3243fc,572,
0xa325ac0,428,
0xa325e6c,780,
0xa327f58,1036,
0xa32a470,3400,DrawUVsInternal<FStaticMeshVertexBuffer> UV调试绘制
0xa3400b0,1336,RecompileRendererModule()
0xa3448e4,16,FMultiSizeIndexContainer::InitResources()
0xa34499c,604,
0xa3467ac,48,FSkeletalMeshVertexClothBuffer::ReleaseRHI()
0xa346968,628,"TEMPNAMEPLACEHOLDERVALUE(FArchive&, TArray<unsigned long long, TSizedDefaultAllocator<32> >&)"
0xa347860,80,FSkinWeightDataVertexBuffer::FSkinWeightDataVertexBuffer(FSkinWeightDataVertexBuffer const&)
0xa347a18,176,"FSkinWeightDataVertexBuffer::Init(unsigned int, unsigned int)"
0xa3487a0,40,
0xa3487c8,156,"FSkinWeightDataVertexBuffer::GetRigidWeightBone(unsigned int, unsigned int, int&) const"
0xa34891c,56,"FSkinWeightDataVertexBuffer::ResetVertexBoneWeights(unsigned int, unsigned int)"
0xa348efc,204,FSkinWeightVertexBuffer::SerializeMetaData(FArchive&)
0xa349498,40,FSkinWeightVertexBuffer::BeginInitResources()
0xa34a204,104,FStaticLightingSystemInterface::Get()
0xa34aa00,192,FStaticLightingSystemInterface::GameTick(float)
0xa34acb0,184,FStaticLightingSystemInterface::ShouldOperateOnWorld(UWorld*)
0xa34c94c,304,FStaticMeshVertexBuffer::AllocateData(bool)
0xa34dd50,96,FStaticMeshVertexBuffer::TEMPNAMEPLACEHOLDERVALUE(FStaticMeshVertexBuffer const&)
0xa34dee8,4,FStaticMeshVertexBuffer::CreateTangentsRHIBuffer_Async()
0xa34e150,296,
0xa34e780,48,FStaticMeshVertexBuffer::GetTangentSize()
0xa34e9e8,268,
0xa34f264,84,TGlobalResource<FSubsurfaceProfileTexture>::~TGlobalResource()
0xa34f7e0,60,FSubsurfaceProfileTexture::FindAllocationId(USubsurfaceProfile const*) const
0xa34f85c,1864,FSubsurfaceProfileTexture::CreateTexture(FRHICommandListImmediate&)
0xa356650,684,FReplayHelper::WriteNetworkDemoHeader(UNetConnection*)
0xa358be0,120,FReplayHelper::ShouldSaveCheckpoint() const
0xa359dd4,2164,
0xa35ffa8,792,
0xa3614a0,8,TStaticMeshVertexData<FColor>::GetAllowCPUAccess() const
0xa361784,88,FStaticMeshVertexBuffer::FTangentsVertexBuffer::GetFriendlyName() const
0xa361968,280,FStreamableTextureScopedDebugInfo::GetFilename() const
0xa362318,208,
0xa3652e4,396,FPackageMapAckState::~FPackageMapAckState()
0xa365b64,144,"TArray<URuntimeVirtualTexture*, TSizedDefaultAllocator<32> >::ResizeGrow(int)"
0xa365c80,92,
0xa365ef8,92,
0xa365fa4,436,
0xa36691c,408,
0xa367020,552,
0xa368048,792,
0xa368d40,40,
0xa368ddc,8,"TResourceArray<TGPUSkinVertexFloat16Uvs<1u>, 0u>::~TResourceArray()"
0xa368e98,148,"TArray<TGPUSkinVertexFloat16Uvs<1u>, TMemoryImageAllocator<0u> >::ResizeGrow(int)"
0xa36972c,136,
0xa369968,32,
0xa3699e4,148,TSkeletalMeshVertexData<TGPUSkinVertexFloat16Uvs<2u> >::ResizeBuffer(unsigned int)
0xa369b58,8,"TResourceArray<TGPUSkinVertexFloat16Uvs<2u>, 0u>::~TResourceArray()"
0xa369cc0,172,"TArray<TGPUSkinVertexFloat16Uvs<2u>, TMemoryImageAllocator<0u> >::ResizeShrink()"
0xa36a7b0,8,
0xa36a7b8,32,
0xa36a7fc,4,
0xa36a800,4,
0xa36a8c8,8,TSkeletalMeshVertexData<TGPUSkinVertexFloat16Uvs<3u> >::GetStride() const
0xa36a8d0,20,TSkeletalMeshVertexData<TGPUSkinVertexFloat16Uvs<3u> >::GetDataPointer()
0xa36a8f4,12,TSkeletalMeshVertexData<TGPUSkinVertexFloat16Uvs<3u> >::Serialize(FArchive&)
0xa36a90c,40,
0xa36aa50,132,"TArray<TGPUSkinVertexFloat16Uvs<3u>, TMemoryImageAllocator<0u> >::ResizeGrow(int)"
0xa36b4a0,340,
0xa36becc,908,"TEMPNAMEPLACEHOLDERVALUE(FArchive&, TGPUSkinVertexFloat16Uvs<4u>&)"
0xa36d4b8,8,TSkeletalMeshVertexData<TGPUSkinVertexFloat32Uvs<2u> >::GetStride() const
0xa36d4dc,8,TSkeletalMeshVertexData<TGPUSkinVertexFloat32Uvs<2u> >::GetResourceArray()
0xa36d4e4,12,TSkeletalMeshVertexData<TGPUSkinVertexFloat32Uvs<2u> >::Serialize(FArchive&)
0xa36d57c,8,"TResourceArray<TGPUSkinVertexFloat32Uvs<2u>, 0u>::IsStatic() const"
0xa36d598,8,"TResourceArray<TGPUSkinVertexFloat32Uvs<2u>, 0u>::~TResourceArray()"
0xa36d7a0,628,
0xa36f0e0,8,
0xa36f130,4,
0xa36f1f8,8,TSkeletalMeshVertexData<TGPUSkinVertexFloat32Uvs<4u> >::GetStride() const
0xa36f214,8,TSkeletalMeshVertexData<TGPUSkinVertexFloat32Uvs<4u> >::GetNumVertices()
0xa36f230,4,"TResourceArray<TGPUSkinVertexFloat32Uvs<4u>, 0u>::GetTypeLayout() const"
0xa370c70,32,
0xa370cd0,52,TStaticMeshVertexData<unsigned int>::~TStaticMeshVertexData()
0xa370e48,52,"FSkinWeightVertexData<TLegacySkinWeightInfo<true, unsigned short> >::~FSkinWeightVertexData()"
0xa37102c,16,"TResourceArray<TLegacySkinWeightInfo<true, unsigned short>, 0u>::GetResourceDataSize() const"
0xa371080,12,"TResourceArray<TLegacySkinWeightInfo<true, unsigned short>, 0u>::SetAllowCPUAccess(bool)"
0xa3713e8,88,
0xa371ea0,160,
0xa37245c,8,
0xa3724a8,4,
0xa3724b0,124,"TArray<TLegacySkinWeightInfo<true, unsigned char>, TMemoryImageAllocator<0u> >::ResizeTo(int)"
0xa372e0c,20,"TStaticMeshVertexData<TLegacySkinWeightInfo<false, unsigned short> >::~TStaticMeshVertexData()"
0xa372f10,28,
0xa372f58,12,
0xa373004,16,"TResourceArray<TLegacySkinWeightInfo<false, unsigned short>, 0u>::GetResourceDataSize() const"
0xa373058,12,"TResourceArray<TLegacySkinWeightInfo<false, unsigned short>, 0u>::SetAllowCPUAccess(bool)"
0xa3733c0,88,
0xa373aa0,1292,"TEMPNAMEPLACEHOLDERVALUE(FArchive&, TLegacySkinWeightInfo<false, unsigned short>&)"
0xa3769b8,20,TStaticMeshVertexData<TStaticMeshVertexTangentDatum<FPackedRGBA16N> >::GetDataPointer()
0xa3769e0,12,
0xa376a34,20,"TResourceArray<TStaticMeshVertexTangentDatum<FPackedRGBA16N>, 0u>::GetResourceData() const"
0xa376a90,8,"TResourceArray<TStaticMeshVertexTangentDatum<FPackedRGBA16N>, 0u>::GetAllowCPUAccess() const"
0xa376cac,340,
0xa377adc,124,
0xa3781ec,28,TStaticMeshVertexData<TStaticMeshVertexUVsDatum<FVector2DHalf> >::IsValidIndex(unsigned int)
0xa378234,12,"TStaticMeshVertexData<TStaticMeshVertexUVsDatum<FVector2DHalf> >::Serialize(FArchive&, bool)"
0xa3782e8,8,"TResourceArray<TStaticMeshVertexUVsDatum<FVector2DHalf>, 0u>::IsStatic() const"
0xa378304,372,"TResourceArray<TStaticMeshVertexUVsDatum<FVector2DHalf>, 0u>::StaticGetTypeLayout()"
0xa379ee4,168,"TArray<FReplayHelper::FPendingCheckPointActor, TSizedDefaultAllocator<32> >::ResizeGrow(int)"
0xa37a93c,476,
0xa37db70,440,UReplayNetConnection::StartRecording()
0xa37f83c,8,FReplicationChangelistMgr::~FReplicationChangelistMgr()
0xa37f84c,152,FReceivingRepState::FReceivingRepState(FRepStateStaticBuffer&&)
0xa380cf8,304,"FRepLayout::RebuildConditionalProperties(FSendingRepState*, FReplicationFlags const&) const"
0xa381b9c,40,
0xa382058,596,
0xa383808,40,
0xa384044,44,
0xa3840dc,36,
0xa384124,1264,
0xa3896a0,1000,
0xa38cd50,892,
0xa38e1f0,444,
0xa38f154,312,
0xa38fda8,600,FSendingRepState::FSendingRepState()
0xa39264c,44,
0xa3926c4,92,
0xa393130,44,
0xa3931a8,36,
0xa393448,556,FRepLayout::MoveMappedObjectToUnmappedForFastArray(FFastArrayDeltaSerializeParams&) const
0xa394ae8,120,
0xa395484,132,
0xa396788,132,
0xa39716c,2340,
0xa39afc0,36,
0xa39b02c,40,
0xa39b434,40,
0xa39b6d8,108,UReplaySubsystem::AddUserToReplay(FString const&)
0xa39b9fc,984,
0xa39f8e8,104,Scalability::GetScalabilityNameFromQualityLevel(int)
0xa39fe64,200,Scalability::OnChangeEffectsQuality(IConsoleVariable*)
0xa3a2750,560,Scalability::SaveState(FString const&)
0xa3a3b50,144,Scalability::FQualityLevels::GetSingleQualityLevel() const
0xa3a3be0,76,Scalability::FQualityLevels::GetMinQualityLevel() const
0xa3a3c2c,80,Scalability::FQualityLevels::SetViewDistanceQuality(int)
0xa3a3d6c,80,Scalability::FQualityLevels::SetTextureQuality(int)
0xa3a4118,4276,BuildPatchServices::RecordQualityLevelsAnalytics
0xa3bddd0,540,"FFinalPostProcessSettings::UpdateEntry(FFinalPostProcessSettings::FCubemapEntry const&, float)"
0xa3beb8c,1000,FSceneView::ConfigureBufferVisualizationSettings()
0xa3c065c,104,FWorldSceneViewExtension::IsActiveThisFrame_Internal(FSceneViewExtensionContext const&) const
0xa3c0a64,92,FSceneViewExtensions::GatherActiveExtensions(FViewport*) const
0xa3c10d8,76,TGlobalResource<FScreenVertexDeclaration>::~TGlobalResource()
0xa3c1124,4,"FScreenPS::InternalDestroy(void*, FTypeLayoutDesc const&, FPointerTableBase const*)"
0xa3c12d0,8,"TGetDefaultObjectHelper<FScreenPS, (ETypeLayoutInterface::Type)0>::Do()"
0xa3c12d8,28,FScreenPS::GetTypeLayout() const
0xa3c12f4,48,FScreenPS::ConstructSerializedInstance()
0xa3c1398,4,
0xa3c139c,8,FScreenPS::ShouldCompilePermutationImpl(FShaderPermutationParameters const&)
0xa3c13a4,4,
0xa3c1550,8,"TGetDefaultObjectHelper<FScreenPSRecoverDepth, (ETypeLayoutInterface::Type)0>::Do()"
0xa3c1558,28,FScreenPSRecoverDepth::GetTypeLayout() const
0xa3c1574,48,FScreenPSRecoverDepth::ConstructSerializedInstance()
0xa3c15a4,116,FScreenPSRecoverDepth::ConstructCompiledInstance(FShaderCompiledShaderInitializerType const&)
0xa3c1618,4,
0xa3c1624,4,"FScreenPSInvertAlpha::InternalDestroy(void*, FTypeLayoutDesc const&, FPointerTableBase const*)"
0xa3c17d0,8,"TGetDefaultObjectHelper<FScreenPSInvertAlpha, (ETypeLayoutInterface::Type)0>::Do()"
0xa3c17d8,28,FScreenPSInvertAlpha::GetTypeLayout() const
0xa3c17f4,48,FScreenPSInvertAlpha::ConstructSerializedInstance()
0xa3c1898,4,
0xa3c189c,8,FScreenPSInvertAlpha::ShouldCompilePermutationImpl(FShaderPermutationParameters const&)
0xa3c18a4,4,"FScreenPSsRGBSource::InternalDestroy(void*, FTypeLayoutDesc const&, FPointerTableBase const*)"
0xa3c1a50,8,"TGetDefaultObjectHelper<FScreenPSsRGBSource, (ETypeLayoutInterface::Type)0>::Do()"
0xa3c1a58,28,FScreenPSsRGBSource::GetTypeLayout() const
0xa3c1a74,48,FScreenPSsRGBSource::ConstructSerializedInstance()
0xa3c1aa4,116,FScreenPSsRGBSource::ConstructCompiledInstance(FShaderCompiledShaderInitializerType const&)
0xa3c1b28,492,FScreenPSMipLevel::StaticGetTypeLayout()
0xa3c2338,44,FScreenVS::ConstructSerializedInstance()
0xa3c2398,4,
0xa3c23a4,4,"FScreenPS_OSE::InternalDestroy(void*, FTypeLayoutDesc const&, FPointerTableBase const*)"
0xa3c2574,48,FScreenPS_OSE::ConstructSerializedInstance()
0xa3c2618,4,
0xa3c261c,8,FScreenPS_OSE::ShouldCompilePermutationImpl(FShaderPermutationParameters const&)
0xa3c2774,320,FPlatformInterfaceDelegate::ExecuteIfBound(FPlatformInterfaceDelegateResult const&) const
0xa3c2f08,312,UPlatformInterfaceBase::GetMicroTransactionInterfaceSingleton()
0xa3c3f68,20,UCloudStorageBase::GetNumCloudDocuments(bool)
0xa3c42c4,180,"UCloudStorageBase::ParseDocumentAsString(int, bool)"
0xa3c46a0,40,
0xa3c46c8,308,UCloudStorageBase::WriteCloudDocument(int)
0xa3c4af4,8,UCloudStorageBase::ResolveConflictWithVersionIndex(int)
0xa3c4b40,8,UMicroTransactionBase::QueryForAvailablePurchases()
0xa3c4b58,52,UTwitterIntegrationBase::UTwitterIntegrationBase(FObjectInitializer const&)
0xa3c4c24,16,UPlatformInterfaceWebResponse::GetNumHeaders()
0xa3c4ef0,72,UScriptViewportClient::UScriptViewportClient(FObjectInitializer const&)
0xa3c4f38,100,USCS_Node::USCS_Node(FObjectInitializer const&)
0xa3c5248,1304,
0xa3c8bbc,1120,FShaderCompileJobCollection::RemoveAllPendingJobsWithId(unsigned int)
0xa3cb48c,124,SCWErrorCode::HandleBadInputVersion(char16_t const*)
0xa3cb584,124,SCWErrorCode::HandleBadPipelineJobHeader(char16_t const*)
0xa3cb6f8,124,SCWErrorCode::HandleNoTargetShaderFormatsFound(char16_t const*)
0xa3cba38,16,FShaderCommonCompileJob::GetSingleShaderJob()
0xa3ccd50,316,
0xa3ce95c,840,
0xa3cfa38,36,FShaderCompileThreadRunnable::~FShaderCompileThreadRunnable()
0xa3cfb14,60,
0xa3d04c0,44,
0xa3d0a88,48,
0xa3d0f88,444,
0xa3d2828,60,
0xa3d2864,60,
0xa3d28a0,64,
0xa3d28e0,224,FShaderCompileUtilities::CreateFileHelper(FString const&)
0xa3d2d2c,368,FShaderCompileThreadRunnable::CompilingLoop()
0xa3d3670,132,FShaderCompilingManager::AllTargetPlatformSupportsRemoteShaderCompiling()
0xa3d36f4,460,FShaderCompilingManager::FindRemoteCompilerController() const
0xa3d46b8,12,FShaderCompilingManager::GetNumOutstandingJobs() const
0xa3d46c4,36,FShaderCompilingManager::GetDumpShaderDebugInfo() const
0xa3d4a70,216,FShaderCompilingManager::ReleaseJob(TRefCountPtr<FShaderCommonCompileJob>&)
0xa3d5cc8,236,FShaderMapCompileResults::CheckIfHung()
0xa3d7228,528,
0xa3d75a4,44,
0xa3d78ec,44,
0xa3d7918,1924,
0xa3dfa70,2128,RecompileShadersForRemote
0xa3eda50,200,
0xa3ee090,200,
0xa3ee798,200,
0xa3eef68,200,
0xa3ef738,200,
0xa3eff08,200,
0xa3f06d8,200,
0xa3f0ea8,200,
0xa3f14e8,200,
0xa3f1cb8,200,
0xa3f2618,200,
0xa3f2c5c,200,
0xa3f342c,200,
0xa3f3cc4,200,
0xa3f4494,200,
0xa3f4c64,200,
0xa3f5434,200,
0xa3f5c04,200,
0xa3f63d4,200,
0xa3f6ba4,200,
0xa3f743c,200,ViewUniform成员注册: AzureIndirectCharacterLightingColorScale @0x9e0
0xa3f7cd4,200,
0xa3f84a4,200,
0xa3f8d3c,200,
0xa3f9764,200,
0xa3f9ffc,200,
0xa3fa704,200,
0xa3fb064,200,
0xa3fb76c,200,
0xa3fc328,200,
0xa3fca28,8,
0xa3fcbc0,200,
0xa3fd3b8,792,
0xa3ffd40,168,
0xa3fffcc,44,"TInlineAllocator<128u, TSizedDefaultAllocator<32> >::ForElementType<char>::~ForElementType()"
0xa400a08,564,
0xa401ee4,456,
0xa402dcc,660,
0xa404cb4,12,
0xa404cc0,72,
0xa404f00,96,TGlobalResource<FDefaultMobileReflectionCaptureUniformBuffer>::~TGlobalResource()
0xa405598,124,
0xa405778,140,"TArray<FPlatformInterfaceDelegate, TSizedDefaultAllocator<32> >::ResizeForCopy(int, int)"
0xa405dd4,472,
0xa4075fc,144,"TArray<FShaderCompileWorkerInfo*, TSizedDefaultAllocator<32> >::ResizeGrow(int)"
0xa4080fc,344,
0xa409350,688,
0xa40b198,12644,INIT_954: 渲染器CVar批量注册(含r.AzureClipProjectionMatrix)
0xa83c83c,4,EmptyLinkFunctionForGeneratedCodeMaterialExpressionDDX()
0xa83c900,188,UMaterialExpressionDDX::StaticClass()
0xa83d1f4,12,void InternalConstructor<UMaterialExpressionDecalDerivative>(FObjectInitializer const&)
0xa83d200,8,UObject* InternalVTableHelperCtorCaller<UMaterialExpressionDecalDerivative>(FVTableHelper&)
0xa83d3b8,188,UMaterialExpressionDecalLifetimeOpacity::StaticClass()
0xa83dc9c,12,void InternalConstructor<UMaterialExpressionDeltaTime>(FObjectInitializer const&)
0xa83dd6c,48,UMaterialExpressionDeltaTime::UMaterialExpressionDeltaTime(FVTableHelper&)
0xa83e030,8,UObject* InternalVTableHelperCtorCaller<UMaterialExpressionDepthFade>(FVTableHelper&)
0xa83e0f4,68,UMaterialExpressionDepthFade::UMaterialExpressionDepthFade(FVTableHelper&)
0xa83e4b8,12,void InternalConstructor<UMaterialExpressionDepthOfFieldFunction>(FObjectInitializer const&)
0xa83e5c8,4,EmptyLinkFunctionForGeneratedCodeMaterialExpressionDeriveNormalZ()
0xa83e68c,188,UMaterialExpressionDeriveNormalZ::StaticClass()
0xa83ef84,12,void InternalConstructor<UMaterialExpressionDistance>(FObjectInitializer const&)
0xa83ef90,8,UObject* InternalVTableHelperCtorCaller<UMaterialExpressionDistance>(FVTableHelper&)
0xa83f09c,4,
0xa83f15c,188,UMaterialExpressionDistanceCullFade::StaticClass()
0xa83fb58,4,
0xa83fb5c,188,Z_Construct_UClass_UMaterialExpressionDistanceToNearestSurface_NoRegister()
0xa840510,12,void InternalConstructor<UMaterialExpressionDotProduct>(FObjectInitializer const&)
0xa840628,4,
0xa84062c,188,Z_Construct_UClass_UMaterialExpressionDynamicParameter_NoRegister()
0xa840fc0,12,void InternalConstructor<UMaterialExpressionFeatureLevelSwitch>(FObjectInitializer const&)
0xa841090,64,UMaterialExpressionFeatureLevelSwitch::UMaterialExpressionFeatureLevelSwitch(FVTableHelper&)
0xa8413dc,188,UClass* StaticClass<UMaterialExpressionFloor>()
0xa841e90,8,
0xa841f9c,188,Z_Construct_UClass_UMaterialExpressionFrac_NoRegister()
0xa8427e0,4,UMaterialExpressionFunctionInput::StaticRegisterNativesUMaterialExpressionFunctionInput()
0xa84295c,16,
0xa84297c,76,Z_Construct_UClass_UMaterialExpressionFunctionInput()
0xa842e58,8,UObject* InternalVTableHelperCtorCaller<UMaterialExpressionFunctionOutput>(FVTableHelper&)
0xa842f74,4,EmptyLinkFunctionForGeneratedCodeMaterialExpressionGetMaterialAttributes()
0xa843038,188,UMaterialExpressionGetMaterialAttributes::StaticClass()
0xa843a18,48,UMaterialExpressionHairAttributes::UMaterialExpressionHairAttributes(FVTableHelper&)
0xa843cdc,8,UObject* InternalVTableHelperCtorCaller<UMaterialExpressionHairColor>(FVTableHelper&)
0xa843eb0,188,UMaterialExpressionIf::StaticClass()
0xa8448d4,4,EmptyLinkFunctionForGeneratedCodeMaterialExpressionLightmassReplace()
0xa844a54,76,Z_Construct_UClass_UMaterialExpressionLightmassReplace()
0xa844d34,188,UMaterialExpressionLightVector::StaticClass()
0xa8456f4,64,UMaterialExpressionLogarithm10::UMaterialExpressionLogarithm10(FVTableHelper&)
0xa845ba4,12,TClassCompiledInDefer<UMaterialExpressionConstant4Vector>::ClassPackage() const
0xa845d40,188,TClassCompiledInDefer<UMaterialExpressionCrossProduct>::Register() const
0xa8461e0,44,"UScriptStruct::TCppStructOps<FCustomOutput>::Copy(void*, void const*, int)"
0xa84632c,8,UScriptStruct::TCppStructOps<FCustomInput>::HasNetSharedSerialization()
0xa8463bc,8,UScriptStruct::TCppStructOps<FCustomInput>::HasImportTextItem()
0xa846430,8,UScriptStruct::TCppStructOps<FCustomInput>::IsAbstract() const
0xa8465d0,188,TClassCompiledInDefer<UMaterialExpressionDDX>::Register() const
0xa846ff8,188,TClassCompiledInDefer<UMaterialExpressionDistanceFieldsRenderingSwitch>::Register() const
0xa847bb0,188,TClassCompiledInDefer<UMaterialExpressionGetMaterialAttributes>::Register() const
0xa84a0d0,8,UObject* InternalVTableHelperCtorCaller<UMaterialExpressionLogarithm2>(FVTableHelper&)
0xa84a1d8,4,
0xa84a3a0,188,UMaterialExpressionMakeMaterialAttributes::GetPrivateStaticClass()
0xa84acd8,188,UClass* StaticClass<UMaterialExpressionMaterialAttributeLayers>()
0xa84b900,188,UMaterialExpressionMaterialProxyReplace::GetPrivateStaticClass()
0xa84c1c4,68,UMaterialExpressionMin::UMaterialExpressionMin(FVTableHelper&)
0xa84c560,68,UMaterialExpressionMultiply::UMaterialExpressionMultiply(FVTableHelper&)
0xa84c890,8,UObject* InternalVTableHelperCtorCaller<UMaterialExpressionNamedRerouteBase>(FVTableHelper&)
0xa84c958,192,UClass* StaticClass<UMaterialExpressionNamedRerouteBase>()
0xa84d298,188,Z_Construct_UClass_UMaterialExpressionNoise_NoRegister()
0xa84dc80,188,UClass* StaticClass<UMaterialExpressionObjectBounds>()
0xa84e718,188,UClass* StaticClass<UMaterialExpressionObjectRadius>()
0xa84ef50,4,UMaterialExpressionParameter::StaticRegisterNativesUMaterialExpressionParameter()
0xa84f118,188,UMaterialExpressionParameter::GetPrivateStaticClass()
0xa84fb74,76,Z_Construct_UClass_UMaterialExpressionParticleMacroUV()
0xa850010,8,
0xa850018,188,UClass* StaticClass<UMaterialExpressionParticleMotionBlurFade>()
0xa8507e4,48,UMaterialExpressionParticleRadius::UMaterialExpressionParticleRadius(FVTableHelper&)
0xa850b9c,4,EmptyLinkFunctionForGeneratedCodeMaterialExpressionParticleRelativeTime()
0xa850ba4,188,Z_Construct_UClass_UMaterialExpressionParticleRelativeTime_NoRegister()
0xa851534,12,void InternalConstructor<UMaterialExpressionParticleSpeed>(FObjectInitializer const&)
0xa8517b4,16,Z_Construct_UClass_UMaterialExpressionParticleSubUV_Statics::NewProp_bBlend_SetBit(void*)
0xa8518d8,8,UObject* InternalVTableHelperCtorCaller<UMaterialExpressionParticleSubUV>(FVTableHelper&)
0xa8519a0,48,UMaterialExpressionParticleSubUV::UMaterialExpressionParticleSubUV(FVTableHelper&)
0xa851b9c,188,UMaterialExpressionParticleSubUVProperties::GetPrivateStaticClass()
0xa852700,12,void InternalConstructor<UMaterialExpressionPerInstanceRandom>(FObjectInitializer const&)
0xa852714,188,UClass* StaticClass<UMaterialExpressionPerInstanceRandom>()
0xa8531a4,8,UObject* InternalVTableHelperCtorCaller<UMaterialExpressionPower>(FVTableHelper&)
0xa8532ac,4,EmptyLinkFunctionForGeneratedCodeMaterialExpressionPrecomputedAOMask()
0xa8532b0,4,
0xa853534,12,void InternalConstructor<UMaterialExpressionPrecomputedAOMask>(FObjectInitializer const&)
0xa853634,4,EmptyLinkFunctionForGeneratedCodeMaterialExpressionPreSkinnedLocalBounds()
0xa853638,4,
0xa8537b4,76,Z_Construct_UClass_UMaterialExpressionPreSkinnedLocalBounds()
0xa8539c4,188,Z_Construct_UClass_UMaterialExpressionPreSkinnedNormal_NoRegister()
0xa8540d4,188,Z_Construct_UClass_UMaterialExpressionPreviousFrameSwitch_NoRegister()
0xa854ab0,12,
0xa854bc8,4,
0xa854d90,188,UMaterialExpressionReflectionCapturePassSwitch::GetPrivateStaticClass()
0xa855768,192,UMaterialExpressionRerouteBase::GetPrivateStaticClass()
0xa855ffc,68,UMaterialExpressionRotator::UMaterialExpressionRotator(FVTableHelper&)
0xa856384,4,UScriptStruct::TCppStructOps<FFunctionExpressionOutput>::~TCppStructOps()
0xa8563c4,8,UScriptStruct::TCppStructOps<FFunctionExpressionOutput>::HasSerializer()
0xa8563dc,8,
0xa856410,8,
0xa856478,8,UScriptStruct::TCppStructOps<FFunctionExpressionOutput>::HasExportTextItem()
0xa8564ac,8,UScriptStruct::TCppStructOps<FFunctionExpressionOutput>::HasSerializeFromMismatchedTag()
0xa8564f4,8,UScriptStruct::TCppStructOps<FFunctionExpressionOutput>::GetComputedPropertyFlags() const
0xa8564fc,8,UScriptStruct::TCppStructOps<FFunctionExpressionOutput>::IsAbstract() const
0xa85654c,4,UScriptStruct::TCppStructOps<FFunctionExpressionInput>::Destruct(void*)
0xa8565a4,8,UScriptStruct::TCppStructOps<FFunctionExpressionInput>::HasPostScriptConstruct()
0xa856600,12,
0xa856764,188,TClassCompiledInDefer<UMaterialExpressionMaterialLayerOutput>::Register() const
0xa857320,188,TClassCompiledInDefer<UMaterialExpressionPanner>::Register() const
0xa857d3c,12,TClassCompiledInDefer<UMaterialExpressionParticleSubUV>::ClassPackage() const
0xa857ed8,188,TClassCompiledInDefer<UMaterialExpressionPerInstanceFadeAmount>::Register() const
0xa858838,188,TClassCompiledInDefer<UMaterialExpressionReflectionCapturePassSwitch>::Register() const
0xa85ac40,188,UMaterialExpressionRuntimeVirtualTextureOutput::StaticClass()
0xa85b474,12,Get_Z_Construct_UEnum_Engine_ERuntimeVirtualTextureMipValueMode_Hash()
0xa85b480,76,Z_Construct_UEnum_Engine_ERuntimeVirtualTextureMipValueMode()
0xa85b890,4,EmptyLinkFunctionForGeneratedCodeMaterialExpressionRuntimeVirtualTextureSampleParameter()
0xa85b954,188,UMaterialExpressionRuntimeVirtualTextureSampleParameter::StaticClass()
0xa85c274,8,
0xa85c37c,188,Z_Construct_UClass_UMaterialExpressionSamplePhysicsIntegerField_NoRegister()
0xa85cc7c,12,void InternalConstructor<UMaterialExpressionScalarParameter>(FObjectInitializer const&)
0xa85cd80,4,EmptyLinkFunctionForGeneratedCodeMaterialExpressionSceneColor()
0xa85cdd4,80,
0xa85d114,188,UClass* StaticClass<UMaterialExpressionSceneColor>()
0xa85d904,76,
0xa85dcd8,4,EmptyLinkFunctionForGeneratedCodeMaterialExpressionSceneTexture()
0xa85dce0,188,Z_Construct_UClass_UMaterialExpressionSceneTexture_NoRegister()
0xa85e68c,12,void InternalConstructor<UMaterialExpressionSetMaterialAttributes>(FObjectInitializer const&)
0xa85e6a0,188,UClass* StaticClass<UMaterialExpressionSetMaterialAttributes>()
0xa85f14c,12,void InternalConstructor<UMaterialExpressionShadingPathSwitch>(FObjectInitializer const&)
0xa85f26c,4,EmptyLinkFunctionForGeneratedCodeMaterialExpressionShadowReplace()
0xa85f274,188,Z_Construct_UClass_UMaterialExpressionShadowReplace_NoRegister()
0xa85fa64,188,UMaterialExpressionSine::StaticClass()
0xa860374,8,
0xa8605e8,76,Z_Construct_UClass_UMaterialExpressionSkyAtmosphereLightDirection()
0xa8607f4,4,
0xa8608b4,188,UMaterialExpressionSkyAtmosphereLightIlluminance::StaticClass()
0xa86125c,64,
0xa861520,12,
0xa861620,4,EmptyLinkFunctionForGeneratedCodeMaterialExpressionSkyAtmosphereViewLuminance()
0xa8617ec,188,UMaterialExpressionSkyAtmosphereViewLuminance::GetPrivateStaticClass()
0xa861fe8,188,UClass* StaticClass<UMaterialExpressionSobol>()
0xa86297c,76,Z_Construct_UClass_UMaterialExpressionSphereMask()
0xa862d24,76,Z_Construct_UClass_UMaterialExpressionSphericalParticleOpacity()
0xa862f44,188,Z_Construct_UClass_UMaterialExpressionSquareRoot_NoRegister()
0xa863904,12,void InternalConstructor<UMaterialExpressionStaticBoolParameter>(FObjectInitializer const&)
0xa863a04,4,EmptyLinkFunctionForGeneratedCodeMaterialExpressionStaticComponentMaskParameter()
0xa863b94,16,
0xa863bc4,76,Z_Construct_UClass_UMaterialExpressionStaticComponentMaskParameter()
0xa863fa8,188,UMaterialExpressionStaticSwitch::GetPrivateStaticClass()
0xa8648ac,188,Z_Construct_UClass_UMaterialExpressionSubtract_NoRegister()
0xa865260,12,void InternalConstructor<UMaterialExpressionTangentOutput>(FObjectInitializer const&)
0xa865374,4,UMaterialExpressionTemporalSobol::StaticRegisterNativesUMaterialExpressionTemporalSobol()
0xa86553c,188,UMaterialExpressionTemporalSobol::GetPrivateStaticClass()
0xa865fbc,12,TClassCompiledInDefer<UMaterialExpressionSceneColor>::ClassPackage() const
0xa866084,12,TClassCompiledInDefer<UMaterialExpressionSceneDepth>::ClassPackage() const
0xa866090,188,TClassCompiledInDefer<UMaterialExpressionSceneDepthWithoutWater>::Register() const
0xa866928,188,TClassCompiledInDefer<UMaterialExpressionSingleLayerWaterMaterialOutput>::Register() const
0xa8671b4,12,TClassCompiledInDefer<UMaterialExpressionSpeedTree>::ClassPackage() const
0xa867288,188,TClassCompiledInDefer<UMaterialExpressionSphericalParticleOpacity>::Register() const
0xa867b20,188,TClassCompiledInDefer<UMaterialExpressionTemporalSobol>::Register() const
0xa869b1c,188,Z_Construct_UClass_UMaterialExpressionTextureObject_NoRegister()
0xa86a398,4,EmptyLinkFunctionForGeneratedCodeMaterialExpressionTextureProperty()
0xa86a43c,12,Get_Z_Construct_UEnum_Engine_EMaterialExposedTextureProperty_Hash()
0xa86a494,4,UMaterialExpressionTextureProperty::StaticRegisterNativesUMaterialExpressionTextureProperty()
0xa86a498,188,Z_Construct_UClass_UMaterialExpressionTextureProperty_NoRegister()
0xa86ac00,192,Z_Construct_UClass_UMaterialExpressionTextureSampleParameter_NoRegister()
0xa86b3d0,8,
0xa86b4e8,188,Z_Construct_UClass_UMaterialExpressionTextureSampleParameterCube_NoRegister()
0xa86bc30,4,
0xa86bdf8,188,UMaterialExpressionTextureSampleParameterVolume::GetPrivateStaticClass()
0xa86c508,76,Z_Construct_UClass_UMaterialExpressionTime()
0xa86c85c,80,
0xa86cb9c,188,UClass* StaticClass<UMaterialExpressionTransform>()
0xa86d4c0,4,EmptyLinkFunctionForGeneratedCodeMaterialExpressionTwoSidedSign()
0xa86d584,188,UMaterialExpressionTwoSidedSign::StaticClass()
0xa86dec0,12,void InternalConstructor<UMaterialExpressionVectorParameter>(FObjectInitializer const&)
0xa86df90,52,UMaterialExpressionVectorParameter::UMaterialExpressionVectorParameter(FVTableHelper&)
0xa86e258,8,UObject* InternalVTableHelperCtorCaller<UMaterialExpressionVertexColor>(FVTableHelper&)
0xa86e350,4,
0xa86e410,188,UMaterialExpressionVertexInterpolator::StaticClass()
0xa86ecf4,12,void InternalConstructor<UMaterialExpressionVertexTangentWS>(FObjectInitializer const&)
0xa86edc4,48,UMaterialExpressionVertexTangentWS::UMaterialExpressionVertexTangentWS(FVTableHelper&)
0xa86f06c,76,Z_Construct_UClass_UMaterialExpressionViewProperty()
0xa86f278,4,UMaterialExpressionViewSize::StaticRegisterNativesUMaterialExpressionViewSize()
0xa86f4fc,12,void InternalConstructor<UMaterialExpressionViewSize>(FObjectInitializer const&)
0xa86f508,8,UObject* InternalVTableHelperCtorCaller<UMaterialExpressionViewSize>(FVTableHelper&)
0xa86f5fc,4,EmptyLinkFunctionForGeneratedCodeMaterialExpressionVirtualTextureFeatureSwitch()
0xa86f77c,76,Z_Construct_UClass_UMaterialExpressionVirtualTextureFeatureSwitch()
0xa86f998,4,EmptyLinkFunctionForGeneratedCodeMaterialExpressionVolumetricAdvancedMaterialInput()
0xa86fa5c,188,UMaterialExpressionVolumetricAdvancedMaterialInput::StaticClass()
0xa870210,188,Z_Construct_UClass_UMaterialExpressionWorldPosition_NoRegister()
0xa870a84,4,EmptyLinkFunctionForGeneratedCodeMaterialFunctionInstance()
0xa870a8c,188,Z_Construct_UClass_UMaterialFunctionInstance_NoRegister()
0xa871164,184,UMaterialFunctionInterface::GetPrivateStaticClass()
0xa871ae4,188,UMaterialFunctionMaterialLayerBlend::StaticClass()
0xa8722bc,92,UScriptStruct* StaticStruct<FRuntimeVirtualTextureParameterValue>()
0xa872744,52,Z_Construct_UScriptStruct_FScalarParameterAtlasInstanceData_Statics::NewStructOps()
0xa872a48,192,UClass* StaticClass<UMaterialInstance>()
0xa873388,12,TClassCompiledInDefer<UMaterialExpressionTextureSampleParameter2DArray>::ClassPackage() const
0xa87345c,188,TClassCompiledInDefer<UMaterialExpressionTextureSampleParameterSubUV>::Register() const
0xa873cf4,188,TClassCompiledInDefer<UMaterialExpressionVertexInterpolator>::Register() const
0xa874580,12,TClassCompiledInDefer<UMaterialFunctionInstance>::ClassPackage() const
0xa874644,12,TClassCompiledInDefer<UMaterialFunctionInterface>::ClassPackage() const
0xa874650,188,TClassCompiledInDefer<UMaterialFunctionMaterialLayer>::Register() const
0xa874b90,4,UScriptStruct::TCppStructOps<FRuntimeVirtualTextureParameterValue>::Destruct(void*)
0xa874bc0,8,UScriptStruct::TCppStructOps<FRuntimeVirtualTextureParameterValue>::HasNetSerializer()
0xa874be8,8,UScriptStruct::TCppStructOps<FRuntimeVirtualTextureParameterValue>::HasPostScriptConstruct()
0xa874c4c,8,
0xa874d3c,8,UScriptStruct::TCppStructOps<FTextureParameterValue>::HasSerializer()
0xa874d88,8,
0xa874e20,8,UScriptStruct::TCppStructOps<FTextureParameterValue>::HasSerializeFromMismatchedTag()
0xa874e68,8,UScriptStruct::TCppStructOps<FTextureParameterValue>::GetComputedPropertyFlags() const
0xa874ee0,8,UScriptStruct::TCppStructOps<FVectorParameterValue>::HasDestructor()
0xa874f14,4,"UScriptStruct::TCppStructOps<FVectorParameterValue>::PostSerialize(FArchive const&, void*)"
0xa874fc8,8,UScriptStruct::TCppStructOps<FVectorParameterValue>::HasAddStructReferencedObjects()
0xa87502c,8,UScriptStruct::TCppStructOps<FVectorParameterValue>::IsAbstract() const
0xa8750c0,8,"UScriptStruct::TCppStructOps<FScalarParameterValue>::Serialize(FStructuredArchiveSlot, void*)"
0xa8750fc,8,UScriptStruct::TCppStructOps<FScalarParameterValue>::HasPostScriptConstruct()
0xa875164,8,
0xa8751f8,8,UScriptStruct::TCppStructOps<FScalarParameterAtlasInstanceData>::HasZeroConstructor()
0xa8752ec,4,
0xa875484,8,UScriptStruct::TCppStructOps<FScalarParameterAtlasInstanceData>::HasExportTextItem()
0xa8754d8,8,UScriptStruct::TCppStructOps<FScalarParameterAtlasInstanceData>::HasGetTypeHash()
0xa8755d4,12,TClassCompiledInDefer<UMaterialInstance>::ClassPackage() const
0xa876fa0,192,UClass* StaticClass<AMaterialInstanceActor>()
0xa877364,184,"UMaterialInstanceConstant::execK2_GetTextureParameterValue(UObject*, FFrame&, void*)"
0xa877ccc,212,"UMaterialInstanceDynamic::execK2_GetVectorParameterValueByInfo(UObject*, FFrame&, void*) | UMaterialInstanceDynamic::execK2_GetVectorParameterValueByInfo BP thunk"
0xa878578,264,"UMaterialInstanceDynamic::execSetScalarParameterValueByInfo(UObject*, FFrame&, void*) | UMaterialInstanceDynamic::execSetScalarParameterValueByInfo BP thunk"
0xa878d90,76,Z_Construct_UFunction_UMaterialInstanceDynamic_SetScalarParameterValueByInfo()
0xa879084,12,void InternalConstructor<UMaterialInstanceDynamic>(FObjectInitializer const&)
0xa879258,12,Get_Z_Construct_UEnum_Engine_EMaterialUsage_Hash()
0xa879264,76,Z_Construct_UEnum_Engine_EMaterialUsage()
0xa8794a8,92,UScriptStruct* StaticStruct<FLightmassMaterialInterfaceSettings>()
0xa879ca0,76,Z_Construct_UFunction_UMaterialInterface_GetPhysicalMaterialMask()
0xa879f48,4,EmptyLinkFunctionForGeneratedCodeMaterialLayersFunctions()
0xa879f4c,80,UEnum* StaticEnum<EMaterialLayerLinkState>()
0xa87a198,12,Get_Z_Construct_UScriptStruct_FMaterialLayersFunctions_Hash()
0xa87a234,92,FMaterialParameterInfo::StaticStruct()
0xa87a4d4,76,Z_Construct_UEnum_Engine_ETextureSizingType()
0xa87a774,76,Z_Construct_UScriptStruct_FCollectionVectorParameter()
0xa87aae8,180,Z_Construct_UClass_UMaterialParameterCollection_NoRegister()
0xa87b2e4,12,Get_Z_Construct_UEnum_Engine_ESceneTextureId_Hash()
0xa87b2f0,76,Z_Construct_UEnum_Engine_ESceneTextureId()
0xa87b53c,92,UScriptStruct* StaticStruct<FInterpGroupActorInfo>()
0xa87ba90,28,"AMatineeActor::execPlay(UObject*, FFrame&, void*)"
0xa87bd18,76,Z_Construct_UFunction_AMatineeActor_Pause()
0xa87be60,76,Z_Construct_UFunction_AMatineeActor_SetPosition()
0xa87c038,16,Z_Construct_UClass_AMatineeActor_Statics::NewProp_bSkipUpdateIfNotVisible_SetBit(void*)
0xa87c098,16,Z_Construct_UClass_AMatineeActor_Statics::NewProp_bShouldShowGore_SetBit(void*)
0xa87c1a8,12,void InternalConstructor<AMatineeActor>(FObjectInitializer const&)
0xa87c678,12,TClassCompiledInDefer<AMaterialInstanceActor>::ClassPackage() const
0xa87c688,8,UScriptStruct::TCppStructOps<FMaterialInstanceBasePropertyOverrides>::HasNoopConstructor()
0xa87c6a0,8,UScriptStruct::TCppStructOps<FMaterialInstanceBasePropertyOverrides>::ConstructForTests(void*)
0xa87c71c,8,UScriptStruct::TCppStructOps<FMaterialInstanceBasePropertyOverrides>::HasCopy()
0xa87c764,8,UScriptStruct::TCppStructOps<FMaterialInstanceBasePropertyOverrides>::HasExportTextItem()
0xa87c798,8,
0xa87c7b0,8,
0xa87c7f0,4,
0xa87c990,8,UScriptStruct::TCppStructOps<FMaterialTextureInfo>::HasZeroConstructor()
0xa87c9d4,8,UScriptStruct::TCppStructOps<FMaterialTextureInfo>::HasStructuredSerializer()
0xa87c9f8,8,UScriptStruct::TCppStructOps<FMaterialTextureInfo>::HasNetSerializer()
0xa87ca20,8,UScriptStruct::TCppStructOps<FMaterialTextureInfo>::HasPostScriptConstruct()
0xa87ca70,12,
0xa87caa4,12,UScriptStruct::TCppStructOps<FMaterialTextureInfo>::AddStructReferencedObjects()
0xa87cb18,8,UScriptStruct::TCppStructOps<FLightmassMaterialInterfaceSettings>::HasZeroConstructor()
0xa87cb7c,8,"UScriptStruct::TCppStructOps<FLightmassMaterialInterfaceSettings>::Serialize(FArchive&, void*)"
0xa87cbb0,8,UScriptStruct::TCppStructOps<FLightmassMaterialInterfaceSettings>::HasNetDeltaSerializer()
0xa87cbd4,8,UScriptStruct::TCppStructOps<FLightmassMaterialInterfaceSettings>::HasCopy()
0xa87cc24,8,
0xa87cc78,32,
0xa87ce84,8,UScriptStruct::TCppStructOps<FMaterialLayersFunctions>::HasDestructor()
0xa87cf10,8,"UScriptStruct::TCppStructOps<FMaterialLayersFunctions>::PostSerialize(FArchive const&, void*)"
0xa87cfac,8,UScriptStruct::TCppStructOps<FMaterialLayersFunctions>::HasIdentical()
0xa87cfd8,8,
0xa87d00c,8,
0xa87d054,8,UScriptStruct::TCppStructOps<FMaterialParameterInfo>::HasNoopConstructor()
0xa87d0b0,8,UScriptStruct::TCppStructOps<FMaterialParameterInfo>::HasStructuredSerializer()
0xa87d0e4,8,
0xa87d178,8,UScriptStruct::TCppStructOps<FMaterialParameterInfo>::HasAddStructReferencedObjects()
0xa87d1a4,8,
0xa87d2f4,8,UScriptStruct::TCppStructOps<FMaterialProxySettings>::HasZeroConstructor()
0xa87d3a8,8,UScriptStruct::TCppStructOps<FMaterialProxySettings>::HasSerializer()
0xa87d3f4,8,
0xa87d540,8,UScriptStruct::TCppStructOps<FMaterialProxySettings>::HasAddStructReferencedObjects()
0xa87d564,8,
0xa87d5bc,8,UScriptStruct::TCppStructOps<FCollectionVectorParameter>::HasZeroConstructor()
0xa87d6d8,8,UScriptStruct::TCppStructOps<FCollectionVectorParameter>::HasSerializer()
0xa87d714,8,
0xa87d780,12,
0xa87d7d0,8,
0xa87d820,8,UScriptStruct::TCppStructOps<FCollectionScalarParameter>::HasNoopConstructor()
0xa87d954,8,
0xa87d980,8,UScriptStruct::TCppStructOps<FCollectionScalarParameter>::HasNetDeltaSerializer()
0xa87d9fc,8,
0xa87dac4,8,UScriptStruct::TCppStructOps<FCollectionParameterBase>::HasStructuredSerializer()
0xa87daf0,8,UScriptStruct::TCppStructOps<FCollectionParameterBase>::HasNetSharedSerialization()
0xa87db24,8,UScriptStruct::TCppStructOps<FCollectionParameterBase>::HasCopy()
0xa87db84,8,
0xa87dd7c,4,UScriptStruct::TCppStructOps<FInterpGroupActorInfo>::~TCppStructOps()
0xa87de34,8,UScriptStruct::TCppStructOps<FInterpGroupActorInfo>::HasPostScriptConstruct()
0xa87df14,8,UScriptStruct::TCppStructOps<FInterpGroupActorInfo>::HasExportTextItem()
0xa87df34,8,UScriptStruct::TCppStructOps<FInterpGroupActorInfo>::HasAddStructReferencedObjects()
0xa87df68,8,UScriptStruct::TCppStructOps<FInterpGroupActorInfo>::HasGetTypeHash()
0xa87dfa4,4,UScriptStruct::TCppStructOps<FCameraCutInfo>::~TCppStructOps()
0xa87e03c,8,UScriptStruct::TCppStructOps<FCameraCutInfo>::HasCopy()
0xa87e094,8,
0xa87e108,4,
0xa87e1d8,2916,
0xa890080,8,
0xa8900ec,8,
0xa890128,8,
0xa890178,8,UScriptStruct::TCppStructOps<FPacketSimulationSettings>::HasNoopConstructor()
0xa8901c4,8,UScriptStruct::TCppStructOps<FPacketSimulationSettings>::HasStructuredSerializer()
0xa8901f0,8,UScriptStruct::TCppStructOps<FPacketSimulationSettings>::HasNetSharedSerialization()
0xa89021c,8,UScriptStruct::TCppStructOps<FPacketSimulationSettings>::IsPlainOldData()
0xa8902a0,12,UScriptStruct::TCppStructOps<FPacketSimulationSettings>::AddStructReferencedObjects()
0xa891858,76,Z_Construct_UFunction_UNetPushModelHelpers_MarkPropertyDirtyFromRepIndex()
0xa891a1c,56,void InternalConstructor<UNetPushModelHelpers>(FObjectInitializer const&)
0xa891b48,4,EmptyLinkFunctionForGeneratedCodeNetSerialization()
0xa891b4c,80,UEnum* StaticEnum<EFastArraySerializerDeltaFlags>()
0xa891e3c,92,UScriptStruct* StaticStruct<FVector_NetQuantize100>()
0xa892208,92,UScriptStruct* StaticStruct<FFastArraySerializer>()
0xa892684,192,UClass* StaticClass<UNetworkPredictionInterface>()
0xa892c88,180,Z_Construct_UClass_UNodeMappingContainer_NoRegister()
0xa8931ac,4,UNodeMappingProviderInterface::StaticRegisterNativesUNodeMappingProviderInterface()
0xa89337c,192,UNodeMappingProviderInterface::GetPrivateStaticClass()
0xa893a54,12,Z_Construct_UClass_UObjectLibrary_Statics::NewProp_bUseWeakReferences_SetBit(void*)
0xa893b6c,12,void InternalConstructor<UObjectLibrary>(FObjectInitializer const&)
0xa893d50,180,UObjectReferencer::StaticClass()
0xa8943b8,4,EmptyLinkFunctionForGeneratedCodeOnlineBlueprintCallProxyBase()
0xa894408,4,UOnlineBlueprintCallProxyBase::StaticRegisterNativesUOnlineBlueprintCallProxyBase()
0xa8944c8,76,Z_Construct_UClass_UOnlineBlueprintCallProxyBase()
0xa8947d8,180,UOnlineEngineInterface::GetPrivateStaticClass()
0xa895014,12,void InternalConstructor<UPackageMapClient>(FObjectInitializer const&)
0xa895028,192,UClass* StaticClass<UPackageMapClient>()
0xa8957c0,76,Z_Construct_UEnum_Engine_EParticleSubUVInterpMethod()
0xa895b04,184,UParticleEmitter::StaticClass()
0xa8963d0,76,Z_Construct_UEnum_Engine_EParticleSystemInsignificanceReaction()
0xa89675c,76,Z_Construct_UClass_UParticleLODLevel()
0xa896b64,92,FParticleRandomSeedInfo::StaticStruct()
0xa896f40,16,Z_Construct_UClass_UParticleModule_Statics::NewProp_b3DDrawMode_SetBit(void*)
0xa896f90,16,Z_Construct_UClass_UParticleModule_Statics::NewProp_bSupportsRandomSeed_SetBit(void*)
0xa8971c4,4,EmptyLinkFunctionForGeneratedCodeParticleModuleAcceleration()
0xa8971cc,188,Z_Construct_UClass_UParticleModuleAcceleration_NoRegister()
0xa897bd4,8,UObject* InternalVTableHelperCtorCaller<UParticleModuleAccelerationConstant>(FVTableHelper&)
0xa897cc8,4,EmptyLinkFunctionForGeneratedCodeParticleModuleAccelerationDrag()
0xa897cd0,188,Z_Construct_UClass_UParticleModuleAccelerationDrag_NoRegister()
0xa898400,188,Z_Construct_UClass_UParticleModuleAccelerationOverLifetime_NoRegister()
0xa898b58,4,UParticleModuleAttractorLine::StaticRegisterNativesUParticleModuleAttractorLine()
0xa898cd4,76,Z_Construct_UClass_UParticleModuleAttractorLine()
0xa898fa8,76,Z_Construct_UEnum_Engine_EAttractorParticleSelectionMethod()
0xa8992b8,12,void InternalConstructor<UParticleModuleAttractorParticle>(FObjectInitializer const&)
0xa89955c,16,
0xa89959c,16,Z_Construct_UClass_UParticleModuleAttractorPoint_Statics::NewProp_Positive_X_SetBit(void*)
0xa8995ec,16,Z_Construct_UClass_UParticleModuleAttractorPoint_Statics::NewProp_Negative_Z_SetBit(void*)
0xa899858,816,UPackageMapClient::~UPackageMapClient()
0xa89b988,8,UScriptStruct::TCppStructOps<FFastArraySerializerItem>::HasPostSerialize()
0xa89b9a4,8,
0xa89b9d0,8,UScriptStruct::TCppStructOps<FFastArraySerializerItem>::HasCopy()
0xa89bac0,12,
0xa89bae4,8,
0xa89bb18,8,
0xa89bb50,8,UScriptStruct::TCppStructOps<FFastArraySerializerItem>::IsAbstract() const
0xa89bc1c,12,TClassCompiledInDefer<UNetworkPredictionInterface>::ClassPackage() const
0xa89bc54,8,UScriptStruct::TCppStructOps<FNetworkEmulationProfileDescription>::HasDestructor()
0xa89bc5c,60,UScriptStruct::TCppStructOps<FNetworkEmulationProfileDescription>::Destruct(void*)
0xa89be28,12,
0xa89bf5c,180,TClassCompiledInDefer<UNodeMappingContainer>::Register() const
0xa89c778,8,UScriptStruct::TCppStructOps<FUniqueNetIdRepl>::HasDestructor()
0xa89c798,8,UScriptStruct::TCppStructOps<FUniqueNetIdRepl>::HasStructuredSerializer()
0xa89c7b0,8,UScriptStruct::TCppStructOps<FUniqueNetIdRepl>::HasPostSerialize()
0xa89c7d4,8,UScriptStruct::TCppStructOps<FUniqueNetIdRepl>::HasNetDeltaSerializer()
0xa89c7f8,8,UScriptStruct::TCppStructOps<FUniqueNetIdRepl>::HasCopy()
0xa89c9bc,24,
0xa89ca14,8,
0xa89cb80,192,TClassCompiledInDefer<UPackageMapClient>::Register() const
0xa89d300,32,UScriptStruct::TCppStructOps<FParticleRandomSeedInfo>::GetStructTypeHash(void const*)
0xa89d39c,8,UScriptStruct::TCppStructOps<FParticleCurvePair>::HasStructuredSerializer()
0xa89d3e8,8,UScriptStruct::TCppStructOps<FParticleCurvePair>::HasPostScriptConstruct()
0xa89d4b4,8,UScriptStruct::TCppStructOps<FParticleCurvePair>::HasExportTextItem()
0xa89d4f8,8,
0xa89d798,12,TClassCompiledInDefer<UParticleModuleAccelerationBase>::ClassPackage() const
0xa89dab8,12,TClassCompiledInDefer<UParticleModuleAccelerationOverLifetime>::ClassPackage() const
0xa89dc4c,12,TClassCompiledInDefer<UParticleModuleAttractorLine>::ClassPackage() const
0xa89dd20,188,TClassCompiledInDefer<UParticleModuleAttractorPoint>::Register() const
0xa89f8d8,4,UParticleModuleBeamBase::StaticRegisterNativesUParticleModuleBeamBase()
0xa89fa5c,76,Z_Construct_UClass_UParticleModuleBeamBase()
0xa89fd10,12,Get_Z_Construct_UEnum_Engine_BeamModifierType_Hash()
0xa89fd68,92,FBeamModifierOptions::StaticStruct()
0xa8a0314,4,EmptyLinkFunctionForGeneratedCodeParticleModuleBeamNoise()
0xa8a031c,188,Z_Construct_UClass_UParticleModuleBeamNoise_NoRegister()
0xa8a0c18,4,EmptyLinkFunctionForGeneratedCodeParticleModuleBeamTarget()
0xa8a0cdc,188,UParticleModuleBeamTarget::StaticClass()
0xa8a14fc,4,UParticleModuleCameraOffset::StaticRegisterNativesUParticleModuleCameraOffset()
0xa8a1500,188,Z_Construct_UClass_UParticleModuleCameraOffset_NoRegister()
0xa8a1dc0,224,UParticleModuleCollision::UParticleModuleCollision(FVTableHelper&)
0xa8a256c,188,UClass* StaticClass<UParticleModuleCollisionGPU>()
0xa8a2e20,12,void InternalConstructor<UParticleModuleColor_Seeded>(FObjectInitializer const&)
0xa8a2f98,4,EmptyLinkFunctionForGeneratedCodeParticleModuleColorBase()
0xa8a3060,192,UParticleModuleColorBase::GetPrivateStaticClass()
0xa8a387c,8,UObject* InternalVTableHelperCtorCaller<UParticleModuleColorScaleOverLife>(FVTableHelper&)
0xa8a39c0,4,UParticleModuleEventBase::StaticRegisterNativesUParticleModuleEventBase()
0xa8a3b44,76,Z_Construct_UClass_UParticleModuleEventBase()
0xa8a3d54,4,EmptyLinkFunctionForGeneratedCodeParticleModuleEventGenerator()
0xa8a3db4,76,Z_Construct_UScriptStruct_FParticleEvent_GenerateInfo()
0xa8a4054,188,UParticleModuleEventGenerator::StaticClass()
0xa8a4a24,56,
0xa8a4d38,188,UClass* StaticClass<UParticleModuleEventReceiverSpawn>()
0xa8a54dc,188,Z_Construct_UClass_UParticleModuleKillBox_NoRegister()
0xa8a5e48,76,Z_Construct_UClass_UParticleModuleLifetimeBase()
0xa8a61a0,4,UParticleModuleLifetime_Seeded::StaticRegisterNativesUParticleModuleLifetime_Seeded()
0xa8a6368,188,UParticleModuleLifetime_Seeded::GetPrivateStaticClass()
0xa8a6b90,188,UClass* StaticClass<UParticleModuleLight>()
0xa8a7570,76,Z_Construct_UClass_UParticleModuleLocation()
0xa8a7874,48,UParticleModuleLocationBase::UParticleModuleLocationBase(FVTableHelper&)
0xa8a7c94,4,EmptyLinkFunctionForGeneratedCodeParticleModuleLocationBase()
0xa8a7d5c,192,UParticleModuleLocationBase::GetPrivateStaticClass()
0xa8a81e8,8,UScriptStruct::TCppStructOps<FBeamModifierOptions>::IsAbstract() const
0xa8a8384,188,TClassCompiledInDefer<UParticleModuleBeamSource>::Register() const
0xa8a8dbc,4,UScriptStruct::TCppStructOps<FParticleEvent_GenerateInfo>::~TCppStructOps()
0xa8a8e90,8,
0xa8a8fb0,12,UScriptStruct::TCppStructOps<FParticleEvent_GenerateInfo>::AddStructReferencedObjects()
0xa8a90e0,192,TClassCompiledInDefer<UParticleModuleEventReceiverBase>::Register() const
0xa8a9b14,188,TClassCompiledInDefer<UParticleModuleLocation>::Register() const
0xa8ab5f8,188,UParticleModuleLocationBoneSocket::GetPrivateStaticClass()
0xa8ac0d4,4,
0xa8ac194,188,UParticleModuleLocationEmitterDirect::StaticClass()
0xa8ac964,76,Z_Construct_UEnum_Engine_CylinderHeightAxis()
0xa8acdc4,4,EmptyLinkFunctionForGeneratedCodeParticleModuleLocationPrimitiveCylinder_Seeded()
0xa8ace88,188,UParticleModuleLocationPrimitiveCylinder_Seeded::StaticClass()
0xa8ad5d8,4,EmptyLinkFunctionForGeneratedCodeParticleModuleLocationPrimitiveSphere_Seeded()
0xa8ad758,76,Z_Construct_UClass_UParticleModuleLocationPrimitiveSphere_Seeded()
0xa8ad9e4,4,EmptyLinkFunctionForGeneratedCodeParticleModuleLocationPrimitiveTriangle()
0xa8adb64,76,Z_Construct_UClass_UParticleModuleLocationPrimitiveTriangle()
0xa8adc80,188,UClass* StaticClass<UParticleModuleLocationPrimitiveTriangle>()
0xa8ae644,4,EmptyLinkFunctionForGeneratedCodeParticleModuleLocationWorldOffset_Seeded()
0xa8ae64c,188,Z_Construct_UClass_UParticleModuleLocationWorldOffset_Seeded_NoRegister()
0xa8aef4c,188,UParticleModuleMeshMaterial::GetPrivateStaticClass()
0xa8af780,188,UClass* StaticClass<UParticleModuleMeshRotation_Seeded>()
0xa8aff24,12,void InternalConstructor<UParticleModuleMeshRotationRate_Seeded>(FObjectInitializer const&)
0xa8b0208,76,Z_Construct_UClass_UParticleModuleMeshRotationRateMultiplyLife()
0xa8b0454,188,Z_Construct_UClass_UParticleModuleMeshRotationRateOverLife_NoRegister()
0xa8b0d70,192,UParticleModuleOrbitBase::StaticClass()
0xa8b1730,188,UClass* StaticClass<UParticleModuleOrientationAxisLock>()
0xa8b1ff0,92,UScriptStruct* StaticStruct<FEmitterDynamicParameter>()
0xa8b26dc,8,
0xa8b27a0,80,UParticleModuleParameterDynamic_Seeded::UParticleModuleParameterDynamic_Seeded(FVTableHelper&)
0xa8b2a78,12,void InternalConstructor<UParticleModulePivotOffset>(FObjectInitializer const&)
0xa8b2b78,4,EmptyLinkFunctionForGeneratedCodeParticleModuleRequired()
0xa8b2c1c,12,Get_Z_Construct_UEnum_Engine_EEmitterNormalsMode_Hash()
0xa8b2cc4,80,
0xa8b3020,16,Z_Construct_UClass_UParticleModuleRequired_Statics::NewProp_bRemoveHMDRoll_SetBit(void*)
0xa8b3070,16,
0xa8b3288,80,UParticleModuleRequired::UParticleModuleRequired(FVTableHelper&)
0xa8b3514,8,UScriptStruct::TCppStructOps<FLocationBoneSocketInfo>::HasPostScriptConstruct()
0xa8b355c,8,UScriptStruct::TCppStructOps<FLocationBoneSocketInfo>::HasIdentical()
0xa8b35ac,8,
0xa8b35bc,8,
0xa8b3784,12,TClassCompiledInDefer<UParticleModuleLocationDirect>::ClassPackage() const
0xa8b3ab0,188,TClassCompiledInDefer<UParticleModuleLocationPrimitiveCylinder_Seeded>::Register() const
0xa8b4414,188,TClassCompiledInDefer<UParticleModuleMeshRotationRate_Seeded>::Register() const
0xa8b4bdc,8,UScriptStruct::TCppStructOps<FEmitterDynamicParameter>::HasNoopConstructor()
0xa8b4ca0,8,"UScriptStruct::TCppStructOps<FEmitterDynamicParameter>::Serialize(FArchive&, void*)"
0xa8b4ccc,8,
0xa8b4e04,8,
0xa8b4f38,12,TClassCompiledInDefer<UParticleModuleParameterDynamic>::ClassPackage() const
0xa8b5190,12,TClassCompiledInDefer<UParticleModuleRequired>::ClassPackage() const
0xa8b6450,4,UParticleModuleRotation::StaticRegisterNativesUParticleModuleRotation()
0xa8b6510,188,UParticleModuleRotation::StaticClass()
0xa8b6e70,4,EmptyLinkFunctionForGeneratedCodeParticleModuleRotationOverLifetime()
0xa8b6e74,4,
0xa8b6ff0,16,Z_Construct_UClass_UParticleModuleRotationOverLifetime_Statics::NewProp_Scale_SetBit(void*)
0xa8b7108,12,void InternalConstructor<UParticleModuleRotationOverLifetime>(FObjectInitializer const&)
0xa8b7218,4,EmptyLinkFunctionForGeneratedCodeParticleModuleRotationRate()
0xa8b7398,76,Z_Construct_UClass_UParticleModuleRotationRateBase()
0xa8b7500,188,UClass* StaticClass<UParticleModuleRotationRate>()
0xa8b7c3c,4,EmptyLinkFunctionForGeneratedCodeParticleModuleRotationRateMultiplyLife()
0xa8b7e08,188,UParticleModuleRotationRateMultiplyLife::GetPrivateStaticClass()
0xa8b84d4,4,EmptyLinkFunctionForGeneratedCodeParticleModuleSize_Seeded()
0xa8b8598,188,UParticleModuleSize_Seeded::StaticClass()
0xa8b8de0,8,UObject* InternalVTableHelperCtorCaller<UParticleModuleSizeMultiplyLife>(FVTableHelper&)
0xa8b8f10,4,EmptyLinkFunctionForGeneratedCodeParticleModuleSizeScale()
0xa8b8f18,188,Z_Construct_UClass_UParticleModuleSizeScale_NoRegister()
0xa8b9750,188,UParticleModuleSourceMovement::StaticClass()
0xa8ba028,16,Z_Construct_UClass_UParticleModuleSpawnBase_Statics::NewProp_bProcessBurstList_SetBit(void*)
0xa8ba0f8,12,void InternalConstructor<UParticleModuleSpawnBase>(FObjectInitializer const&)
0xa8ba36c,16,
0xa8ba38c,76,Z_Construct_UClass_UParticleModuleSpawnPerUnit()
0xa8ba780,76,Z_Construct_UClass_UParticleModuleSubUV()
0xa8baa18,64,UParticleModuleSubUV::UParticleModuleSubUV(FVTableHelper&)
0xa8bada8,188,UParticleModuleSubUVMovie::StaticClass()
0xa8bb6ac,16,
0xa8bb6cc,76,Z_Construct_UClass_UParticleModuleTrailSource()
0xa8bbad8,16,
0xa8bbbfc,8,UObject* InternalVTableHelperCtorCaller<UParticleModuleTypeDataAnimTrail>(FVTableHelper&)
0xa8bbc04,192,UParticleModuleTypeDataBase::StaticClass()
0xa8bc500,16,Z_Construct_UClass_UParticleModuleTypeDataBeam2_Statics::NewProp_RenderGeometry_SetBit(void*)
0xa8bc58c,188,UParticleModuleTypeDataBeam2::GetPrivateStaticClass()
0xa8bd180,4,EmptyLinkFunctionForGeneratedCodeParticleModuleTypeDataMesh()
0xa8bd1d4,80,
0xa8bd3c4,80,
0xa8bd638,16,
0xa8bd688,76,Z_Construct_UClass_UParticleModuleTypeDataMesh()
0xa8bdaa0,188,TClassCompiledInDefer<UParticleModuleRotation_Seeded>::Register() const
0xa8be344,188,TClassCompiledInDefer<UParticleModuleSizeScale>::Register() const
0xa8bed70,12,TClassCompiledInDefer<UParticleModuleTypeDataBase>::ClassPackage() const
0xa8bed98,8,UScriptStruct::TCppStructOps<FBeamTargetData>::ConstructForTests(void*)
0xa8bedc4,8,"UScriptStruct::TCppStructOps<FBeamTargetData>::Serialize(FStructuredArchiveSlot, void*)"
0xa8bede0,8,UScriptStruct::TCppStructOps<FBeamTargetData>::HasNetSharedSerialization()
0xa8bee1c,36,"UScriptStruct::TCppStructOps<FBeamTargetData>::Copy(void*, void const*, int)"
0xa8beea8,8,UScriptStruct::TCppStructOps<FBeamTargetData>::HasGetTypeHash()
0xa8befa0,12,TClassCompiledInDefer<UParticleModuleTypeDataBeam2>::ClassPackage() const
0xa8bf0fc,8,UScriptStruct::TCppStructOps<FGPUSpriteResourceData>::HasStructuredSerializer()
0xa8bf128,8,UScriptStruct::TCppStructOps<FGPUSpriteResourceData>::HasNetSharedSerialization()
0xa8bf148,8,UScriptStruct::TCppStructOps<FGPUSpriteResourceData>::HasPostScriptConstruct()
0xa8bf2a8,8,UScriptStruct::TCppStructOps<FGPUSpriteResourceData>::HasIdentical()
0xa8bf2dc,8,UScriptStruct::TCppStructOps<FGPUSpriteResourceData>::HasAddStructReferencedObjects()
0xa8bf310,8,UScriptStruct::TCppStructOps<FGPUSpriteResourceData>::HasGetTypeHash()
0xa8bf4c0,352,UScriptStruct::TCppStructOps<FGPUSpriteEmitterInfo>::ConstructForTests(void*)
0xa8c1408,16,
0xa8c1438,16,
0xa8c15a4,188,UClass* StaticClass<UParticleModuleTypeDataRibbon>()
0xa8c1bb8,76,Z_Construct_UClass_UParticleModuleVectorFieldGlobal()
0xa8c1dc4,4,UParticleModuleVectorFieldLocal::StaticRegisterNativesUParticleModuleVectorFieldLocal()
0xa8c1f40,16,
0xa8c1f50,16,Z_Construct_UClass_UParticleModuleVectorFieldLocal_Statics::NewProp_bTileX_SetBit(void*)
0xa8c1f70,16,Z_Construct_UClass_UParticleModuleVectorFieldLocal_Statics::NewProp_bTileZ_SetBit(void*)
0xa8c2098,12,void InternalConstructor<UParticleModuleVectorFieldLocal>(FObjectInitializer const&)
0xa8c21a0,188,Z_Construct_UClass_UParticleModuleVectorFieldRotation_NoRegister()
0xa8c27bc,188,UClass* StaticClass<UParticleModuleVectorFieldRotationRate>()
0xa8c2fd8,4,EmptyLinkFunctionForGeneratedCodeParticleModuleVelocity()
0xa8c309c,188,UParticleModuleVelocity::StaticClass()
0xa8c3784,188,UClass* StaticClass<UParticleModuleVelocity_Seeded>()
0xa8c3fd0,188,UParticleModuleVelocityInheritParent::StaticClass()
0xa8c4860,188,UParticleSpriteEmitter::StaticClass()
0xa8c4f54,92,FLODSoloTrack::StaticStruct()
0xa8c53a4,8,UObject* InternalVTableHelperCtorCaller<UFXSystemAsset>(FVTableHelper&)
0xa8c554c,184,UParticleSystem::StaticRegisterNativesUParticleSystem()
0xa8c5ddc,92,FParticleSysParam::StaticStruct()
0xa8c6418,256,"UFXSystemComponent::execSetColorParameter(UObject*, FFrame&, void*)"
0xa8c6c14,76,Z_Construct_UFunction_UFXSystemComponent_SetEmitterEnable()
0xa8c7064,168,"UParticleSystemComponent::execAzureSetLODLevelBP(UObject*, FFrame&, void*) | UParticleSystemComponent::execAzureSetLODLevelBP BP thunk"
0xa8c7b14,344,"UParticleSystemComponent::execGetBeamTargetTangent(UObject*, FFrame&, void*)"
0xa8c86dc,324,"UParticleSystemComponent::execSetBeamTargetPoint(UObject*, FFrame&, void*)"
0xa8c91bc,76,Z_Construct_UClass_UParticleSystemComponent()
0xa8c9428,76,Z_Construct_UFunction_UParticleSystemComponent_GetBeamMethod_Source()
0xa8c97b4,76,Z_Construct_UFunction_UParticleSystemComponent_SetBeamEndPoint()
0xa8c9aac,76,Z_Construct_UFunction_UParticleSystemComponent_SetTemplate()
0xa8ca200,8,UParticleSystemComponent::GetFXSystemAsset() const
0xa8ca258,8,non-virtual thunk to UParticleSystemComponent::~UParticleSystemComponent()
0xa8ca410,12,TClassCompiledInDefer<UParticleModuleVectorFieldBase>::ClassPackage() const
0xa8ca41c,188,TClassCompiledInDefer<UParticleModuleVectorFieldGlobal>::Register() const
0xa8cab28,188,TClassCompiledInDefer<UParticleModuleVelocityCone>::Register() const
0xa8caf94,32,UScriptStruct::TCppStructOps<FNamedEmitterMaterial>::GetStructTypeHash(void const*)
0xa8cb040,8,UScriptStruct::TCppStructOps<FLODSoloTrack>::HasPostSerialize()
0xa8cb07c,4,UScriptStruct::TCppStructOps<FLODSoloTrack>::PostScriptConstruct(void*)
0xa8cb138,8,UScriptStruct::TCppStructOps<FLODSoloTrack>::HasExportTextItem()
0xa8cb174,8,UScriptStruct::TCppStructOps<FLODSoloTrack>::HasStructuredSerializeFromMismatchedTag()
0xa8cb194,32,UScriptStruct::TCppStructOps<FLODSoloTrack>::GetStructTypeHash(void const*)
0xa8cb234,8,UScriptStruct::TCppStructOps<FParticleSystemLOD>::HasNetDeltaSerializer()
0xa8cb270,12,
0xa8cb2f8,8,UScriptStruct::TCppStructOps<FParticleSystemLOD>::GetComputedPropertyFlags() const
0xa8cb48c,12,TClassCompiledInDefer<UParticleSystem>::ClassPackage() const
0xa8cb594,8,
0xa8cb618,8,UScriptStruct::TCppStructOps<FParticleSysParam>::HasSerializeFromMismatchedTag()
0xa8cb66c,8,UScriptStruct::TCppStructOps<FParticleSysParam>::IsAbstract() const
0xa8cb744,192,TClassCompiledInDefer<UParticleSystemComponent>::Register() const
0xa8ccd2c,4,EmptyLinkFunctionForGeneratedCodePathFollowingAgentInterface()
0xa8ccd34,192,Z_Construct_UClass_UPathFollowingAgentInterface_NoRegister()
0xa8cd544,336,"APawn::execAddMovementInput(UObject*, FFrame&, void*)"
0xa8ce248,76,Z_Construct_UFunction_APawn_GetMovementBaseActor()
0xa8ce540,12,Z_Construct_UFunction_APawn_IsMoveInputIgnored_Statics::NewProp_ReturnValue_SetBit(void*)
0xa8ce598,12,Z_Construct_UFunction_APawn_IsPawnControlled_Statics::NewProp_ReturnValue_SetBit(void*)
0xa8ce648,76,Z_Construct_UFunction_APawn_K2_GetMovementInputVector()
0xa8ce8d8,12,
0xa8ce98c,16,Z_Construct_UClass_APawn_Statics::NewProp_bUseControllerRotationYaw_SetBit(void*)
0xa8cea8c,12,void InternalConstructor<APawn>(FObjectInitializer const&)
0xa8cedac,56,"UPawnMovementComponent::execGetPendingInputVector(UObject*, FFrame&, void*)"
0xa8cf094,76,Z_Construct_UFunction_UPawnMovementComponent_GetLastInputVector()
0xa8cf21c,192,UPawnMovementComponent::GetPrivateStaticClass()
0xa8cfd0c,4,EmptyLinkFunctionForGeneratedCodePerPlatformProperties()
0xa8cfd6c,76,Z_Construct_UScriptStruct_FPerPlatformBool()
0xa8cfff8,76,Z_Construct_UScriptStruct_FFreezablePerPlatformInt()
0xa8d0364,16,
0xa8d08e8,168,"UPhysicalAnimationComponent::execSetSkeletalMeshComponent(UObject*, FFrame&, void*)"
0xa8d0ed0,8,UObject* InternalVTableHelperCtorCaller<UPhysicalAnimationComponent>(FVTableHelper&)
0xa8d0ed8,192,UClass* StaticClass<UPhysicalAnimationComponent>()
0xa8d160c,92,UScriptStruct* StaticStruct<FSolverIterations>()
0xa8d1b20,12,UPhysicsAsset::Serialize(FStructuredArchiveRecord)
0xa8d1d48,188,UClass* StaticClass<USkeletalBodySetup>()
0xa8d2520,192,UClass* StaticClass<APhysicsConstraintActor>()
0xa8d2fbc,244,"UPhysicsConstraintComponent::execSetAngularTwistLimit(UObject*, FFrame&, void*)"
0xa8d39fc,176,"UPhysicsConstraintComponent::execSetLinearPositionTarget(UObject*, FFrame&, void*)"
0xa8d4324,20,"UPhysicsConstraintComponent::execBreakConstraint(UObject*, FFrame&, void*)"
0xa8d4634,76,Z_Construct_UClass_UPhysicsConstraintComponent()
0xa8d47b0,76,Z_Construct_UFunction_UPhysicsConstraintComponent_GetCurrentTwist()
0xa8d4a00,76,Z_Construct_UFunction_UPhysicsConstraintComponent_SetAngularPlasticity()
0xa8d4c9c,76,Z_Construct_UFunction_UPhysicsConstraintComponent_SetConstrainedComponents()
0xa8d4fe8,12,
0xa8d517c,12,
0xa8d51e0,12,
0xa8d52f8,12,void InternalConstructor<UPhysicsConstraintComponent>(FObjectInitializer const&)
0xa8d5434,196,UParticleSystemReplay::~UParticleSystemReplay()
0xa8d5a20,12,IInterface_PreviewMeshProvider::GetPreviewMesh(bool)
0xa8d5ac0,8,UScriptStruct::TCppStructOps<FParticleSystemWorldManagerTickFunction>::HasZeroConstructor()
0xa8d5b44,16,UScriptStruct::TCppStructOps<FParticleSystemWorldManagerTickFunction>::Destruct(void*)
0xa8d5b80,8,UScriptStruct::TCppStructOps<FParticleSystemWorldManagerTickFunction>::HasNetSerializer()
0xa8d5ba0,8,
0xa8d5c08,12,
0xa8d5d0c,8,UScriptStruct::TCppStructOps<FParticleSystemReplayFrame>::HasSerializer()
0xa8d5d40,8,UScriptStruct::TCppStructOps<FParticleSystemReplayFrame>::HasNetSharedSerialization()
0xa8d5d60,8,UScriptStruct::TCppStructOps<FParticleSystemReplayFrame>::HasPostScriptConstruct()
0xa8d5e80,8,UScriptStruct::TCppStructOps<FParticleSystemReplayFrame>::HasAddStructReferencedObjects()
0xa8d5edc,8,UScriptStruct::TCppStructOps<FParticleSystemReplayFrame>::GetComputedPropertyFlags() const
0xa8d5f84,8,UScriptStruct::TCppStructOps<FParticleEmitterReplayFrame>::ConstructForTests(void*)
0xa8d5fd0,8,UScriptStruct::TCppStructOps<FParticleEmitterReplayFrame>::HasStructuredSerializer()
0xa8d6004,8,
0xa8d6088,8,
0xa8d6100,180,TClassCompiledInDefer<UParticleSystemReplay>::Register() const
0xa8d68f4,8,UScriptStruct::TCppStructOps<FPerPlatformFloat>::HasStructuredSerializer()
0xa8d6924,8,UScriptStruct::TCppStructOps<FPerPlatformFloat>::HasPostSerialize()
0xa8d6974,156,"UScriptStruct::TCppStructOps<FPerPlatformFloat>::Copy(void*, void const*, int)"
0xa8d6cdc,8,
0xa8d6d90,4,UScriptStruct::TCppStructOps<FPerPlatformInt>::Destruct(void*)
0xa8d6dd8,8,UScriptStruct::TCppStructOps<FPerPlatformInt>::HasNetSerializer()
0xa8d6e08,4,UScriptStruct::TCppStructOps<FPerPlatformInt>::PostScriptConstruct(void*)
0xa8d6ed4,8,
0xa8d7030,8,UScriptStruct::TCppStructOps<FPhysicalAnimationData>::HasNoopConstructor()
0xa8d7094,8,UScriptStruct::TCppStructOps<FPhysicalAnimationData>::HasStructuredSerializer()
0xa8d70e0,8,UScriptStruct::TCppStructOps<FPhysicalAnimationData>::HasPostScriptConstruct()
0xa8d717c,8,
0xa8d71c4,8,UScriptStruct::TCppStructOps<FPhysicalAnimationData>::IsAbstract() const
0xa8d7394,36,UScriptStruct::TCppStructOps<FPhysicalAnimationProfile>::ConstructForTests(void*)
0xa8d7474,12,
0xa8d7504,8,UScriptStruct::TCppStructOps<FPhysicalAnimationProfile>::IsAbstract() const
0xa8d752c,8,UScriptStruct::TCppStructOps<FSolverIterations>::ConstructForTests(void*)
0xa8d75f8,8,
0xa8d7674,8,UScriptStruct::TCppStructOps<FSolverIterations>::IsAbstract() const
0xa8d7734,12,TClassCompiledInDefer<UPhysicsAsset>::ClassPackage() const
0xa8d7a60,3312,_INIT_1014 静态初始化
0xa8f4070,92,UScriptStruct* StaticStruct<FInputAxisKeyMapping>()
0xa8f4394,52,Z_Construct_UScriptStruct_FInputAxisConfigEntry_Statics::NewStructOps()
0xa8f4660,16,Z_Construct_UScriptStruct_FKeyBind_Statics::NewProp_Control_SetBit(void*)
0xa8f46b0,16,Z_Construct_UScriptStruct_FKeyBind_Statics::NewProp_bIgnoreShift_SetBit(void*)
0xa8f4d58,76,Z_Construct_UFunction_UPlayerInput_InvertAxisKey()
0xa8f507c,8,void InternalConstructor<UPlayerInput>(FObjectInitializer const&)
0xa8f5260,4,UPlayerInputInterface::StaticRegisterNativesUPlayerInputInterface()
0xa8f5370,192,UPlayerInputInterface::GetPrivateStaticClass()
0xa8f5ce0,192,UClass* StaticClass<APlayerStartPIE>()
0xa8f65b4,16,Z_Construct_UClass_APlayerState_Statics::NewProp_bFromPreviousLevel_SetBit(void*)
0xa8f6758,776,
0xa8f8ab8,324,"UPoseableMeshComponent::execSetBoneLocationByName(UObject*, FFrame&, void*)"
0xa8f9728,92,UScriptStruct* StaticStruct<FPoseData>()
0xa8f9c48,12,Get_Z_Construct_UScriptStruct_FPoseSnapshot_Hash()
0xa8f9cb0,52,Z_Construct_UScriptStruct_FPoseSnapshot_Statics::NewStructOps()
0xa8fa058,4,EmptyLinkFunctionForGeneratedCodePostProcessComponent()
0xa8fa290,192,UPostProcessComponent::StaticClass()
0xa8fabe8,8,UObject* InternalVTableHelperCtorCaller<APostProcessVolume>(FVTableHelper&)
0xa8fad00,192,Z_Construct_UClass_APrecomputedVisibilityOverrideVolume_NoRegister()
0xa8fb548,52,Z_Construct_UScriptStruct_FPreviewAssetAttachContainer_Statics::NewStructOps()
0xa8fb960,8,UObject* InternalVTableHelperCtorCaller<UPreviewCollectionInterface>(FVTableHelper&)
0xa8fba5c,92,FPreviewMeshCollectionEntry::StaticStruct()
0xa8fbe70,188,UClass* StaticClass<UPreviewMeshCollection>()
0xa8fc740,84,non-virtual thunk to UPostProcessComponent::~UPostProcessComponent()
0xa8fca98,108,non-virtual thunk to APostProcessVolume::~APostProcessVolume()
0xa8fce6c,12,
0xa8fcefc,8,UScriptStruct::TCppStructOps<FInputActionSpeechMapping>::IsAbstract() const
0xa8fd194,8,UScriptStruct::TCppStructOps<FInputAxisKeyMapping>::HasSerializer()
0xa8fd1bc,4,"UScriptStruct::TCppStructOps<FInputAxisKeyMapping>::PostSerialize(FArchive const&, void*)"
0xa8fd304,8,
0xa8fd398,8,UScriptStruct::TCppStructOps<FInputActionKeyMapping>::HasZeroConstructor()
0xa8fd658,4,"UScriptStruct::TCppStructOps<FInputActionKeyMapping>::PostSerialize(FArchive const&, void*)"
0xa8fd68c,4,UScriptStruct::TCppStructOps<FInputActionKeyMapping>::PostScriptConstruct(void*)
0xa8fd7a8,8,
0xa8fd830,4,UScriptStruct::TCppStructOps<FInputAxisConfigEntry>::~TCppStructOps()
0xa8fd960,8,UScriptStruct::TCppStructOps<FInputAxisConfigEntry>::HasImportTextItem()
0xa8fd9dc,4,
0xa8fda74,8,UScriptStruct::TCppStructOps<FInputAxisProperties>::HasNetSerializer()
0xa8fdab0,8,UScriptStruct::TCppStructOps<FInputAxisProperties>::HasCopy()
0xa8fdb3c,8,
0xa8fdcac,8,"UScriptStruct::TCppStructOps<FKeyBind>::NetSerialize(FArchive&, UPackageMap*, bool&, void*)"
0xa8fdf70,12,TClassCompiledInDefer<UPlayerInput>::ClassPackage() const
0xa8fe0b4,8,"UScriptStruct::TCppStructOps<FPlayerMuteList>::Serialize(FStructuredArchiveSlot, void*)"
0xa8fe0e8,8,
0xa8fe198,12,UScriptStruct::TCppStructOps<FPlayerMuteList>::AddStructReferencedObjects()
0xa8fe654,12,TClassCompiledInDefer<APlayerStart>::ClassPackage() const
0xa8fe984,12,TClassCompiledInDefer<APointLight>::ClassPackage() const
0xa8feb1c,192,TClassCompiledInDefer<UPoseableMeshComponent>::Register() const
0xa8ff414,8,
0xa8ff578,20,UScriptStruct::TCppStructOps<FPoseSnapshot>::Construct(void*)
0xa8ff644,8,UScriptStruct::TCppStructOps<FPoseSnapshot>::IsPlainOldData()
0xa8ff788,8,
0xa8ffa4c,12,TClassCompiledInDefer<APostProcessVolume>::ClassPackage() const
0xa8ffbfc,8,UScriptStruct::TCppStructOps<FPreviewAssetAttachContainer>::HasZeroConstructor()
0xa8ffc04,8,UScriptStruct::TCppStructOps<FPreviewAssetAttachContainer>::Construct(void*)
0xa8ffc84,8,UScriptStruct::TCppStructOps<FPreviewAssetAttachContainer>::HasSerializer()
0xa8ffc94,8,"UScriptStruct::TCppStructOps<FPreviewAssetAttachContainer>::Serialize(FArchive&, void*)"
0xa8ffce0,4,UScriptStruct::TCppStructOps<FPreviewAssetAttachContainer>::PostScriptConstruct(void*)
0xa8ffe88,12,
0xa8ffeb4,8,UScriptStruct::TCppStructOps<FPreviewAssetAttachContainer>::HasAddStructReferencedObjects()
0xa8ffed8,8,
0xa8fffb8,4,UScriptStruct::TCppStructOps<FPreviewAttachedObjectPair>::~TCppStructOps()
0xa90007c,8,UScriptStruct::TCppStructOps<FPreviewAttachedObjectPair>::HasNetSerializer()
0xa9001a0,12,
0xa900228,8,UScriptStruct::TCppStructOps<FPreviewAttachedObjectPair>::GetComputedPropertyFlags() const
0xa900364,44,UScriptStruct::TCppStructOps<FPreviewMeshCollectionEntry>::Destruct(void*)
0xa9004f4,8,UScriptStruct::TCppStructOps<FPreviewMeshCollectionEntry>::HasAddStructReferencedObjects()
0xa900564,188,TClassCompiledInDefer<UPreviewMeshCollection>::Register() const
0xa902110,76,Z_Construct_UEnum_Engine_EHasCustomNavigableGeometry()
0xa902308,92,UScriptStruct* StaticStruct<FPrimitiveComponentInstanceData>()
0xa902874,52,Z_Construct_UScriptStruct_FRepMatParamScalar_Statics::NewStructOps()
0xa902d70,252,"UPrimitiveComponent::execSetCollisionResponseToChannel(UObject*, FFrame&, void*)"
0xa903a20,328,"UPrimitiveComponent::execSetAllPhysicsAngularVelocityInDegrees(UObject*, FFrame&, void*)"
0xa905544,56,"UPrimitiveComponent::execGetCollisionProfileName(UObject*, FFrame&, void*)"
0xa905a30,20,"UPrimitiveComponent::execAzureResetILCData(UObject*, FFrame&, void*) | UPrimitiveComponent::execAzureResetILCData BP thunk"
0xa905c74,176,"UPrimitiveComponent::execSetReceivesDecals(UObject*, FFrame&, void*)"
0xa906294,176,"UPrimitiveComponent::execSetOnlyOwnerSee(UObject*, FFrame&, void*)"
0xa90687c,212,"UPrimitiveComponent::execGetPhysicsAngularVelocityInDegrees(UObject*, FFrame&, void*)"
0xa907424,188,"UPrimitiveComponent::execGetPhysicsLinearVelocity(UObject*, FFrame&, void*)"
0xa907c0c,320,"UPrimitiveComponent::execAddForceAtLocationLocal(UObject*, FFrame&, void*)"
0xa908aac,272,"UPrimitiveComponent::execGetMaterialFromCollisionFaceIndex(UObject*, FFrame&, void*)"
0xa909640,240,"UPrimitiveComponent::execSetDefaultCustomPrimitiveDataVector3(UObject*, FFrame&, void*) | UPrimitiveComponent::execSetDefaultCustomPrimitiveDataVector3"
0xa90a2f0,32,"UPrimitiveComponent::execGetGenerateOverlapEvents(UObject*, FFrame&, void*)"
0xa90a424,76,Z_Construct_UFunction_UPrimitiveComponent_AddAngularImpulse()
0xa90a6c0,76,Z_Construct_UFunction_UPrimitiveComponent_AddRadialForce()
0xa90aa8c,76,Z_Construct_UFunction_UPrimitiveComponent_CopyArrayOfMoveIgnoreComponents()
0xa90ae28,76,Z_Construct_UFunction_UPrimitiveComponent_GetGenerateOverlapEvents()
0xa90b334,76,Z_Construct_UFunction_UPrimitiveComponent_GetSectionHideMask()
0xa90b664,76,Z_Construct_UFunction_UPrimitiveComponent_K2_BoxOverlapComponent()
0xa90bb18,12,Z_Construct_UFunction_UPrimitiveComponent_SetAllUseCCD_Statics::NewProp_InUseCCD_SetBit(void*)
0xa90bc14,76,Z_Construct_UFunction_UPrimitiveComponent_SetAzureOutlineColor() | Z_Construct_UFunction_UPrimitiveComponent_SetAzureOutlineColor
0xa90c06c,76,Z_Construct_UFunction_UPrimitiveComponent_SetCullDistance()
0xa90c3bc,76,Z_Construct_UFunction_UPrimitiveComponent_SetEnableGravity()
0xa90c7dc,76,Z_Construct_UFunction_UPrimitiveComponent_SetNotifyRigidBodyCollision()
0xa90cc48,76,Z_Construct_UFunction_UPrimitiveComponent_SetRenderCustomDepth()
0xa90d098,16,Z_Construct_UClass_UPrimitiveComponent_Statics::NewProp_bNeverDistanceCull_SetBit(void*)
0xa90d0c8,16,Z_Construct_UClass_UPrimitiveComponent_Statics::NewProp_bMultiBodyOverlap_SetBit(void*)
0xa90d0e8,16,Z_Construct_UClass_UPrimitiveComponent_Statics::NewProp_bReturnMaterialOnMove_SetBit(void*)
0xa90d1d8,16,Z_Construct_UClass_UPrimitiveComponent_Statics::NewProp_bSelectable_SetBit(void*)
0xa90d248,16,Z_Construct_UClass_UPrimitiveComponent_Statics::NewProp_bCastStaticShadow_SetBit(void*)
0xa90d378,16,
0xa90d418,16,Z_Construct_UClass_UPrimitiveComponent_Statics::NewProp_bReceiveStencilCulling_SetBit(void*)
0xa90d7b0,4,UScriptStruct::TCppStructOps<FPrimitiveComponentInstanceData>::~TCppStructOps()
0xa90d928,8,
0xa90d96c,4,UScriptStruct::TCppStructOps<FPrimitiveComponentInstanceData>::PostScriptConstruct(void*)
0xa90da84,12,
0xa90dad4,8,
0xa90db24,8,UScriptStruct::TCppStructOps<FRepMaterialDynamic>::HasNoopConstructor()
0xa90dbd0,8,"UScriptStruct::TCppStructOps<FRepMaterialDynamic>::Serialize(FArchive&, void*)"
0xa90dc0c,8,
0xa90ddb8,8,UScriptStruct::TCppStructOps<FRepMaterialDynamic>::HasSerializeFromMismatchedTag()
0xa90de00,8,UScriptStruct::TCppStructOps<FRepMaterialDynamic>::GetComputedPropertyFlags() const
0xa90dfa0,4,
0xa90e02c,8,UScriptStruct::TCppStructOps<FRepMatParamTex>::HasSerializer()
0xa90e054,4,"UScriptStruct::TCppStructOps<FRepMatParamTex>::PostSerialize(FArchive const&, void*)"
0xa90e094,8,UScriptStruct::TCppStructOps<FRepMatParamTex>::HasCopy()
0xa90e104,12,UScriptStruct::TCppStructOps<FRepMatParamTex>::AddStructReferencedObjects()
0xa90e214,8,"UScriptStruct::TCppStructOps<FRepMatParamVector>::Serialize(FArchive&, void*)"
0xa90e298,8,UScriptStruct::TCppStructOps<FRepMatParamVector>::HasIdentical()
0xa90e2f8,8,
0xa90e3c8,8,UScriptStruct::TCppStructOps<FRepMatParamScalar>::HasDestructor()
0xa90e408,8,UScriptStruct::TCppStructOps<FRepMatParamScalar>::HasNetSharedSerialization()
0xa90e470,8,UScriptStruct::TCppStructOps<FRepMatParamScalar>::HasIdentical()
0xa90e4ac,12,UScriptStruct::TCppStructOps<FRepMatParamScalar>::AddStructReferencedObjects()
0xa90e6ac,8,UScriptStruct::TCppStructOps<FSpriteCategoryInfo>::HasNetSharedSerialization()
0xa90e87c,8,
0xa90e8e8,8,UScriptStruct::TCppStructOps<FSpriteCategoryInfo>::IsAbstract() const
0xa90f1f0,28,"UProjectileMovementComponent::execResetInterpolation(UObject*, FFrame&, void*)"
0xa90f598,188,UProjectileMovementComponent::StaticRegisterNativesUProjectileMovementComponent()
0xa91017c,76,Z_Construct_UEnum_Engine_EQuartzCommandQuantization()
0xa91030c,80,UEnum* StaticEnum<EQuarztQuantizationReference>()
0xa910830,12,
0xa9108f0,92,UScriptStruct* StaticStruct<FQuartzQuantizationBoundary>()
0xa910d64,28,"ARadialForceActor::execFireImpulse(UObject*, FFrame&, void*)"
0xa9112b8,12,void InternalConstructor<ARadialForceActor>(FObjectInitializer const&)
0xa9113bc,4,EmptyLinkFunctionForGeneratedCodeRadialForceComponent()
0xa9113c0,176,"URadialForceComponent::execRemoveObjectTypeToAffect(UObject*, FFrame&, void*)"
0xa911b8c,76,Z_Construct_UEnum_Engine_ERichCurveInterpMode()
0xa912084,192,UClass* StaticClass<ARectLight>()
0xa9128d8,192,UClass* StaticClass<URectLightComponent>()
0xa91314c,72,UReflectionCaptureComponent::UReflectionCaptureComponent(FVTableHelper&)
0xa913538,76,Z_Construct_UEnum_Engine_EAlphaChannelMode()
0xa91390c,12,Get_Z_Construct_UEnum_Engine_ECompositingSampleCount_Hash()
0xa913918,76,Z_Construct_UEnum_Engine_ECompositingSampleCount()
0xa913d30,16,
0xa913e00,16,
0xa913e80,16,Z_Construct_UClass_URendererSettings_Statics::NewProp_bDBuffer_SetBit(void*)
0xa913f40,16,Z_Construct_UClass_URendererSettings_Statics::NewProp_bRoundRobinOcclusion_SetBit(void*)
0xa913fd0,16,Z_Construct_UClass_URendererSettings_Statics::NewProp_bSupportSkyAtmosphere_SetBit(void*)
0xa914070,16,Z_Construct_UClass_URendererSettings_Statics::NewProp_bSupport16BitBoneIndex_SetBit(void*)
0xa9141fc,12,void InternalConstructor<URendererSettings>(FObjectInitializer const&)
0xa9146dc,100,UReflectionCaptureComponent::~UReflectionCaptureComponent()
0xa914a68,8,UScriptStruct::TCppStructOps<FQuartzClockSettings>::HasStructuredSerializer()
0xa914a9c,8,
0xa914b98,32,UScriptStruct::TCppStructOps<FQuartzClockSettings>::GetStructTypeHash(void const*)
0xa914c50,8,UScriptStruct::TCppStructOps<FQuartzQuantizationBoundary>::HasNetSerializer()
0xa914c94,44,"UScriptStruct::TCppStructOps<FQuartzQuantizationBoundary>::Copy(void*, void const*, int)"
0xa914d90,4,UScriptStruct::TCppStructOps<FQuartzTransportTimeStamp>::Destruct(void*)
0xa914de8,8,UScriptStruct::TCppStructOps<FQuartzTransportTimeStamp>::HasPostScriptConstruct()
0xa914e5c,8,UScriptStruct::TCppStructOps<FQuartzTransportTimeStamp>::HasAddStructReferencedObjects()
0xa914ec8,4,
0xa914f54,8,"UScriptStruct::TCppStructOps<FQuartzTimeSignature>::Serialize(FArchive&, void*)"
0xa914f90,8,
0xa91505c,8,
0xa9150e4,8,UScriptStruct::TCppStructOps<FQuartzPulseOverrideStep>::HasSerializer()
0xa915128,8,UScriptStruct::TCppStructOps<FQuartzPulseOverrideStep>::HasNetDeltaSerializer()
0xa9151a4,8,UScriptStruct::TCppStructOps<FQuartzPulseOverrideStep>::HasImportTextItem()
0xa915218,8,UScriptStruct::TCppStructOps<FQuartzPulseOverrideStep>::IsAbstract() const
0xa915478,8,UScriptStruct::TCppStructOps<FRealCurve>::HasStructuredSerializer()
0xa9154b4,8,UScriptStruct::TCppStructOps<FRealCurve>::HasNetDeltaSerializer()
0xa915514,12,
0xa915564,8,
0xa91573c,12,TClassCompiledInDefer<URectLightComponent>::ClassPackage() const
0xa916668,4,UReplayNetConnection::StaticRegisterNativesUReplayNetConnection()
0xa9168f8,12,void InternalConstructor<UReplayNetConnection>(FObjectInitializer const&)
0xa916904,8,UObject* InternalVTableHelperCtorCaller<UReplayNetConnection>(FVTableHelper&)
0xa91690c,192,UClass* StaticClass<UReplayNetConnection>()
0xa9171c8,8,void InternalConstructor<UReplicationDriver>(FObjectInitializer const&)
0xa917290,48,UReplicationDriver::UReplicationDriver(FVTableHelper&)
0xa917660,4,EmptyLinkFunctionForGeneratedCodeReporterBase()
0xa9176b4,80,
0xa9179e8,184,UClass* StaticClass<UReporterBase>()
0xa91814c,4,EmptyLinkFunctionForGeneratedCodeReverbEffect()
0xa918320,180,UReverbEffect::GetPrivateStaticClass()
0xa918a54,80,
0xa918d84,76,Z_Construct_UScriptStruct_FRichCurveKey()
0xa919170,92,UScriptStruct* StaticStruct<FTransformBase>()
0xa919690,180,URig::StaticClass()
0xa919fc0,12,Get_Z_Construct_UEnum_Engine_ERootMotionAccumulateMode_Hash()
0xa91a0c0,12,Get_Z_Construct_UScriptStruct_FRootMotionSourceGroup_Hash()
0xa91a15c,16,
0xa91a19c,76,Z_Construct_UScriptStruct_FRootMotionSourceSettings()
0xa91a5e4,52,Z_Construct_UScriptStruct_FRootMotionSource_MoveToForce_Statics::NewStructOps()
0xa91a8d0,92,FRootMotionSource::StaticStruct()
0xa91ad54,192,Z_Construct_UClass_URotatingMovementComponent_NoRegister()
0xa91b7a8,76,Z_Construct_UFunction_URuntimeVirtualTexture_GetPageTableSize()
0xa91bb34,180,UClass* StaticClass<URuntimeVirtualTexture>()
0xa91c408,12,Get_Z_Construct_UEnum_Engine_ERuntimeVirtualTextureMaterialType_Hash()
0xa91c414,68,UReplayNetConnection::~UReplayNetConnection()
0xa91c780,48,UReplicationConnectionDriver::NotifyAddDestructionInfo(FActorDestructionInfo*)
0xa91cac8,8,UScriptStruct::TCppStructOps<FLevelNameAndTime>::HasZeroConstructor()
0xa91caf0,44,UScriptStruct::TCppStructOps<FLevelNameAndTime>::Destruct(void*)
0xa91cc80,8,
0xa91ce48,12,TClassCompiledInDefer<UReplicationConnectionDriver>::ClassPackage() const
0xa91d0ac,8,UScriptStruct::TCppStructOps<FReverbSettings>::HasZeroConstructor()
0xa91d0f8,8,UScriptStruct::TCppStructOps<FReverbSettings>::HasSerializer()
0xa91d108,8,"UScriptStruct::TCppStructOps<FReverbSettings>::Serialize(FArchive&, void*)"
0xa91d134,8,
0xa91d1dc,8,UScriptStruct::TCppStructOps<FReverbSettings>::HasStructuredSerializeFromMismatchedTag()
0xa91d21c,8,UScriptStruct::TCppStructOps<FReverbSettings>::GetComputedPropertyFlags() const
0xa91d260,28,UScriptStruct::TCppStructOps<FCompressedRichCurve>::ConstructForTests(void*)
0xa91d2f4,8,UScriptStruct::TCppStructOps<FCompressedRichCurve>::HasNetDeltaSerializer()
0xa91d320,8,"UScriptStruct::TCppStructOps<FCompressedRichCurve>::Copy(void*, void const*, int)"
0xa91d384,8,UScriptStruct::TCppStructOps<FCompressedRichCurve>::HasAddStructReferencedObjects()
0xa91d3e8,8,UScriptStruct::TCppStructOps<FCompressedRichCurve>::IsAbstract() const
0xa91d46c,72,UScriptStruct::TCppStructOps<FRichCurve>::ConstructForTests(void*)
0xa91d6fc,8,"UScriptStruct::TCppStructOps<FRichCurveKey>::Serialize(FArchive&, void*)"
0xa91d7fc,32,UScriptStruct::TCppStructOps<FRichCurveKey>::GetStructTypeHash(void const*)
0xa91d8d0,8,UScriptStruct::TCppStructOps<FTransformBase>::HasPostSerialize()
0xa91d90c,4,UScriptStruct::TCppStructOps<FTransformBase>::PostScriptConstruct(void*)
0xa91da74,8,UScriptStruct::TCppStructOps<FTransformBase>::HasStructuredSerializeFromMismatchedTag()
0xa91db50,4,
0xa91dbd4,4,"UScriptStruct::TCppStructOps<FTransformBaseConstraint>::PostSerialize(FArchive const&, void*)"
0xa91dcb4,8,UScriptStruct::TCppStructOps<FTransformBaseConstraint>::HasIdentical()
0xa91dce8,8,UScriptStruct::TCppStructOps<FTransformBaseConstraint>::HasAddStructReferencedObjects()
0xa91dd24,32,UScriptStruct::TCppStructOps<FTransformBaseConstraint>::GetStructTypeHash(void const*)
0xa91dde0,8,
0xa91de90,8,
0xa91df68,8,UScriptStruct::TCppStructOps<FNode>::HasDestructor()
0xa91dfc8,8,UScriptStruct::TCppStructOps<FNode>::HasNetSerializer()
0xa91e004,8,UScriptStruct::TCppStructOps<FNode>::HasCopy()
0xa91e108,8,
0xa91e234,12,TClassCompiledInDefer<URig>::ClassPackage() const
0xa91e374,8,UScriptStruct::TCppStructOps<FRootMotionSourceGroup>::HasNetSerializer()
0xa91e3b0,8,UScriptStruct::TCppStructOps<FRootMotionSourceGroup>::HasCopy()
0xa91e464,8,UScriptStruct::TCppStructOps<FRootMotionSourceGroup>::HasAddStructReferencedObjects()
0xa91e488,8,
0xa91e530,8,UScriptStruct::TCppStructOps<FRootMotionSource_JumpForce>::HasPostSerialize()
0xa91e538,4,
0xa91e628,8,UScriptStruct::TCppStructOps<FRootMotionSource_JumpForce>::HasExportTextItem()
0xa91e640,8,
0xa91e6b8,4,UScriptStruct::TCppStructOps<FRootMotionSource_MoveToDynamicForce>::~TCppStructOps()
0xa91e740,8,UScriptStruct::TCppStructOps<FRootMotionSource_MoveToDynamicForce>::HasNetDeltaSerializer()
0xa91e800,12,
0xa91e898,4,
0xa91e900,4,
0xa91e9f0,8,
0xa91eab4,8,UScriptStruct::TCppStructOps<FRootMotionSource_RadialForce>::HasSerializer()
0xa91eb00,8,UScriptStruct::TCppStructOps<FRootMotionSource_RadialForce>::HasNetDeltaSerializer()
0xa91ebe4,8,UScriptStruct::TCppStructOps<FRootMotionSource_RadialForce>::HasImportTextItem()
0xa91ec10,8,
0xa91ec64,4,UScriptStruct::TCppStructOps<FRootMotionSource_ConstantForce>::~TCppStructOps()
0xa91ed94,8,UScriptStruct::TCppStructOps<FRootMotionSource_ConstantForce>::HasIdentical()
0xa91edc8,8,UScriptStruct::TCppStructOps<FRootMotionSource_ConstantForce>::HasAddStructReferencedObjects()
0xa91ee04,32,UScriptStruct::TCppStructOps<FRootMotionSource_ConstantForce>::GetStructTypeHash(void const*)
0xa91eea0,8,UScriptStruct::TCppStructOps<FRootMotionSource>::HasNetSerializer()
0xa91eeec,108,"UScriptStruct::TCppStructOps<FRootMotionSource>::Copy(void*, void const*, int)"
0xa91f150,8,
0xa91f1f8,8,UScriptStruct::TCppStructOps<FRootMotionSourceSettings>::HasNetSerializer()
0xa91f234,8,UScriptStruct::TCppStructOps<FRootMotionSourceSettings>::HasCopy()
0xa91f364,8,
0xa91f3b4,4,
0xa91f410,4,"UScriptStruct::TCppStructOps<FRootMotionSourceStatus>::PostSerialize(FArchive const&, void*)"
0xa91f530,8,UScriptStruct::TCppStructOps<FRootMotionSourceStatus>::HasIdentical()
0xa91f588,8,
0xa91f818,12,TClassCompiledInDefer<URuntimeVirtualTexture>::ClassPackage() const
0xa920d78,192,ARuntimeVirtualTextureVolume::GetPrivateStaticClass()
0xa921568,8,UObject* InternalVTableHelperCtorCaller<USaveGame>(FVTableHelper&)
0xa92165c,80,UEnum* StaticEnum<EMobilePixelProjectedReflectionQuality::Type>()
0xa9218ec,12,Get_Z_Construct_UEnum_Engine_EReflectedAndRefractedRayTracedShadows_Hash()
0xa9218f8,76,Z_Construct_UEnum_Engine_EReflectedAndRefractedRayTracedShadows()
0xa921ccc,12,Get_Z_Construct_UEnum_Engine_ELightUnits_Hash()
0xa921d24,80,UEnum* StaticEnum<ETemperatureMethod>()
0xa9221a4,12,Get_Z_Construct_UEnum_Engine_EDepthOfFieldMethod_Hash()
0xa9222a4,12,Get_Z_Construct_UScriptStruct_FPostProcessSettings_Hash()
0xa922340,16,
0xa922370,16,
0xa922410,16,
0xa9224e0,16,
0xa922590,16,
0xa922630,16,
0xa9226e0,16,
0xa9227f0,16,
0xa9228a0,16,
0xa922960,16,
0xa922a80,16,
0xa922b80,16,
0xa922c70,16,FPostProcessSettings NewProp_bOverride_AzureCharLightDesaturation_SetBit
0xa922d80,16,
0xa922e50,16,
0xa922f90,16,
0xa92303c,76,Z_Construct_UScriptStruct_FWeightedBlendables()
0xa92355c,76,Z_Construct_UScriptStruct_FLensBloomSettings()
0xa9238d8,12,Get_Z_Construct_UScriptStruct_FConvolutionBloomSettings_Hash()
0xa9239dc,92,UScriptStruct* StaticStruct<FGaussianSumBloomSettings>()
0xa923ef0,180,UScene::StaticClass()
0xa9245f0,8,UScriptStruct::TCppStructOps<FWeightedBlendables>::HasGetTypeHash()
0xa924640,16,UScriptStruct::TCppStructOps<FWeightedBlendable>::Construct(void*)
0xa9246c0,8,UScriptStruct::TCppStructOps<FWeightedBlendable>::HasPostScriptConstruct()
0xa924724,8,UScriptStruct::TCppStructOps<FWeightedBlendable>::HasImportTextItem()
0xa924770,32,UScriptStruct::TCppStructOps<FWeightedBlendable>::GetStructTypeHash(void const*)
0xa924808,8,UScriptStruct::TCppStructOps<FCameraExposureSettings>::HasNetSharedSerialization()
0xa9248a0,8,UScriptStruct::TCppStructOps<FCameraExposureSettings>::HasImportTextItem()
0xa9248ec,32,UScriptStruct::TCppStructOps<FCameraExposureSettings>::GetStructTypeHash(void const*)
0xa924aa4,8,"UScriptStruct::TCppStructOps<FLensSettings>::NetDeltaSerialize(FNetDeltaSerializeInfo&, void*)"
0xa924b78,8,UScriptStruct::TCppStructOps<FLensSettings>::HasStructuredSerializeFromMismatchedTag()
0xa924bcc,4,UScriptStruct::TCppStructOps<FLensImperfectionSettings>::~TCppStructOps()
0xa924c70,8,
0xa924d18,8,
0xa924d78,116,UScriptStruct::TCppStructOps<FLensBloomSettings>::Construct(void*)
0xa925278,8,UScriptStruct::TCppStructOps<FGaussianSumBloomSettings>::HasNetSerializer()
0xa925320,8,UScriptStruct::TCppStructOps<FGaussianSumBloomSettings>::HasExportTextItem()
0xa92537c,32,UScriptStruct::TCppStructOps<FGaussianSumBloomSettings>::GetStructTypeHash(void const*)
0xa925420,8,"UScriptStruct::TCppStructOps<FFilmStockSettings>::Serialize(FStructuredArchiveSlot, void*)"
0xa925464,4,UScriptStruct::TCppStructOps<FFilmStockSettings>::PostScriptConstruct(void*)
0xa9254f4,8,UScriptStruct::TCppStructOps<FFilmStockSettings>::HasStructuredSerializeFromMismatchedTag()
0xa92554c,8,UScriptStruct::TCppStructOps<FColorGradingSettings>::HasNoopConstructor()
0xa925618,4,"UScriptStruct::TCppStructOps<FColorGradingSettings>::PostSerialize(FArchive const&, void*)"
0xa92564c,4,UScriptStruct::TCppStructOps<FColorGradingSettings>::PostScriptConstruct(void*)
0xa9256f4,12,UScriptStruct::TCppStructOps<FColorGradingSettings>::AddStructReferencedObjects()
0xa9257c4,8,UScriptStruct::TCppStructOps<FColorGradePerRangeSettings>::HasPostSerialize()
0xa925814,56,"UScriptStruct::TCppStructOps<FColorGradePerRangeSettings>::Copy(void*, void const*, int)"
0xa926910,188,ASceneCapture2D::StaticRegisterNativesASceneCapture2D()
0xa92717c,20,"USceneCaptureComponent::execClearShowOnlyComponents(UObject*, FFrame&, void*)"
0xa9275d4,168,"USceneCaptureComponent::execHideComponent(UObject*, FFrame&, void*)"
0xa927b8c,12,
0xa928078,4,EmptyLinkFunctionForGeneratedCodeSceneCaptureComponent2D()
0xa9281bc,376,"USceneCaptureComponent2D::execAddOrUpdateBlendable(UObject*, FFrame&, void*)"
0xa9290f4,4,EmptyLinkFunctionForGeneratedCodeSceneCaptureCube()
0xa9291a8,188,ASceneCaptureCube::StaticRegisterNativesASceneCaptureCube()
0xa929898,76,Z_Construct_UEnum_Engine_EDetailMode()
0xa92a010,52,"USceneComponent::execGetPhysicsVolume(UObject*, FFrame&, void*)"
0xa92a504,196,"USceneComponent::execGetSocketRotation(UObject*, FFrame&, void*)"
0xa92b190,192,"USceneComponent::execGetParentComponents(UObject*, FFrame&, void*)"
0xa92bc88,492,"USceneComponent::execK2_SetWorldTransform(UObject*, FFrame&, void*)"
0xa92d4e4,76,Z_Construct_UFunction_USceneComponent_GetAllSocketNames()
0xa92d704,76,Z_Construct_UFunction_USceneComponent_GetNumChildrenComponents()
0xa92da60,76,Z_Construct_UFunction_USceneComponent_IsAnySimulatingPhysics()
0xa92dca0,76,Z_Construct_UFunction_USceneComponent_K2_AddRelativeLocation()
0xa92dfb4,76,Z_Construct_UFunction_USceneComponent_K2_DetachFromComponent()
0xa92e450,76,Z_Construct_UFunction_USceneComponent_OnRep_AttachChildren()
0xa92e8a4,76,Z_Construct_UFunction_USceneComponent_SnapTo()
0xa92f0ac,188,USceneCaptureComponent2D::~USceneCaptureComponent2D()
0xa92f820,192,TClassCompiledInDefer<USceneCaptureComponentCube>::Register() const
0xa9307a8,4,EmptyLinkFunctionForGeneratedCodeSceneViewExtensionContext()
0xa930854,12,Get_Z_Construct_UScriptStruct_FSceneViewExtensionIsActiveFunctor_Hash()
0xa9308bc,52,Z_Construct_UScriptStruct_FSceneViewExtensionIsActiveFunctor_Statics::NewStructOps()
0xa930bc8,4,EmptyLinkFunctionForGeneratedCodeSCS_Node()
0xa930c84,180,USCS_Node::StaticClass()
0xa9314b0,12,Z_Construct_UClass_AServerStatReplicator_Statics::NewProp_bUpdateStatNet_SetBit(void*)
0xa9315d4,12,void InternalConstructor<AServerStatReplicator>(FObjectInitializer const&)
0xa932370,4,EmptyLinkFunctionForGeneratedCodeSGameLayerManager()
0xa932374,80,UEnum* StaticEnum<EWindowTitleBarMode>()
0xa932700,8,UObject* InternalVTableHelperCtorCaller<UShadowMapTexture2D>(FVTableHelper&)
0xa9327fc,4,EmptyLinkFunctionForGeneratedCodeShapeComponent()
0xa932804,192,Z_Construct_UClass_UShapeComponent_NoRegister()
0xa932eec,8,UObject* InternalVTableHelperCtorCaller<USimpleConstructionScript>(FVTableHelper&)
0xa9330bc,12,Get_Z_Construct_UScriptStruct_FSimpleCurve_Hash()
0xa933124,52,Z_Construct_UScriptStruct_FSimpleCurve_Statics::NewStructOps()
0xa933268,52,Z_Construct_UScriptStruct_FSimpleCurveKey_Statics::NewStructOps()
0xa9334b4,76,Z_Construct_UEnum_Engine_ESkinCacheDefaultBehavior()
0xa93384c,52,Z_Construct_UScriptStruct_FClothingAssetData_Legacy_Statics::NewStructOps()
0xa933a84,92,UScriptStruct* StaticStruct<FSkeletalMeshLODInfo>()
0xa933f04,52,Z_Construct_UScriptStruct_FBoneMirrorInfo_Statics::NewStructOps()
0xa934764,288,"USkeletalMesh::execSetMorphTargets(UObject*, FFrame&, void*)"
0xa9351b4,76,Z_Construct_UFunction_USkeletalMesh_FindSocket()
0xa9353c8,76,Z_Construct_UFunction_USkeletalMesh_GetMaterials()
0xa935680,12,
0xa93568c,76,Z_Construct_UFunction_USkeletalMesh_IsSectionUsingCloth()
0xa935a28,188,USkeletalMesh::GetPrivateStaticClass()
0xa9362b8,8,UScriptStruct::TCppStructOps<FCustomPrimitiveData>::GetComputedPropertyFlags() const
0xa936340,40,UScriptStruct::TCppStructOps<FSceneViewExtensionIsActiveFunctor>::Destruct(void*)
0xa936510,8,UScriptStruct::TCppStructOps<FSceneViewExtensionIsActiveFunctor>::HasExportTextItem()
0xa936554,8,
0xa93697c,192,TClassCompiledInDefer<UShapeComponent>::Register() const
0xa936f18,12,
0xa936f68,8,
0xa936ffc,8,"UScriptStruct::TCppStructOps<FSimpleCurveKey>::Serialize(FStructuredArchiveSlot, void*)"
0xa937030,8,
0xa9370cc,8,UScriptStruct::TCppStructOps<FSimpleCurveKey>::HasSerializeFromMismatchedTag()
0xa937114,12,UScriptStruct::TCppStructOps<FSimpleCurveKey>::GetComputedPropertyFlags() const
0xa93718c,8,UScriptStruct::TCppStructOps<FSingleAnimationPlayData>::HasSerializer()
0xa9371d0,8,UScriptStruct::TCppStructOps<FSingleAnimationPlayData>::HasNetDeltaSerializer()
0xa937244,8,
0xa9372e0,16,UScriptStruct::TCppStructOps<FSkeletalMaterial>::Construct(void*)
0xa93737c,44,"UScriptStruct::TCppStructOps<FSkeletalMaterial>::Copy(void*, void const*, int)"
0xa937518,8,UScriptStruct::TCppStructOps<FClothingAssetData_Legacy>::HasNetSerializer()
0xa937548,4,UScriptStruct::TCppStructOps<FClothingAssetData_Legacy>::PostScriptConstruct(void*)
0xa937668,8,UScriptStruct::TCppStructOps<FClothingAssetData_Legacy>::HasAddStructReferencedObjects()
0xa9376d4,4,
0xa937720,8,UScriptStruct::TCppStructOps<FClothPhysicsProperties_Legacy>::HasSerializer()
0xa93775c,8,
0xa937830,8,UScriptStruct::TCppStructOps<FClothPhysicsProperties_Legacy>::HasGetTypeHash()
0xa93786c,4,UScriptStruct::TCppStructOps<FSkeletalMeshLODInfo>::~TCppStructOps()
0xa937b1c,8,UScriptStruct::TCppStructOps<FSkeletalMeshLODInfo>::HasIdentical()
0xa937b48,8,
0xa937d94,8,UScriptStruct::TCppStructOps<FSkeletalMeshClothBuildParams>::HasZeroConstructor()
0xa937df0,8,UScriptStruct::TCppStructOps<FSkeletalMeshClothBuildParams>::HasSerializer()
0xa937e18,4,
0xa937e58,8,UScriptStruct::TCppStructOps<FSkeletalMeshClothBuildParams>::HasCopy()
0xa937fe4,8,
0xa938024,8,UScriptStruct::TCppStructOps<FSkeletalMeshClothBuildParams>::GetComputedPropertyFlags() const
0xa938090,8,"UScriptStruct::TCppStructOps<FBoneMirrorExport>::Serialize(FStructuredArchiveSlot, void*)"
0xa9380cc,8,UScriptStruct::TCppStructOps<FBoneMirrorExport>::HasPostScriptConstruct()
0xa938128,8,UScriptStruct::TCppStructOps<FBoneMirrorExport>::HasExportTextItem()
0xa938164,8,UScriptStruct::TCppStructOps<FBoneMirrorExport>::HasStructuredSerializeFromMismatchedTag()
0xa9381b4,4,
0xa938208,8,"UScriptStruct::TCppStructOps<FBoneMirrorInfo>::Serialize(FStructuredArchiveSlot, void*)"
0xa93824c,4,UScriptStruct::TCppStructOps<FBoneMirrorInfo>::PostScriptConstruct(void*)
0xa9382dc,8,UScriptStruct::TCppStructOps<FBoneMirrorInfo>::HasStructuredSerializeFromMismatchedTag()
0xa9382fc,32,UScriptStruct::TCppStructOps<FBoneMirrorInfo>::GetStructTypeHash(void const*)
0xa9390fc,28,"ASkeletalMeshActor::execOnRep_ReplicatedPhysAsset(UObject*, FFrame&, void*)"
0xa939394,76,Z_Construct_UFunction_ASkeletalMeshActor_OnRep_ReplicatedMesh()
0xa939698,8,UObject* InternalVTableHelperCtorCaller<ASkeletalMeshActor>(FVTableHelper&)
0xa9398ec,76,Z_Construct_UDelegateFunction_Engine_OnBoneTransformsFinalized__DelegateSignature()
0xa939a30,76,Z_Construct_UEnum_Engine_EPhysicsTransformUpdateMode()
0xa939d0c,12,Get_Z_Construct_UEnum_Engine_ECustomBoneAttributeLookup_Hash()
0xa939e04,12,Get_Z_Construct_UEnum_Engine_EAnimCurveType_Hash()
0xa939eb8,76,Z_Construct_UScriptStruct_FSkeletalMeshComponentClothTickFunction()
0xa93a560,312,"USkeletalMeshComponent::execBreakConstraint(UObject*, FFrame&, void*)"
0xa93b3b4,168,"USkeletalMeshComponent::execSetPhysicsBlendWeight(UObject*, FFrame&, void*)"
0xa93c1c0,168,"USkeletalMeshComponent::execSetTeleportDistanceThreshold(UObject*, FFrame&, void*)"
0xa93c690,176,"USkeletalMeshComponent::execSetDisableAnimCurves(UObject*, FFrame&, void*)"
0xa93cbc4,52,"USkeletalMeshComponent::execGetClothMaxDistanceScale(UObject*, FFrame&, void*)"
0xa93d2d0,56,"USkeletalMeshComponent::execIsPlaying(UObject*, FFrame&, void*)"
0xa93d5a4,168,"USkeletalMeshComponent::execSetAnimationMode(UObject*, FFrame&, void*)"
0xa93dd10,52,"USkeletalMeshComponent::execGetAnimClass(UObject*, FFrame&, void*)"
0xa93e7d0,432,"USkeletalMeshComponent::execGetFloatAttribute_Ref(UObject*, FFrame&, void*)"
0xa93f0fc,76,Z_Construct_UFunction_USkeletalMeshComponent_GetClothMaxDistanceScale()
0xa93f4d4,76,Z_Construct_UFunction_USkeletalMeshComponent_GetMorphTarget()
0xa93f8f8,12,
0xa93f9e8,12,
0xa93fa4c,12,Z_Construct_UFunction_USkeletalMeshComponent_Play_Statics::NewProp_bLooping_SetBit(void*)
0xa93fb48,76,Z_Construct_UFunction_USkeletalMeshComponent_ResetAllowedAnimCurveEvaluation()
0xa93fe60,12,
0xa93ff28,12,
0xa93ffe4,12,
0xa940088,76,Z_Construct_UFunction_USkeletalMeshComponent_SetAnimation()
0xa940438,76,Z_Construct_UFunction_USkeletalMeshComponent_SetEnablePhysicsBlending()
0xa940810,76,Z_Construct_UFunction_USkeletalMeshComponent_SuspendClothingSimulation()
0xa940a94,16,Z_Construct_UClass_USkeletalMeshComponent_Statics::NewProp_bResetAfterTeleport_SetBit(void*)
0xa940b54,16,Z_Construct_UClass_USkeletalMeshComponent_Statics::NewProp_bAnimTreeInitialised_SetBit(void*)
0xa940fe0,12,USkeletalMeshComponent::Serialize(FStructuredArchiveRecord)
0xa941758,40,non-virtual thunk to USkeletalMeshComponent::~USkeletalMeshComponent()
0xa941808,172,FAnimationEvaluationContext::~FAnimationEvaluationContext()
0xa941be4,8,
0xa941c18,8,
0xa941c90,12,
0xa941dc0,4,
0xa941e24,8,UScriptStruct::TCppStructOps<FSkeletalMeshComponentMinimalTickFunction>::HasExportTextItem()
0xa941e70,8,
0xa941eb0,4,
0xa942754,180,UClass* StaticClass<USkeletalMeshEditorData>()
0xa942b84,76,Z_Construct_UScriptStruct_FSkeletalMeshLODGroupSettings()
0xa942ecc,192,USkeletalMeshLODSettings::StaticClass()
0xa943838,12,Get_Z_Construct_UScriptStruct_FSkeletalMeshSamplingRegion_Hash()
0xa9438e4,76,Z_Construct_UScriptStruct_FSkeletalMeshSamplingRegionMaterialFilter()
0xa943a74,92,FSkeletalMeshSamplingRegionBoneFilter::StaticStruct()
0xa943e7c,92,UScriptStruct* StaticStruct<FSkeletalMeshSamplingRegionBuiltData>()
0xa944698,76,Z_Construct_UFunction_USkeletalMeshSocket_InitializeSocketFromLocation()
0xa944864,8,UObject* InternalVTableHelperCtorCaller<USkeletalMeshSocket>(FVTableHelper&)
0xa944920,56,USkeletalMeshSocket::USkeletalMeshSocket(FVTableHelper&)
0xa944c00,76,Z_Construct_UScriptStruct_FAnimSlotGroup()
0xa944ee0,92,UScriptStruct* StaticStruct<FNameMapping>()
0xa945398,76,Z_Construct_UScriptStruct_FSkeletonToMeshLinkup()
0xa9458bc,4,EmptyLinkFunctionForGeneratedCodeSkinnedMeshComponent()
0xa945960,12,Get_Z_Construct_UEnum_Engine_EVertexOffsetUsageType_Hash()
0xa945a64,76,Z_Construct_UEnum_Engine_EBoneSpaces()
0xa945d40,12,Get_Z_Construct_UEnum_Engine_EBoneVisibilityStatus_Hash()
0xa945df4,76,Z_Construct_UScriptStruct_FVertexOffsetUsage()
0xa946210,252,"USkinnedMeshComponent::execIsMaterialSectionShown(UObject*, FFrame&, void*)"
0xa947418,32,"USkinnedMeshComponent::execIsUsingSkinWeightProfile(UObject*, FFrame&, void*)"
0xa94745c,176,"USkinnedMeshComponent::execUnloadSkinWeightProfile(UObject*, FFrame&, void*)"
0xa947c78,260,"USkinnedMeshComponent::execSetSkeletalMesh(UObject*, FFrame&, void*)"
0xa9486f4,12,
0xa948798,76,Z_Construct_UFunction_USkinnedMeshComponent_GetBoneName()
0xa948a50,76,Z_Construct_UFunction_USkinnedMeshComponent_GetTwistAndSwingAngleOfDeltaRotationFromRefPose()
0xa948e44,12,
0xa948ee8,12,
0xa949030,12,
0xa94912c,76,Z_Construct_UFunction_USkinnedMeshComponent_SetVertexColorOverride_LinearColor()
0xa94940c,20,
0xa9494ac,20,Z_Construct_UClass_USkinnedMeshComponent_Statics::NewProp_bSyncAttachParentLOD_SetBit(void*)
0xa949560,20,
0xa949d44,4,USkeleton::_getUObject() const
0xa949d80,8,non-virtual thunk to USkeleton::~USkeleton()
0xa949e0c,8,non-virtual thunk to USkinnedMeshComponent::~USkinnedMeshComponent()
0xa949e74,40,non-virtual thunk to USkinnedMeshComponent::~USkinnedMeshComponent()
0xa94a10c,4,
0xa94a144,8,UScriptStruct::TCppStructOps<FSkeletalMeshLODGroupSettings>::IsPlainOldData()
0xa94a2b0,8,UScriptStruct::TCppStructOps<FSkeletalMeshLODGroupSettings>::HasAddStructReferencedObjects()
0xa94a2dc,8,
0xa94a3a4,8,UScriptStruct::TCppStructOps<FBoneFilter>::HasZeroConstructor()
0xa94a3d0,8,UScriptStruct::TCppStructOps<FBoneFilter>::HasSerializer()
0xa94a42c,4,UScriptStruct::TCppStructOps<FBoneFilter>::PostScriptConstruct(void*)
0xa94a464,8,UScriptStruct::TCppStructOps<FBoneFilter>::HasIdentical()
0xa94a4ac,8,UScriptStruct::TCppStructOps<FBoneFilter>::HasSerializeFromMismatchedTag()
0xa94a4d4,32,UScriptStruct::TCppStructOps<FBoneFilter>::GetStructTypeHash(void const*)
0xa94a6ec,8,UScriptStruct::TCppStructOps<FSkeletalMeshOptimizationSettings>::HasStructuredSerializer()
0xa94a70c,4,
0xa94a78c,8,UScriptStruct::TCppStructOps<FSkeletalMeshOptimizationSettings>::HasIdentical()
0xa94a7c0,8,
0xa94a7f4,8,UScriptStruct::TCppStructOps<FSkeletalMeshOptimizationSettings>::HasGetTypeHash()
0xa94a82c,4,
0xa94a884,8,"UScriptStruct::TCppStructOps<FSkeletalMeshSamplingInfo>::Serialize(FArchive&, void*)"
0xa94a948,8,UScriptStruct::TCppStructOps<FSkeletalMeshSamplingInfo>::HasExportTextItem()
0xa94a9cc,8,UScriptStruct::TCppStructOps<FSkeletalMeshSamplingInfo>::IsAbstract() const
0xa94ae54,408,
0xa94b854,8,UScriptStruct::TCppStructOps<FSkeletalMeshSamplingBuiltData>::HasZeroConstructor()
0xa94b92c,8,UScriptStruct::TCppStructOps<FSkeletalMeshSamplingBuiltData>::HasNetSerializer()
0xa94ba3c,8,UScriptStruct::TCppStructOps<FSkeletalMeshSamplingBuiltData>::HasIdentical()
0xa94bacc,8,UScriptStruct::TCppStructOps<FSkeletalMeshSamplingBuiltData>::GetComputedPropertyFlags() const
0xa94bb14,8,UScriptStruct::TCppStructOps<FSkeletalMeshSamplingLODBuiltData>::HasDestructor()
0xa94bb88,8,UScriptStruct::TCppStructOps<FSkeletalMeshSamplingLODBuiltData>::HasNetSharedSerialization()
0xa94bbc4,348,"UScriptStruct::TCppStructOps<FSkeletalMeshSamplingLODBuiltData>::Copy(void*, void const*, int)"
0xa94c5b0,8,UScriptStruct::TCppStructOps<FAnimSlotGroup>::HasCopy()
0xa94c6b4,8,UScriptStruct::TCppStructOps<FAnimSlotGroup>::HasSerializeFromMismatchedTag()
0xa94c6dc,32,UScriptStruct::TCppStructOps<FAnimSlotGroup>::GetStructTypeHash(void const*)
0xa94c790,8,UScriptStruct::TCppStructOps<FRigConfiguration>::HasPostSerialize()
0xa94c7c4,8,UScriptStruct::TCppStructOps<FRigConfiguration>::HasPostScriptConstruct()
0xa94c88c,8,UScriptStruct::TCppStructOps<FRigConfiguration>::HasIdentical()
0xa94c8dc,8,UScriptStruct::TCppStructOps<FRigConfiguration>::HasStructuredSerializeFromMismatchedTag()
0xa94c91c,8,UScriptStruct::TCppStructOps<FRigConfiguration>::GetComputedPropertyFlags() const
0xa94c9d0,12,UScriptStruct::TCppStructOps<FNameMapping>::Construct(void*)
0xa94ca98,12,
0xa94cb34,4,UScriptStruct::TCppStructOps<FBoneReductionSetting>::~TCppStructOps()
0xa94cc94,8,UScriptStruct::TCppStructOps<FBoneReductionSetting>::HasIdentical()
0xa94ccd0,12,UScriptStruct::TCppStructOps<FBoneReductionSetting>::AddStructReferencedObjects()
0xa94cdc4,4,"UScriptStruct::TCppStructOps<FReferencePose>::PostSerialize(FArchive const&, void*)"
0xa94cef4,8,UScriptStruct::TCppStructOps<FReferencePose>::HasAddStructReferencedObjects()
0xa94cf50,8,UScriptStruct::TCppStructOps<FReferencePose>::GetComputedPropertyFlags() const
0xa94cfa8,4,UScriptStruct::TCppStructOps<FBoneNode>::Destruct(void*)
0xa94cff0,8,UScriptStruct::TCppStructOps<FBoneNode>::HasNetDeltaSerializer()
0xa94d06c,8,UScriptStruct::TCppStructOps<FBoneNode>::HasImportTextItem()
0xa94d0e0,8,UScriptStruct::TCppStructOps<FBoneNode>::IsAbstract() const
0xa94d15c,8,UScriptStruct::TCppStructOps<FSkeletonToMeshLinkup>::HasSerializer()
0xa94d1b0,8,UScriptStruct::TCppStructOps<FSkeletonToMeshLinkup>::HasPostScriptConstruct()
0xa94d2d4,8,UScriptStruct::TCppStructOps<FSkeletonToMeshLinkup>::HasImportTextItem()
0xa94d350,4,
0xa94d46c,4,"UScriptStruct::TCppStructOps<FVertexOffsetUsage>::PostSerialize(FArchive const&, void*)"
0xa94d574,8,UScriptStruct::TCppStructOps<FVertexOffsetUsage>::HasImportTextItem()
0xa94d5c0,32,UScriptStruct::TCppStructOps<FVertexOffsetUsage>::GetStructTypeHash(void const*)
0xa94d640,8,
0xa94d67c,8,UScriptStruct::TCppStructOps<FSkelMeshComponentLODInfo>::HasPostScriptConstruct()
0xa94d80c,8,UScriptStruct::TCppStructOps<FSkelMeshComponentLODInfo>::HasAddStructReferencedObjects()
0xa94d87c,4,UScriptStruct::TCppStructOps<FSkelMeshSkinWeightInfo>::~TCppStructOps()
0xa94d9cc,8,
0xa94dad0,12,TClassCompiledInDefer<USkinnedMeshComponent>::ClassPackage() const
0xa94ecf8,52,Z_Construct_UScriptStruct_FSkinWeightProfileManagerTickFunction_Statics::NewStructOps()
0xa94ef38,52,Z_Construct_UScriptStruct_FTentDistribution_Statics::NewStructOps()
0xa94f608,168,"USkyAtmosphereComponent::execSetMieScattering(UObject*, FFrame&, void*)"
0xa94fdf8,76,Z_Construct_UFunction_USkyAtmosphereComponent_SetAerialPespectiveViewDistanceScale()
0xa950058,76,Z_Construct_UFunction_USkyAtmosphereComponent_SetMieScatteringScale()
0xa950444,8,UObject* InternalVTableHelperCtorCaller<USkyAtmosphereComponent>(FVTableHelper&)
0xa950634,192,ASkyAtmosphere::StaticClass()
0xa951038,52,Z_Construct_UScriptStruct_FPrecomputedSkyLightInstanceData_Statics::NewStructOps()
0xa95170c,168,"USkyLightComponent::execSetIndirectLightingIntensity(UObject*, FFrame&, void*)"
0xa951ba0,76,Z_Construct_UFunction_USkyLightComponent_SetLightColor()
0xa952170,76,Z_Construct_UClass_USlateBrushAsset()
0xa95260c,8,UObject* InternalVTableHelperCtorCaller<USlateTextureAtlasInterface>(FVTableHelper&)
0xa9526d4,48,USlateTextureAtlasInterface::USlateTextureAtlasInterface(FVTableHelper&)
0xa9528a8,76,Z_Construct_UScriptStruct_FSmartNameContainer()
0xa952da0,76,Z_Construct_UClass_USmokeTestCommandlet()
0xa95329c,80,UEnum* StaticEnum<EAirAbsorptionMethod>()
0xa953694,52,Z_Construct_UScriptStruct_FSoundAttenuationSettings_Statics::NewStructOps()
0xa953bc8,180,USoundAttenuation::GetPrivateStaticClass()
0xa95417c,8,UScriptStruct::TCppStructOps<FSkinWeightProfileInfo>::GetComputedPropertyFlags() const
0xa954238,8,UScriptStruct::TCppStructOps<FSkinWeightProfileManagerTickFunction>::HasStructuredSerializer()
0xa95425c,8,UScriptStruct::TCppStructOps<FSkinWeightProfileManagerTickFunction>::HasNetSerializer()
0xa95428c,4,
0xa9542f0,8,
0xa95434c,4,UScriptStruct::TCppStructOps<FTentDistribution>::~TCppStructOps()
0xa954478,8,UScriptStruct::TCppStructOps<FTentDistribution>::HasStructuredSerializeFromMismatchedTag()
0xa9544c0,8,UScriptStruct::TCppStructOps<FTentDistribution>::IsAbstract() const
0xa95473c,8,UScriptStruct::TCppStructOps<FPrecomputedSkyLightInstanceData>::HasZeroConstructor()
0xa9548b0,8,UScriptStruct::TCppStructOps<FPrecomputedSkyLightInstanceData>::HasNetSerializer()
0xa9548e0,4,UScriptStruct::TCppStructOps<FPrecomputedSkyLightInstanceData>::PostScriptConstruct(void*)
0xa954970,8,
0xa954ae8,4,
0xa954d48,8,UScriptStruct::TCppStructOps<FSmartName>::HasNoopConstructor()
0xa954d6c,20,UScriptStruct::TCppStructOps<FSmartName>::ConstructForTests(void*)
0xa954dc0,8,UScriptStruct::TCppStructOps<FSmartName>::HasNetSharedSerialization()
0xa954dec,8,UScriptStruct::TCppStructOps<FSmartName>::IsPlainOldData()
0xa954e30,64,
0xa954f68,92,UScriptStruct::TCppStructOps<FSmartNameContainer>::Destruct(void*)
0xa9557c8,8,UScriptStruct::TCppStructOps<FSmartNameMapping>::HasStructuredSerializer()
0xa9557ec,8,UScriptStruct::TCppStructOps<FSmartNameMapping>::HasNetSerializer()
0xa955820,8,UScriptStruct::TCppStructOps<FSmartNameMapping>::IsPlainOldData()
0xa9559a8,8,UScriptStruct::TCppStructOps<FSmartNameMapping>::HasAddStructReferencedObjects()
0xa9559dc,8,UScriptStruct::TCppStructOps<FSmartNameMapping>::HasGetTypeHash()
0xa955b2c,20,UScriptStruct::TCppStructOps<FCurveMetaData>::Construct(void*)
0xa955bf0,8,UScriptStruct::TCppStructOps<FCurveMetaData>::HasCopy()
0xa955cbc,8,
0xa955d38,8,UScriptStruct::TCppStructOps<FCurveMetaData>::IsAbstract() const
0xa955e1c,8,UScriptStruct::TCppStructOps<FSoundAttenuationSettings>::HasZeroConstructor()
0xa955e4c,8,UScriptStruct::TCppStructOps<FSoundAttenuationSettings>::HasSerializer()
0xa955e6c,8,UScriptStruct::TCppStructOps<FSoundAttenuationSettings>::HasPostSerialize()
0xa955e90,8,UScriptStruct::TCppStructOps<FSoundAttenuationSettings>::HasNetDeltaSerializer()
0xa955f14,12,
0xa955f54,8,UScriptStruct::TCppStructOps<FSoundAttenuationSettings>::HasSerializeFromMismatchedTag()
0xa955f7c,32,UScriptStruct::TCppStructOps<FSoundAttenuationSettings>::GetStructTypeHash(void const*)
0xa95608c,8,
0xa9560c0,8,
0xa9561f4,12,UScriptStruct::TCppStructOps<FAttenuationSubmixSendSettings>::AddStructReferencedObjects()
0xa956298,76,UScriptStruct::TCppStructOps<FSoundAttenuationPluginSettings>::Destruct(void*)
0xa95744c,16,Z_Construct_UClass_USoundBase_Statics::NewProp_bOverrideConcurrency_SetBit(void*)
0xa95749c,16,Z_Construct_UClass_USoundBase_Statics::NewProp_bHasConcatenatorNode_SetBit(void*)
0xa957774,12,void InternalConstructor<USoundBase>(FObjectInitializer const&)
0xa95790c,12,USoundBase::Serialize(FStructuredArchiveRecord)
0xa957a2c,52,Z_Construct_UScriptStruct_FPassiveSoundMixModifier_Statics::NewStructOps()
0xa957c24,52,Z_Construct_UScriptStruct_FSoundClassProperties_Statics::NewStructOps()
0xa9580d8,68,USoundClass::USoundClass(FVTableHelper&)
0xa958438,180,USoundConcurrency::StaticClass()
0xa958fd8,184,USoundEffectPreset::GetPrivateStaticClass()
0xa9598a0,8,UObject* InternalVTableHelperCtorCaller<USoundEffectSourcePresetChain>(FVTableHelper&)
0xa959994,4,USoundEffectSubmixPreset::StaticRegisterNativesUSoundEffectSubmixPreset()
0xa959aa4,192,USoundEffectSubmixPreset::GetPrivateStaticClass()
0xa95a400,16,Z_Construct_UScriptStruct_FSoundClassAdjuster_Statics::NewProp_bApplyToChildren_SetBit(void*)
0xa95a4c4,92,UScriptStruct* StaticStruct<FAudioEQEffect>()
0xa95a924,104,USoundMix::USoundMix(FVTableHelper&)
0xa95af14,184,USoundNode::GetPrivateStaticClass()
0xa95bad4,12,void InternalConstructor<USoundNodeBranch>(FObjectInitializer const&)
0xa95bae8,188,UClass* StaticClass<USoundNodeBranch>()
0xa95c5a0,12,void InternalConstructor<USoundNodeDialoguePlayer>(FObjectInitializer const&)
0xa95c6ac,4,EmptyLinkFunctionForGeneratedCodeSoundNodeDistanceCrossFade()
0xa95c70c,76,Z_Construct_UScriptStruct_FDistanceDatum()
0xa95ca84,8,UObject* InternalVTableHelperCtorCaller<USoundNodeDistanceCrossFade>(FVTableHelper&)
0xa95cb48,60,USoundNodeDistanceCrossFade::USoundNodeDistanceCrossFade(FVTableHelper&)
0xa95cfe4,188,USoundNodeEnveloper::StaticClass()
0xa95d72c,88,USoundClass::~USoundClass()
0xa95dc20,8,
0xa95dc2c,184,TClassCompiledInDefer<USoundBase>::Register() const
0xa95e374,8,
0xa95e3b8,4,UScriptStruct::TCppStructOps<FSoundConcurrencySettings>::PostScriptConstruct(void*)
0xa95e420,8,UScriptStruct::TCppStructOps<FSoundConcurrencySettings>::HasImportTextItem()
0xa95e48c,8,UScriptStruct::TCppStructOps<FSoundConcurrencySettings>::GetComputedPropertyFlags() const
0xa95e574,8,UScriptStruct::TCppStructOps<FSoundNodeEditorData>::Construct(void*)
0xa95e5e4,8,UScriptStruct::TCppStructOps<FSoundNodeEditorData>::HasPostScriptConstruct()
0xa95e6d0,8,UScriptStruct::TCppStructOps<FSoundNodeEditorData>::HasAddStructReferencedObjects()
0xa95e73c,4,
0xa95e914,8,UScriptStruct::TCppStructOps<FSourceEffectChainEntry>::HasSerializer()
0xa95e940,8,UScriptStruct::TCppStructOps<FSourceEffectChainEntry>::HasNetSerializer()
0xa95e97c,8,UScriptStruct::TCppStructOps<FSourceEffectChainEntry>::HasCopy()
0xa95e9d4,8,UScriptStruct::TCppStructOps<FSourceEffectChainEntry>::HasImportTextItem()
0xa95ea08,8,
0xa95ecb8,8,UScriptStruct::TCppStructOps<FSoundGroup>::HasZeroConstructor()
0xa95ed00,44,UScriptStruct::TCppStructOps<FSoundGroup>::Destruct(void*)
0xa95eeac,8,
0xa95efd0,48,UScriptStruct::TCppStructOps<FSoundClassAdjuster>::Construct(void*)
0xa95f0ec,8,UScriptStruct::TCppStructOps<FSoundClassAdjuster>::HasExportTextItem()
0xa95f114,12,UScriptStruct::TCppStructOps<FSoundClassAdjuster>::AddStructReferencedObjects()
0xa95f210,8,UScriptStruct::TCppStructOps<FAudioEQEffect>::HasSerializer()
0xa95f264,8,UScriptStruct::TCppStructOps<FAudioEQEffect>::HasPostScriptConstruct()
0xa95f2ec,8,UScriptStruct::TCppStructOps<FAudioEQEffect>::HasAddStructReferencedObjects()
0xa95f348,8,UScriptStruct::TCppStructOps<FAudioEQEffect>::GetComputedPropertyFlags() const
0xa95f3a0,16,UScriptStruct::TCppStructOps<FAudioEffectParameters>::Destruct(void*)
0xa95f430,12,
0xa95f580,12,TClassCompiledInDefer<USoundMix>::ClassPackage() const
0xa95f5f8,8,
0xa95f6c4,8,
0xa95f750,8,"UScriptStruct::TCppStructOps<FSoundModulationDefaultSettings>::Serialize(FArchive&, void*)"
0xa95f7e4,12,
0xa95f894,16,UScriptStruct::TCppStructOps<FSoundModulationDestinationSettings>::Construct(void*)
0xa95f95c,12,
0xa95f9c4,32,
0xa95fe9c,12,TClassCompiledInDefer<USoundNodeDelay>::ClassPackage() const
0xa95ff64,12,TClassCompiledInDefer<USoundNodeDialoguePlayer>::ClassPackage() const
0xa95ffb0,8,UScriptStruct::TCppStructOps<FDistanceDatum>::HasSerializer()
0xa95ffe4,8,UScriptStruct::TCppStructOps<FDistanceDatum>::HasNetSharedSerialization()
0xa96004c,8,UScriptStruct::TCppStructOps<FDistanceDatum>::HasIdentical()
0xa960060,8,UScriptStruct::TCppStructOps<FDistanceDatum>::HasExportTextItem()
0xa960094,8,UScriptStruct::TCppStructOps<FDistanceDatum>::HasSerializeFromMismatchedTag()
0xa9600ac,8,
0xa9600f0,188,TClassCompiledInDefer<USoundNodeDistanceCrossFade>::Register() const
0xa961ccc,188,UClass* StaticClass<USoundNodeMature>()
0xa962624,76,Z_Construct_UScriptStruct_FModulatorContinuousParams()
0xa9629a4,188,UClass* StaticClass<USoundNodeModulatorContinuous>()
0xa963380,76,Z_Construct_UClass_USoundNodeQualityLevel()
0xa963760,16,
0xa963780,76,Z_Construct_UClass_USoundNodeRandom()
0xa963c18,12,void InternalConstructor<USoundNodeSoundClass>(FObjectInitializer const&)
0xa963ce8,48,USoundNodeSoundClass::USoundNodeSoundClass(FVTableHelper&)
0xa963fa0,12,void InternalConstructor<USoundNodeSwitch>(FObjectInitializer const&)
0xa96416c,188,USoundNodeWaveParam::StaticClass()
0xa964b7c,76,Z_Construct_UClass_USoundWave()
0xa965120,12,Get_Z_Construct_UEnum_Engine_ESourceBusSendLevelControlMethod_Hash()
0xa9651d4,76,Z_Construct_UScriptStruct_FSoundSourceBusSendInfo()
0xa9653a4,80,UEnum* StaticEnum<EGainParamMode>()
0xa965738,76,Z_Construct_UEnum_Engine_EFFTPeakInterpolationMethod()
0xa965bf8,192,Z_Construct_UClass_USoundSubmixWithParentBase_NoRegister()
0xa966c54,244,"USoundSubmix::execStartRecordingOutput(UObject*, FFrame&, void*)"
0xa9672b0,76,Z_Construct_UFunction_USoundSubmix_StopRecordingOutput()
0xa967894,188,UClass* StaticClass<USoundfieldSubmix>()
0xa9680c8,80,UEnum* StaticEnum<ESubmixSendStage>()
0xa9683b4,80,
0xa968748,76,Z_Construct_UEnum_Engine_ESoundWaveFFTSize()
0xa968b14,76,Z_Construct_UScriptStruct_FSoundWaveSpectralDataEntry()
0xa968eac,52,Z_Construct_UScriptStruct_FSoundWaveSpectralDataPerSound_Statics::NewStructOps()
0xa9691b0,20,Z_Construct_UClass_USoundWave_Statics::NewProp_bManualWordWrap_SetBit(void*)
0xa969378,12,USoundWave::Serialize(FStructuredArchiveRecord)
0xa9695b8,188,TClassCompiledInDefer<USoundNodeMature>::Register() const
0xa969f28,12,TClassCompiledInDefer<USoundNodeSwitch>::ClassPackage() const
0xa96a0c4,188,TClassCompiledInDefer<USoundSourceBus>::Register() const
0xa96a96c,8,UScriptStruct::TCppStructOps<FSoundSubmixSendInfo>::HasSerializer()
0xa96a974,8,UScriptStruct::TCppStructOps<FSoundSubmixSendInfo>::HasStructuredSerializer()
0xa96a994,4,"UScriptStruct::TCppStructOps<FSoundSubmixSendInfo>::PostSerialize(FArchive const&, void*)"
0xa96a9c0,8,UScriptStruct::TCppStructOps<FSoundSubmixSendInfo>::HasPostScriptConstruct()
0xa96aab8,8,UScriptStruct::TCppStructOps<FSoundSubmixSendInfo>::HasIdentical()
0xa96aae4,8,
0xa96ab20,8,UScriptStruct::TCppStructOps<FSoundSubmixSendInfo>::HasGetTypeHash()
0xa96ab5c,4,UScriptStruct::TCppStructOps<FSoundSubmixSpectralAnalysisBandSettings>::~TCppStructOps()
0xa96abd4,8,
0xa96abf8,8,
0xa96acb0,8,
0xa96ad08,8,UScriptStruct::TCppStructOps<FSoundWaveEnvelopeTimeData>::Construct(void*)
0xa96ad84,8,UScriptStruct::TCppStructOps<FSoundWaveEnvelopeTimeData>::IsPlainOldData()
0xa96ae80,8,
0xa96aed4,4,UScriptStruct::TCppStructOps<FSoundWaveSpectralTimeData>::~TCppStructOps()
0xa96b06c,8,
0xa96b188,4,UScriptStruct::TCppStructOps<FSoundWaveSpectralDataEntry>::Destruct(void*)
0xa96b1d8,8,
0xa96b2f0,8,
0xa96b384,8,
0xa96b3c0,8,UScriptStruct::TCppStructOps<FSoundWaveEnvelopeDataPerSound>::HasPostScriptConstruct()
0xa96b434,8,UScriptStruct::TCppStructOps<FSoundWaveEnvelopeDataPerSound>::HasAddStructReferencedObjects()
0xa96b490,8,UScriptStruct::TCppStructOps<FSoundWaveEnvelopeDataPerSound>::GetComputedPropertyFlags() const
0xa96b4d4,8,UScriptStruct::TCppStructOps<FSoundWaveSpectralDataPerSound>::HasDestructor()
0xa96b53c,8,UScriptStruct::TCppStructOps<FSoundWaveSpectralDataPerSound>::HasNetSharedSerialization()
0xa96b644,8,
0xa96b6fc,8,UScriptStruct::TCppStructOps<FSoundWaveSpectralData>::HasStructuredSerializer()
0xa96b750,4,UScriptStruct::TCppStructOps<FSoundWaveSpectralData>::PostScriptConstruct(void*)
0xa96b7e8,8,
0xa96b868,8,UScriptStruct::TCppStructOps<FStreamedAudioPlatformData>::HasSerializer()
0xa96b8b4,8,
0xa96b99c,32,UScriptStruct::TCppStructOps<FStreamedAudioPlatformData>::GetStructTypeHash(void const*)
0xa96cff4,76,Z_Construct_UClass_USoundWaveProcedural()
0xa96d418,192,ASpectatorPawn::GetPrivateStaticClass()
0xa96dd7c,192,Z_Construct_UClass_USphereComponent_NoRegister()
0xa96e4c0,48,ASphereReflectionCapture::ASphereReflectionCapture(FVTableHelper&)
0xa96e858,56,USphereReflectionCaptureComponent::USphereReflectionCaptureComponent(FVTableHelper&)
0xa96eb24,80,
0xa96ef14,92,UScriptStruct* StaticStruct<FSplineCurves>()
0xa96f840,260,"USplineComponent::execFindRotationClosestToWorldLocation(UObject*, FFrame&, void*)"
0xa970888,340,"USplineComponent::execGetRotationAtTime(UObject*, FFrame&, void*)"
0xa971b54,256,"USplineComponent::execGetTangentAtDistanceAlongSpline(UObject*, FFrame&, void*)"
0xa9724e4,252,"USplineComponent::execGetVectorPropertyAtSplinePoint(UObject*, FFrame&, void*)"
0xa97352c,184,"USplineComponent::execGetWorldLocationAtSplinePoint(UObject*, FFrame&, void*)"
0xa974210,396,"USplineComponent::execSetLocationAtSplinePoint(UObject*, FFrame&, void*)"
0xa9755c4,176,"USplineComponent::execGetDistanceAlongSplineAtSplineInputKey(UObject*, FFrame&, void*)"
0xa975fb4,188,USplineComponent::StaticRegisterNativesUSplineComponent()
0xa9769ac,76,Z_Construct_UFunction_USplineComponent_GetFloatPropertyAtSplineInputKey()
0xa976cfc,76,Z_Construct_UFunction_USplineComponent_GetNumberOfSplinePoints()
0xa97722c,76,Z_Construct_UFunction_USplineComponent_GetScaleAtSplineInputKey()
0xa9775f8,76,Z_Construct_UFunction_USplineComponent_GetTransformAtSplinePoint()
0xa977b00,76,Z_Construct_UFunction_USplineComponent_GetWorldTangentAtDistanceAlongSpline()
0xa977ebc,76,Z_Construct_UFunction_USplineComponent_SetSplineLocalPoints()
0xa978308,12,Z_Construct_UClass_USplineComponent_Statics::NewProp_bStationaryEndpoints_SetBit(void*)
0xa97832c,12,
0xa978430,192,UClass* StaticClass<USplineComponent>()
0xa978ce0,12,TClassCompiledInDefer<ASphereReflectionCapture>::ClassPackage() const
0xa978edc,8,UScriptStruct::TCppStructOps<FKSphylElem>::HasStructuredSerializer()
0xa978ef4,8,UScriptStruct::TCppStructOps<FKSphylElem>::HasPostSerialize()
0xa978f34,8,UScriptStruct::TCppStructOps<FKSphylElem>::IsPlainOldData()
0xa978fd4,8,
0xa979048,4,
0xa979238,16,UScriptStruct::TCppStructOps<FSplineInstanceData>::Destruct(void*)
0xa97927c,8,UScriptStruct::TCppStructOps<FSplineInstanceData>::HasNetSharedSerialization()
0xa9792a4,4,UScriptStruct::TCppStructOps<FSplineInstanceData>::PostScriptConstruct(void*)
0xa979358,8,UScriptStruct::TCppStructOps<FSplineInstanceData>::HasStructuredSerializeFromMismatchedTag()
0xa9793a8,200,FSplineInstanceData::TEMPNAMEPLACEHOLDERVALUE(FSplineInstanceData const&)
0xa97a7c0,12,Get_Z_Construct_UEnum_Engine_ESplineMeshAxis_Hash()
0xa97a818,92,FSplineMeshInstanceData::StaticStruct()
0xa97aa10,92,UScriptStruct* StaticStruct<FSplineMeshParams>()
0xa97b510,52,"USplineMeshComponent::execGetStartRoll(UObject*, FFrame&, void*)"
0xa97b63c,52,"USplineMeshComponent::execGetStartScale(UObject*, FFrame&, void*)"
0xa97b950,56,"USplineMeshComponent::execGetEndTangent(UObject*, FFrame&, void*)"
0xa97babc,252,"USplineMeshComponent::execSetStartTangent(UObject*, FFrame&, void*)"
0xa97c488,12,
0xa97c544,76,Z_Construct_UFunction_USplineMeshComponent_SetEndTangent()
0xa97c8cc,192,USplineMeshComponent::GetPrivateStaticClass()
0xa97d4c0,192,USpotLightComponent::GetPrivateStaticClass()
0xa97df34,80,
0xa97e274,76,Z_Construct_UScriptStruct_FStaticMaterial()
0xa97e5f0,76,Z_Construct_UScriptStruct_FMeshSectionInfo()
0xa97e95c,12,Get_Z_Construct_UScriptStruct_FStaticMeshOptimizationSettings_Hash()
0xa97ea04,168,"UStaticMesh::execRemoveSocket(UObject*, FFrame&, void*)"
0xa97f6cc,76,Z_Construct_UFunction_UStaticMesh_AddMaterial()
0xa97f8ec,76,Z_Construct_UFunction_UStaticMesh_GetMaterial()
0xa97fb98,188,Z_Construct_UClass_UStaticMesh_NoRegister()
0xa98031c,8,UScriptStruct::TCppStructOps<FSplineMeshInstanceData>::HasNetDeltaSerializer()
0xa980338,8,UScriptStruct::TCppStructOps<FSplineMeshInstanceData>::IsPlainOldData()
0xa980348,260,"UScriptStruct::TCppStructOps<FSplineMeshInstanceData>::Copy(void*, void const*, int)"
0xa980c38,8,"UScriptStruct::TCppStructOps<FStaticMaterial>::Serialize(FArchive&, void*)"
0xa980c64,8,
0xa980cec,8,
0xa980d40,32,UScriptStruct::TCppStructOps<FStaticMaterial>::GetStructTypeHash(void const*)
0xa980de4,8,UScriptStruct::TCppStructOps<FAssetEditorOrbitCameraPosition>::HasPostSerialize()
0xa980e20,4,UScriptStruct::TCppStructOps<FAssetEditorOrbitCameraPosition>::PostScriptConstruct(void*)
0xa980eac,8,UScriptStruct::TCppStructOps<FAssetEditorOrbitCameraPosition>::HasSerializeFromMismatchedTag()
0xa980f04,4,
0xa98101c,8,"UScriptStruct::TCppStructOps<FMeshSectionInfoMap>::Serialize(FStructuredArchiveSlot, void*)"
0xa981064,8,UScriptStruct::TCppStructOps<FMeshSectionInfoMap>::IsPlainOldData()
0xa981164,8,
0xa981368,20,UScriptStruct::TCppStructOps<FMeshSectionInfo>::ConstructForTests(void*)
0xa9813cc,8,UScriptStruct::TCppStructOps<FMeshSectionInfo>::HasNetDeltaSerializer()
0xa981438,8,UScriptStruct::TCppStructOps<FMeshSectionInfo>::HasExportTextItem()
0xa981484,8,
0xa9814cc,8,UScriptStruct::TCppStructOps<FStaticMeshSourceModel>::HasNoopConstructor()
0xa9814e4,8,UScriptStruct::TCppStructOps<FStaticMeshSourceModel>::ConstructForTests(void*)
0xa98157c,12,
0xa981604,8,UScriptStruct::TCppStructOps<FStaticMeshSourceModel>::GetComputedPropertyFlags() const
0xa9816b8,8,UScriptStruct::TCppStructOps<FStaticMeshOptimizationSettings>::HasSerializer()
0xa9816e4,8,UScriptStruct::TCppStructOps<FStaticMeshOptimizationSettings>::HasNetSerializer()
0xa981728,44,"UScriptStruct::TCppStructOps<FStaticMeshOptimizationSettings>::Copy(void*, void const*, int)"
0xa9826c8,8,UObject* InternalVTableHelperCtorCaller<AStaticMeshActor>(FVTableHelper&)
0xa9827c0,12,AStaticMeshActor::Serialize(FStructuredArchiveRecord)
0xa98282c,76,Z_Construct_UScriptStruct_FStaticMeshComponentInstanceData()
0xa982aa4,92,FStaticMeshComponentLODInfo::StaticStruct()
0xa982fec,168,"UStaticMeshComponent::execSetForcedLodModel(UObject*, FFrame&, void*)"
0xa9835b8,16,Z_Construct_UClass_UStaticMeshComponent_Statics::NewProp_bOverrideMinLOD_SetBit(void*)
0xa983638,16,
0xa9838e8,4,EmptyLinkFunctionForGeneratedCodeStaticMeshSocket()
0xa983a58,76,Z_Construct_UClass_UStaticMeshSocket()
0xa983cc8,76,Z_Construct_UScriptStruct_FStaticParameterSet()
0xa983f3c,12,Get_Z_Construct_UScriptStruct_FStaticMaterialLayersParameter_Hash()
0xa983f48,92,UScriptStruct* StaticStruct<FStaticMaterialLayersParameter>()
0xa984418,52,Z_Construct_UScriptStruct_FStaticParameterBase_Statics::NewStructOps()
0xa9846a8,76,Z_Construct_UScriptStruct_FEquirectProps()
0xa984cf8,188,UStereoLayerShapeQuad::GetPrivateStaticClass()
0xa98537c,188,Z_Construct_UClass_UStereoLayerShapeCylinder_NoRegister()
0xa985cd8,188,Z_Construct_UClass_UStereoLayerShapeEquirect_NoRegister()
0xa986548,192,UStereoLayerComponent::StaticClass()
0xa986de4,456,"UStereoLayerFunctionLibrary::execSetSplashScreen(UObject*, FFrame&, void*)"
0xa987f88,52,Z_Construct_UScriptStruct_FSubsurfaceProfileStruct_Statics::NewStructOps()
0xa9883a0,36,AStaticMeshActor::~AStaticMeshActor()
0xa9885c8,192,TClassCompiledInDefer<AStaticMeshActor>::Register() const
0xa988e98,8,UScriptStruct::TCppStructOps<FStaticMeshVertexColorLODData>::HasImportTextItem()
0xa988ed4,8,
0xa988f34,8,UScriptStruct::TCppStructOps<FStaticMeshComponentLODInfo>::ConstructForTests(void*)
0xa988fc4,8,UScriptStruct::TCppStructOps<FStaticMeshComponentLODInfo>::HasIdentical()
0xa989014,8,
0xa989074,8,UScriptStruct::TCppStructOps<FPaintedVertex>::HasZeroConstructor()
0xa9890b8,8,"UScriptStruct::TCppStructOps<FPaintedVertex>::Serialize(FArchive&, void*)"
0xa9890fc,8,UScriptStruct::TCppStructOps<FPaintedVertex>::HasPostScriptConstruct()
0xa989150,8,UScriptStruct::TCppStructOps<FPaintedVertex>::HasExportTextItem()
0xa9891a4,8,UScriptStruct::TCppStructOps<FPaintedVertex>::HasGetTypeHash()
0xa9892a0,12,TClassCompiledInDefer<UStaticMeshComponent>::ClassPackage() const
0xa98941c,8,UScriptStruct::TCppStructOps<FStaticParameterSet>::HasPostSerialize()
0xa989448,8,
0xa9895e8,8,UScriptStruct::TCppStructOps<FStaticParameterSet>::HasAddStructReferencedObjects()
0xa989624,32,UScriptStruct::TCppStructOps<FStaticParameterSet>::GetStructTypeHash(void const*)
0xa989938,8,UScriptStruct::TCppStructOps<FStaticMaterialLayersParameter>::HasPostSerialize()
0xa989974,4,UScriptStruct::TCppStructOps<FStaticMaterialLayersParameter>::PostScriptConstruct(void*)
0xa9899e8,8,UScriptStruct::TCppStructOps<FStaticMaterialLayersParameter>::HasIdentical()
0xa989a14,8,
0xa989a50,8,UScriptStruct::TCppStructOps<FStaticMaterialLayersParameter>::HasGetTypeHash()
0xa989a90,8,UScriptStruct::TCppStructOps<FStaticTerrainLayerWeightParameter>::HasNoopConstructor()
0xa989b0c,8,UScriptStruct::TCppStructOps<FStaticTerrainLayerWeightParameter>::HasSerializer()
0xa989b40,8,UScriptStruct::TCppStructOps<FStaticTerrainLayerWeightParameter>::HasNetSharedSerialization()
0xa989b7c,44,
0xa989cc4,8,UScriptStruct::TCppStructOps<FStaticComponentMaskParameter>::HasStructuredSerializer()
0xa989d18,4,UScriptStruct::TCppStructOps<FStaticComponentMaskParameter>::PostScriptConstruct(void*)
0xa989d98,12,UScriptStruct::TCppStructOps<FStaticComponentMaskParameter>::AddStructReferencedObjects()
0xa989eac,8,
0xa989f68,8,
0xa98a03c,8,UScriptStruct::TCppStructOps<FStaticParameterBase>::HasPostSerialize()
0xa98a084,8,UScriptStruct::TCppStructOps<FStaticParameterBase>::HasCopy()
0xa98a14c,8,UScriptStruct::TCppStructOps<FStaticParameterBase>::GetComputedPropertyFlags() const
0xa98a16c,8,UScriptStruct::TCppStructOps<FEquirectProps>::HasZeroConstructor()
0xa98a204,8,UScriptStruct::TCppStructOps<FEquirectProps>::HasNetSerializer()
0xa98a290,12,
0xa98a328,4,
0xa98a7d0,12,TClassCompiledInDefer<UStereoLayerComponent>::ClassPackage() const
0xa98aa0c,8,UScriptStruct::TCppStructOps<FStringCurve>::HasDestructor()
0xa98aa34,8,"UScriptStruct::TCppStructOps<FStringCurve>::Serialize(FArchive&, void*)"
0xa98aa60,8,
0xa98aa94,180,"UScriptStruct::TCppStructOps<FStringCurve>::Copy(void*, void const*, int)"
0xa98ae50,4,UScriptStruct::TCppStructOps<FSubsurfaceProfileStruct>::~TCppStructOps()
0xa98b020,8,UScriptStruct::TCppStructOps<FSubsurfaceProfileStruct>::HasIdentical()
0xa98b078,8,
0xa98c040,4,USubsystem::StaticRegisterNativesUSubsystem()
0xa98c208,8,UObject* InternalVTableHelperCtorCaller<USubsystem>(FVTableHelper&)
0xa98c408,192,UDynamicSubsystem::GetPrivateStaticClass()
0xa98cd24,76,Z_Construct_UFunction_USubsystemBlueprintLibrary_GetWorldSubsystem()
0xa98d0c4,76,Z_Construct_UEnum_Engine_EOpacitySourceMode()
0xa98d530,12,void InternalConstructor<USubUVAnimation>(FObjectInitializer const&)
0xa98d6a0,4,EmptyLinkFunctionForGeneratedCodeSystemTimeTimecodeProvider()
0xa98d6a8,188,Z_Construct_UClass_USystemTimeTimecodeProvider_NoRegister()
0xa98de38,192,UClass* StaticClass<ATargetPoint>()
0xa98e700,4,EmptyLinkFunctionForGeneratedCodeTextRenderComponent()
0xa98e7fc,80,UEnum* StaticEnum<EHorizTextAligment>()
0xa98eea0,168,"UTextRenderComponent::execSetFont(UObject*, FFrame&, void*)"
0xa98f4f8,76,Z_Construct_UFunction_UTextRenderComponent_SetHorizSpacingAdjust()
0xa98f70c,76,Z_Construct_UFunction_UTextRenderComponent_SetXScale()
0xa98fb80,80,UEnum* StaticEnum<ETextureSourceArtType>()
0xa98ff60,80,UEnum* StaticEnum<TextureFilter>()
0xa9902c4,16,Z_Construct_UScriptStruct_FTextureFormatSettings_Statics::NewProp_SRGB_SetBit(void*)
0xa990388,92,UScriptStruct* StaticStruct<FTexturePlatformData>()
0xa9908f4,192,UTexture::GetPrivateStaticClass()
0xa991540,76,Z_Construct_UClass_UTexture2DDynamic()
0xa9917d0,188,Z_Construct_UClass_UTextureCube_NoRegister()
0xa991e34,12,Get_Z_Construct_UEnum_Engine_ETextureSamplerFilter_Hash()
0xa991edc,80,
0xa992270,8,non-virtual thunk to UTexture2D::~UTexture2D()
0xa9923ac,8,UTexture2DArray::GetRunningPlatformData()
0xa99259c,28,UTextureCube::GetSurfaceHeight() const
0xa9926e4,184,TClassCompiledInDefer<USubsystem>::Register() const
0xa992d00,8,UScriptStruct::TCppStructOps<FKTaperedCapsuleElem>::HasAddStructReferencedObjects()
0xa992d24,8,
0xa992e3c,180,TClassCompiledInDefer<UTextPropertyTestObject>::Register() const
0xa99357c,8,UScriptStruct::TCppStructOps<FTextureSource>::ConstructForTests(void*)
0xa993604,96,"UScriptStruct::TCppStructOps<FTextureSource>::Copy(void*, void const*, int)"
0xa993878,192,TClassCompiledInDefer<UTexture>::Register() const
0xa995080,12,void InternalConstructor<UTextureLODSettings>(FObjectInitializer const&)
0xa9954e8,48,UTextureMipDataProviderFactory::UTextureMipDataProviderFactory(FVTableHelper&)
0xa995880,56,UTextureRenderTarget::UTextureRenderTarget(FVTableHelper&)
0xa995aa4,16,Z_Construct_UClass_UTextureRenderTarget2D_Statics::NewProp_bAutoGenerateMips_SetBit(void*)
0xa995cc4,12,UTextureRenderTarget2D::Serialize(FStructuredArchiveRecord)
0xa995f8c,188,UClass* StaticClass<UTextureRenderTarget2DArray>()
0xa996898,92,UScriptStruct* StaticStruct<FStreamingTextureBuildInfo>()
0xa996cec,12,void InternalConstructor<UThumbnailInfo>(FObjectInitializer const&)
0xa996f1c,60,"UTimecodeProvider::execGetFrameRate(UObject*, FFrame&, void*)"
0xa997190,180,UTimecodeProvider::StaticRegisterNativesUTimecodeProvider()
0xa997d18,76,Z_Construct_UScriptStruct_FTimelineLinearColorTrack()
0xa998110,52,Z_Construct_UScriptStruct_FTimelineEventEntry_Statics::NewStructOps()
0xa9985b8,168,"UTimelineComponent::execSetTimelineLength(UObject*, FFrame&, void*)"
0xa998cd4,76,Z_Construct_UClass_UTimelineComponent()
0xa999120,12,
0xa999178,76,Z_Construct_UFunction_UTimelineComponent_SetLinearColorCurve()
0xa9995e4,8,UObject* InternalVTableHelperCtorCaller<UTimelineComponent>(FVTableHelper&)
0xa999834,76,Z_Construct_UScriptStruct_FTTLinearColorTrack()
0xa999b08,76,Z_Construct_UScriptStruct_FTTFloatTrack()
0xa999ed4,76,Z_Construct_UScriptStruct_FTTTrackId()
0xa99a378,8,UObject* InternalVTableHelperCtorCaller<UTimelineTemplate>(FVTableHelper&)
0xa99a4ec,188,UTimelineTemplate::~UTimelineTemplate()
0xa99aa74,12,TClassCompiledInDefer<UTextureLODSettings>::ClassPackage() const
0xa99ae64,12,TClassCompiledInDefer<UTextureRenderTargetCube>::ClassPackage() const
0xa99af58,12,UScriptStruct::TCppStructOps<FStreamingTextureBuildInfo>::ConstructForTests(void*)
0xa99af88,8,
0xa99afac,8,
0xa99b030,8,UScriptStruct::TCppStructOps<FStreamingTextureBuildInfo>::HasImportTextItem()
0xa99b05c,8,
0xa99b0b0,4,UScriptStruct::TCppStructOps<FStreamingRenderAssetPrimitiveInfo>::~TCppStructOps()
0xa99b138,8,UScriptStruct::TCppStructOps<FStreamingRenderAssetPrimitiveInfo>::HasPostSerialize()
0xa99b174,4,UScriptStruct::TCppStructOps<FStreamingRenderAssetPrimitiveInfo>::PostScriptConstruct(void*)
0xa99b1e0,8,
0xa99b548,8,UScriptStruct::TCppStructOps<FTimeline>::Destruct(void*)
0xa99b5c0,80,"UScriptStruct::TCppStructOps<FTimeline>::Copy(void*, void const*, int)"
0xa99be3c,64,UScriptStruct::TCppStructOps<FTimelineLinearColorTrack>::ConstructForTests(void*)
0xa99bf44,8,UScriptStruct::TCppStructOps<FTimelineLinearColorTrack>::HasPostScriptConstruct()
0xa99c068,8,
0xa99c0ec,4,
0xa99c208,8,"UScriptStruct::TCppStructOps<FTimelineFloatTrack>::Serialize(FArchive&, void*)"
0xa99c23c,8,UScriptStruct::TCppStructOps<FTimelineFloatTrack>::HasNetDeltaSerializer()
0xa99c35c,12,
0xa99c3bc,8,UScriptStruct::TCppStructOps<FTimelineFloatTrack>::HasGetTypeHash()
0xa99c500,8,UScriptStruct::TCppStructOps<FTimelineVectorTrack>::HasSerializer()
0xa99c52c,8,UScriptStruct::TCppStructOps<FTimelineVectorTrack>::HasNetSerializer()
0xa99c570,236,"UScriptStruct::TCppStructOps<FTimelineVectorTrack>::Copy(void*, void const*, int)"
0xa99caf0,8,
0xa99cba0,32,UScriptStruct::TCppStructOps<FTTVectorTrack>::ConstructForTests(void*)
0xa99cce4,8,
0xa99cdcc,8,UScriptStruct::TCppStructOps<FTTFloatTrack>::HasNetSerializer()
0xa99ce08,8,UScriptStruct::TCppStructOps<FTTFloatTrack>::HasCopy()
0xa99ce9c,8,UScriptStruct::TCppStructOps<FTTFloatTrack>::HasSerializeFromMismatchedTag()
0xa99cef4,4,FTTFloatTrack::~FTTFloatTrack()
0xa99cfcc,4,UScriptStruct::TCppStructOps<FTTPropertyTrack>::PostScriptConstruct(void*)
0xa99d058,12,UScriptStruct::TCppStructOps<FTTPropertyTrack>::AddStructReferencedObjects()
0xa99d14c,8,"UScriptStruct::TCppStructOps<FTTEventTrack>::Serialize(FStructuredArchiveSlot, void*)"
0xa99d19c,8,UScriptStruct::TCppStructOps<FTTEventTrack>::HasCopy()
0xa99d21c,12,UScriptStruct::TCppStructOps<FTTEventTrack>::AddStructReferencedObjects()
0xa99d2dc,4,"UScriptStruct::TCppStructOps<FTTTrackId>::PostSerialize(FArchive const&, void*)"
0xa99d3c8,12,
0xa99d468,8,UScriptStruct::TCppStructOps<FTTTrackBase>::HasNoopConstructor()
0xa99d4ec,8,UScriptStruct::TCppStructOps<FTTTrackBase>::HasNetSerializer()
0xa99d528,8,UScriptStruct::TCppStructOps<FTTTrackBase>::HasCopy()
0xa99d5ac,8,UScriptStruct::TCppStructOps<FTTTrackBase>::HasStructuredSerializeFromMismatchedTag()
0xa99d6b4,12,TClassCompiledInDefer<UTimelineTemplate>::ClassPackage() const
0xa99e884,12,Get_Z_Construct_UScriptStruct_FTimeStretchCurve_Hash()
0xa99e920,76,Z_Construct_UScriptStruct_FTimeStretchCurveMarker()
0xa99ebe4,76,Z_Construct_UClass_UTireType()
0xa99f0ac,76,Z_Construct_UClass_UTouchInterface()
0xa99f53c,12,void InternalConstructor<ATriggerBase>(FObjectInitializer const&)
0xa99f640,4,EmptyLinkFunctionForGeneratedCodeTriggerBox()
0xa99f7c8,76,Z_Construct_UClass_ATriggerBox()
0xa99faa0,192,ATriggerCapsule::StaticClass()
0xa9a03a8,8,UObject* InternalVTableHelperCtorCaller<ATriggerVolume>(FVTableHelper&)
0xa9a03b0,192,UClass* StaticClass<ATriggerVolume>()
0xa9a0f84,12,
0xa9a0f90,76,Z_Construct_UFunction_UTwitterIntegrationBase_TwitterRequest()
0xa9a1318,92,UScriptStruct* StaticStruct<FUpdateLevelVisibilityLevelInfo>()
0xa9a1768,12,UUserDefinedEnum::Serialize(FStructuredArchiveRecord)
0xa9a1824,76,Z_Construct_UEnum_Engine_EUserDefinedStructureStatus()
0xa9a1d58,12,Get_Z_Construct_UEnum_Engine_EUIScalingRule_Hash()
0xa9a1e00,80,
0xa9a1ff0,192,Z_Construct_UClass_UUserInterfaceSettings_NoRegister()
0xa9a28c0,188,Z_Construct_UClass_UVectorFieldAnimated_NoRegister()
0xa9a3178,192,UClass* StaticClass<UVectorFieldComponent>()
0xa9a3d08,184,UViewportStatsSubsystem::StaticRegisterNativesUViewportStatsSubsystem()
0xa9a4754,76,Z_Construct_UClass_ULightMapVirtualTexture()
0xa9a4ad8,76,Z_Construct_UClass_URuntimeVirtualTextureStreamingProxy()
0xa9a4eb0,12,Z_Construct_UClass_UVirtualTexture2D_Statics::NewProp_bContinuousUpdate_SetBit(void*)
0xa9a4f14,188,UVirtualTexture2D::GetPrivateStaticClass()
0xa9a587c,184,UVirtualTexturePoolConfig::GetPrivateStaticClass()
0xa9a6a00,492,"UVisualLoggerKismetLibrary::execLogText(UObject*, FFrame&, void*)"
0xa9a7654,8,UScriptStruct::TCppStructOps<FTimeStretchCurveInstance>::HasPostSerialize()
0xa9a7690,4,UScriptStruct::TCppStructOps<FTimeStretchCurveInstance>::PostScriptConstruct(void*)
0xa9a77bc,8,
0xa9a7840,4,
0xa9a78c4,8,UScriptStruct::TCppStructOps<FTimeStretchCurve>::HasSerializer()
0xa9a78e4,8,UScriptStruct::TCppStructOps<FTimeStretchCurve>::HasPostSerialize()
0xa9a7900,8,
0xa9a79fc,12,
0xa9a7a5c,8,UScriptStruct::TCppStructOps<FTimeStretchCurve>::HasGetTypeHash()
0xa9a7a94,120,"TArray<FTimeStretchCurveMarker, TSizedDefaultAllocator<32> >::ResizeForCopy(int, int)"
0xa9a7ebc,8,UScriptStruct::TCppStructOps<FTouchInputControl>::HasPostSerialize()
0xa9a7ee8,8,
0xa9a80a4,8,
0xa9a812c,180,TClassCompiledInDefer<UTouchInterface>::Register() const
0xa9a890c,188,TClassCompiledInDefer<UUserDefinedStruct>::Register() const
0xa9a94c0,4,UScriptStruct::TCppStructOps<FVirtualTextureBuildSettings>::~TCppStructOps()
0xa9a94d4,12,UScriptStruct::TCppStructOps<FVirtualTextureBuildSettings>::Construct(void*)
0xa9a9520,4,
0xa9a959c,12,
0xa9a962c,8,UScriptStruct::TCppStructOps<FVirtualTextureBuildSettings>::IsAbstract() const
0xa9a9660,20,UScriptStruct::TCppStructOps<FVirtualTextureSpacePoolConfig>::ConstructForTests(void*)
0xa9a96fc,8,UScriptStruct::TCppStructOps<FVirtualTextureSpacePoolConfig>::HasPostScriptConstruct()
0xa9a9814,8,UScriptStruct::TCppStructOps<FVirtualTextureSpacePoolConfig>::HasAddStructReferencedObjects()
0xa9a9880,4,
0xa9aae2c,4,UVoiceChannel::StaticRegisterNativesUVoiceChannel()
0xa9aaffc,192,UVoiceChannel::GetPrivateStaticClass()
0xa9ab978,76,Z_Construct_UFunction_UVOIPTalker_CreateTalkerForPlayer()
0xa9abb1c,12,void InternalConstructor<UVOIPTalker>(FObjectInitializer const&)
0xa9abe4c,76,Z_Construct_UClass_UVOIPStatics()
0xa9ac094,8,UObject* InternalVTableHelperCtorCaller<UVOIPStatics>(FVTableHelper&)
0xa9ac18c,4,AVolume::StaticRegisterNativesAVolume()
0xa9ac29c,192,AVolume::GetPrivateStaticClass()
0xa9acd60,176,
0xa9ad630,76,Z_Construct_UFunction_UVolumetricCloudComponent_SetShadowTracingDistance()
0xa9adaa8,56,UVolumetricCloudComponent::UVolumetricCloudComponent(FVTableHelper&)
0xa9ae114,12,void InternalConstructor<AVolumetricLightmapDensityVolume>(FObjectInitializer const&)
0xa9ae120,8,UObject* InternalVTableHelperCtorCaller<AVolumetricLightmapDensityVolume>(FVTableHelper&)
0xa9ae1e8,60,AVolumetricLightmapDensityVolume::AVolumetricLightmapDensityVolume(FVTableHelper&)
0xa9ae64c,48,AWindDirectionalSource::AWindDirectionalSource(FVTableHelper&)
0xa9aea18,168,"UWindDirectionalSourceComponent::execSetSpeed(UObject*, FFrame&, void*)"
0xa9af0d4,4,EmptyLinkFunctionForGeneratedCodeWorld()
0xa9af180,12,Get_Z_Construct_UScriptStruct_FStreamingLevelsToConsider_Hash()
0xa9af21c,92,FLevelCollection::StaticStruct()
0xa9af690,12,Get_Z_Construct_UScriptStruct_FLevelViewportInfo_Hash()
0xa9af6f8,52,Z_Construct_UScriptStruct_FLevelViewportInfo_Statics::NewStructOps()
0xa9afa40,76,Z_Construct_UFunction_UWorld_HandleTimelineScrubbed()
0xa9b01d8,4,EmptyLinkFunctionForGeneratedCodeWorldComposition()
0xa9b0298,12,
0xa9b03b4,12,void InternalConstructor<UWorldComposition>(FObjectInitializer const&)
0xa9b04bc,12,UWorldComposition::Serialize(FStructuredArchiveRecord)
0xa9b051c,80,
0xa9b0800,76,Z_Construct_UScriptStruct_FPSCPoolElem()
0xa9b0c48,52,Z_Construct_UScriptStruct_FBroadphaseSettings_Statics::NewStructOps()
0xa9b0f44,52,Z_Construct_UScriptStruct_FNetViewer_Statics::NewStructOps()
0xa9b113c,4,UHierarchicalLODSetup::StaticRegisterNativesUHierarchicalLODSetup()
0xa9b13b8,180,UClass* StaticClass<UHierarchicalLODSetup>()
0xa9b1e14,4,UVolumeTexture::CalcCumulativeLODSize(int) const
0xa9b23d8,8,UScriptStruct::TCppStructOps<FVoiceSettings>::HasDestructor()
0xa9b23fc,8,"UScriptStruct::TCppStructOps<FVoiceSettings>::Serialize(FStructuredArchiveSlot, void*)"
0xa9b2438,8,UScriptStruct::TCppStructOps<FVoiceSettings>::HasPostScriptConstruct()
0xa9b2488,12,
0xa9b24e0,8,
0xa9b25f0,188,TClassCompiledInDefer<UVOIPStatics>::Register() const
0xa9b2fe0,8,UScriptStruct::TCppStructOps<FLevelCollection>::HasDestructor()
0xa9b3018,4,"UScriptStruct::TCppStructOps<FLevelCollection>::PostSerialize(FArchive const&, void*)"
0xa9b3094,8,
0xa9b31b4,8,UScriptStruct::TCppStructOps<FEndPhysicsTickFunction>::HasStructuredSerializer()
0xa9b3200,8,UScriptStruct::TCppStructOps<FEndPhysicsTickFunction>::HasPostScriptConstruct()
0xa9b3260,12,UScriptStruct::TCppStructOps<FEndPhysicsTickFunction>::AddStructReferencedObjects()
0xa9b3358,16,UScriptStruct::TCppStructOps<FStartPhysicsTickFunction>::Destruct(void*)
0xa9b33c8,8,UScriptStruct::TCppStructOps<FStartPhysicsTickFunction>::IsPlainOldData()
0xa9b3448,8,UScriptStruct::TCppStructOps<FStartPhysicsTickFunction>::HasGetTypeHash()
0xa9b3490,8,UScriptStruct::TCppStructOps<FLevelViewportInfo>::HasZeroConstructor()
0xa9b3544,8,UScriptStruct::TCppStructOps<FLevelViewportInfo>::HasPostSerialize()
0xa9b358c,8,UScriptStruct::TCppStructOps<FLevelViewportInfo>::HasCopy()
0xa9b3608,8,UScriptStruct::TCppStructOps<FLevelViewportInfo>::HasSerializeFromMismatchedTag()
0xa9b3660,4,
0xa9b3834,8,"UScriptStruct::TCppStructOps<FWorldPSCPool>::Serialize(FStructuredArchiveSlot, void*)"
0xa9b3860,8,UScriptStruct::TCppStructOps<FWorldPSCPool>::HasNetDeltaSerializer()
0xa9b39ac,12,UScriptStruct::TCppStructOps<FWorldPSCPool>::AddStructReferencedObjects()
0xa9b3c88,8,UScriptStruct::TCppStructOps<FPSCPool>::ConstructForTests(void*)
0xa9b3d00,8,"UScriptStruct::TCppStructOps<FPSCPool>::NetSerialize(FArchive&, UPackageMap*, bool&, void*)"
0xa9b3dd0,12,
0xa9b3e20,8,
0xa9b3e8c,12,UScriptStruct::TCppStructOps<FPSCPoolElem>::ConstructForTests(void*)
0xa9b3ed8,8,UScriptStruct::TCppStructOps<FPSCPoolElem>::HasNetSharedSerialization()
0xa9b3f40,8,UScriptStruct::TCppStructOps<FPSCPoolElem>::HasIdentical()
0xa9b3f88,8,UScriptStruct::TCppStructOps<FPSCPoolElem>::HasSerializeFromMismatchedTag()
0xa9b3fd0,8,UScriptStruct::TCppStructOps<FPSCPoolElem>::GetComputedPropertyFlags() const
0xa9b40c8,4,UScriptStruct::TCppStructOps<FBroadphaseSettings>::Destruct(void*)
0xa9b4108,8,
0xa9b41c8,8,
0xa9b4210,8,UScriptStruct::TCppStructOps<FHierarchicalSimplification>::HasNoopConstructor()
0xa9b424c,8,"UScriptStruct::TCppStructOps<FHierarchicalSimplification>::Serialize(FArchive&, void*)"
0xa9b429c,8,UScriptStruct::TCppStructOps<FHierarchicalSimplification>::IsPlainOldData()
0xa9b44ec,8,UScriptStruct::TCppStructOps<FHierarchicalSimplification>::HasExportTextItem()
0xa9b4570,8,UScriptStruct::TCppStructOps<FHierarchicalSimplification>::IsAbstract() const
0xa9b471c,8,"UScriptStruct::TCppStructOps<FNetViewer>::Serialize(FArchive&, void*)"
0xa9b477c,44,"UScriptStruct::TCppStructOps<FNetViewer>::Copy(void*, void const*, int)"
0xa9b4934,8,UScriptStruct::TCppStructOps<FLightmassWorldInfoSettings>::HasSerializer()
0xa9b4970,8,
0xa9b4a44,8,UScriptStruct::TCppStructOps<FLightmassWorldInfoSettings>::HasGetTypeHash()
0xa9b4b34,12,TClassCompiledInDefer<UHierarchicalLODSetup>::ClassPackage() const
0xa9b5cbc,192,Z_Construct_UClass_UWorldSubsystem_NoRegister()
0xa9b67c4,76,FSandboxPlatformFile::FSandboxPlatformFile(bool)
0xa9b7264,8,FSandboxPlatformFile::GetAbsoluteRootDirectory() const
0xa9b731c,1624,FSandboxPlatformFile::ConvertToSandboxPath(char16_t const*) const
0xa9bd8c0,288,FCborWriter::WriteValue(double)
0xa9bdd64,4,FCborModule::ShutdownModule()
0xa9bde00,152,"TArray<FCborContext, TSizedDefaultAllocator<32> >::ResizeShrink()"
0xa9bf510,80,
0xa9bf720,44,
0xa9bf8fc,52,
0xa9bfab0,64,FCborStructSerializerBackend::FCborStructSerializerBackend(FArchive&)
0xa9bfef8,4,FCborStructSerializerBackend::WriteComment(FString const&)
0xa9c0980,372,
0xa9c21ec,244,FJsonStructSerializerBackend::BeginArray(FStructSerializerState const&)
0xa9c3720,372,
0xa9c54d4,7028,FStructDeserializer::DeserializeElement 结构化反序列化
0xa9eaa18,20,BuildPatchServices::FBuildPatchProgress::~FBuildPatchProgress()
0xa9eaa58,40,non-virtual thunk to BuildPatchServices::FBuildPatchInstaller::~FBuildPatchInstaller()
0xa9eae58,8,BuildPatchServices::FBuildPatchInstaller::GetFileOperationTracker() const
0xa9eae68,8,BuildPatchServices::FBuildPatchInstaller::GetDiskReadSpeedRecorder() const
0xa9eae70,8,BuildPatchServices::FBuildPatchInstaller::GetChunkDbReadSpeedRecorder() const
0xa9eae80,8,BuildPatchServices::FBuildPatchInstaller::GetDownloadServiceStatistics() const
0xa9eae98,8,BuildPatchServices::FBuildPatchInstaller::GetFileConstructorStatistics() const
0xa9eaeb0,8,BuildPatchServices::FBuildPatchInstaller::GetDiskChunkStoreStatistics() const
0xa9eb088,6888,BuildPatchServices::FBuildPatchInstaller::Initialize
0xaa5230c,528,"TSet<FGuid, DefaultKeyFuncs<FGuid, false>, FDefaultSetAllocator>::Array() const"
0xaa5363c,36,BuildPatchServices::FCloudEnumeration::~FCloudEnumeration()
0xaa53660,32,BuildPatchServices::FCloudEnumeration::IsComplete() const
0xaa53680,88,BuildPatchServices::FCloudEnumeration::GetUniqueWindowSizes() const
0xaa536d8,88,BuildPatchServices::FCloudEnumeration::GetChunkInventory() const
0xaa53730,88,BuildPatchServices::FCloudEnumeration::GetChunkFileSizes() const
0xaa53788,88,BuildPatchServices::FCloudEnumeration::GetChunkShaHashes() const
0xaa537e0,88,BuildPatchServices::FCloudEnumeration::GetChunkWindowSizes() const
0xaa53838,236,BuildPatchServices::FCloudEnumeration::IsChunkFeatureLevelMatch(FGuid const&) const
0xaa53924,248,BuildPatchServices::FCloudEnumeration::GetChunkHash(FGuid const&) const
0xaa53b1c,88,BuildPatchServices::FCloudEnumeration::GetIdenticalChunks() const
0xaa53b74,1204,BuildPatchServices::FCloudEnumeration::EnumerateCloud()
0xaa56a20,240,BuildPatchServices::FDataScanner::~FDataScanner()
0xaa56b10,244,BuildPatchServices::FDataScanner::~FDataScanner()
0xaa56c04,20,BuildPatchServices::FDataScanner::IsComplete()
0xaa56c18,156,BuildPatchServices::FDataScanner::GetResultWhenComplete()
0xaa56cb4,108,BuildPatchServices::FDataScanner::GetTimeRunning()
0xaa56d20,8,BuildPatchServices::FDataScanner::SupportsFork()
0xaa56d28,12,BuildPatchServices::FDataScanner::Fork()
0xaa56d34,136,
0xaa56dbc,1152,
0xaa58520,36,BuildPatchServices::FDeltaChunkEnumeration::~FDeltaChunkEnumeration()
0xaa58554,8,BuildPatchServices::FDeltaChunkEnumeration::GetChunkShaHashes() const
0xaa58be8,616,
0xaa59134,24,
0xaa5996c,228,BuildPatchServices::FDeltaScanner::~FDeltaScanner()
0xaa59b00,108,BuildPatchServices::FDeltaScanner::GetTimeRunning()
0xaa59cb4,440,
0xaa5a23c,3308,BuildPatchServices::FDeltaScanner::ScanData()
0xaa67260,156,
0xaa67370,52,
0xaa673dc,44,BuildPatchServices::FFileOperation::~FFileOperation()
0xaa67444,16,BuildPatchServices::FBuildStatistics::GetConfiguration() const
0xaa67454,16,BuildPatchServices::FBuildStatistics::GetDownloadSize() const
0xaa67484,32,BuildPatchServices::FBuildStatistics::GetMemoryChunkStoreSize() const
0xaa674c4,32,BuildPatchServices::FBuildStatistics::GetMemoryChunksBooted() const
0xaa67504,48,BuildPatchServices::FBuildStatistics::GetCurrentWorkingFileName() const
0xaa67554,32,BuildPatchServices::FBuildStatistics::GetCurrentWorkingData() const
0xaa675a4,44,BuildPatchServices::FBuildStatistics::IsDownloadActive() const
0xaa675f0,32,BuildPatchServices::FBuildStatistics::IsHardDiskActiveWrite() const
0xaa6769c,36,BuildPatchServices::FBuildStatistics::GetDownloadByteSpeed() const
0xaa676e4,36,BuildPatchServices::FBuildStatistics::GetChunkDbReadByteSpeed() const
0xaa6774c,48,BuildPatchServices::FBuildStatistics::GetVerifyErrorCounts() const
0xaa67970,96,BuildPatchServices::FChainedChunkSource::~FChainedChunkSource()
0xaa679d0,96,BuildPatchServices::FChainedChunkSource::~FChainedChunkSource()
0xaa67a9c,232,
0xaa67f24,100,BuildPatchServices::FChainedChunkSource::AddRepeatRequirement(FGuid const&)
0xaa680f8,280,
0xaa68210,8,ChunkDbSourceHelpers::DisableOsIntervention()
0xaa68218,4,ChunkDbSourceHelpers::ResetOsIntervention(int)
0xaa6821c,48,ChunkDbSourceHelpers::FromSerializer(BuildPatchServices::EChunkLoadResult)
0xaa6824c,1464,
0xaa6a418,40,BuildPatchServices::ToString(BuildPatchServices::IChunkDbChunkSourceStat::ELoadResult const&)
0xaa6a440,20,
0xaa6a454,4,BuildPatchServices::FChunkEvictionPolicy::~FChunkEvictionPolicy()
0xaa6a458,4,BuildPatchServices::FChunkEvictionPolicy::~FChunkEvictionPolicy()
0xaa6a45c,1564,
0xaa6c994,32,BuildPatchServices::FChunkSuccessRate::AddFail()
0xaa6c9bc,48,"BuildPatchServices::FCloudChunkSource::FDownloadDelegates::OnDownloadProgress(int, int)"
0xaa6caac,148,
0xaa6cb50,1576,
0xaa71e1c,480,BuildPatchServices::FDiskChunkStore::QueueLoadRequest(FGuid const&)
0xaa72374,3468,BuildPatchServices::FDiskChunkStore::IoThread() | BuildPatchServices::FDiskChunkStore::IoThread
0xaa83f08,360,TAsyncRunnable<bool>::Run()
0xaa84ec4,616,
0xaa85d20,344,
0xaa862b0,48,
0xaa862fc,320,
0xaa86780,4,
0xaa86784,8,
0xaa8678c,8,
0xaa86794,8,
0xaa867ac,8,
0xaa86858,28,
0xaa868a4,312,
0xaa87334,80,
0xaa8738c,8,
0xaa875e4,144,
0xaa87764,4,
0xaa87928,328,
0xaa87e28,140,
0xaa88308,716,
0xaa88d80,248,
0xaa895cc,4,
0xaa895d0,252,
0xaa89bbc,344,
0xaa8a508,664,
0xaa8b3a0,96,
0xaa8bab8,1012,
0xaa8e140,40,
0xaa8e170,12,
0xaa8e20c,144,
0xaa8e2e8,164,"TArray<BuildPatchServices::FFileSpan, TSizedDefaultAllocator<32> >::ResizeTo(int)"
0xaa8ebb4,240,
0xaa8f5ac,288,
0xaa8fab0,344,
0xaa902bc,572,
0xaa9144c,176,
0xaa918f4,4,
0xaa91a48,144,"TArray<BuildPatchServices::FChunkDatabaseFile, TSizedDefaultAllocator<32> >::ResizeGrow(int)"
0xaa91b8c,8,
0xaa91b94,12,
0xaa91bfc,12,
0xaa91cbc,140,
0xaa9206c,4,
0xaa9208c,120,
0xaa92324,4,
0xaa92328,4,
0xaa9232c,1016,
0xaa95510,8,
0xaa95528,4,
0xaa955e0,40,
0xaa95854,4,
0xaa958b4,4,
0xaa95a18,40,
0xaa95a48,12,
0xaa95c20,44,
0xaa95c8c,88,
0xaa96170,716,
0xaa97750,272,
0xaa97ea4,8,
0xaa97ec4,44,
0xaa98178,4,
0xaa98198,4,
0xaa981ac,4,
0xaa981c0,4,
0xaa981c8,8,
0xaa981d8,8,
0xaa9829c,28,
0xaa989d0,688,
0xaa99ac4,68,
0xaa99c2c,192,
0xaa9a528,120,
0xaa9a6d8,8,
0xaa9a6e0,192,
0xaa9abc8,4,
0xaa9abcc,492,
0xaa9bdb4,396,
0xaa9c828,4,
0xaa9cf20,404,
0xaa9d8f8,328,
0xaa9e374,8,non-virtual thunk to BuildPatchServices::FInstallChunkSource::~FInstallChunkSource()
0xaa9e3a0,40,non-virtual thunk to BuildPatchServices::FInstallChunkSource::~FInstallChunkSource()
0xaa9e3f8,24,BuildPatchServices::FInstallChunkSource::Abort()
0xaa9e428,1488,BuildPatchServices::FInstallChunkSource::Get(FGuid const&)
0xaaa1d3c,2504,
0xaaa5a50,152,"BuildPatchServices::FMachineConfigFactory::Create(FString const&, bool)"
0xaaa5ae8,252,
0xaaa5be4,704,BuildPatchServices::FMemoryChunkStore::~FMemoryChunkStore()
0xaaa6ba8,224,BuildPatchServices::FMemoryChunkStore::UpdateStoreUsage() const
0xaaa6fec,736,BuildPatchServices::FMemoryChunkStore::DumpToOverflow()
0xaaa7d20,564,
0xaaa8fd0,496,
0xaaaa5e8,40,
0xaaaa638,36,
0xaaaa6b8,32,
0xaaaa6dc,4,BuildPatchServices::FChunkDbChunkSourceStatistics::~FChunkDbChunkSourceStatistics()
0xaaaa6f4,20,BuildPatchServices::FChunkDbChunkSourceStatistics::OnLoadStarted(FGuid const&)
0xaaaa73c,12,BuildPatchServices::FChunkDbChunkSourceStatistics::GetNumSuccessfulLoads() const
0xaaaa748,12,BuildPatchServices::FChunkDbChunkSourceStatistics::GetNumFailedLoads() const
0xaaaa754,68,
0xaaaa8a8,72,BuildPatchServices::FCloudChunkSourceStatistics::~FCloudChunkSourceStatistics()
0xaaaa904,4,BuildPatchServices::FCloudChunkSourceStatistics::OnDownloadSuccess(FGuid const&)
0xaaaaa38,84,
0xaaaabac,144,
0xaaaad00,16,BuildPatchServices::FCloudChunkSourceStatistics::GetNumCorruptChunkDownloads() const
0xaaaad78,116,BuildPatchServices::FCloudChunkSourceStatistics::GetDownloadHealthTimers() const
0xaaab2a0,4,BuildPatchServices::FDiskChunkStoreStatistics::OnCacheUseUpdated(int)
0xaaab2a4,12,BuildPatchServices::FDiskChunkStoreStatistics::GetNumSuccessfulLoads() const
0xaaab2bc,12,BuildPatchServices::FDiskChunkStoreStatistics::GetNumSuccessfulSaves() const
0xaaab320,172,
0xaaab5e8,228,"BuildPatchServices::FDownloadServiceStatistics::OnDownloadProgress(int, int)"
0xaaabc54,116,
0xaaabe5c,64,BuildPatchServices::FFileConstructorStatistics::~FFileConstructorStatistics()
0xaaabee4,116,BuildPatchServices::FFileConstructorStatistics::OnResumeStarted()
0xaaac014,148,"BuildPatchServices::FFileConstructorStatistics::OnFileStarted(FString const&, long long)"
0xaaac324,24,BuildPatchServices::FFileConstructorStatistics::OnBeforeAdminister()
0xaaac3a0,24,BuildPatchServices::FFileConstructorStatistics::OnBeforeRead()
0xaaac41c,24,BuildPatchServices::FFileConstructorStatistics::OnBeforeWrite()
0xaaac4bc,8,BuildPatchServices::FFileConstructorStatistics::GetBytesConstructed() const
0xaaac4c4,16,BuildPatchServices::FFileConstructorStatistics::GetFilesConstructed() const
0xaaac518,116,BuildPatchServices::FFileConstructorStatistics::GetCurrentFile() const
0xaaac95c,536,BuildPatchServices::FFileOperationTracker::Tick(float)
0xaaadb64,368,
0xaaae364,160,
0xaaae480,40,BuildPatchServices::FInstallChunkSourceStatistics::OnLoadStarted(FGuid const&)
0xaaae6fc,12,BuildPatchServices::FInstallChunkSourceStatistics::GetNumSuccessfulChunkRecycles() const
0xaaae76c,92,
0xaaae894,52,BuildPatchServices::FMeanUseTracker::CountSame()
0xaaae8f4,8,BuildPatchServices::FMeanUseTracker::GetPeak() const
0xaaaea74,36,BuildPatchServices::FMemoryChunkStoreStatistics::~FMemoryChunkStoreStatistics()
0xaaaec04,212,BuildPatchServices::FMemoryChunkStoreStatistics::IsMultipleReferenced(FGuid const&)
0xaaaf0cc,168,BuildPatchServices::FVerifierStatistics::~FVerifierStatistics()
0xaaaf4b4,8,BuildPatchServices::FVerifierStatistics::GetNumFailedFilesVerified() const
0xaaaf7a8,76,
0xaaaf98c,1264,"BuildPatchServices::FVerifier::Verify(TArray<FString, TSizedDefaultAllocator<32> >&)"
0xaab21c0,428,
0xaab2fac,372,
0xaab37e8,40,
0xaab3828,4,
0xaab3934,8,
0xaab3968,176,
0xaab4144,272,
0xaab47dc,8,
0xaab47f4,8,
0xaab48bc,48,
0xaab4a10,176,
0xaab521c,352,
0xaab5890,428,
0xaab66ac,344,
0xaab716c,824,
0xaab8a1c,76,Z_Construct_UScriptStruct_FSHAHashData()
0xaab8c10,124,FChunkInfoData::StaticStruct()
0xaab8e98,52,Z_Construct_UScriptStruct_FSHAHashData_Statics::NewStructOps()
0xaab8fa0,124,UScriptStruct* StaticStruct<FCustomFieldData>()
0xaab9390,124,UBuildPatchManifest::UBuildPatchManifest(FVTableHelper&)
0xaab9500,8,UScriptStruct::TCppStructOps<FFileManifestData>::HasNetSerializer()
0xaab9528,8,UScriptStruct::TCppStructOps<FFileManifestData>::HasPostScriptConstruct()
0xaab9530,4,UScriptStruct::TCppStructOps<FFileManifestData>::PostScriptConstruct(void*)
0xaab9594,8,UScriptStruct::TCppStructOps<FFileManifestData>::HasIdentical()
0xaab95b0,8,
0xaab95f4,8,
0xaab9624,8,UScriptStruct::TCppStructOps<FFileManifestData>::GetComputedPropertyFlags() const
0xaab9808,4,UScriptStruct::TCppStructOps<FChunkPartData>::~TCppStructOps()
0xaab9834,4,UScriptStruct::TCppStructOps<FChunkPartData>::Destruct(void*)
0xaab9848,8,"UScriptStruct::TCppStructOps<FChunkPartData>::Serialize(FArchive&, void*)"
0xaab9874,8,
0xaab9898,8,UScriptStruct::TCppStructOps<FChunkPartData>::IsPlainOldData()
0xaab98dc,12,
0xaab9908,8,UScriptStruct::TCppStructOps<FChunkPartData>::HasAddStructReferencedObjects()
0xaab9910,12,UScriptStruct::TCppStructOps<FChunkPartData>::AddStructReferencedObjects()
0xaab9974,4,
0xaab9994,8,UScriptStruct::TCppStructOps<FChunkInfoData>::ConstructForTests(void*)
0xaab99dc,8,UScriptStruct::TCppStructOps<FChunkInfoData>::HasNetSharedSerialization()
0xaab9a04,4,UScriptStruct::TCppStructOps<FChunkInfoData>::PostScriptConstruct(void*)
0xaab9a18,56,"UScriptStruct::TCppStructOps<FChunkInfoData>::Copy(void*, void const*, int)"
0xaab9b10,8,UScriptStruct::TCppStructOps<FSHAHashData>::ConstructForTests(void*)
0xaab9b58,8,UScriptStruct::TCppStructOps<FSHAHashData>::HasNetSharedSerialization()
0xaab9b80,4,UScriptStruct::TCppStructOps<FSHAHashData>::PostScriptConstruct(void*)
0xaab9bc8,12,
0xaab9bfc,12,UScriptStruct::TCppStructOps<FSHAHashData>::AddStructReferencedObjects()
0xaab9c60,4,
0xaab9ccc,8,UScriptStruct::TCppStructOps<FCustomFieldData>::HasSerializer()
0xaab9ce4,8,"UScriptStruct::TCppStructOps<FCustomFieldData>::Serialize(FStructuredArchiveSlot, void*)"
0xaab9d08,8,
0xaab9e20,8,UScriptStruct::TCppStructOps<FCustomFieldData>::HasIdentical()
0xaab9e4c,8,
0xaab9e78,8,
0xaab9eb0,8,UScriptStruct::TCppStructOps<FCustomFieldData>::GetComputedPropertyFlags() const
0xaab9f78,12,TClassCompiledInDefer<UBuildPatchManifest>::ClassPackage() const
0xaaba588,8,FBuildPatchServicesPreLoadManagerBase::IsDone() const
0xaaba590,712,
0xaabc268,552,"FPreLoadScreenManager::UnRegisterPreLoadScreen(TSharedPtr<IPreLoadScreen, (ESPMode)1> const&)"
0xaabd38c,52,
0xaabd3c0,148,FPreLoadScreenManager::PlayPreLoadScreenWithTag(FName)
0xaabd454,104,FPreLoadScreenManager::HasActivePreLoadScreenType(EPreLoadScreenTypes) const
0xaabd4bc,172,FPreLoadScreenManager::EarlyPlayFrameTick()
0xaabd568,196,FPreLoadScreenManager::StopPreLoadScreen()
0xaabd62c,684,FPreLoadScreenSlateSynchMechanism::Initialize()
0xaabde18,2088,FPreLoadScreenManager::EarlyPlayRenderFrameTick()
0xaac29b4,12,FPreLoadSettingsContainerBase::SetShouldLoadBrushes(bool)
0xaac29c0,720,
0xaac31ec,268,FPreLoadSettingsContainerBase::GetScreenGrouping(FString const&)
0xaac3654,28,FPreLoadScreenSlateThreadTask::Run()
0xaac3d04,60,FPreLoadScreenSlateThreadTask::Exit()
0xaac3d40,340,
0xaac4338,168,FPreLoadScreenSlateSynchMechanism::HandleWindowBeingDestroyed(SWindow const&)
0xaac43e0,32,FPreLoadScreenSlateSynchMechanism::IsSlateMainLoopRunning_AnyThread() const
0xaac682c,436,
0xaac69e0,436,
0xaac6b94,320,SSimplePreLoadScreenWidget::GetCurrentBackgroundImage() const
0xaac6f90,256,SSimplePreLoadScreenWidget::GetTextFont() const
0xaac7090,552,
0xaac72b8,324,SSimplePreLoadScreenWidget::GetCurrentScreenText() const
0xaac75a8,204,FBuildPatchServicesPreLoadManagerBase::~FBuildPatchServicesPreLoadManagerBase()
0xaac77d0,24,FBuildPatchServicesPreLoadManagerBase::GetDownloadProgress()
0xaac7868,112,FPreLoadScreenBase::~FPreLoadScreenBase()
0xaac7960,84,"FPreLoadScreenBase::OnPlay(TWeakPtr<SWindow, (ESPMode)1>)"
0xaac7a68,88,FPreLoadSettingsContainerBase::GetReferencerName() const
0xaac7b8c,336,FPreLoadSettingsContainerBase::FPreLoadSettingsContainerBase()
0xaac8670,4,
0xaac8674,8,
0xaac867c,8,
0xaac8684,8,
0xaac868c,16,
0xaac869c,8,
0xaac86a4,164,
0xaac8794,680,FPreLoadScreenManager::~FPreLoadScreenManager()
0xaac963c,720,
0xaaca8e0,344,
0xaacb4b4,296,
0xaacba18,288,
0xaacbfe4,456,
0xaaccc7c,68,
0xaaccde4,192,
0xaacd420,68,
0xaacd4c0,8,
0xaacd588,192,
0xaacdbc4,68,
0xaacdd24,8,
0xaacddec,44,
0xaacdfd4,460,
0xaacee84,704,FInstallBundleCombinedProgressTracker::SetupDelegates()
0xaad0574,780,FInstallBundleCombinedProgressTracker::GetCombinedProgressPercent() const
0xaad2788,264,FInstallBundleCache::SetPendingEvict(FName)
0xaad2f08,36,
0xaad2f54,40,
0xaad2fa4,40,
0xaad301c,40,
0xaad30e0,92,
0xaad336c,96,"IInstallBundleManager::GetInstallStateSynchronous(FName, bool) const"
0xaad342c,96,"IInstallBundleManager::RequestRemoveContentOnNextInit(FName, TArrayView<FName const, int>)"
0xaad3544,92,IInstallBundleManager::PauseUpdateContent(FName)
0xaad3668,380,
0xaad42e8,684,
0xaad4780,76,InstallBundleUtil::FInstallBundleManagerScreenSaverControl::DecDisable()
0xaad49a8,468,
0xaad50b0,768,"InstallBundleUtil::FContentRequestStatsMap::StatsBegin(FName, char16_t const*)"
0xaad66dc,84,
0xaad67dc,88,
0xaad6988,404,
0xaad6ffc,48,InstallBundleUtil::PersistentStats::FPersistentStatsBase::StatsEnd(bool)
0xaad702c,1924,InstallBundleUtil::PersistentStats::FPersistentStatsBase::HandleTimerStatsAfterDataLoad()
0xaad9a84,224,
0xaad9ed8,332,
0xaada254,336,
0xaada708,524,
0xaadbbc8,400,
0xaadd800,720,
0xaade4f4,196,InstallBundleUtil::PersistentStats::FPersistentStatsBase::~FPersistentStatsBase()
0xaadf19c,316,
0xaadfab8,4,
0xaadfac4,8,
0xaadfad4,16,
0xaadfaf4,164,
0xaadfdc8,8,
0xaadfdf0,164,
0xaadffd8,48,
0xaae0224,720,
0xaae1490,480,
0xaae1ba0,720,
0xaae28e4,296,
0xaae30a0,8,
0xaae30b0,8,
0xaae30d0,164,
0xaae3460,292,
0xaae3f60,328,
0xaae4be0,484,
0xaae53dc,8,
0xaae53fc,164,
0xaae5db0,288,
0xaae6c50,288,
0xaae76bc,1316,
0xaaef990,4,
0xaaef994,8,
0xaaef9ac,16,
0xaaefab4,272,
0xaaf0318,380,
0xaaf2810,4,EmptyLinkFunctionForGeneratedCodeClothConfig()
0xaaf2814,112,UEnum* StaticEnum<EClothMassMode>()
0xaaf294c,76,Z_Construct_UPackage__Script_ClothingSystemRuntimeCommon()
0xaaf2b68,8,void InternalConstructor<UClothConfigCommon>(FObjectInitializer const&)
0xaaf2b78,192,UClass* StaticClass<UClothConfigCommon>()
0xaaf2e40,8,UObject* InternalVTableHelperCtorCaller<UClothSharedConfigCommon>(FVTableHelper&)
0xaaf2e48,192,UClass* StaticClass<UClothSharedConfigCommon>()
0xaaf30f0,76,Z_Construct_UScriptStruct_FClothConfig_Legacy()
0xaaf31f8,76,Z_Construct_UScriptStruct_FClothConstraintSetup_Legacy()
0xaaf3388,4,EmptyLinkFunctionForGeneratedCodeClothingAsset()
0xaaf338c,4,UClothingAssetCustomData::StaticRegisterNativesUClothingAssetCustomData()
0xaaf3390,184,Z_Construct_UClass_UClothingAssetCustomData_NoRegister()
0xaaf363c,8,UObject* InternalVTableHelperCtorCaller<UClothingAssetCustomData>(FVTableHelper&)
0xaaf36fc,48,UClothingAssetCustomData::UClothingAssetCustomData(FVTableHelper&)
0xaaf38a8,76,Z_Construct_UScriptStruct_FClothLODDataCommon()
0xaaf3940,188,UClothingAssetCommon::GetPrivateStaticClass()
0xaaf3c78,76,Z_Construct_UScriptStruct_FClothPhysicalMeshData()
0xaaf3d9c,12,Get_Z_Construct_UScriptStruct_FClothParameterMask_Legacy_Hash()
0xaaf3e58,76,Z_Construct_UEnum_ClothingSystemRuntimeCommon_EWeightMapTargetCommon()
0xaaf401c,76,Z_Construct_UClass_UClothLODDataCommon_Legacy()
0xaaf41e4,72,UClothLODDataCommon_Legacy::UClothLODDataCommon_Legacy(FVTableHelper&)
0xaaf42c4,124,UScriptStruct* StaticStruct<FClothPhysicalMeshData>()
0xaaf452c,12,Get_Z_Construct_UScriptStruct_FPointWeightMap_Hash()
0xaaf45e8,260,UClothingAssetCommon::~UClothingAssetCommon()
0xaaf4ab8,8,UScriptStruct::TCppStructOps<FClothConfig_Legacy>::HasDestructor()
0xaaf4ac0,4,UScriptStruct::TCppStructOps<FClothConfig_Legacy>::Destruct(void*)
0xaaf4ac4,8,UScriptStruct::TCppStructOps<FClothConfig_Legacy>::HasSerializer()
0xaaf4adc,8,"UScriptStruct::TCppStructOps<FClothConfig_Legacy>::Serialize(FStructuredArchiveSlot, void*)"
0xaaf4aec,4,"UScriptStruct::TCppStructOps<FClothConfig_Legacy>::PostSerialize(FArchive const&, void*)"
0xaaf4b00,8,
0xaaf4b24,8,UScriptStruct::TCppStructOps<FClothConfig_Legacy>::IsPlainOldData()
0xaaf4b9c,12,
0xaaf4bb0,8,
0xaaf4bdc,8,UScriptStruct::TCppStructOps<FClothConfig_Legacy>::HasSerializeFromMismatchedTag()
0xaaf4bf4,8,
0xaaf4c34,4,
0xaaf4c4c,12,UScriptStruct::TCppStructOps<FClothConstraintSetup_Legacy>::Construct(void*)
0xaaf4c6c,4,UScriptStruct::TCppStructOps<FClothConstraintSetup_Legacy>::Destruct(void*)
0xaaf4c88,8,
0xaaf4cb4,8,UScriptStruct::TCppStructOps<FClothConstraintSetup_Legacy>::HasNetDeltaSerializer()
0xaaf4cd8,8,UScriptStruct::TCppStructOps<FClothConstraintSetup_Legacy>::HasCopy()
0xaaf4d20,8,
0xaaf4d54,8,
0xaaf4d74,32,UScriptStruct::TCppStructOps<FClothConstraintSetup_Legacy>::GetStructTypeHash(void const*)
0xaaf4e60,12,TClassCompiledInDefer<UClothingAssetCustomData>::ClassPackage() const
0xaaf4f40,8,UScriptStruct::TCppStructOps<FClothLODDataCommon>::HasZeroConstructor()
0xaaf4fc0,72,UScriptStruct::TCppStructOps<FClothLODDataCommon>::ConstructForTests(void*)
0xaaf5088,8,UScriptStruct::TCppStructOps<FClothLODDataCommon>::HasSerializer()
0xaaf5090,8,UScriptStruct::TCppStructOps<FClothLODDataCommon>::HasStructuredSerializer()
0xaaf50a0,8,"UScriptStruct::TCppStructOps<FClothLODDataCommon>::Serialize(FStructuredArchiveSlot, void*)"
0xaaf50b0,4,"UScriptStruct::TCppStructOps<FClothLODDataCommon>::PostSerialize(FArchive const&, void*)"
0xaaf50bc,8,UScriptStruct::TCppStructOps<FClothLODDataCommon>::HasNetSharedSerialization()
0xaaf50dc,8,UScriptStruct::TCppStructOps<FClothLODDataCommon>::HasPostScriptConstruct()
0xaaf5150,12,
0xaaf5184,12,UScriptStruct::TCppStructOps<FClothLODDataCommon>::AddStructReferencedObjects()
0xaaf51b8,32,UScriptStruct::TCppStructOps<FClothLODDataCommon>::GetStructTypeHash(void const*)
0xaaf594c,120,"TArray<FMeshToMeshVertData, TSizedDefaultAllocator<32> >::ResizeForCopy(int, int)"
0xaaf59c8,4,UScriptStruct::TCppStructOps<FClothParameterMask_Legacy>::~TCppStructOps()
0xaaf59dc,8,UScriptStruct::TCppStructOps<FClothParameterMask_Legacy>::Construct(void*)
0xaaf5a20,8,UScriptStruct::TCppStructOps<FClothParameterMask_Legacy>::HasSerializer()
0xaaf5a38,8,
0xaaf5a4c,8,UScriptStruct::TCppStructOps<FClothParameterMask_Legacy>::HasNetSerializer()
0xaaf5a64,8,UScriptStruct::TCppStructOps<FClothParameterMask_Legacy>::HasNetDeltaSerializer()
0xaaf5a7c,4,UScriptStruct::TCppStructOps<FClothParameterMask_Legacy>::PostScriptConstruct(void*)
0xaaf5b50,8,UScriptStruct::TCppStructOps<FClothParameterMask_Legacy>::HasIdentical()
0xaaf5b6c,8,
0xaaf5b84,8,UScriptStruct::TCppStructOps<FClothParameterMask_Legacy>::HasAddStructReferencedObjects()
0xaaf5b98,8,UScriptStruct::TCppStructOps<FClothParameterMask_Legacy>::HasSerializeFromMismatchedTag()
0xaaf5bb0,8,
0xaaf5bc0,32,UScriptStruct::TCppStructOps<FClothParameterMask_Legacy>::GetStructTypeHash(void const*)
0xaaf5cc0,8,UScriptStruct::TCppStructOps<FClothPhysicalMeshData>::HasZeroConstructor()
0xaaf5ce0,8,UScriptStruct::TCppStructOps<FClothPhysicalMeshData>::Destruct(void*)
0xaaf5d1c,8,UScriptStruct::TCppStructOps<FClothPhysicalMeshData>::HasNetSharedSerialization()
0xaaf5d3c,8,UScriptStruct::TCppStructOps<FClothPhysicalMeshData>::HasPostScriptConstruct()
0xaaf5d58,80,"UScriptStruct::TCppStructOps<FClothPhysicalMeshData>::Copy(void*, void const*, int)"
0xaaf5e70,8,UScriptStruct::TCppStructOps<FPointWeightMap>::HasDestructor()
0xaaf5ec4,8,UScriptStruct::TCppStructOps<FPointWeightMap>::HasPostSerialize()
0xaaf5ee0,8,
0xaaf5fcc,8,UScriptStruct::TCppStructOps<FPointWeightMap>::HasImportTextItem()
0xaaf5ff0,8,UScriptStruct::TCppStructOps<FPointWeightMap>::HasSerializeFromMismatchedTag()
0xaaf6038,8,UScriptStruct::TCppStructOps<FPointWeightMap>::GetComputedPropertyFlags() const
0xaaf681c,36,FClothConstraintSetupNv::MigrateFrom(FClothConstraintSetup_Legacy const&)
0xaaf6b44,376,UClothConfigNv::MigrateTo(FClothConfig_Legacy&) const
0xaaf70c0,192,UClothingSimulationInteractorNv::~UClothingSimulationInteractorNv()
0xaaf7824,76,Z_Construct_UEnum_ClothingSystemRuntimeNv_EClothingWindMethodNv()
0xaaf78bc,124,FClothConstraintSetupNv::StaticStruct()
0xaaf7cd0,8,void InternalConstructor<UClothConfigNv>(FObjectInitializer const&)
0xaaf7d9c,108,UClothConfigNv::UClothConfigNv(FVTableHelper&)
0xaaf7fe0,188,UClothingSimulationFactoryNv::GetPrivateStaticClass()
0xaaf8434,76,Z_Construct_UFunction_UClothingSimulationInteractorNv_SetAnimDriveDamperStiffness()
0xaaf8658,8,UObject* InternalVTableHelperCtorCaller<UClothingSimulationInteractorNv>(FVTableHelper&)
0xaaf871c,52,UClothingSimulationInteractorNv::UClothingSimulationInteractorNv(FVTableHelper&)
0xaaf88d4,76,Z_Construct_UClass_UClothPhysicalMeshDataNv_Legacy()
0xaaf8ae8,36,UClothConfigNv::~UClothConfigNv()
0xaaf8b14,8,UScriptStruct::TCppStructOps<FClothConstraintSetupNv>::HasNoopConstructor()
0xaaf8b1c,8,UScriptStruct::TCppStructOps<FClothConstraintSetupNv>::HasZeroConstructor()
0xaaf8b34,8,UScriptStruct::TCppStructOps<FClothConstraintSetupNv>::HasDestructor()
0xaaf8b48,8,UScriptStruct::TCppStructOps<FClothConstraintSetupNv>::HasStructuredSerializer()
0xaaf8b6c,8,UScriptStruct::TCppStructOps<FClothConstraintSetupNv>::HasNetSerializer()
0xaaf8b9c,4,UScriptStruct::TCppStructOps<FClothConstraintSetupNv>::PostScriptConstruct(void*)
0xaaf8ba8,8,UScriptStruct::TCppStructOps<FClothConstraintSetupNv>::HasCopy()
0xaaf8bf8,8,UScriptStruct::TCppStructOps<FClothConstraintSetupNv>::HasImportTextItem()
0xaaf8c1c,8,UScriptStruct::TCppStructOps<FClothConstraintSetupNv>::HasSerializeFromMismatchedTag()
0xaaf8c34,8,
0xaaf8c78,188,TClassCompiledInDefer<UClothConfigNv>::Register() const
0xaaf9c7c,1368,"detexDecompressBlockBC1A(unsigned char const*, unsigned int, unsigned int, unsigned char*)"
0xaaff994,2628,"ProcessBlockETC2PunchthroughDifferentialMode(unsigned char const*, unsigned char*) | ProcessBlockETC2PunchthroughDifferentialMode ETC2解压"
0xab01e68,196,
0xab021b0,112,
0xab0238c,236,
0xab0288c,124,
0xab02990,164,
0xab02ab8,196,
0xab02e48,480,
0xab03644,136,
0xab037dc,136,
0xab03904,8,
0xab0391c,128,
0xab03c3c,176,
0xab03dd0,152,
0xab04150,92,"detexConvertHalfFloatToFloat(unsigned short*, int, float*)"
0xab041ac,232,"detexConvertFloatToHalfFloat(float*, int, unsigned short*)"
0xab046e4,720,"detexConvertHDRFloatToFloat(float*, int)"
0xab05c7c,176,AndroidESPImpl::AndroidESPImpl()
0xab05f08,52,"AndroidEGL::InitSurface(bool, bool)"
0xab05f3c,68,AndroidEGL::SetCurrentRenderingContext()
0xab06138,156,AndroidEGL::UnBindRender()
0xab06598,368,AndroidEGL::InitSharedSurface(bool)
0xab06d6c,12,AndroidEGL::IsInitialized()
0xab06da0,12,AndroidEGL::GetDisplay() const
0xab06e08,12,AndroidEGL::GetNativeWindow() const
0xab06e58,188,AndroidEGL::ReleaseContextOwnership()
0xab07494,168,FAndroidAppEntry::OnPauseEvent()
0xab07d0c,36,
0xab07d54,36,
0xab07d9c,36,
0xab08090,36,
0xab080b4,36,
0xab080d8,124,FPlatformOpenGLDevice::~FPlatformOpenGLDevice()
0xab08154,120,FAndroidAppEntry::ReleaseEGL()
0xab081cc,4,FPlatformOpenGLDevice::FPlatformOpenGLDevice()
0xab081d0,440,FPlatformOpenGLDevice::Init()
0xab08aa0,44,PlatformCreateOpenGLDevice()
0xab08acc,12,PlatformCanEnableGPUCapture()
0xab08ad8,4,"PlatformReleaseOpenGLContext(FPlatformOpenGLDevice*, FPlatformOpenGLContext*)"
0xab08e18,312,ShouldUseGPUFencesToLimitLatency()
0xab09150,4,PlatformRestoreDesktopDisplayMode()
0xab09154,1152,PlatformInitOpenGL()
0xab0ca90,36,FAndroidOpenGLFramePacer::~FAndroidOpenGLFramePacer()
0xab0cd5c,40,
0xab0cdb4,44,
0xab0cde0,80,FAndroidOpenGLFramePacer::SupportsFramePace(int)
0xab0e2cc,44,
0xab0e328,40,
0xab0e3d0,40,
0xab0e44c,36,
0xab0e49c,44,
0xab0e5a0,56,
0xab0e5e4,16,non-virtual thunk to FOpenGLDynamicRHI::RHISetRasterizerState(FRHIRasterizerState*)
0xab0e7cc,64,"FOpenGLDynamicRHI::RHISetViewport(float, float, float, float, float, float)"
0xab0e80c,28,
0xab0e828,64,
0xab0e868,28,
0xab0ebac,8,non-virtual thunk to FOpenGLDynamicRHI::RHISetBoundShaderState(FRHIBoundShaderState*)
0xab0ebbc,224,
0xab0edd0,4,
0xab0edd4,4,
0xab0ee10,12,"FOpenGLDynamicRHI::InternalSetSamplerStates(int, FOpenGLSamplerState*)"
0xab0ee1c,624,
0xab0f928,40,"FOpenGLDynamicRHI::RHISetShaderSampler(FRHIGraphicsShader*, unsigned int, FRHISamplerState*)"
0xab0f958,168,
0xab0fc28,264,"FOpenGLDynamicRHI::RHISetShaderTexture(FRHIComputeShader*, unsigned int, FRHITexture*)"
0xab0ff88,68,
0xab100c8,60,
0xab1015c,8,FOpenGLDynamicRHI::RHISetStencilRef(unsigned int)
0xab1016c,952,FOpenGLDynamicRHI::UpdateDepthStencilStateInOpenGLContext(FOpenGLContextState&)
0xab11a04,1232,
0xab142bc,8,
0xab142c4,1120,
0xab15670,4,
0xab1567c,4,non-virtual thunk to FOpenGLDynamicRHI::RHIEnableDepthBoundsTest(bool)
0xab15688,4,FOpenGLDynamicRHI::RHISubmitCommandsHint()
0xab15690,8,FOpenGLDynamicRHI::RHIGetDefaultContext()
0xab16030,812,FOpenGLContextState::FOpenGLContextState()
0xab16cbc,120,OnQueryInvalidation()
0xab16d34,100,FOpenGLDynamicRHI::InvalidateQueries()
0xab16f28,160,CachedBindArrayBuffer(unsigned int)
0xab17228,240,FOpenGLDynamicRHI::RHIBeginFrame()
0xab17b98,372,FOpenGLDynamicRHI::RHIBeginScene()
0xab185a4,40,
0xab185cc,40,
0xab185f4,56,FOpenGLDynamicRHIModule::CreateRHI(ERHIFeatureLevel::Type)
0xab1862c,9972,FOpenGLDynamicRHI::FOpenGLDynamicRHI() | FOpenGLDynamicRHI::FOpenGLDynamicRHI OpenGL ES RHI构造
0xae86540,188,TClassCompiledInDefer<UBTDecorator_ConditionalLoop>::Register() const
0xae86b80,188,TClassCompiledInDefer<UBTDecorator_Loop>::Register() const
0xae871c0,192,TClassCompiledInDefer<UBTService_BlackboardBase>::Register() const
0xae886b0,76,Z_Construct_UClass_UBTTaskNode()
0xae88748,188,UBTTask_FinishWithResult::GetPrivateStaticClass()
0xae88dc4,188,UBTTask_MakeNoise::StaticClass()
0xae893b8,192,UBTTask_MoveTo::StaticClass()
0xae89a70,192,UBTTask_PawnActionBase::GetPrivateStaticClass()
0xae8a004,4,UBTTask_PlaySound::StaticRegisterNativesUBTTask_PlaySound()
0xae8a0c4,188,UBTTask_PlaySound::StaticClass()
0xae8a628,8,UObject* InternalVTableHelperCtorCaller<UBTTask_PushPawnAction>(FVTableHelper&)
0xae8a6ec,60,UBTTask_PushPawnAction::UBTTask_PushPawnAction(FVTableHelper&)
0xae8a8fc,192,UBTTask_RotateToFaceBBEntry::GetPrivateStaticClass()
0xae8ae64,188,Z_Construct_UClass_UBTTask_RunBehaviorDynamic_NoRegister()
0xae8b434,12,Z_Construct_UClass_UBTTask_RunEQSQuery_Statics::NewProp_bUseBBKey_SetBit(void*)
0xae8b548,12,void InternalConstructor<UBTTask_RunEQSQuery>(FObjectInitializer const&)
0xae8b554,8,UObject* InternalVTableHelperCtorCaller<UBTTask_RunEQSQuery>(FVTableHelper&)
0xae8b690,4,EmptyLinkFunctionForGeneratedCodeBTTask_SetTagCooldown()
0xae8b694,4,UBTTask_SetTagCooldown::StaticRegisterNativesUBTTask_SetTagCooldown()
0xae8b698,188,Z_Construct_UClass_UBTTask_SetTagCooldown_NoRegister()
0xae8bc04,188,UBTTask_Wait::GetPrivateStaticClass()
0xae8c24c,16,Z_Construct_UClass_UBTTaskNode_Statics::NewProp_bIgnoreRestartSelf_SetBit(void*)
0xae8c25c,192,UBTTaskNode::GetPrivateStaticClass()
0xae8c844,188,UCrowdFollowingComponent::StaticRegisterNativesUCrowdFollowingComponent()
0xae8cf04,12,Get_Z_Construct_UScriptStruct_FCrowdAvoidanceConfig_Hash()
0xae8cf10,92,UScriptStruct* StaticStruct<FCrowdAvoidanceConfig>()
0xae8d254,192,UClass* StaticClass<UCrowdManager>()
0xae8d904,12,void InternalConstructor<UEnvQuery>(FObjectInitializer const&)
0xae8d910,8,UObject* InternalVTableHelperCtorCaller<UEnvQuery>(FVTableHelper&)
0xae8d9d4,60,UEnvQuery::UEnvQuery(FVTableHelper&)
0xae8dc8c,12,void InternalConstructor<UEnvQueryContext>(FObjectInitializer const&)
0xae8dc98,8,UObject* InternalVTableHelperCtorCaller<UEnvQueryContext>(FVTableHelper&)
0xae8dca0,184,UClass* StaticClass<UEnvQueryContext>()
0xae8e2a4,192,Z_Construct_UClass_UEnvQueryContext_BlueprintBase_NoRegister()
0xae8e870,12,void InternalConstructor<UEnvQueryContext_Item>(FObjectInitializer const&)
0xae8e884,188,UClass* StaticClass<UEnvQueryContext_Item>()
0xae8eebc,184,UEnvQueryDebugHelpers::GetPrivateStaticClass()
0xae8f358,192,UClass* StaticClass<UEnvQueryGenerator>()
0xae8f7f8,4,EmptyLinkFunctionForGeneratedCodeEnvQueryGenerator_BlueprintBase()
0xae8f8d8,168,"UEnvQueryGenerator_BlueprintBase::execAddGeneratedVector(UObject*, FFrame&, void*)"
0xae8fd4c,192,Z_Construct_UClass_UEnvQueryGenerator_BlueprintBase_NoRegister()
0xae90298,8,UObject* InternalVTableHelperCtorCaller<UEnvQueryGenerator_Composite>(FVTableHelper&)
0xae9035c,64,UEnvQueryGenerator_Composite::UEnvQueryGenerator_Composite(FVTableHelper&)
0xae905c4,188,UEnvQueryGenerator_Cone::GetPrivateStaticClass()
0xae90ba0,188,UClass* StaticClass<UEnvQueryGenerator_CurrentLocation>()
0xae91100,80,
0xae91330,16,Z_Construct_UClass_UEnvQueryGenerator_OnCircle_Statics::NewProp_bDefineArc_SetBit(void*)
0xae9138c,188,UEnvQueryGenerator_OnCircle::GetPrivateStaticClass()
0xae91af4,124,UEnvQueryGenerator_SimpleGrid::UEnvQueryGenerator_SimpleGrid(FVTableHelper&)
0xae91dd4,188,Z_Construct_UClass_UEnvQueryGenerator_SimpleGrid_NoRegister()
0xae92428,12,TClassCompiledInDefer<UBTTask_MoveTo>::ClassPackage() const
0xae92434,192,TClassCompiledInDefer<UBTTask_PawnActionBase>::Register() const
0xae92a7c,188,TClassCompiledInDefer<UBTTask_SetTagCooldown>::Register() const
0xae92f44,8,UScriptStruct::TCppStructOps<FCrowdAvoidanceSamplingPattern>::HasZeroConstructor()
0xae92f58,12,UScriptStruct::TCppStructOps<FCrowdAvoidanceSamplingPattern>::ConstructForTests(void*)
0xae92fb8,8,"UScriptStruct::TCppStructOps<FCrowdAvoidanceSamplingPattern>::Serialize(FArchive&, void*)"
0xae92fec,8,UScriptStruct::TCppStructOps<FCrowdAvoidanceSamplingPattern>::HasNetDeltaSerializer()
0xae93018,228,"UScriptStruct::TCppStructOps<FCrowdAvoidanceSamplingPattern>::Copy(void*, void const*, int)"
0xae934e0,188,TClassCompiledInDefer<UEnvQuery>::Register() const
0xae93a58,188,TClassCompiledInDefer<UEnvQueryGenerator_ActorsOfClass>::Register() const
0xae93fd4,188,TClassCompiledInDefer<UEnvQueryGenerator_PathingGrid>::Register() const
0xae95a74,156,"UEnvQueryInstanceBlueprintWrapper::execGetResultsAsActors(UObject*, FFrame&, void*)"
0xae95ebc,76,Z_Construct_UFunction_UEnvQueryInstanceBlueprintWrapper_GetItemScore()
0xae9609c,184,Z_Construct_UClass_UEnvQueryItemType_NoRegister()
0xae964e4,184,UEnvQueryItemType::GetPrivateStaticClass()
0xae96978,8,UObject* InternalVTableHelperCtorCaller<UEnvQueryItemType_Actor>(FVTableHelper&)
0xae96b2c,48,UEnvQueryItemType_ActorBase::UEnvQueryItemType_ActorBase(FVTableHelper&)
0xae96c24,76,Z_Construct_UClass_UEnvQueryItemType_VectorBase()
0xae96ef0,48,UEnvQueryItemType_VectorBase::UEnvQueryItemType_VectorBase(FVTableHelper&)
0xae970a0,76,Z_Construct_UClass_UEnvQueryItemType_Direction()
0xae971a8,12,void InternalConstructor<UEnvQueryItemType_Direction>(FObjectInitializer const&)
0xae971b4,8,UObject* InternalVTableHelperCtorCaller<UEnvQueryItemType_Direction>(FVTableHelper&)
0xae972ac,4,UEnvQueryItemType_Point::StaticRegisterNativesUEnvQueryItemType_Point()
0xae972b0,188,Z_Construct_UClass_UEnvQueryItemType_Point_NoRegister()
0xae977f0,8,UObject* InternalVTableHelperCtorCaller<UEnvQueryItemType_VectorBase>(FVTableHelper&)
0xae978b8,4,EmptyLinkFunctionForGeneratedCodeEnvQueryManager()
0xae978bc,92,FEnvQueryInstanceCache::StaticStruct()
0xae97aa8,12,Get_Z_Construct_UScriptStruct_FEnvQueryRequest_Hash()
0xae97ab4,92,UScriptStruct* StaticStruct<FEnvQueryRequest>()
0xae97ee0,76,Z_Construct_UClass_UEnvQueryManager()
0xae98044,192,UEnvQueryManager::GetPrivateStaticClass()
0xae98438,12,void InternalConstructor<UEnvQueryNode>(FObjectInitializer const&)
0xae98538,4,UEnvQueryOption::StaticRegisterNativesUEnvQueryOption()
0xae985f0,180,UEnvQueryOption::StaticClass()
0xae98a04,12,Get_Z_Construct_UEnum_AIModule_EEQSNormalizationType_Hash()
0xae98a10,76,Z_Construct_UEnum_AIModule_EEQSNormalizationType()
0xae98c50,76,Z_Construct_UEnum_AIModule_EEnvTestScoreEquation()
0xae98e24,192,UClass* StaticClass<UEnvQueryTest>()
0xae993a4,132,UEnvQueryTest_Distance::UEnvQueryTest_Distance(FVTableHelper&)
0xae996ec,12,Z_Construct_UClass_UEnvQueryTest_Dot_Statics::NewProp_bAbsoluteValue_SetBit(void*)
0xae99744,188,UEnvQueryTest_Dot::GetPrivateStaticClass()
0xae99c10,8,UObject* InternalVTableHelperCtorCaller<UEnvQueryTest_GameplayTags>(FVTableHelper&)
0xae99d68,4,EmptyLinkFunctionForGeneratedCodeEnvQueryTest_Overlap()
0xae99d70,188,Z_Construct_UClass_UEnvQueryTest_Overlap_NoRegister()
0xae9a27c,76,Z_Construct_UEnum_AIModule_EEnvTestPathfinding()
0xae9a490,188,UEnvQueryTest_Pathfinding::GetPrivateStaticClass()
0xae9a93c,12,void InternalConstructor<UEnvQueryTest_PathfindingBatch>(FObjectInitializer const&)
0xae9aabc,4,UEnvQueryTest_Project::StaticRegisterNativesUEnvQueryTest_Project()
0xae9ab7c,188,UEnvQueryTest_Project::StaticClass()
0xae9b0dc,188,UEnvQueryTest_Random::GetPrivateStaticClass()
0xae9b570,12,void InternalConstructor<UEnvQueryTest_Trace>(FObjectInitializer const&)
0xae9b584,188,UClass* StaticClass<UEnvQueryTest_Trace>()
0xae9bb08,4,EmptyLinkFunctionForGeneratedCodeEnvQueryTypes()
0xae9bb5c,80,
0xae9bc58,12,Get_Z_Construct_UEnum_AIModule_EEnvDirection_Hash()
0xae9bd00,80,
0xae9bf40,12,Get_Z_Construct_UEnum_AIModule_EEnvQueryTrace_Hash()
0xae9bf4c,76,Z_Construct_UEnum_AIModule_EEnvQueryTrace()
0xae9c188,80,UEnum* StaticEnum<EEnvQueryRunMode::Type>()
0xae9c3dc,80,
0xae9c5dc,76,Z_Construct_UEnum_AIModule_EEnvTestWeight()
0xae9c7d0,80,
0xae9c93c,52,Z_Construct_UScriptStruct_FEQSParametrizedQueryExecutionRequest_Statics::NewStructOps()
0xae9cb6c,12,Get_Z_Construct_UScriptStruct_FEnvQueryResult_Hash()
0xae9cbd4,52,Z_Construct_UScriptStruct_FEnvQueryResult_Statics::NewStructOps()
0xae9cd10,16,Z_Construct_UScriptStruct_FEnvOverlapData_Statics::NewProp_bOverlapComplex_SetBit(void*)
0xae9ce38,16,Z_Construct_UScriptStruct_FEnvTraceData_Statics::NewProp_bOnlyBlockingHits_SetBit(void*)
0xae9ce58,16,Z_Construct_UScriptStruct_FEnvTraceData_Statics::NewProp_bCanTraceOnGeometry_SetBit(void*)
0xae9cee4,12,Get_Z_Construct_UScriptStruct_FEnvDirection_Hash()
0xae9cf4c,52,Z_Construct_UScriptStruct_FEnvDirection_Statics::NewStructOps()
0xae9d0c8,184,Z_Construct_UClass_UEnvQueryTypes_NoRegister()
0xae9d578,192,UEQSQueryResultSourceInterface::GetPrivateStaticClass()
0xae9dafc,80,UEnum* StaticEnum<EEnvQueryHightlightMode>()
0xae9dd78,16,Z_Construct_UClass_AEQSTestingPawn_Statics::NewProp_bDrawLabels_SetBit(void*)
0xae9dd98,16,
0xae9de14,192,AEQSTestingPawn::GetPrivateStaticClass()
0xae9e41c,12,TClassCompiledInDefer<UEnvQueryItemType_Direction>::ClassPackage() const
0xae9e4e4,12,TClassCompiledInDefer<UEnvQueryItemType_Point>::ClassPackage() const
0xae9e4f0,192,TClassCompiledInDefer<UEnvQueryItemType_VectorBase>::Register() const
0xae9e794,8,UScriptStruct::TCppStructOps<FEnvQueryInstanceCache>::HasSerializeFromMismatchedTag()
0xae9e7dc,8,UScriptStruct::TCppStructOps<FEnvQueryInstanceCache>::GetComputedPropertyFlags() const
0xae9e7fc,8,UScriptStruct::TCppStructOps<FEnvQueryRequest>::HasZeroConstructor()
0xae9e904,8,UScriptStruct::TCppStructOps<FEnvQueryRequest>::HasSerializer()
0xae9e91c,8,"UScriptStruct::TCppStructOps<FEnvQueryRequest>::Serialize(FStructuredArchiveSlot, void*)"
0xae9e940,8,
0xae9e9d0,8,UScriptStruct::TCppStructOps<FEnvQueryRequest>::HasIdentical()
0xae9e9fc,8,
0xae9ea30,8,
0xae9ea60,8,UScriptStruct::TCppStructOps<FEnvQueryRequest>::GetComputedPropertyFlags() const
0xae9eb40,184,TClassCompiledInDefer<UEnvQueryNode>::Register() const
0xae9efdc,12,TClassCompiledInDefer<UEnvQueryTest_GameplayTags>::ClassPackage() const
0xae9f178,188,TClassCompiledInDefer<UEnvQueryTest_PathfindingBatch>::Register() const
0xae9f56c,8,UScriptStruct::TCppStructOps<FEQSParametrizedQueryExecutionRequest>::HasZeroConstructor()
0xae9f57c,8,UScriptStruct::TCppStructOps<FEQSParametrizedQueryExecutionRequest>::ConstructForTests(void*)
0xae9f614,8,
0xae9f638,8,
0xae9f660,4,
0xae9f674,224,
0xae9faa0,28,UScriptStruct::TCppStructOps<FEnvQueryResult>::Construct(void*)
0xae9fb44,4,"UScriptStruct::TCppStructOps<FEnvQueryResult>::PostSerialize(FArchive const&, void*)"
0xae9fb78,4,UScriptStruct::TCppStructOps<FEnvQueryResult>::PostScriptConstruct(void*)
0xae9fc94,8,UScriptStruct::TCppStructOps<FEnvQueryResult>::HasIdentical()
0xae9fcc0,8,
0xae9fd24,8,UScriptStruct::TCppStructOps<FEnvQueryResult>::GetComputedPropertyFlags() const
0xae9fd44,8,UScriptStruct::TCppStructOps<FEnvOverlapData>::HasZeroConstructor()
0xae9fdd4,4,UScriptStruct::TCppStructOps<FEnvOverlapData>::Destruct(void*)
0xae9fdf0,8,"UScriptStruct::TCppStructOps<FEnvOverlapData>::Serialize(FStructuredArchiveSlot, void*)"
0xae9fe0c,8,UScriptStruct::TCppStructOps<FEnvOverlapData>::HasNetSharedSerialization()
0xae9fe2c,8,UScriptStruct::TCppStructOps<FEnvOverlapData>::HasPostScriptConstruct()
0xae9fe48,44,"UScriptStruct::TCppStructOps<FEnvOverlapData>::Copy(void*, void const*, int)"
0xae9ff04,8,UScriptStruct::TCppStructOps<FEnvOverlapData>::GetComputedPropertyFlags() const
0xae9ff1c,8,UScriptStruct::TCppStructOps<FEnvTraceData>::HasNoopConstructor()
0xae9ffa0,8,UScriptStruct::TCppStructOps<FEnvTraceData>::HasSerializer()
0xae9ffb0,8,"UScriptStruct::TCppStructOps<FEnvTraceData>::Serialize(FArchive&, void*)"
0xae9ffd4,8,UScriptStruct::TCppStructOps<FEnvTraceData>::HasNetSharedSerialization()
0xae9ffec,8,"UScriptStruct::TCppStructOps<FEnvTraceData>::NetDeltaSerialize(FNetDeltaSerializeInfo&, void*)"
0xaea0050,8,UScriptStruct::TCppStructOps<FEnvTraceData>::HasExportTextItem()
0xaea0078,12,UScriptStruct::TCppStructOps<FEnvTraceData>::AddStructReferencedObjects()
0xaea00dc,4,
0xaea0100,16,UScriptStruct::TCppStructOps<FEnvDirection>::ConstructForTests(void*)
0xaea0158,8,
0xaea018c,44,"UScriptStruct::TCppStructOps<FEnvDirection>::Copy(void*, void const*, int)"
0xaea0258,4,
0xaea0298,4,UScriptStruct::TCppStructOps<FEnvNamedValue>::Destruct(void*)
0xaea02b4,8,"UScriptStruct::TCppStructOps<FEnvNamedValue>::Serialize(FStructuredArchiveSlot, void*)"
0xaea02e0,8,UScriptStruct::TCppStructOps<FEnvNamedValue>::HasNetDeltaSerializer()
0xaea030c,44,"UScriptStruct::TCppStructOps<FEnvNamedValue>::Copy(void*, void const*, int)"
0xaea0494,12,TClassCompiledInDefer<UEnvQueryTypes>::ClassPackage() const
0xaea0704,5212,INIT_1132: 浮点常量表初始化(1.0/pi/1/44100等)
0xaee97ec,4,
0xaee9808,4,
0xaee9824,4,
0xaee9938,452,
0xaee9c54,788,
0xaeea3d4,184,"TArray<FChaosTrailingEventData, TSizedDefaultAllocator<32> >::ResizeGrow(int)"
0xaeea5dc,176,"TArray<FGeometryCollectionRepPose, TSizedDefaultAllocator<32> >::ResizeShrink()"
0xaeeaa10,12,
0xaeeaa1c,48,
0xaeeaa60,4,
0xaeeabf4,8,
0xaeeac04,44,
0xaeeacd0,336,
0xaeeb1e0,136,
0xaeeb5c8,4,
0xaeeb5cc,8,
0xaeeb634,32,
0xaeeb6f8,56,
0xaeeb82c,184,"TArray<FSharedSimulationSizeSpecificData, TSizedDefaultAllocator<32> >::ResizeShrink()"
0xaeec1c0,344,
0xaeec630,528,
0xaeed174,1312,
0xaeef0a0,272,
0xaeef808,1420,
0xaef4578,76,Z_Construct_UClass_AGeometryCollectionActor()
0xaef46d0,192,Z_Construct_UClass_UGeometryCollectionDebugDrawComponent_NoRegister()
0xaef4a10,180,UGeometryCollectionCache::StaticClass()
0xaef4db0,76,Z_Construct_UClass_UGeometryCollectionComponent()
0xaef4ee0,124,FGeometryCollectionRepData::StaticStruct()
0xaef51b4,52,Z_Construct_UScriptStruct_FGeomComponentCacheParameters_Statics::NewStructOps()
0xaef53bc,176,"UGeometryCollectionComponent::execSetNotifyBreaks(UObject*, FFrame&, void*)"
0xaef58c4,192,UGeometryCollectionComponent::StaticClass()
0xaef5ac0,76,Z_Construct_UFunction_UGeometryCollectionComponent_ReceivePhysicsCollision()
0xaef5d4c,96,
0xaef5f60,76,Z_Construct_UEnum_GeometryCollectionEngine_EGeometryCollectionDebugDrawActorHideGeometry()
0xaef6130,124,FGeometryCollectionDebugDrawWarningMessage::StaticStruct()
0xaef644c,12,
0xaef647c,12,
0xaef64ac,12,
0xaef64e8,12,
0xaef6524,12,
0xaef6560,12,
0xaef65d0,192,AGeometryCollectionDebugDrawActor::GetPrivateStaticClass()
0xaef6b58,112,UEnum* StaticEnum<ECollectionGroupEnum>()
0xaef6ea0,124,UScriptStruct* StaticStruct<FGeometryCollectionSizeSpecificData>()
0xaef7198,12,Z_Construct_UClass_UGeometryCollection_Statics::NewProp_bMassAsDensity_SetBit(void*)
0xaef72b0,12,void InternalConstructor<UGeometryCollection>(FObjectInitializer const&)
0xaef73c8,12,UGeometryCollection::Serialize(FStructuredArchiveRecord)
0xaef749c,12,
0xaef74b4,76,Z_Construct_UClass_AGeometryCollectionRenderLevelSetActor()
0xaef7694,48,AGeometryCollectionRenderLevelSetActor::AGeometryCollectionRenderLevelSetActor(FVTableHelper&)
0xaef7814,192,Z_Construct_UClass_USkeletalMeshSimulationComponent_NoRegister()
0xaef7d84,76,Z_Construct_UClass_UStaticMeshSimulationComponent()
0xaef7e1c,76,Z_Construct_UFunction_UStaticMeshSimulationComponent_ReceivePhysicsCollision()
0xaef821c,192,TClassCompiledInDefer<UChaosDestructionListener>::Register() const
0xaef8414,8,
0xaef8434,8,UScriptStruct::TCppStructOps<FChaosBreakingEventRequestSettings>::HasGetTypeHash()
0xaef8474,8,UScriptStruct::TCppStructOps<FChaosBreakingEventData>::HasNoopConstructor()
0xaef84f0,8,UScriptStruct::TCppStructOps<FChaosBreakingEventData>::HasStructuredSerializer()
0xaef8514,8,UScriptStruct::TCppStructOps<FChaosBreakingEventData>::HasNetSerializer()
0xaef853c,8,UScriptStruct::TCppStructOps<FChaosBreakingEventData>::HasPostScriptConstruct()
0xaef8558,44,"UScriptStruct::TCppStructOps<FChaosBreakingEventData>::Copy(void*, void const*, int)"
0xaef8624,4,
0xaef866c,4,UScriptStruct::TCppStructOps<FChaosCollisionEventRequestSettings>::Destruct(void*)
0xaef86b4,8,UScriptStruct::TCppStructOps<FChaosCollisionEventRequestSettings>::HasNetDeltaSerializer()
0xaef870c,8,UScriptStruct::TCppStructOps<FChaosCollisionEventRequestSettings>::HasIdentical()
0xaef8754,8,
0xaef877c,32,
0xaef888c,4,UScriptStruct::TCppStructOps<FChaosCollisionEventData>::Destruct(void*)
0xaef88b0,8,UScriptStruct::TCppStructOps<FChaosCollisionEventData>::HasPostSerialize()
0xaef88e4,8,UScriptStruct::TCppStructOps<FChaosCollisionEventData>::HasPostScriptConstruct()
0xaef8948,12,
0xaef8988,8,UScriptStruct::TCppStructOps<FChaosCollisionEventData>::HasSerializeFromMismatchedTag()
0xaef89d8,8,UScriptStruct::TCppStructOps<FChaosCollisionEventData>::IsAbstract() const
0xaef8a28,4,UScriptStruct::TCppStructOps<FChaosTrailingEventRequestSettings>::Destruct(void*)
0xaef8a4c,8,UScriptStruct::TCppStructOps<FChaosTrailingEventRequestSettings>::HasPostSerialize()
0xaef8a94,8,UScriptStruct::TCppStructOps<FChaosTrailingEventRequestSettings>::HasCopy()
0xaef8af4,8,
0xaef8b78,8,UScriptStruct::TCppStructOps<FChaosTrailingEventData>::HasZeroConstructor()
0xaef8c2c,8,
0xaef8c58,8,UScriptStruct::TCppStructOps<FChaosTrailingEventData>::HasNetDeltaSerializer()
0xaef8c84,48,"UScriptStruct::TCppStructOps<FChaosTrailingEventData>::Copy(void*, void const*, int)"
0xaef8ed8,12,TClassCompiledInDefer<UGeometryCollectionCache>::ClassPackage() const
0xaef8f4c,8,UScriptStruct::TCppStructOps<FGeometryCollectionRepData>::HasStructuredSerializer()
0xaef8f6c,4,
0xaef8f98,8,UScriptStruct::TCppStructOps<FGeometryCollectionRepData>::HasPostScriptConstruct()
0xaef9054,8,UScriptStruct::TCppStructOps<FGeometryCollectionRepData>::HasIdentical()
0xaef90b4,8,UScriptStruct::TCppStructOps<FGeometryCollectionRepData>::HasAddStructReferencedObjects()
0xaef90d8,8,
0xaef91b4,8,UScriptStruct::TCppStructOps<FGeomComponentCacheParameters>::HasNoopConstructor()
0xaef91d4,8,UScriptStruct::TCppStructOps<FGeomComponentCacheParameters>::HasDestructor()
0xaef91e0,8,UScriptStruct::TCppStructOps<FGeomComponentCacheParameters>::HasSerializer()
0xaef9200,8,UScriptStruct::TCppStructOps<FGeomComponentCacheParameters>::HasPostSerialize()
0xaef9224,8,UScriptStruct::TCppStructOps<FGeomComponentCacheParameters>::HasNetDeltaSerializer()
0xaef9250,64,"UScriptStruct::TCppStructOps<FGeomComponentCacheParameters>::Copy(void*, void const*, int)"
0xaef9450,8,
0xaef948c,8,
0xaef9510,8,
0xaef956c,8,
0xaef9594,4,UScriptStruct::TCppStructOps<FGeometryCollectionDebugDrawWarningMessage>::Construct(void*)
0xaef95b8,8,
0xaef9610,8,UScriptStruct::TCppStructOps<FGeometryCollectionDebugDrawWarningMessage>::HasCopy()
0xaef9654,8,
0xaef96b0,12,
0xaef9854,12,TClassCompiledInDefer<UGeometryCollectionDebugDrawComponent>::ClassPackage() const
0xaef9884,8,UScriptStruct::TCppStructOps<FGeometryCollectionSizeSpecificData>::HasDestructor()
0xaef98a0,8,"UScriptStruct::TCppStructOps<FGeometryCollectionSizeSpecificData>::Serialize(FArchive&, void*)"
0xaef98d4,8,UScriptStruct::TCppStructOps<FGeometryCollectionSizeSpecificData>::HasNetDeltaSerializer()
0xaef9900,48,
0xaef99d4,4,UScriptStruct::TCppStructOps<FGeometryCollectionSource>::~TCppStructOps()
0xaef9ac8,8,UScriptStruct::TCppStructOps<FGeometryCollectionSource>::HasPostSerialize()
0xaef9adc,8,UScriptStruct::TCppStructOps<FGeometryCollectionSource>::HasNetSharedSerialization()
0xaef9afc,8,UScriptStruct::TCppStructOps<FGeometryCollectionSource>::HasPostScriptConstruct()
0xaef9c2c,12,
0xaef9c84,8,
0xaef9e48,12,TClassCompiledInDefer<AGeometryCollectionRenderLevelSetActor>::ClassPackage() const
0xaefadec,4,
0xaefb00c,180,"FImage::Init(int, int, ERawImageFormat::Type, EGammaSpace)"
0xaefb194,1852,
0xaf031a4,36,
0xaf031c8,36,
0xaf031ec,36,
0xaf03210,36,
0xaf03234,36,
0xaf03258,36,
0xaf0327c,36,
0xaf032a0,36,
0xaf032c4,36,
0xaf032e8,36,
0xaf0330c,36,
0xaf03330,36,
0xaf03354,36,
0xaf03378,36,
0xaf0339c,4,FAndroidDeviceProfileSelectorModule::~FAndroidDeviceProfileSelectorModule()
0xaf033a0,52,UAndroidDeviceProfileMatchingRules::~UAndroidDeviceProfileMatchingRules()
0xaf033d4,60,UAndroidDeviceProfileMatchingRules::~UAndroidDeviceProfileMatchingRules()
0xaf03410,12,UAndroidDeviceProfileMatchingRules::GetConfigOverridePlatform() const
0xaf0341c,140,UAndroidJavaSurfaceViewDevices::~UAndroidJavaSurfaceViewDevices()
0xaf034a8,148,UAndroidJavaSurfaceViewDevices::~UAndroidJavaSurfaceViewDevices()
0xaf0353c,40,FStaticallyLinkedModuleRegistrant<FAndroidDeviceProfileSelectorModule>::InitializeModule()
0xaf03564,4,
0xaf03568,8,
0xaf03570,8,
0xaf03578,8,
0xaf03580,16,
0xaf03590,8,
0xaf03598,164,
0xaf0363c,28,
0xaf03658,48,
0xaf03688,184,"TArray<FProfileMatch, TSizedDefaultAllocator<32> >::~TArray()"
0xaf03740,740,
0xaf03c1c,112,
0xaf03db8,124,UScriptStruct* StaticStruct<FProfileMatch>()
0xaf03fec,4,UAndroidDeviceProfileMatchingRules::StaticRegisterNativesUAndroidDeviceProfileMatchingRules()
0xaf03ff0,184,Z_Construct_UClass_UAndroidDeviceProfileMatchingRules_NoRegister()
0xaf04330,52,UAndroidDeviceProfileMatchingRules::UAndroidDeviceProfileMatchingRules(FVTableHelper&)
0xaf0436c,124,FJavaSurfaceViewDevice::StaticStruct()
0xaf04774,8,UObject* InternalVTableHelperCtorCaller<UAndroidJavaSurfaceViewDevices>(FVTableHelper&)
0xaf04868,4,UScriptStruct::TCppStructOps<FProfileMatch>::~TCppStructOps()
0xaf0486c,8,UScriptStruct::TCppStructOps<FProfileMatch>::HasNoopConstructor()
0xaf04874,8,UScriptStruct::TCppStructOps<FProfileMatch>::HasZeroConstructor()
0xaf04894,8,UScriptStruct::TCppStructOps<FProfileMatch>::HasDestructor()
0xaf04914,8,UScriptStruct::TCppStructOps<FProfileMatch>::HasSerializer()
0xaf0492c,8,"UScriptStruct::TCppStructOps<FProfileMatch>::Serialize(FStructuredArchiveSlot, void*)"
0xaf0493c,4,"UScriptStruct::TCppStructOps<FProfileMatch>::PostSerialize(FArchive const&, void*)"
0xaf04958,8,UScriptStruct::TCppStructOps<FProfileMatch>::HasNetDeltaSerializer()
0xaf04968,8,UScriptStruct::TCppStructOps<FProfileMatch>::HasPostScriptConstruct()
0xaf0497c,8,UScriptStruct::TCppStructOps<FProfileMatch>::HasCopy()
0xaf04a38,8,UScriptStruct::TCppStructOps<FProfileMatch>::HasExportTextItem()
0xaf04a50,8,
0xaf04a8c,8,UScriptStruct::TCppStructOps<FProfileMatch>::HasGetTypeHash()
0xaf04bbc,140,"TArray<FProfileMatchItem, TSizedDefaultAllocator<32> >::ResizeForCopy(int, int)"
0xaf04d04,4,UScriptStruct::TCppStructOps<FProfileMatchItem>::PostScriptConstruct(void*)
0xaf04dc8,12,
0xaf04dec,8,
0xaf04e20,8,
0xaf04e60,4,
0xaf04f28,4,UScriptStruct::TCppStructOps<FJavaSurfaceViewDevice>::~TCppStructOps()
0xaf04f98,8,UScriptStruct::TCppStructOps<FJavaSurfaceViewDevice>::HasSerializer()
0xaf04fb8,8,UScriptStruct::TCppStructOps<FJavaSurfaceViewDevice>::HasPostSerialize()
0xaf04fd4,8,
0xaf04ff8,8,UScriptStruct::TCppStructOps<FJavaSurfaceViewDevice>::IsPlainOldData()
0xaf050f4,12,
0xaf05120,8,UScriptStruct::TCppStructOps<FJavaSurfaceViewDevice>::HasAddStructReferencedObjects()
0xaf0513c,8,
0xaf0514c,8,
0xaf0517c,8,UScriptStruct::TCppStructOps<FJavaSurfaceViewDevice>::GetComputedPropertyFlags() const
0xaf05190,184,TClassCompiledInDefer<UAndroidJavaSurfaceViewDevices>::Register() const
0xaf066bc,92,oboe::AAudioLoader::load_I_PB(char const*)
0xaf06774,92,oboe::AAudioLoader::load_V_PBPEPV(char const*)
0xaf0682c,92,oboe::AAudioLoader::load_I_PSCPVIL(char const*)
0xaf069f8,92,oboe::AAudioLoader::load_F_PS(char const*)
0xaf06e0c,508,"oboe::AudioStreamAAudio::internalErrorCallback(AAudioStreamStruct*, void*, int)"
0xaf07c2c,288,oboe::AudioStreamAAudio::requestFlush()
0xaf08284,88,oboe::AudioStreamAAudio::getState() const
0xaf0837c,68,oboe::AudioStreamAAudio::updateFramesRead()
0xaf08404,92,oboe::AudioStreamAAudio::getXRunCount() const
0xaf084f4,264,oboe::AudioStreamAAudio::calculateLatencyMillis()
0xaf08a24,108,oboe::AudioStream::stop(long)
0xaf08acc,44,oboe::AudioStream::getFramesRead()
0xaf08eec,20,
0xaf08fe4,36,oboe::AudioStreamBuilder::isAAudioRecommended()
0xaf09160,1184,oboe::AudioStreamBuilder::build()
0xaf14f30,120,oboe::AudioStreamBuffered::AudioStreamBuffered(oboe::AudioStreamBuilder const&)
0xaf155c4,148,"oboe::AudioStreamBuffered::read(void*, int, long)"
0xaf15718,8,oboe::AudioStreamBase::getBufferCapacityInFrames() const
0xaf15730,988,oboe::EngineOpenSLES::open()
0xaf16638,68,oboe::FilterAudioStream::updateFramesRead()
0xaf16798,164,non-virtual thunk to oboe::FilterAudioStream::~FilterAudioStream()
0xaf16bc0,172,non-virtual thunk to oboe::SourceFloatCaller::~SourceFloatCaller()
0xaf16fc8,4,oboe::StabilizedCallback::~StabilizedCallback()
0xaf16fdc,32,"oboe::StabilizedCallback::onErrorAfterClose(oboe::AudioStream*, oboe::Result)"
0xaf17114,204,ManyToMultiConverter::~ManyToMultiConverter()
0xaf174d8,96,resampler::PolyphaseResampler::~PolyphaseResampler()
0xaf176fc,128,resampler::SincResamplerStereo::~SincResamplerStereo()
0xaf1790c,116,flowgraph::FlowGraphSink::~FlowGraphSink()
0xaf17b5c,12,flowgraph::SourceI16::getName()
0xaf17c9c,4,oboe::AudioStreamOpenSLES::~AudioStreamOpenSLES()
0xaf17cb4,8,oboe::AudioStreamOpenSLES::getAudioApi() const
0xaf17d68,36,oboe::AudioOutputStreamOpenSLES::~AudioOutputStreamOpenSLES()
0xaf17df8,68,oboe::QuirksManager::~QuirksManager()
0xaf17f7c,12,oboe::FifoController::getWriteCounter() const
0xaf17f94,24,oboe::FifoController::incrementWriteCounter(unsigned long)
0xaf18000,24,oboe::FifoControllerIndirect::incrementWriteCounter(unsigned long)
0xaf18030,256,flowgraph::FlowGraphNode::addInputPort(flowgraph::FlowGraphPort&)
0xaf1865c,16,
0xaf18734,48,
0xaf18bc4,24,Audio::FAudioCapture::~FAudioCapture()
0xaf18bdc,24,Audio::FAudioCapture::RegisterUser(char16_t const*)
0xaf18c0c,40,
0xaf18d08,24,Audio::FAudioCapture::CloseStream()
0xaf18d38,24,Audio::FAudioCapture::StopStream()
0xaf18d80,24,Audio::FAudioCapture::GetSampleRate() const
0xaf18db0,24,Audio::FAudioCapture::IsCapturing() const
0xaf18f0c,120,Audio::FAudioCaptureSynth::~FAudioCaptureSynth()
0xaf191bc,48,Audio::FAudioCaptureSynth::StopCapturing()
0xaf19238,24,Audio::FAudioCaptureSynth::IsStreamOpen() const
0xaf19374,36,
0xaf19398,4,FAudioCaptureCoreModule::StartupModule()
0xaf194b4,4,
0xaf194b8,4,FAudioCaptureCoreModule::~FAudioCaptureCoreModule()
0xaf194bc,28,
0xaf19568,4,Audio::IAudioCaptureStream::~IAudioCaptureStream()
0xaf1956c,4,Audio::FNullAudioCaptureDevice::~FNullAudioCaptureDevice()
0xaf19578,8,Audio::IAudioCaptureStream::UnregisterUser(char16_t const*)
0xaf19590,8,Audio::FNullAudioCaptureDevice::CloseStream()
0xaf195b8,8,Audio::FNullAudioCaptureDevice::GetSampleRate() const
0xaf195d4,8,
0xaf196ac,40,
0xaf19744,8,
0xaf1974c,8,
0xaf1976c,8,
0xaf19834,48,
0xaf19b44,48,"Audio::FAudioCaptureAndroidStream::onAudioReady(oboe::AudioStream*, void*, int)"
0xaf19c60,568,
0xaf1b684,444,
0xaf1c00c,4,
0xaf1c020,8,
0xaf1c038,8,
0xaf1c040,164,
0xaf1c578,12,
0xaf1cd24,108,
0xaf1d4b8,20,
0xaf1d9cc,168,
0xaf1dbd4,344,
0xaf1e054,196,
0xaf1e5a4,156,
0xaf1e808,52,
0xaf1e8dc,136,
0xaf1eec4,136,
0xaf1f0bc,252,
0xaf1f208,564,
0xaf20470,216,
0xaf207c4,144,
0xaf20bc0,272,
0xaf20e7c,28,
0xaf21148,32,
0xaf213f8,96,
0xaf21500,592,
0xaf229e4,284,
0xaf235e4,280,
0xaf23a6c,2860,
0xaf3498c,36,
0xaf34a20,248,
0xaf34d2c,36,
0xaf34e6c,48,
0xaf34f28,732,
0xaf36970,12,
0xaf369b8,80,
0xaf36fac,480,
0xaf37d74,536,
0xaf38b0c,4,
0xaf38b10,224,
0xaf38bf0,164,
0xaf39394,428,
0xaf39a94,872,
0xaf3a688,1600,
0xaf442b8,60,
0xaf44374,24,
0xaf4445c,316,
0xaf45684,1012,
0xaf48168,136,
0xaf487f8,528,
0xaf4a0b8,24,
0xaf4a1dc,300,
0xaf4ab04,8,
0xaf4ab0c,4,
0xaf4abec,4,
0xaf4acc0,172,
0xaf4b2cc,176,
0xaf4bcbc,344,
0xaf4c690,120,
0xaf4ca0c,492,
0xaf4dfac,44,
0xaf4e2cc,252,
0xaf4ec18,376,
0xaf4f348,64,
0xaf4f3a0,180,
0xaf4fbe8,148,
0xaf4fea0,316,
0xaf50dbc,680,
0xaf522b8,60,
0xaf52358,56,
0xaf523d8,40,
0xaf526b4,88,
0xaf528bc,244,
0xaf538a4,124,
0xaf53d58,100,
0xaf53f04,24,
0xaf53f1c,24,
0xaf53f34,36,
0xaf5411c,244,
0xaf5491c,612,
0xaf55758,48,
0xaf55870,96,
0xaf55b0c,76,
0xaf56344,288,
0xaf568b0,68,
0xaf56bf0,88,
0xaf57340,204,
0xaf57b7c,332,
0xaf5822c,8,
0xaf58360,224,
0xaf5906c,2536,
0xaf8e158,252,
0xaf8eafc,412,
0xaf8f53c,412,
0xaf90130,140,
0xaf90bd8,56,
0xaf90c10,8,
0xaf90ee4,296,
0xaf91154,4,
0xaf912c4,52,
0xaf91338,92,
0xaf91984,280,
0xaf92e60,236,
0xaf9319c,84,
0xaf93610,564,
0xaf9519c,308,
0xaf957b4,184,
0xaf95b68,28,
0xaf95bc8,432,
0xaf965c8,16,
0xaf96744,4,
0xaf96784,92,
0xaf96934,208,
0xaf9700c,124,
0xaf97718,24,
0xaf978d8,100,
0xaf979ac,56,
0xaf97e74,64,
0xaf98308,344,
0xaf98f64,376,
0xaf99ef0,148,
0xaf9a208,352,
0xaf9b044,24,
0xaf9b088,4,
0xaf9b190,108,
0xaf9b634,84,
0xaf9bd44,8,
0xaf9bf10,64,
0xaf9c074,396,
0xaf9d0e8,32,
0xaf9d228,48,
0xaf9d50c,56,
0xaf9d59c,8,
0xaf9da18,28,
0xaf9dd38,636,
0xafa0130,452,
0xafa4594,740,
0xafa827c,172,
0xafa8e54,236,
0xafaa5b4,720,
0xafaa884,116,
0xafaa8f8,1080,
0xafacf64,416,
0xafad500,4,
0xafad504,4,
0xafad508,520,
0xafae608,816,
0xafaf724,88,
0xafafe6c,400,
0xafb0504,156,
0xafb05a0,220,
0xafb067c,168,
0xafb0a0c,952,
0xafb2d14,8,
0xafb2d40,280,
0xafb3788,456,
0xafb3fb8,196,
0xafb407c,924,
0xafb5b78,260,
0xafb6084,220,
0xafb65b4,28,
0xafb65d0,172,
0xafb667c,728,
0xafb7cb4,756,
0xafb92e4,216,
0xafba260,368,
0xafbab60,336,
0xafbb520,1044,
0xafbca30,1008,
0xafc0824,460,
0xafc12d0,844,
0xafc32bc,216,
0xafc37b4,36,
0xafc398c,16,
0xafc399c,32,
0xafc39bc,32,
0xafc3d44,224,
0xafc41e4,4,
0xafc41e8,16,
0xafc4208,28,
0xafc4334,148,
0xafc448c,12,
0xafc4498,8,
0xafc44b4,8,
0xafc44c4,8,
0xafc45f0,144,
0xafc47ac,12,
0xafc4828,8,
0xafc4944,28,
0xafc4a34,8,
0xafc4a50,8,
0xafc4b30,260,
0xafc5af4,144,
0xafc5ec8,316,
0xafc6588,672,
0xafc88d8,508,
0xafc9748,460,
0xafc9c70,440,
0xafcb9d0,116,
0xafcbbf4,416,
0xafcc158,1400,
0xafd2db4,276,
0xafd3724,1180,
0xafd93ac,372,
0xafd9f14,216,
0xafda520,396,
0xafda998,16,
0xafda9a8,8,
0xafda9b0,44,
0xafdaa24,24,
0xafdaa58,20,
0xafdaf38,476,
0xafdb764,8,
0xafdb7b4,84,
0xafdb860,148,
0xafdbb84,828,
0xafdd664,248,
0xafddaec,92,
0xafddc08,400,
0xafde3a4,8,
0xafde3ac,84,
0xafde4dc,280,
0xafdebac,316,
0xafdf134,156,
0xafdf84c,28,
0xafdf9e4,76,
0xafdfd78,12,
0xafdfd84,12,
0xafdfdb0,8,
0xafdfde8,44,
0xafdff24,8,
0xafdff3c,12,
0xafdff9c,24,
0xafe00ec,8,
0xafe0150,24,
0xafe02b0,28,
0xafe0cec,40,
0xafe0f8c,192,
0xafe198c,48,
0xafe1c90,856,
0xafe39d0,20,
0xafe3a28,124,
0xafe3c74,20,
0xafe41a8,8,
0xafe41b0,52,
0xafe424c,144,
0xafe4738,132,
0xafe48ac,8,
0xafe48b4,28,
0xafe48ec,24,
0xafe4db4,68,
0xafe4fa8,168,
0xafe5334,44,
0xafe5448,24,
0xafe5b1c,92,
0xafe65b4,40,
0xafe6960,1228,
0xafe9528,12,
0xafe9674,136,
0xafe987c,232,
0xafea478,160,
0xafeaa9c,636,
0xafec138,164,
0xafec260,4,
0xafec264,72,
0xafec450,68,
0xafec57c,44,
0xafec5d4,176,
0xafecb38,32,
0xafecb7c,172,
0xafece98,212,
0xafed664,44,
0xafed6bc,36,
0xafeda74,280,
0xafee560,12,
0xafee640,8,
0xafee660,104,
0xafeea44,52,
0xafeeb48,248,
0xafeefa4,8,
0xafeefd8,8,
0xafef864,276,
0xaff0260,372,
0xaff0bd8,40,
0xaff0cf8,8,
0xaff0d50,472,
0xaff2368,40,
0xaff23d0,68,
0xaff25e8,468,
0xaff3bf0,32,
0xaff3c10,4,
0xaff3c14,40,
0xaff3c60,4,
0xaff3c64,40,
0xaff3db4,20,
0xaff3dc8,84,
0xaff3f38,16,
0xaff3f48,16,
0xaff3f80,76,
0xaff42b8,84,
0xaff43a0,56,
0xaff447c,88,
0xaff4fc8,372,
0xaff5f64,108,
0xaff6290,336,
0xaff6eb4,636,
0xaff8e30,24,
0xaff8e48,20,
0xaff8f78,20,
0xaff91d4,8,
0xaff91e4,336,
0xaff9d00,88,
0xaff9e68,348,
0xaffae68,8,
0xaffaf90,484,
0xaffc0b0,856,
0xafff9ac,124,
0xafffdc8,200,
0xb000924,8,
0xb00092c,36,
0xb0009c8,276,
0xb002bbc,476,
0xb003c18,388,
0xb004ec0,64,
0xb0050d0,8,
0xb0050d8,8,
0xb005148,80,
0xb005470,128,
0xb0056d8,304,
0xb006480,104,
0xb006610,52,
0xb0066e0,152,
0xb006e3c,184,
0xb007150,372,
0xb007d8c,852,
0xb009e94,80,
0xb009f58,36,
0xb009f8c,224,
0xb00a6b0,376,
0xb00b6bc,8,
0xb00b818,532,
0xb00c844,156,
0xb00cdfc,8,
0xb00ce80,100,
0xb00d250,580,
0xb01076c,4,
0xb0119dc,732,
0xb0130ec,132,
0xb0137c0,112,
0xb013ab0,484,
0xb015048,168,
0xb015390,396,
0xb0163d0,532,
0xb016d9c,48,
0xb017098,1232,
0xb01b8b0,200,
0xb01bd3c,408,
0xb01de8c,1608,
0xb02310c,220,
0xb0235b8,292,
0xb0236dc,84,
0xb02377c,172,
0xb024144,1516,
0xb026afc,60,
0xb026b74,60,
0xb026bec,684,
0xb0279e4,728,
0xb028898,8,
0xb0288a0,228,
0xb028984,8,
0xb028c64,672,
0xb02a430,688,
0xb02bac4,996,
0xb02d12c,644,
0xb02dcd0,224,
0xb02e388,292,
0xb02ea00,248,
0xb02f010,36,
0xb02f034,924,
0xb031908,156,
0xb031af0,204,
0xb031d24,4,
0xb031d40,424,
0xb033580,2564,
0xb03e368,2372,
0xb044cfc,76,
0xb0452e8,300,
0xb045844,344,
0xb045b6c,364,
0xb04698c,448,
0xb047d18,2096,
0xb058814,3908,
0xb0700a0,324,
0xb07046c,72,
0xb070654,328,
0xb071674,124,
0xb071824,544,
0xb0727bc,16,physx::NpPhysics::getNbShapes() const
0xb0727cc,16,"physx::NpPhysics::getShapes(physx::PxShape**, unsigned int, unsigned int) const"
0xb072888,16,
0xb0728d0,20,"physx::NpPhysics::createParticleFluid(unsigned int, bool)"
0xb072a5c,56,"physx::NpPhysics::createMaterial(float, float, float)"
0xb072b8c,240,physx::NpPhysics::removeMaterialFromTable(physx::NpMaterial&)
0xb072d88,16,physx::NpPhysics::createClothFabric(physx::PxClothFabricDesc const&)
0xb073284,348,
0xb0738d8,4,physx::GuMeshFactoryListener::~GuMeshFactoryListener()
0xb073f90,268,
0xb075ce8,64,physx::NpFactory::~NpFactory()
0xb076310,44,physx::NpFactory::destroyInstance()
0xb0763fc,192,"physx::NpFactory::addRigidDynamic(physx::PxRigidDynamic*, bool)"
0xb076920,388,"physx::NpFactory::createNpParticleFluid(unsigned int, bool)"
0xb077600,392,physx::NpFactory::createClothFabric(physx::PxClothFabricDesc const&)
0xb078038,272,physx::NpFactory::createArticulation()
0xb078954,236,physx::NpFactory::onConstraintRelease(physx::PxConstraint*)
0xb078fdc,368,physx::NpFactory::acquireConnectorArray()
0xb079bcc,824,physx::NpFactory::addCollection(physx::Cm::Collection const&)
0xb07cdec,920,
0xb07fd64,268,
0xb080c04,268,
0xb081bb0,220,
0xb082300,220,
0xb0834f0,812,
0xb084ccc,396,
0xb086154,104,physx::NpMaterial::onRefCountZero()
0xb08680c,40,physx::NpAggregate::getAPIScene() const
0xb086f58,8,physx::NpAggregate::removeArticulation(physx::PxArticulation&)
0xb086fc0,40,physx::NpAggregate::getScene()
0xb087204,140,physx::NpAggregate::requiresObjects(physx::PxProcessPxBaseCallback&)
0xb08796c,28,physx::NpActor::release(physx::PxActor&)
0xb087c1c,144,physx::NpActor::getNbConnectors(physx::NpConnectorType::Enum) const
0xb0885bc,64,physx::NpActor::getAPIScene(physx::PxActor const&)
0xb088d78,632,
0xb08ad18,28,physx::NpArticulation::getStabilizationThreshold() const
0xb08b2c8,400,physx::Scb::Body::putToSleepInternal()
0xb08c5ec,468,physx::NpArticulationLink::getGlobalPose() const
0xb08dc64,220,"physx::NpArticulationLink::setAngularVelocity(physx::PxVec3 const&, bool)"
0xb08ee14,728,
0xb090a08,24,
0xb090d90,148,physx::NpArticulationJoint::resolveReferences(physx::PxDeserializationContext&)
0xb090fd0,104,physx::NpArticulationJoint::release()
0xb091bac,160,physx::NpArticulationJoint::setDamping(float)
0xb092114,32,physx::NpArticulationJoint::getTangentialStiffness() const
0xb092298,32,physx::NpArticulationJoint::getSwingLimitEnabled() const
0xb092464,32,physx::NpArticulationJoint::getTwistLimitEnabled() const
0xb0924b8,84,physx::PxArticulationJoint::isKindOf(char const*) const
0xb0932b0,1192,physx::NpRigidDynamic::setCMassLocalPose(physx::PxTransform const&)
0xb0968a4,72,physx::NpRigidBodyTemplate<physx::PxRigidDynamic>::getMassSpaceInvInertiaTensor() const
0xb097174,156,physx::NpRigidBodyTemplate<physx::PxRigidDynamic>::setMaxDepenetrationVelocity(float)
0xb097570,12,physx::NpActorTemplate<physx::PxRigidDynamic>::release()
0xb0975b4,320,"physx::NpActorTemplate<physx::PxRigidDynamic>::setActorFlag(physx::PxActorFlag::Enum, bool)"
0xb0983f4,4,physx::NpActorTemplate<physx::PxRigidStatic>::getScene() const
0xb098d88,60,physx::NpActorTemplate<physx::PxRigidStatic>::getOwnerClient() const
0xb098ef4,108,physx::NpRigidActorTemplate<physx::PxRigidStatic>::attachShape(physx::PxShape&)
0xb099288,4,physx::NpActorTemplate<physx::PxRigidStatic>::~NpActorTemplate()
0xb0993cc,244,
0xb09ad3c,24,physx::NpScene::getLimits() const
0xb09aef4,344,physx::NpScene::addActorInternal(physx::PxActor&)
0xb09c900,1300,physx::NpScene::addArticulationInternal(physx::PxArticulation&)
0xb0a02b0,12,physx::NpScene::removeMaterial(physx::NpMaterial const&)
0xb0a0514,8,physx::NpScene::getSceneQueryUpdateMode() const
0xb0a0544,40,physx::NpScene::setSolverBatchSize(unsigned int)
0xb0a0764,8,physx::NpScene::getMaxNbContactDataBlocksUsed() const
0xb0a077c,36,physx::NpScene::getCpuDispatcher() const
0xb0a092c,184,"physx::NpScene::lockWrite(char const*, unsigned int)"
0xb0a2fd4,4,physx::Cm::FanoutTask::runInternal()
0xb0a2fd8,328,
0xb0a4388,920,
0xb0a6fe8,220,
0xb0a784c,16,
0xb0a7b94,412,
0xb0a94e8,244,"physx::NpBatchQuery::NpBatchQuery(physx::NpScene&, physx::PxBatchQueryDesc const&)"
0xb0aad14,8,physx::NpBatchQuery::getFilterShaderData() const
0xb0aad2c,8,physx::NpBatchQuery::getDesc() const
0xb0aae50,60,
0xb0aaf68,44,PxOverflowBuffer<physx::PxSweepHit>::finalizeQuery()
0xb0ab018,776,
0xb0ade9c,344,physx::Scb::Shape::setGeometry(physx::PxGeometry const&)
0xb0aeea0,32,physx::NpShape::getRestOffset() const
0xb0af18c,8,physx::NpShape::getAPIScene() const
0xb0af194,80,"physx::NpShape::setFlag(physx::PxShapeFlag::Enum, bool)"
0xb0af2e8,8,physx::NpShape::getName() const
0xb0af300,20,physx::NpShapeGetScRigidObjectFromScbSLOW(physx::Scb::Shape const&)
0xb0af31c,8,physx::NpShapeIncRefCount(physx::Scb::Shape&)
0xb0af660,12,physx::PxShape::getConcreteTypeName() const
0xb0af6c0,44,physx::NpShapeManager::NpShapeManager()
0xb0af77c,44,physx::NpShapeManager::exportExtraData(physx::PxSerializationContext&)
0xb0afc58,780,"physx::Scb::RigidObject::onShapeDetach(physx::Scb::Shape&, bool, bool)"
0xb0b628c,36,physx::NpVolumeCache::onOriginShift(physx::PxVec3 const&)
0xb0b6404,220,
0xb0b6740,132,physx::NpCloth::~NpCloth()
0xb0b68b0,24,physx::NpCloth::requiresObjects(physx::PxProcessPxBaseCallback&)
0xb0b69c8,8,physx::NpCloth::getType() const
0xb0b69dc,96,"physx::NpCloth::setParticles(physx::PxClothParticle const*, physx::PxClothParticle const*)"
0xb0b6cbc,8,physx::NpCloth::getNbSeparationConstraints() const
0xb0b6ccc,96,physx::NpCloth::setParticleAccelerations(physx::PxVec4 const*)
0xb0b6f88,96,"physx::NpCloth::addCollisionCapsule(unsigned int, unsigned int)"
0xb0b72a0,96,physx::NpCloth::removeCollisionPlane(unsigned int)
0xb0b7554,104,physx::NpCloth::getNbVirtualParticles() const
0xb0b786c,252,physx::NpCloth::setTargetPose(physx::PxTransform const&)
0xb0b8018,128,physx::NpCloth::getDampingCoefficient() const
0xb0b8294,180,physx::NpCloth::setAngularDragCoefficient(physx::PxVec3)
0xb0b8704,4,physx::NpCloth::sendPvdSelfCollisionIndices()
0xb0b8708,104,physx::NpCloth::getSelfCollisionIndices(unsigned int*) const
0xb0b8a44,96,physx::NpCloth::setTetherConfig(physx::PxClothTetherConfig const&)
0xb0b8ec8,96,physx::NpCloth::setWindDrag(float)
0xb0b919c,96,physx::NpCloth::setWakeCounter(float)
0xb0b96b4,112,physx::NpCloth::getSimulationFilterData() const
0xb0b98b4,2068,"physx::NpCloth::visualize(physx::Cm::RenderOutput&, physx::NpScene*)"
0xb0c5dec,1416,
0xb0c91d0,160,
0xb0c9758,116,
0xb0c9950,4,
0xb0c99a8,4,
0xb0c99d0,4,
0xb0d3328,220,
0xb0d35b0,8416,PxcFsComputeJointLoadsSimd PhysX FEM关节求解
0xb10ac50,4,physx::Pt::CollisionTask::~CollisionTask()
0xb10ac54,12,physx::Pt::CollisionTask::getName() const
0xb10ac60,20,physx::Pt::CollisionTask::runInternal()
0xb10ac74,308,
0xb10ada8,80,
0xb10adf8,8,
0xb10ae00,8,
0xb10ae08,868,
0xb10b91c,2540,
0xb10fe70,368,
0xb10ffe0,356,physx::Pt::HeightFieldAabbTest::begin() const
0xb110144,756,physx::Pt::HeightFieldAabbTest::Iterator::TEMPNAMEPLACEHOLDERVALUE()
0xb110a64,4,PxcContactCellMeshCallback::~PxcContactCellMeshCallback()
0xb110a68,4,physx::Gu::MeshHitCallback<physx::PxRaycastHit>::~MeshHitCallback()
0xb110a6c,464,
0xb111310,136,
0xb111820,176,
0xb1118d0,4180,physx::Pt::SpatialHash::getHaloRegions
0xb1178bc,232,physx::Sq::SceneQueryManager::markForUpdate(unsigned long)
0xb1181b0,404,physx::Sq::SceneQueryManager::flushShapes()
0xb118bd0,496,
0xb11a0cc,1616,
0xb124d24,60,
0xb124d60,100,physx::Sq::IncrementalAABBTree::shiftOrigin(physx::PxVec3 const&)
0xb124dc4,120,
0xb124e3c,144,"physx::Sq::IncrementalAABBTree::hierarchyCheck(unsigned int, physx::PxBounds3 const*)"
0xb124ecc,164,
0xb125008,4,
0xb12500c,20,physx::Sq::IncrementalAABBTree::getTreeLeafDepth(physx::Sq::IncrementalAABBTreeNode*)
0xb125020,644,
0xb125d18,268,
0xb125f00,440,
0xb126450,268,
0xb12655c,220,
0xb126638,332,
0xb1268d0,268,
0xb126cdc,1072,physx::Sq::BucketPrunerCore::BucketPrunerCore(bool)
0xb127c90,104,
0xb128000,328,
0xb128a00,264,
0xb129c4c,2700,
0xb13655c,1680,"physx::IG::IslandSim::findRoute(physx::IG::NodeIndex, physx::IG::NodeIndex, unsigned int)"
0xb13a064,32,physx::Sc::BodyCore::isSleeping() const
0xb13a1c4,100,physx::Sc::BodyCore::disableInternalCaching(bool)
0xb13a374,20,physx::Sc::BodyCore::clearFrozen()
0xb13a4e8,76,physx::Sc::BodyCore::getKinematicTarget(physx::PxTransform&) const
0xb13aac8,16,physx::Sc::BodySim::postSetKinematicTarget()
0xb13aad8,196,physx::Sc::BodySim::~BodySim()
0xb13ad84,84,"physx::Sc::BodySim::updateCached(physx::PxsTransformCache&, physx::Bp::BoundsArray&)"
0xb13aff8,60,physx::Sc::BodySim::destroySqBounds()
0xb13b034,108,physx::Sc::BodySim::notifyAddSpatialAcceleration()
0xb13b10c,108,physx::Sc::BodySim::notifyAddSpatialVelocity()
0xb13b220,116,physx::Sc::BodySim::postBody2WorldChange()
0xb13b5bc,164,physx::Sc::BodySim::postPosePreviewChange(unsigned int)
0xb13b7d8,244,physx::Sc::BodySim::wakeUp()
0xb13bc60,24,physx::Sc::BodySim::resetSleepFilter()
0xb13c19c,92,physx::Sc::BodySim::updateKinematicPose()
0xb13c33c,516,
0xb13cf6c,104,
0xb13d194,116,
0xb13e174,332,
0xb13e8c8,368,
0xb13f644,188,
0xb140220,132,
0xb1403d4,324,physx::Sc::ConstraintSim::~ConstraintSim()
0xb141038,376,physx::Sc::ConstraintSim::visualize(physx::PxRenderBuffer&)
0xb141500,20,physx::Sc::ConstraintInteraction::~ConstraintInteraction()
0xb141514,76,physx::Sc::ConstraintInteraction::~ConstraintInteraction()
0xb141560,164,physx::Sc::ConstraintInteraction::destroy()
0xb1417f8,20,physx::Sc::Interaction::addToDirtyList()
0xb141820,76,physx::Sc::Interaction::setClean(bool)
0xb142734,8,physx::Sc::NPhaseCore::getDefaultContactReportStreamBufferSize() const
0xb14273c,192,"physx::Sc::NPhaseCore::findInteraction(physx::Sc::ElementSim*, physx::Sc::ElementSim*)"
0xb14283c,864,
0xb1442f4,524,
0xb144d88,1192,"physx::Sc::NPhaseCore::findActorPair(physx::Sc::ShapeSim*, physx::Sc::ShapeSim*, int)"
0xb148088,268,
0xb1488e0,220,
0xb1489bc,440,
0xb149844,464,
0xb14abfc,268,
0xb14b50c,268,
0xb14c538,388,
0xb14c990,392,
0xb14da04,296,
0xb14e5d0,180,"physx::Sc::ElementSim::addToAABBMgr(float, unsigned int, bool)"
0xb14f3c8,140,physx::Bp::PersistentAggregateAggregatePair::update(physx::Bp::SimpleAABBManager&)
0xb14fec8,220,
0xb150d1c,520,physx::Bp::SimpleAABBManager::removeBounds(unsigned int)
0xb151b5c,260,
0xb15276c,228,
0xb1539f8,80,physx::Bp::FinalizeUpdateTask::~FinalizeUpdateTask()
0xb153c30,164,physx::Bp::PersistentSelfCollisionPairs::~PersistentSelfCollisionPairs()
0xb1542d4,268,
0xb1550a8,368,
0xb155a4c,20,physx::cloth::getNextFabricId()
0xb155aa0,72,physx::cloth::allocate(unsigned long)
0xb155db0,204,
0xb15691c,32,
0xb156ca8,20,
0xb156d34,76,physx::cloth::ClothImpl<physx::cloth::SwCloth>::setTranslation(physx::PxVec3 const&)
0xb157180,168,physx::cloth::ClothImpl<physx::cloth::SwCloth>::getLinearDrag() const
0xb15756c,8,physx::cloth::ClothImpl<physx::cloth::SwCloth>::getSolverFrequency() const
0xb157590,8,physx::cloth::ClothImpl<physx::cloth::SwCloth>::getStiffnessFrequency() const
0xb158178,8,physx::cloth::ClothImpl<physx::cloth::SwCloth>::getNumSpheres() const
0xb1583b4,8,physx::cloth::ClothImpl<physx::cloth::SwCloth>::getNumCapsules() const
0xb1583bc,2884,
0xb162b5c,4,physx::PxBaseTask::~PxBaseTask()
0xb16325c,788,
0xb166f70,64,physx::cloth::SwCollision<Simd4f>::mergeAcceleration(unsigned int*)
0xb168ee4,1212,"physx::cloth::SwCollision<Simd4f>::getShapeMask(Simd4f const*, Simd4f const*) const"
0xb16bd9c,68,physx::cloth::SwSolverKernel<Simd4f>::estimateTemporaryMemory(physx::cloth::SwCloth const&)
0xb16bde0,652,physx::cloth::SwSolverKernel<Simd4f>::integrateParticles()
