addr,size,note
0xa3ade38,344,
0xa3ae470,40,
0xa3ae4c8,40,
0xa3ae548,40,
0xa3ae65c,40,
0xa3ae70c,4,
0xa3ae728,44,
0xa3ae8f8,4,
0xa3ae910,8,
0xa3ae944,36,
0xa3aea6c,92,
0xa3aec50,100,
0xa3aef5c,36,
0xa3af05c,44,
0xa3af110,4,
0xa3af130,12,
0xa3af17c,8,
0xa3af214,8,
0xa3af224,44,
0xa3af4c4,4216,"_INIT_950: static init, ±1.0 vector constant pool @0x0c6458xx"
0xa3e1ba8,44,
0xa3e1c08,140,
0xa3e2058,264,
0xa3e2228,136,
0xa3e249c,40,
0xa3e24c4,44,
0xa3e24f0,44,
0xa3e251c,36,
0xa3e2540,36,
0xa3e2564,36,
0xa3e2590,4,
0xa3e2604,12,
0xa3e2610,40,
0xa3e263c,40,
0xa3e26bc,68,
0xa3e274c,12,
0xa3e2818,4,
0xa3e281c,136,
0xa3e297c,224,
0xa3e2bd4,128,
0xa3e2cdc,164,
0xa3e2f28,240,
0xa3e3288,64,
0xa3e33f0,64,
0xa3e3560,64,
0xa3e35a0,36,
0xa3e35c4,36,
0xa3e3670,52,
0xa3e36f4,4,
0xa3e37c8,200,
0xa3e3ae8,200,
0xa3e3e08,196,
0xa3e4124,200,
0xa3e41ec,200,
0xa3e4510,196,
0xa3e4834,200,
0xa3e4b54,200,
0xa3e4e74,200,
0xa3e5194,200,
0xa3e54b4,200,
0xa3e589c,196,
0xa3e5bc0,200,
0xa3e6070,200,
0xa3e62c8,200,
0xa3e66b0,200,
0xa3e6a98,200,
0xa3e6db8,200,
0xa3e70d8,200,
0xa3e73f8,200,
0xa3e77e0,200,
0xa3e7bc8,200,
0xa3e7fb0,200,
0xa3e8398,200,
0xa3e85f0,200,
0xa3e8b68,200,
0xa3e91a8,200,
0xa3e9590,200,FViewUniformShaderParameters::zzAppendMemberGetPrev for CUSTOM member CharacterVirtualLightDirection @offset 0xe80 (battle-render: character virtual light)
0xa3e9b08,200,
0xa3ea2d8,200,
0xa3ea850,200,
0xa3eadc8,200,
0xa3eb408,200,
0xa3eb980,200,
0xa3ebe30,200,
0xa3ec538,200,
0xa3ec920,200,
0xa3ed028,200,
0xa3ed730,200,FViewUniformShaderParameters::zzAppendMemberGetPrev (sibling base 0xa3edb18 falls in gap after this thunk)
0xa3ede38,200,
0xa3ee540,200,
0xa3eec48,200,
0xa3ef350,200,
0xa3efcb0,200,
0xa3f03b8,200,
0xa3f09f8,200,
0xa3f1290,200,
0xa3f1998,200,
0xa3f2168,200,
0xa3f27ac,200,
0xa3f2dec,200,
0xa3f3684,200,
0xa3f3d8c,200,
0xa3f46ec,200,
0xa3f4ebc,200,
0xa3f568c,200,
0xa3f5e5c,200,
0xa3f649c,200,
0xa3f6dfc,200,
0xa3f7694,200,
0xa3f7e64,200,
0xa3f86fc,200,
0xa3f8f94,200,
0xa3f969c,200,
0xa3fa0c4,200,
0xa3fa7cc,200,
0xa3faed4,200,
0xa3fb834,200,
0xa3fc0c8,8,
0xa3fc0d0,200,
0xa3fcaf8,200,
0xa3fd3b4,4,
0xa3fd6d0,360,
0xa3fec68,144,
0xa3ff800,316,
0xa3ffec0,220,
0xa400e20,140,
0xa400f00,44,
0xa4010d4,44,
0xa40112c,788,
0xa403584,876,
0xa4051d8,76,
0xa405708,52,
0xa405b04,152,
0xa4066d0,456,
0xa4078e0,648,
0xa409ac4,540,
0xa40e2fc,552,
0xa416d64,48,
0xa416f78,308,
0xa41b7b0,428,
0xa41bd00,112,
0xa41beb4,120,
0xa41c6c0,404,
0xa41cc48,560,
0xa41d800,80,
0xa41dc0c,596,
0xa41e350,88,
0xa41e460,968,
0xa41f7e4,348,FSimpleElementMaskedGammaBasePS::SetParameters: canvas masked gamma PS params
0xa420ac4,364,
0xa42140c,56,
0xa42150c,4,
0xa421760,56,
0xa421854,4,
0xa421858,8,
0xa421988,8,
0xa421990,292,
0xa422008,144,
0xa422410,8,
0xa422418,292,
0xa422f60,4,
0xa422fa4,4,
0xa423428,132,
0xa423ab4,376,
0xa424358,8,
0xa424368,8,
0xa424370,36,
0xa4243e4,40,
0xa424578,168,
0xa424974,116,
0xa424ba0,396,
0xa42577c,20,
0xa425e08,500,
0xa4277b8,40,
0xa427920,396,
0xa427d3c,252,
0xa4282b8,24,
0xa4282d0,68,
0xa428a40,8,
0xa428a98,20,
0xa428abc,16,
0xa428da4,560,
0xa429cd8,12,
0xa429cec,8,
0xa429f88,228,
0xa42a280,8,
0xa42a288,8,
0xa42a290,8,
0xa42a298,156,
0xa42a600,68,
0xa42a9c4,12,
0xa42aa80,4,
0xa42aa84,32,
0xa42ad88,8,
0xa42aed8,240,
0xa42ce34,272,
0xa42e1b4,1080,
0xa4306c0,4,
0xa4306c4,4,
0xa4306c8,8,
0xa430714,284,
0xa430d60,180,
0xa43126c,344,
0xa431de4,484,
0xa432758,136,
0xa432c5c,720,
0xa433c0c,136,
0xa4342c0,540,
0xa43625c,392,
0xa436da4,76,
0xa436f28,4,
0xa436f2c,4,
0xa436f30,176,
0xa4375c4,44,
0xa437e4c,508,
0xa438740,96,
0xa438800,100,
0xa438918,232,
0xa438ce8,232,
0xa438dd0,440,
0xa43944c,236,
0xa4397cc,232,
0xa439d28,88,
0xa43a008,120,
0xa43a178,336,
0xa43a900,72,
0xa43acdc,784,
0xa43c8f4,308,
0xa43ce18,532,
0xa43d804,120,
0xa43d8a4,40,
0xa43df08,844,
0xa43ef30,48,
0xa43ffe0,280,
0xa44034c,232,
0xa441034,40,
0xa44105c,752,
0xa442cc4,660,
0xa44b130,7072,"FSkeletalMeshMerge::GenerateLODModel<TGPUSkinVertexFloat32Uvs<1>>: runtime skeletal LOD merge, builds FColorVertexBuffer/skin weights/cloth buffers"
0xa461738,924,
0xa462350,172,
0xa462628,8,
0xa462630,28,
0xa46264c,56,
0xa462740,4,
0xa462744,88,
0xa46279c,56,
0xa4627d4,356,
0xa464cf0,72,
0xa464d38,6044,FSkeletalMeshObjectGPUSkin::InitAPEXClothVertexFactories: per-section TMultipleInfluenceClothVertexFactory
0xa491e84,296,FSlateGameResources::GetCurveLinearColor: UCurveLinearColor lookup
0xa4925d0,4,
0xa4925d4,2196,FSlateGameResources::AddAssetToCache (incl UCurveLinearColor assets)
0xa49b794,100,
0xa49b988,720,
0xa49cdc8,64,
0xa49ce28,188,
0xa49d53c,60,
0xa49d578,8,
0xa49d580,8,
0xa49d588,92,
0xa49d5e4,40,
0xa49d60c,40,
0xa49d638,284,
0xa49d754,240,
0xa49dd78,4,
0xa49df14,224,
0xa49e18c,32,
0xa49e1d0,8,
0xa49e1fc,8,
0xa49e390,284,
0xa49e6ac,104,
0xa49e964,96,
0xa49eca4,324,
0xa49efb4,312,
0xa49f7b0,152,
0xa49f900,72,
0xa49f9c0,4,
0xa49fa28,432,
0xa4a074c,64,
0xa4a078c,64,
0xa4a0a98,800,
0xa4a2e90,8,
0xa4a2e98,60,
0xa4a2fb4,180,
0xa4a385c,140,
0xa4a3bbc,1132,
0xa4a5fb4,336,
0xa4a6a84,136,
0xa4a7034,40,
0xa4a7084,60,
0xa4a72e4,476,
0xa4a7cf0,160,
0xa4a817c,128,
0xa4a85ac,156,
0xa4a8a44,148,
0xa4a8de8,820,
0xa4aad9c,48,
0xa4aadec,8,
0xa4aae8c,764,
0xa4ac5b4,176,
0xa4ac8e8,112,
0xa4acb34,232,
0xa4ad210,44,
0xa4ad478,452,
0xa4ae820,516,
0xa4af594,180,
0xa4af830,48,
0xa4af884,32,
0xa4afb64,40,
0xa4afbb4,60,
0xa4afd18,376,
0xa4b12ac,456,
0xa4b21ec,36,
0xa4b2304,56,
0xa4b2374,56,
0xa4b2404,8,
0xa4b2414,8,
0xa4b2470,128,
0xa4b2bb8,312,
0xa4b314c,8,
0xa4b3164,8,
0xa4b316c,64,
0xa4b3468,8,
0xa4b34b8,96,
0xa4b36e8,72,
0xa4b39c0,72,
0xa4b3ba8,156,
0xa4b41a0,72,
0xa4b43c0,52,
0xa4b482c,32,
0xa4b4f44,120,
0xa4b54c0,92,
0xa4b57ec,4,
0xa4b5800,8,
0xa4b5818,8,
0xa4b58e0,48,
0xa4b596c,80,
0xa4b5b70,92,
0xa4b5e7c,496,
0xa4b7194,540,
0xa4b7db8,152,
0xa4b7fdc,48,
0xa4b8304,8,
0xa4b83c4,8,
0xa4b848c,44,
0xa4b867c,308,
0xa4b8e88,68,
0xa4b90dc,196,
0xa4b953c,192,
0xa4b9dac,344,
0xa4baafc,564,
0xa4bb890,4,
0xa4bbeac,484,
0xa4bca28,92,
0xa4bd44c,792,
0xa4bec8c,344,
0xa4bf4e4,688,
0xa4c04a8,448,
0xa4c1504,296,
0xa4c224c,176,
0xa4c2be4,144,
0xa4c2d20,8,
0xa4c2d28,12,
0xa4c2d9c,4,
0xa4c2dac,8,
0xa4c2f34,120,
0xa4c3208,120,
0xa4c3694,364,
0xa4c4650,12,
0xa4c4664,60,
0xa4c53c4,324,
0xa4c5ae8,152,
0xa4c6dc8,72,
0xa4c6fb0,280,
0xa4c7120,4,
0xa4c7124,12,
0xa4c7138,32,
0xa4c7178,12,
0xa4cbc0c,16,
0xa4cbc34,4,
0xa4cbd98,28,
0xa4cbec8,444,
0xa4cd124,384,
0xa4ce5f4,1100,
0xa4d1524,2612,FStaticMeshVertexBuffers::InitFromDynamicVertex: builds pos/tangent/vertex-color buffers from FDynamicMeshVertex
0xa4d8de0,8,
0xa4d8de8,188,
0xa4d8f2c,228,
0xa4d932c,12,
0xa4d9800,16,
0xa4d9838,964,
0xa4dad50,84,
0xa4dadf8,80,
0xa4dae74,44,
0xa4dafd0,84,
0xa4db078,40,
0xa4db0a0,152,
0xa4db2bc,76,
0xa4dbef8,224,
0xa4dc1f8,24,
0xa4dc210,4,
0xa4dc290,56,
0xa4dc7dc,900,
0xa4dd350,60,
0xa4dd38c,148,
0xa4dd48c,424,
0xa4de16c,8,
0xa4de2d8,152,
0xa4de50c,172,
0xa4de680,36,
0xa4de750,12,
0xa4de75c,36,
0xa4de800,696,
0xa4e0538,156,
0xa4e05d4,40,
0xa4e05fc,12,
0xa4e0608,460,
0xa4e0b2c,44,
0xa4e0b58,44,
0xa4e171c,44,
0xa4e176c,260,
0xa4e1960,160,
0xa4e1a9c,164,
0xa4e1bec,4,
0xa4e1dd8,104,
0xa4e1f78,200,
0xa4e21d0,200,
0xa4e2428,200,
0xa4e2680,200,
0xa4e28d8,200,
0xa4e2b30,200,
0xa4e2d88,200,
0xa4e30a8,200,
0xa4e33c8,200,
0xa4e36e8,200,
0xa4e3acc,200,
0xa4e3ff0,364,
0xa4e443c,92,
0xa4e468c,256,
0xa4e4b64,92,
0xa4e4c10,420,
0xa4e52e8,92,
0xa4e5538,136,
0xa4e5664,164,
0xa4e5a00,120,
0xa4e5dac,184,
0xa4e5fb8,512,
0xa4e7990,416,
0xa4e7ea8,280,
0xa4e83cc,48,
0xa4e8470,4,
0xa4e8474,8,
0xa4e847c,52,
0xa4e84e8,16,
0xa4e852c,56,
0xa4e85e0,36,
0xa4e8670,16,
0xa4e86ac,196,
0xa4e8f3c,116,
0xa4e91f4,340,
0xa4e9570,2052,
0xa4eeed8,36,
0xa4ef100,2048,
0xa4f5efc,560,
0xa4f7148,304,
0xa4f7d98,160,
0xa4f8340,168,
0xa4f89d4,48,
0xa4f8ac8,16,
0xa4f8ad8,320,
0xa4f91a4,168,
0xa4f924c,828,
0xa4fcf58,168,
0xa4fd2c4,196,
0xa4fe75c,436,
0xa4feea4,280,
0xa4ff430,84,
0xa4ff4e0,528,
0xa5007d4,584,
0xa502ea0,36,
0xa502ec4,96,
0xa502fac,264,
0xa5036d8,112,
0xa503a40,528,
0xa504d20,584,
0xa507de4,904,
0xa509264,288,
0xa509b74,284,
0xa50ab90,740,
0xa50c310,764,
0xa50d560,72,
0xa50d808,620,
0xa50ef00,20,
0xa50ef14,4,
0xa50ef1c,8,
0xa50ef8c,256,
0xa50f390,20,
0xa50f510,84,
0xa50f650,84,
0xa50f878,144,
0xa50fcf0,136,
0xa510458,120,
0xa510ddc,792,
0xa511df0,612,
0xa5145a0,508,
0xa515354,8,
0xa51541c,44,
0xa515448,8,
0xa515450,296,
0xa516410,552,
0xa5178e0,36,
0xa517ac0,556,
0xa518564,96,
0xa51871c,8,
0xa518734,4,
0xa518780,4,
0xa5187b4,8,
0xa518800,8,
0xa518818,4,
0xa518854,12,
0xa5188bc,40,
0xa518cdc,716,
0xa51a914,292,
0xa51ab60,8,
0xa51abac,8,
0xa51abdc,40,
0xa51acc0,4,
0xa51b014,8,
0xa51b04c,4,
0xa51b058,48,
0xa51b0e4,12,
0xa51b138,12,
0xa51b18c,12,
0xa51b244,8,
0xa51b2a0,12,
0xa51b360,12,
0xa51b420,12,
0xa51b46c,8,
0xa51b488,8,
0xa51b51c,12,
0xa51b57c,4,
0xa51b64c,48,
0xa51b814,4,
0xa51ba84,296,
0xa51c4d4,156,
0xa51c7bc,48,
0xa51c910,4,
0xa51c96c,112,
0xa51cbc4,8,
0xa51cc18,8,
0xa51ccdc,12,
0xa51cd30,12,
0xa51cdec,12,
0xa51ceb4,4,
0xa51cfc4,184,
0xa51d674,140,
0xa51ddc0,188,
0xa51e694,788,
0xa5202f4,264,
0xa52096c,148,
0xa520bb8,3508,_INIT_959: static init (code ptr tables)
0xa5687e4,716,
0xa56a274,284,
0xa56abf4,40,
0xa56ac44,372,
0xa56b4f0,1592,
0xa57076c,192,
0xa570ac8,8,
0xa570ad0,4,
0xa570adc,140,
0xa570cec,8,
0xa570e9c,4,
0xa570ea0,192,
0xa571268,12,
0xa571274,12,
0xa5712b0,36,
0xa5713cc,184,
0xa5718f0,36,
0xa57191c,40,
0xa571a50,8,
0xa571c10,8,
0xa571c18,36,
0xa571c90,356,
0xa573008,268,
0xa5732d4,48,
0xa573718,828,
0xa575590,136,
0xa5757b4,240,
0xa576168,872,
0xa577aa4,788,
0xa579cb0,96,
0xa57a248,104,
0xa57a950,88,
0xa57a9e0,12,
0xa57a9f4,36,
0xa57ab00,136,
0xa57aca4,88,
0xa57b16c,16,
0xa57b38c,92,
0xa57b438,484,
0xa57c0f0,80,
0xa57c3a4,652,
0xa57dbc4,4,
0xa57dc70,168,
0xa57e8c4,144,
0xa57ed80,692,
0xa5801b0,164,
0xa58140c,2060,FCanvasTriangleRendererItem::InitTriangleMesh: canvas triangle mesh vs FSceneView
0xa586880,4,
0xa586888,584,
0xa588444,548,
0xa589684,56,
0xa589768,184,
0xa5898b0,184,
0xa58aa04,568,
0xa58aee0,408,
0xa58b494,72,
0xa58b4dc,60,
0xa58b518,72,
0xa58b5c4,100,
0xa58b744,8,
0xa58ba9c,424,
0xa58bddc,8,
0xa58bde4,8,
0xa58be38,40,
0xa58bf30,108,
0xa58bff4,88,
0xa58c110,116,
0xa58cf14,8,
0xa58cfec,184,
0xa58d0a4,8,
0xa58d0d0,40,
0xa58d20c,4,
0xa58d210,80,
0xa58d5ec,20,
0xa58d600,4,
0xa58d604,36,
0xa58d628,28,
0xa58d644,32,
0xa58d6ac,12,
0xa58d6b8,48,
0xa58d764,2556,ScalabilityCVarsSinkCallback: scalability CVar apply
0xa59a548,676,
0xa59aea4,204,
0xa59b038,104,
0xa59b150,20,
0xa59b1a8,8,
0xa59b1b8,72,
0xa59c790,40,
0xa59c7b8,144,
0xa59c9f4,64,
0xa59cb44,48,
0xa59cb74,140,
0xa59cce4,140,
0xa59cef0,120,
0xa59cf68,224,
0xa59d944,348,
0xa59daa0,172,
0xa59ddcc,220,
0xa59e078,180,
0xa59e12c,240,
0xa59e21c,8,
0xa59e228,40,
0xa59e2a4,148,
0xa59e630,16,
0xa59e640,20,
0xa59e654,152,
0xa59e710,524,
0xa59f25c,8,
0xa59f264,4,
0xa59f268,208,
0xa59f59c,296,
0xa59fd90,24,
0xa59fda8,8,
0xa59fdb0,92,
0xa59fe0c,60,
0xa59fe48,144,
0xa59fed8,488,
0xa5a0574,340,
0xa5a09e0,152,
0xa5a0bb8,76,
0xa5a0c50,788,
0xa5a1e40,328,
0xa5a2ae4,392,
0xa5a3324,764,
0xa5a41c8,384,
0xa5a5950,128,
0xa5a5a34,168,
0xa5a6348,44,
0xa5a6374,1816,
0xa5ae228,344,
0xa5ae77c,492,
0xa5af428,336,
0xa5af62c,2044,
0xa5b34a0,456,
0xa5b3f18,80,
0xa5b3f68,424,
0xa5b44ac,92,
0xa5b4508,80,
0xa5b4818,536,
0xa5b54a4,144,
0xa5b5534,40,
0xa5b555c,4,
0xa5b5560,8,
0xa5b5568,8,
0xa5b5570,8,
0xa5b5590,164,
0xa5b5868,480,
0xa5b6030,8,
0xa5b6040,44,
0xa5b615c,88,
0xa5b6298,32,
0xa5b63f8,4,
0xa5b6404,8,
0xa5b640c,8,
0xa5b6484,8,
0xa5b648c,164,
0xa5b6798,88,
0xa5b69ac,144,
0xa5b6af0,36,
0xa5b6ba4,380,
0xa5b7224,176,
0xa5b7598,384,
0xa5b7ed8,92,
0xa5b7f34,80,
0xa5b81a8,152,
0xa5b82d8,156,
0xa5b85b8,384,
0xa5b8c70,812,
0xa5baee4,180,
0xa5bb088,12,
0xa5bb09c,12,
0xa5bb0bc,1448,
0xa5bdcb4,36,
0xa5bdd28,344,
0xa5be0d4,312,
0xa5be4a4,268,
0xa5be710,272,
0xa5bea38,128,
0xa5beab8,4,
0xa5becf0,8,
0xa5becf8,28,
0xa5bed14,56,
0xa5bed4c,188,
0xa5bee68,296,
0xa5bf158,28,
0xa5bf174,56,
0xa5bf2a8,4,
0xa5bf2ac,88,
0xa5bf308,496,
0xa5bfc38,8,
0xa5bfc40,28,
0xa5bfc5c,56,
0xa5bfc94,188,
0xa5bfdc4,564,
0xa5c0778,8,
0xa5c0780,28,
0xa5c07d4,188,
0xa5c0900,4,
0xa5c0b38,8,
0xa5c0b40,28,
0xa5c0b5c,56,
0xa5c0b94,188,
0xa5c0cc0,4,
0xa5c0ef8,8,
0xa5c0f00,28,
0xa5c0f1c,56,
0xa5c1028,88,
0xa5c1084,564,
0xa5c19e8,108,
0xa5c1f48,280,
0xa5c4164,720,
0xa5c4720,388,
0xa5c4b98,240,
0xa5c4c88,240,
0xa5c5174,76,
0xa5c51f8,8,
0xa5c5200,372,
0xa5c58fc,40,
0xa5c5924,88,
0xa5c5a14,116,
0xa5c5afc,16,
0xa5c5b0c,312,
0xa5c64e4,636,
0xa5c6850,64,
0xa5c6890,4,
0xa5c6894,16,
0xa5c68a4,672,
0xa5c70a4,332,
0xa5c72e8,788,
0xa5c8480,180,
0xa5c87f0,320,
0xa5c8de8,884,
0xa5c9d88,304,
0xa5cab30,16,
0xa5cabf8,2676,FCanvas::Flush_GameThread: canvas batch flush + font cache
0xa5d4198,2276,FCanvas::DrawStringInternal_RuntimeCache: canvas text draw
0xa5dd588,44,
0xa5dd5b4,44,
0xa5dd5e0,148,
0xa5dd6bc,52,
0xa5dd8ec,396,
0xa5ddd30,488,
0xa5de774,108,
0xa5df030,188,
0xa5df240,188,
0xa5dfc04,1364,
0xa5e1c24,652,
0xa5e25f4,324,
0xa5e3734,428,
0xa5e3f18,752,
0xa5e612c,480,
0xa5e9d4c,276,
0xa5e9e60,276,
0xa5e9f74,88,
0xa5e9fcc,188,
0xa5ea088,188,
0xa5ea144,2532,unnamed (FUN_0a5ea144)
0xa5f14d4,220,
0xa5f17b8,100,
0xa5f1a3c,932,
0xa5f2968,80,
0xa5f33a8,36,
0xa5f33cc,4,
0xa5f3400,8,
0xa5f3408,452,
0xa5f4148,96,
0xa5f41a8,84,
0xa5f4514,424,
0xa5f4ebc,792,
0xa5f66cc,512,
0xa5f7334,400,
0xa5f8bc4,548,
0xa5f9eb4,792,
0xa5fbc78,92,
0xa5fbfb8,4,
0xa5fbfc0,8,
0xa5fbfd8,44,
0xa5fc048,164,
0xa5fc328,8,
0xa5fc330,8,
0xa5fc338,8,
0xa5fc350,8,
0xa5fc428,4,
0xa5fc590,1092,
0xa5ffc3c,152,
0xa5ffcd4,140,
0xa600114,180,
0xa6003a8,540,
0xa603610,388,
0xa604fdc,600,
0xa605e40,8,
0xa605e4c,4,
0xa605e50,4,
0xa605e54,8,
0xa605f6c,464,
0xa6065a4,352,
0xa608380,2704,Slate OnMouseButtonUp (editor UI input)
0xa6159f4,580,
0xa61690c,868,
0xa6182b0,740,
0xa618ab8,4,
0xa618ba0,212,
0xa618dbc,2544,GenerateNewWidget (editor)
0xa622830,68,
0xa622c7c,24,
0xa622c94,4,
0xa622d64,36,
0xa622d88,144,
0xa622f38,512,
0xa623ae4,432,
0xa62542c,12,
0xa625b30,168,
0xa627484,88,
0xa6274dc,48,
0xa62753c,4,
0xa627540,4,
0xa627544,364,
0xa62787c,520,
0xa6283c0,36,
0xa6283e4,36,
0xa628408,40,
0xa62868c,92,
0xa6286e8,8,
0xa628710,36,
0xa628780,8,
0xa628788,8,
0xa628790,12,
0xa628848,16,
0xa628960,468,
0xa629030,8,
0xa629038,36,
0xa629084,148,
0xa629264,4,
0xa6293a4,36,
0xa6293c8,212,
0xa629690,84,
0xa6299fc,8,
0xa629a04,28,
0xa629a20,52,
0xa629acc,76,
0xa629b70,76,
0xa629dd8,8,
0xa629de8,224,
0xa62a388,52,
0xa62a60c,76,
0xa62a658,40,
0xa62a680,40,
0xa62a6d4,68,
0xa62a7a8,4,
0xa62a830,192,
0xa62a9f8,84,
0xa62aa94,8,
0xa62aa9c,8,
0xa62abc8,364,
0xa62b58c,196,
0xa62b9a0,40,
0xa62ba14,40,
0xa62bd94,36,
0xa62be88,12,
0xa62bee0,76,
0xa62c1c8,8,
0xa62e170,628,
0xa62f6a4,20,
0xa62f6b8,96,
0xa62faa4,44,
0xa62fbfc,36,
0xa62fc40,12,
0xa62fc6c,136,
0xa62febc,100,
0xa62ffd4,544,
0xa6313ac,272,
0xa631c6c,208,
0xa631ecc,484,
0xa632dac,1116,
0xa635c5c,28,
0xa635c78,92,
0xa635d2c,40,
0xa635db8,572,
0xa63747c,88,
0xa6374d4,16,
0xa6374e4,4,
0xa637620,8,
0xa637808,2104,
0xa63bfa8,68,
0xa63c2d8,468,
0xa63ca00,56,UWorld::GetParameterCollectionInstance: MPC instance lookup
0xa63ca70,168,
0xa63cfb4,1720,
0xa6426a4,16,
0xa6426b4,360,
0xa642d2c,76,
0xa642e1c,92,
0xa643050,100,
0xa643208,276,
0xa643bf4,1004,
0xa6462e0,16,
0xa646370,108,
0xa646490,160,
0xa646888,8,
0xa646974,16,
0xa646984,8,
0xa64699c,8,
0xa6469b4,68,
0xa646c54,620,
0xa649ab4,40,
0xa649bfc,40,
0xa649c9c,44,
0xa64a0c8,16,
0xa64a298,40,
0xa64a3f0,32,
0xa64aab0,52,
0xa64aae4,60,
0xa64b0b0,456,
0xa64c1dc,32,
0xa64c1fc,1056,
0xa64f5ac,16,
0xa64f5d8,76,
0xa64f700,36,
0xa64f748,36,
0xa64fa80,96,
0xa64fc44,380,
0xa65007c,76,
0xa650128,36,
0xa6505c0,36,
0xa650b84,32,
0xa650bfc,60,
0xa650dd8,144,
0xa65117c,100,
0xa651838,1112,
0xa6525f0,72,
0xa65271c,84,
0xa65280c,20,
0xa652838,40,
0xa652a4c,200,
0xa652f4c,36,
0xa65326c,96,
0xa65350c,380,
0xa653bb8,96,
0xa653e30,32,
0xa653f20,80,
0xa654118,292,
0xa6546b8,344,
0xa655034,36,
0xa655078,32,
0xa6550e4,36,
0xa65514c,40,
0xa6551e0,36,
0xa65526c,84,
0xa6556b0,8,
0xa6556f0,68,
0xa655d44,828,
0xa656d84,492,
0xa6581d0,1580,
0xa660b0c,24,
0xa660d34,680,
0xa662148,332,
0xa662700,52,
0xa662880,364,
0xa662d34,72,
0xa662dd0,40,
0xa662e20,396,
0xa663a94,440,
0xa6642dc,824,
0xa6652e4,144,
0xa665898,76,
0xa66597c,76,
0xa665af8,76,
0xa665cc0,76,
0xa665eb8,92,
0xa666678,176,
0xa666834,324,
0xa666f10,20,
0xa66709c,176,
0xa667368,176,
0xa6677c8,56,
0xa667a10,176,
0xa6680b8,400,
0xa6689e0,540,
0xa669b34,492,
0xa66a68c,176,
0xa66ad34,84,
0xa66af28,452,
0xa66bc10,120,
0xa66c09c,120,
0xa66c478,120,
0xa66c840,180,
0xa66cc34,12,
0xa66cd30,12,
0xa66cde0,76,
0xa66cfa8,76,
0xa66d26c,76,
0xa66d434,76,
0xa66d694,76,
0xa66d8a8,76,
0xa66db38,12,
0xa66dbe8,12,
0xa66dc40,12,
0xa66dca4,12,
0xa66dd08,12,
0xa66ddd0,12,
0xa66de4c,76,
0xa66e010,76,
0xa66e308,76,
0xa66e44c,76,
0xa66e68c,76,
0xa66e8ac,76,
0xa66eb0c,76,
0xa66ed20,12,
0xa66eef4,76,
0xa66f088,12,
0xa66f0e0,76,
0xa66f370,12,
0xa66f3c8,76,
0xa66f590,16,
0xa66f610,16,
0xa66f680,16,
0xa66f6d0,16,
0xa66f730,16,
0xa66fce4,12,
0xa66fd28,64,
0xa66fddc,4,
0xa66fe08,8,
0xa66fe1c,8,
0xa66fe40,8,
0xa66fe50,8,
0xa66fe84,8,
0xa66ff94,1392,
0xa675464,12,
0xa6754cc,52,
0xa6756ec,12,
0xa675754,52,
0xa67592c,12,
0xa675994,52,
0xa675c90,12,
0xa675c9c,12,
0xa675dc8,192,
0xa6761cc,96,
0xa6764d8,192,
0xa6768c4,4,
0xa676b1c,4,
0xa676b6c,8,
0xa676b90,8,
0xa676bb0,8,
0xa676c00,8,
0xa676c24,8,
0xa676c3c,12,
0xa676c68,8,
0xa676ca4,192,
0xa677074,8,
0xa6770bc,8,
0xa6770dc,60,
0xa677208,8,
0xa677398,8,
0xa6773c4,8,
0xa67740c,8,
0xa677458,44,
0xa6774e4,8,
0xa677554,8,
0xa67757c,12,
0xa6775d8,8,
0xa6775e4,4,
0xa677658,8,
0xa67768c,8,
0xa6776dc,8,
0xa677720,8,
0xa677798,8,
0xa6777fc,8,
0xa677830,8,
0xa67784c,8,
0xa6779cc,8,
0xa6779f4,12,
0xa677a60,8,
0xa677ab0,8,
0xa677af4,8,
0xa677b30,8,
0xa677c0c,12,
0xa677c54,8,
0xa677c94,8,
0xa677d6c,4,
0xa677e00,4,
0xa677e0c,8,
0xa677e24,8,
0xa677e48,8,
0xa677e60,4,
0xa677ebc,8,
0xa677f08,8,
0xa677f38,8,
0xa678004,12,
0xa678088,8,
0xa678098,8,
0xa6780c4,8,
0xa6780e8,8,
0xa6781e4,12,
0xa67822c,8,
0xa67826c,8,
0xa678284,8,
0xa6782ac,8,
0xa678300,8,
0xa67832c,8,
0xa678360,236,
0xa6786fc,4,
0xa678720,8,
0xa67875c,4,
0xa6787a8,8,
0xa6787dc,8,
0xa6787fc,8,
0xa678838,4,
0xa6788a4,8,
0xa6788d0,8,
0xa678940,8,
0xa67896c,8,
0xa67899c,8,
0xa6789c4,8,
0xa678a08,4,
0xa678a50,36,
0xa678b18,4,
0xa678b84,8,
0xa678bb0,8,
0xa678c08,8,
0xa678c7c,8,
0xa678cc0,28,
0xa678d2c,8,
0xa678d8c,12,
0xa678de4,8,
0xa678e24,4,
0xa679eb4,12,
0xa679fa8,76,
0xa67a0e8,76,
0xa67a22c,76,
0xa67a528,76,
0xa67a748,8,
0xa67a750,188,
0xa67aca4,4,
0xa67aca8,4,
0xa67acac,180,
0xa67b070,76,
0xa67b310,76,
0xa67b514,180,
0xa67b87c,52,
0xa67ba6c,52,
0xa67bcbc,192,
0xa67c0cc,12,
0xa67c25c,64,
0xa67c3a0,52,
0xa67c47c,12,
0xa67c518,92,
0xa67c7ec,8,
0xa67c8b8,4,
0xa67c980,192,
0xa67ccb8,188,
0xa67d208,188,
0xa67d5a4,16,
0xa67d5d4,76,
0xa67d8e0,4,
0xa67d8e4,4,
0xa67d8e8,188,
0xa67dd50,16,
0xa67de1c,12,
0xa67de30,188,
0xa67e27c,80,
0xa67e41c,12,
0xa67e484,52,
0xa67e740,8,
0xa67e830,4,
0xa67e838,188,
0xa67ed38,76,
0xa67ee4c,8,
0xa67ef10,48,
0xa67f0c0,76,
0xa67f1dc,188,
0xa67f684,80,
0xa67f824,92,
0xa67fa68,92,
0xa67fce4,12,
0xa67fd4c,52,
0xa67fed4,76,
0xa68006c,80,
0xa6802ac,80,
0xa680454,76,
0xa68068c,12,
0xa680728,92,
0xa680914,12,
0xa6809b0,168,
0xa681110,276,
0xa6815b4,332,
0xa681e80,248,
0xa6825e8,176,
0xa682bac,276,
0xa6832c0,180,
0xa683754,248,
0xa683b80,488,
0xa684a0c,116,
0xa684c20,76,
0xa684d9c,76,
0xa684f18,76,
0xa685178,76,
0xa685400,76,
0xa6855c8,76,
0xa685710,76,
0xa685930,12,
0xa685988,12,
0xa6859ec,76,
0xa685c30,12,
0xa685c3c,76,
0xa685e68,76,
0xa686048,76,
0xa686228,76,
0xa6864a0,76,
0xa6865bc,16,
0xa6866b8,8,
0xa6868cc,12,
0xa686b80,36,
0xa686c30,8,
0xa686c38,8,
0xa686c40,8,
0xa686c58,8,
0xa686d7c,8,
0xa686d8c,64,
0xa686e5c,8,
0xa686e74,8,
0xa686eb4,8,
0xa687084,8,
0xa687098,8,
0xa6870bc,8,
0xa6870d4,8,
0xa6872ac,228,
0xa687600,8,
0xa687618,8,
0xa687acc,4,
0xa687ae8,8,
0xa687b10,8,
0xa687b38,100,
0xa687c44,8,
0xa687c6c,8,
0xa687c8c,8,
0xa687d28,8,
0xa688048,572,
0xa6886dc,4,
0xa688700,8,
0xa688798,12,
0xa6887e0,8,
0xa688820,8,
0xa688830,272,
0xa688c54,8,
0xa688c7c,32,
0xa688e3c,180,
0xa689144,8,
0xa689328,372,
0xa689a04,8,
0xa689a2c,4,
0xa689a60,4,
0xa689b10,12,
0xa689b3c,8,
0xa689b68,8,
0xa689ba8,4,
0xa689bd0,8,
0xa689c1c,8,
0xa689c50,8,
0xa689d08,8,
0xa689d34,8,
0xa689d70,8,
0xa689db0,8,
0xa689e08,8,
0xa689e7c,8,
0xa689e98,8,
0xa689eb0,8,
0xa689edc,80,
0xa68a33c,12,
0xa68a36c,8,
0xa68a374,44,
0xa68a3fc,4,
0xa68a4a4,8,
0xa68a4c8,8,
0xa68a4e0,12,
0xa68a50c,8,
0xa68a534,8,
0xa68a5bc,4,
0xa68a5f0,28,
0xa68a630,8,
0xa68a65c,8,
0xa68a680,8,
0xa68a6d0,8,
0xa68a70c,8,
0xa68a77c,8,
0xa68a798,8,
0xa68a7d4,8,
0xa68a850,8,
0xa68a874,8,
0xa68aa4c,12,
0xa68abe8,188,
0xa68af1c,8,
0xa68af40,8,
0xa68af6c,8,
0xa68af94,4,
0xa68afe8,8,
0xa68b02c,8,
0xa68b134,188,
0xa68b76c,8,
0xa68b788,8,
0xa68b7d8,140,
0xa68b9bc,8,
0xa68bda0,884,
0xa68ca88,8,
0xa68cad4,8,
0xa68cb48,8,
0xa68cbbc,4,
0xa68cc8c,8,
0xa68ccb4,4,
0xa68ccec,8,
0xa68cec0,8,
0xa68ceec,8,
0xa68cf44,16,
0xa68cfd0,4,
0xa68d008,8,
0xa68d124,8,
0xa68d198,8,
0xa68d1c8,8,
0xa68d238,8,
0xa68d248,8,
0xa68d30c,8,
0xa68d340,8,
0xa68d35c,8,
0xa68d37c,32,
0xa68ebd8,4,
0xa68ec7c,12,
0xa68ecd4,92,
0xa68eec0,12,
0xa68ef28,52,
0xa68f0b4,192,
0xa68f67c,52,
0xa68f9e8,12,
0xa68fab4,48,
0xa68fb88,12,
0xa68fb94,76,
0xa68fe1c,12,
0xa68fed0,12,
0xa68ff6c,92,
0xa6901c0,52,
0xa690354,184,
0xa6909c4,92,
0xa690c5c,4,
0xa690cb0,80,
0xa690f48,92,
0xa69122c,76,
0xa691458,92,
0xa6916f4,16,
0xa691704,4,
0xa6917b0,12,
0xa691818,52,
0xa691998,92,
0xa691c84,76,
0xa691e8c,52,
0xa69201c,92,
0xa6922fc,12,
0xa692354,92,
0xa6925ec,4,
0xa69264c,76,
0xa6928d0,12,
0xa692984,12,
0xa692a7c,76,
0xa692c18,92,
0xa692f8c,12,
0xa692f98,92,
0xa693280,52,
0xa69331c,8,
0xa693350,8,
0xa6933f0,8,
0xa693474,4,
0xa6934cc,8,
0xa693510,8,
0xa693534,8,
0xa693568,8,
0xa69365c,8,
0xa693688,8,
0xa6936dc,4,
0xa693730,8,
0xa693774,8,
0xa6937b8,12,
0xa693820,4,
0xa693904,44,
0xa6939dc,8,
0xa693a3c,8,
0xa693aa0,8,
0xa693ab0,4,
0xa693b94,8,
0xa693bd4,4,
0xa693bf8,8,
0xa693c80,8,
0xa693ca8,12,
0xa693d04,8,
0xa6943b4,4,
0xa6943c4,8,
0xa6943dc,16,
0xa694410,8,
0xa694424,8,
0xa69443c,8,
0xa694460,8,
0xa6944b8,8,
0xa6944c8,8,
0xa6944ec,8,
0xa694544,8,
0xa6945e0,8,
0xa6945f0,8,
0xa694614,8,
0xa69462c,8,
0xa6946b0,8,
0xa6946f4,8,
0xa69472c,8,
0xa694748,8,
0xa6947cc,8,
0xa6947ec,4,
0xa694810,8,
0xa694900,8,
0xa69494c,8,
0xa694988,4,
0xa694a54,4,
0xa694a78,8,
0xa694b78,8,
0xa694ba0,12,
0xa694c08,188,
0xa694f38,60,
0xa695044,16,
0xa6950a0,8,
0xa695130,8,
0xa6951a4,8,
0xa695324,8,
0xa695354,8,
0xa695374,8,
0xa6953a8,8,
0xa695504,8,
0xa695540,8,
0xa695560,32,
0xa695a50,120,
0xa695af0,16,
0xa695b44,8,
0xa695b6c,4,
0xa695ba4,8,
0xa695cdc,8,
0xa695d18,8,
0xa695d54,4,
0xa695de0,4,
0xa695e98,12,
0xa695ef0,8,
0xa695f38,8,
0xa695f48,72,
0xa6960b0,8,
0xa6960e4,8,
0xa696134,8,
0xa696220,8,
0xa696240,4,
0xa696278,8,
0xa6963b8,8,
0xa6963d0,8,
0xa69643c,8,
0xa696474,16,
0xa6964d0,8,
0xa69663c,8,
0xa6966b8,8,
0xa6966c8,88,
0xa696970,8,
0xa6969c0,8,
0xa696ac0,8,
0xa696ad8,8,
0xa696af4,8,
0xa696b28,424,
0xa697520,8,
0xa697534,8,
0xa69754c,8,
0xa6975f0,8,
0xa697614,8,
0xa697634,8,
0xa697664,8,
0xa697684,104,
0xa697894,8,
0xa697a68,288,
0xa6982cc,8,
0xa6982f0,8,
0xa698310,8,
0xa698348,4,
0xa698378,152,
0xa698710,8,
0xa69876c,8,
0xa698974,8,
0xa6989a0,8,
0xa6989e0,4,
0xa698a20,8,
0xa698a30,8,
0xa698a64,8,
0xa698a90,220,
0xa698d58,8,
0xa698d90,4,
0xa698e00,8,
0xa698e14,8,
0xa698e58,36,
0xa698f1c,4,
0xa698fe0,8,
0xa699014,8,
0xa699090,8,
0xa6990cc,12,
0xa69929c,120,
0xa6994a8,12,
0xa6994ec,8,
0xa699520,8,
0xa69959c,8,
0xa6995c8,8,
0xa699610,8,
0xa69964c,8,
0xa69966c,8,
0xa699698,8,
0xa69971c,12,
0xa699798,20,
0xa699800,8,
0xa69983c,36,
0xa699904,4,
0xa699984,8,
0xa6999dc,8,
0xa699a18,12,
0xa699a9c,8,
0xa699b00,8,
0xa699b74,8,
0xa699bc8,32,
0xa69b3c8,208,
0xa69b8d4,76,
0xa69badc,188,
0xa69c100,8,
0xa69c110,188,
0xa69c730,76,
0xa69c934,4,
0xa69c93c,188,
0xa69ce38,76,
0xa69d03c,4,
0xa69d040,4,
0xa69d100,188,
0xa69d5bc,76,
0xa69d7b4,92,
0xa69dc68,12,
0xa69dc74,76,
0xa69def4,184,
0xa69e338,4,
0xa69e3f8,188,
0xa69e8e8,188,
0xa69ee20,12,
0xa69ee2c,92,
0xa69f0a8,12,
0xa69f110,52,
0xa69f2e4,76,
0xa69f510,4,
0xa69f514,188,
0xa69fa5c,12,
0xa69fab4,60,
0xa69fcb8,12,
0xa69fd9c,92,
0xa6a004c,16,
0xa6a00a8,180,
0xa6a0898,328,
0xa6a0f50,76,
0xa6a1148,76,
0xa6a153c,68,
0xa6a17e4,8,
0xa6a17fc,40,
0xa6a1a60,20,
0xa6a1a98,8,
0xa6a1ac4,8,
0xa6a1ae0,8,
0xa6a1b30,8,
0xa6a1b50,8,
0xa6a1b6c,8,
0xa6a1b8c,32,
0xa6a1c84,188,
0xa6a2204,8,
0xa6a2214,68,
0xa6a2348,8,
0xa6a2370,4,
0xa6a23d4,8,
0xa6a23f8,8,
0xa6a2424,8,
0xa6a2464,8,
0xa6a2478,4,
0xa6a250c,8,
0xa6a25ec,8,
0xa6a2644,8,
0xa6a26a4,8,
0xa6a26d0,8,
0xa6a2704,8,
0xa6a2730,36,
0xa6a27ec,8,
0xa6a2978,12,
0xa6a2b18,8,
0xa6a2b28,20,
0xa6a2b9c,8,
0xa6a2bac,8,
0xa6a2bc0,8,
0xa6a2bd8,8,
0xa6a2bfc,8,
0xa6a2d20,8,
0xa6a2d38,8,
0xa6a2d5c,8,
0xa6a2dac,8,
0xa6a2dc8,16,
0xa6a2e48,8,
0xa6a2e7c,176,
0xa6a31c4,8,
0xa6a3230,8,
0xa6a325c,12,
0xa6a32d4,4,
0xa6a330c,8,
0xa6a3414,8,
0xa6a343c,12,
0xa6a3498,8,
0xa6a34a4,4,
0xa6a3540,8,
0xa6a3570,4,
0xa6a3680,8,
0xa6a36a0,8,
0xa6a36c4,8,
0xa6a3704,8,
0xa6a371c,8,
0xa6a3730,12,
0xa6a3804,4,
0xa6a3830,8,
0xa6a389c,8,
0xa6a38c8,8,
0xa6a38f4,8,
0xa6a3a28,304,
0xa6a3f30,8,
0xa6a40fc,12,
0xa6a5100,12,
0xa6a519c,92,
0xa6a52e4,80,
0xa6a557c,12,
0xa6a5588,92,
0xa6a57f4,12,
0xa6a5800,12,
0xa6a5874,92,
0xa6a5b08,12,
0xa6a5b70,52,
0xa6a5d50,92,
0xa6a6058,12,
0xa6a6150,4,
0xa6a6158,188,
0xa6a6560,12,
0xa6a6610,12,
0xa6a6668,80,
0xa6a6800,12,
0xa6a680c,80,
0xa6a6a4c,80,
0xa6a6c3c,80,
0xa6a6e2c,80,
0xa6a7074,76,
0xa6a720c,92,
0xa6a7488,12,
0xa6a7494,92,
0xa6a76e8,76,
0xa6a7914,4,
0xa6a79b0,12,
0xa6a7a08,76,
0xa6a7c5c,192,
0xa6a81d0,192,
0xa6a8608,12,
0xa6a862c,12,
0xa6a8690,184,
0xa6a8b98,180,
0xa6a9040,356,
0xa6a9834,132,
0xa6a9a7c,8,
0xa6a9b50,76,
0xa6a9e04,8,
0xa6a9e0c,172,
0xa6aa044,12,
0xa6aa084,8,
0xa6aa0a4,8,
0xa6aa0d4,8,
0xa6aa34c,56,
0xa6aa3f0,8,
0xa6aa410,8,
0xa6aa434,60,
0xa6aa514,4,
0xa6aa598,8,
0xa6aa5b0,8,
0xa6aa5bc,8,
0xa6aa5e4,8,
0xa6aa5f8,8,
0xa6aa6e0,8,
0xa6aa6f8,12,
0xa6aa754,8,
0xa6aaa6c,120,
0xa6aabe4,136,
0xa6aae40,12,
0xa6aae74,32,
0xa6aafc0,32,
0xa6ab04c,8,
0xa6ab070,8,
0xa6ab154,8,
0xa6ab178,8,
0xa6ab19c,8,
0xa6ab1ac,8,
0xa6ab1f4,4,
0xa6ab20c,52,
0xa6ab2e0,8,
0xa6ab35c,8,
0xa6ab380,8,
0xa6ab3d0,8,
0xa6ab418,44,
0xa6ab58c,8,
0xa6ab5c8,8,
0xa6ab608,8,
0xa6ab6a8,4,
0xa6ab70c,8,
0xa6ab72c,8,
0xa6ab77c,8,
0xa6ab7a8,8,
0xa6ab7dc,8,
0xa6ab834,28,
0xa6ab8b4,8,
0xa6ab940,8,
0xa6ab9b8,180,
0xa6abe70,8,
0xa6abe9c,8,
0xa6abf6c,8,
0xa6abfa8,8,
0xa6abfe8,4,
0xa6ac000,12,
0xa6ac084,4,
0xa6ac0b8,4,
0xa6ac1e0,8,
0xa6ac224,32,
0xa6ac374,8,
0xa6ac3d0,8,
0xa6ac3e4,8,
0xa6ac404,8,
0xa6ac418,8,
0xa6ac538,8,
0xa6ac550,8,
0xa6ac5c4,120,
0xa6ac7a0,8,
0xa6ac7cc,8,
0xa6ac834,144,
0xa6acb78,8,
0xa6acbac,8,
0xa6accb0,12,
0xa6acd24,8,
0xa6acd58,8,
0xa6acda8,8,
0xa6ace68,8,
0xa6ace9c,8,
0xa6acebc,8,
0xa6acef4,4,
0xa6ad154,4,
0xa6ad18c,8,
0xa6ad1b0,8,
0xa6ad1d8,4,
0xa6ad1fc,12,
0xa6ad230,12,
0xa6ad290,8,
0xa6ad350,12,
0xa6ad430,32,
0xa6ad4c8,8,
0xa6ad50c,8,
0xa6ad520,8,
0xa6ad668,8,
0xa6ad6ac,32,
0xa6ad714,28,
0xa6ad770,8,
0xa6ad79c,8,
0xa6ad800,12,
0xa6ad850,8,
0xa6ad8bc,12,
0xa6ad950,8,
0xa6ada68,12,
0xa6adac0,8,
0xa6aecac,80,
0xa6aef00,12,
0xa6aefcc,92,
0xa6af27c,12,
0xa6af2e4,52,
0xa6af584,12,
0xa6af684,4,
0xa6af740,76,
0xa6af850,8,
0xa6af910,48,
0xa6afd38,188,
0xa6b0190,76,
0xa6b0310,192,
0xa6b0a84,76,
0xa6b0bd8,80,
0xa6b0f4c,188,
0xa6b1374,360,
0xa6b1dec,188,
0xa6b25b4,76,
0xa6b2708,80,
0xa6b292c,192,
0xa6b2d78,92,
0xa6b2eb0,12,
0xa6b2f4c,20,
0xa6b314c,176,
0xa6b3694,168,
0xa6b3aac,12,
0xa6b3b50,76,
0xa6b3d64,76,
0xa6b3f90,8,
0xa6b41b0,76,
0xa6b42a8,76,
0xa6b4494,12,
0xa6b4530,4,
0xa6b4584,80,
0xa6b4898,12,
0xa6b4a2c,76,
0xa6b4bb4,76,
0xa6b4d98,12,
0xa6b4e00,76,
0xa6b5258,304,
0xa6b5c34,168,
0xa6b607c,252,
0xa6b6888,328,
0xa6b7050,76,
0xa6b7288,76,
0xa6b73d0,76,
0xa6b75fc,76,
0xa6b77d0,76,
0xa6b792c,16,
0xa6b798c,192,
0xa6b7ee0,8,
0xa6b7f00,8,
0xa6b7f3c,4,
0xa6b7f80,8,
0xa6b7fac,8,
0xa6b8104,8,
0xa6b8130,8,
0xa6b819c,8,
0xa6b81d0,20,
0xa6b822c,8,
0xa6b82a0,8,
0xa6b82c8,12,
0xa6b834c,8,
0xa6b8368,8,
0xa6b839c,8,
0xa6b8410,8,
0xa6b8454,8,
0xa6b8558,184,
0xa6b8ad0,188,
0xa6b901c,4,
0xa6b9050,8,
0xa6b907c,8,
0xa6b90ac,4,
0xa6b90f8,12,
0xa6b9148,8,
0xa6b9254,12,
0xa6b927c,8,
0xa6b92c4,4,
0xa6b92f8,4,
0xa6b93e8,8,
0xa6b9424,12,
0xa6b9478,8,
0xa6b948c,180,
0xa6ba5a0,80,
0xa6ba794,80,
0xa6ba92c,12,
0xa6baa2c,12,
0xa6baa38,92,
0xa6bac68,76,
0xa6baf04,76,
0xa6bb1e4,80,
0xa6bb240,76,
0xa6bb39c,52,
0xa6bb5c8,12,
0xa6bb664,28,
0xa6bb8d4,184,
0xa6bbc68,192,
0xa6bc258,92,
0xa6bc520,76,
0xa6bc730,64,
0xa6bc8d0,76,
0xa6bc9b8,92,
0xa6bcc40,76,
0xa6bcdd8,92,
0xa6bd054,12,
0xa6bd0bc,52,
0xa6bd2ac,52,
0xa6bd3d8,76,
0xa6bd610,12,
0xa6bd6ac,12,
0xa6bd714,12,
0xa6bd77c,52,
0xa6bd8c0,52,
0xa6bdb78,8,
0xa6bdb80,184,
0xa6bdfe8,180,
0xa6be590,4,
0xa6be654,188,
0xa6be9d0,12,
0xa6be9dc,92,
0xa6beb7c,52,
0xa6bee40,8,
0xa6bef70,60,
0xa6bf318,176,
0xa6bf674,192,
0xa6bfacc,8,
0xa6bfaec,4,
0xa6bfb24,8,
0xa6bfba8,12,
0xa6bfc0c,4,
0xa6bfc40,8,
0xa6bfc8c,8,
0xa6bfcb8,8,
0xa6bfce4,176,
0xa6c004c,32,
0xa6c017c,8,
0xa6c01a0,8,
0xa6c01c0,8,
0xa6c02c4,12,
0xa6c0314,8,
0xa6c035c,4,
0xa6c045c,8,
0xa6c0488,8,
0xa6c04a8,8,
0xa6c0528,8,
0xa6c0564,8,
0xa6c05ac,8,
0xa6c0614,8,
0xa6c0638,8,
0xa6c0674,184,
0xa6c0c5c,188,
0xa6c1034,8,
0xa6c1128,8,
0xa6c1154,8,
0xa6c11b8,8,
0xa6c11c8,4,
0xa6c1270,8,
0xa6c1290,8,
0xa6c12ac,8,
0xa6c12dc,4,
0xa6c1354,8,
0xa6c136c,8,
0xa6c13a8,8,
0xa6c13e0,196,
0xa6c1fd4,8,
0xa6c1fdc,76,
0xa6c2084,4,
0xa6c21c0,8,
0xa6c21f4,8,
0xa6c2218,8,
0xa6c2278,8,
0xa6c22cc,8,
0xa6c22f0,8,
0xa6c2318,4,
0xa6c23c8,12,
0xa6c2418,8,
0xa6c2478,16,
0xa6c250c,8,
0xa6c2538,8,
0xa6c26a0,8,
0xa6c26e4,8,
0xa6c272c,8,
0xa6c275c,60,
0xa6c2808,228,
0xa6c2ba8,8,
0xa6c2c30,8,
0xa6c2c60,8,
0xa6c2c7c,8,
0xa6c2d24,8,
0xa6c2d48,8,
0xa6c2d68,8,
0xa6c2da4,4,
0xa6c2e8c,8,
0xa6c2ec0,8,
0xa6c2fa4,8,
0xa6c2fc8,8,
0xa6c303c,20,
0xa6c3124,8,
0xa6c3160,260,
0xa6c3658,4,
0xa6c36a0,80,
0xa6c3a34,4,
0xa6c3a7c,8,
0xa6c3af4,8,
0xa6c3b1c,12,
0xa6c3b70,8,
0xa6c3c3c,12,
0xa6c3d30,12,
0xa6c3dc0,8,
0xa6c3de4,8,
0xa6c3e04,8,
0xa6c3e10,8,
0xa6c3e8c,8,
0xa6c3e9c,8,
0xa6c3eb4,12,
0xa6c3f18,236,
0xa6c559c,4,
0xa6c5720,76,
0xa6c5934,92,
0xa6c5c40,188,
0xa6c6240,380,
0xa6c6b80,12,
0xa6c6b8c,92,
0xa6c6ea4,92,
0xa6c7258,4,
0xa6c725c,4,
0xa6c742c,192,
0xa6c7884,12,
0xa6c792c,80,
0xa6c7bcc,92,
0xa6c7eb0,52,
0xa6c80dc,92,
0xa6c8574,8,
0xa6c8630,192,
0xa6c8b5c,180,
0xa6c9054,180,
0xa6c94f4,92,
0xa6c97e4,76,
0xa6c9a68,76,
0xa6c9cec,76,
0xa6c9fd0,188,
0xa6cac60,168,
0xa6cb0ec,76,
0xa6cb184,76,
0xa6cb324,76,
0xa6cb67c,48,
0xa6cb77c,40,
0xa6cb968,4,
0xa6cb9c4,8,
0xa6cb9e8,8,
0xa6cb9f8,8,
0xa6cba84,8,
0xa6cbaf8,4,
0xa6cbd54,4,
0xa6cbdb4,8,
0xa6cbdd8,8,
0xa6cbdf8,8,
0xa6cbe64,8,
0xa6cbeec,4,
0xa6cbf5c,8,
0xa6cbf98,4,
0xa6cbfec,8,
0xa6cc030,8,
0xa6cc0c8,4,
0xa6cc0f4,4,
0xa6cc184,8,
0xa6cc218,8,
0xa6cc280,8,
0xa6cc30c,8,
0xa6cc340,8,
0xa6cc4b4,8,
0xa6cc500,8,
0xa6cc5ec,8,
0xa6cc628,8,
0xa6cc668,4,
0xa6cc69c,4,
0xa6cc6c8,4,
0xa6cc750,8,
0xa6cc7a4,8,
0xa6cc7d4,8,
0xa6cc98c,24,
0xa6ccb8c,12,
0xa6ccbdc,8,
0xa6ccc28,4,
0xa6ccdb0,8,
0xa6cceb8,8,
0xa6ccec8,8,
0xa6ccefc,8,
0xa6ccf44,8,
0xa6ccfa0,8,
0xa6ccfdc,8,
0xa6cd008,168,
0xa6cd510,8,
0xa6cd6e8,260,
0xa6cdd54,8,
0xa6cdd88,8,
0xa6cddac,8,
0xa6cde28,8,
0xa6cde64,8,
0xa6ce258,4,
0xa6ce4a8,180,
0xa6ce768,8,
0xa6ce7c0,32,
0xa6ce86c,4,
0xa6ce9b4,8,
0xa6cea20,8,
0xa6cebbc,8,
0xa6cebdc,8,
0xa6cec10,4,
0xa6cec98,8,
0xa6cecd4,8,
0xa6cecec,8,
0xa6ced2c,8,
0xa6ced6c,8,
0xa6cedb0,8,
0xa6cee00,12,
0xa6cee50,8,
0xa6cee98,4,
0xa6ceef0,8,
0xa6cef24,8,
0xa6cef50,8,
0xa6cefa4,8,
0xa6ceff4,8,
0xa6cf030,8,
0xa6cf070,8,
0xa6cf0b4,8,
0xa6cf238,8,
0xa6cf260,4,
0xa6cf2a8,80,
0xa6d01fc,8,
0xa6d0204,8,
0xa6d020c,56,
0xa6d0290,8,
0xa6d02a0,8,
0xa6d02b4,8,
0xa6d02c4,8,
0xa6d02e4,4,
0xa6d02f8,44,
0xa6d0350,8,
0xa6d03b4,8,
0xa6d0490,188,
0xa6d25e0,264,
0xa6d2dec,184,
0xa6d36f4,164,
0xa6d3a40,156,
0xa6d3eb8,156,
0xa6d44d0,156,
0xa6d4a84,156,
0xa6d509c,156,
0xa6d5688,76,
0xa6d58f4,76,
0xa6d5bac,76,
0xa6d5e64,76,
0xa6d6084,76,
0xa6d6388,76,
0xa6d676c,76,
0xa6d6a18,76,
0xa6d6cc4,76,
0xa6d70c0,8,
0xa6d7250,76,
0xa6d73cc,76,
0xa6d7658,192,
0xa6d7f24,768,
0xa6d9c50,168,
0xa6da240,292,
0xa6daa00,80,
0xa6dac3c,16,
0xa6dac5c,16,
0xa6dac8c,16,
0xa6daccc,16,
0xa6dad2c,76,
0xa6db184,8,
0xa6db300,12,
0xa6db368,52,
0xa6db4ac,52,
0xa6db628,76,
0xa6db9d8,12,
0xa6dbb8c,92,
0xa6dbe78,188,
0xa6dc4fc,188,
0xa6dcd84,36,
0xa6dcedc,188,
0xa6dd540,52,
0xa6dd814,8,
0xa6dd820,192,
0xa6dde24,16,
0xa6dde44,16,
0xa6ddf64,12,
0xa6de02c,48,
0xa6de1f8,12,
0xa6de2f8,12,
0xa6de304,92,
0xa6de840,4,
0xa6de8a0,76,
0xa6dea44,184,
0xa6df1ec,192,
0xa6df838,52,
0xa6dfa64,92,
0xa6dfd48,52,
0xa6dfe98,8,
0xa6dfed0,8,
0xa6dfef4,8,
0xa6dff28,8,
0xa6dff5c,8,
0xa6dffe8,8,
0xa6e0044,8,
0xa6e0064,4,
0xa6e0154,8,
0xa6e019c,8,
0xa6e01e4,8,
0xa6e02c4,8,
0xa6e030c,4,
0xa6e033c,8,
0xa6e0370,8,
0xa6e03c0,8,
0xa6e03f4,8,
0xa6e041c,32,
0xa6e0498,8,
0xa6e04c4,8,
0xa6e05a0,8,
0xa6e05dc,8,
0xa6e061c,8,
0xa6e0654,8,
0xa6e06a8,8,
0xa6e06d4,8,
0xa6e07b8,8,
0xa6e083c,8,
0xa6e0870,8,
0xa6e08bc,4,
0xa6e0918,8,
0xa6e0954,8,
0xa6e0a58,4,
0xa6e0acc,8,
0xa6e0c04,8,
0xa6e0c7c,188,
0xa6e1434,8,
0xa6e1450,8,
0xa6e1470,8,
0xa6e148c,8,
0xa6e1514,8,
0xa6e152c,8,
0xa6e1598,8,
0xa6e173c,180,
0xa6e1b04,4,
0xa6e1bc4,12,
0xa6e1c14,8,
0xa6e1df0,192,
0xa6e2160,4,
0xa6e218c,4,
0xa6e21c4,8,
0xa6e2264,8,
0xa6e22b4,8,
0xa6e2308,8,
0xa6e2360,8,
0xa6e23dc,8,
0xa6e2424,8,
0xa6e2474,44,
0xa6e2610,8,
0xa6e26fc,24,
0xa6e276c,8,
0xa6e27d8,8,
0xa6e27f4,8,
0xa6e2868,8,
0xa6e3a2c,188,
0xa6e43cc,176,
0xa6e48ec,8,
0xa6e4a0c,4,
0xa6e4a10,4,
0xa6e4ad4,192,
0xa6e5484,164,
0xa6e5880,76,
0xa6e59b0,76,
0xa6e5c68,76,
0xa6e5fc4,184,
0xa6e65c0,76,
0xa6e67c0,16,
0xa6e694c,48,
0xa6e6b7c,192,
0xa6e7284,80,
0xa6e7518,12,
0xa6e75b4,92,
0xa6e7988,92,
0xa6e7c18,168,
0xa6e8494,76,
0xa6e8754,76,
0xa6e8d1c,76,
0xa6e8eb0,76,
0xa6e9188,76,
0xa6e9368,80,
0xa6e9578,16,
0xa6e969c,52,
0xa6e9f9c,396,
0xa6eb2e4,76,
0xa6eb414,76,
0xa6eb64c,76,
0xa6eb978,72,
0xa6ebc08,12,
0xa6ebce0,192,
0xa6ebfb4,8,
0xa6ec020,8,
0xa6ec048,8,
0xa6ec0b0,8,
0xa6ec0e0,4,
0xa6ec190,12,
0xa6ec1e8,8,
0xa6ec360,12,
0xa6ec3a4,8,
0xa6ec3cc,4,
0xa6ec400,4,
0xa6ec414,36,
0xa6ec4c8,8,
0xa6ec4e8,8,
0xa6ec51c,8,
0xa6ec534,8,
0xa6ec570,4,
0xa6ec5b8,12,
0xa6ec610,8,
0xa6ec648,8,
0xa6ec680,4,
0xa6ec6ac,4,
0xa6ec7cc,8,
0xa6ec814,8,
0xa6ec83c,32,
0xa6ec978,8,
0xa6ec988,8,
0xa6ec9ac,8,
0xa6ec9d8,8,
0xa6ecae4,8,
0xa6ecb10,8,
0xa6ecb50,8,
0xa6ecb68,8,
0xa6ecca8,8,
0xa6eccdc,8,
0xa6eccec,8,
0xa6ece38,12,
0xa6ece80,8,
0xa6ece98,8,
0xa6eced0,4,
0xa6ecfd8,56,
0xa6ed1bc,8,
0xa6ed1dc,8,
0xa6ed1f0,8,
0xa6ed240,8,
0xa6ed260,8,
0xa6ed29c,8,
0xa6ed2d0,8,
0xa6ed3c4,8,
0xa6ed3f8,8,
0xa6ed41c,8,
0xa6ed5f0,192,
0xa6eda04,8,
0xa6eda50,4,
0xa6edb8c,12,
0xa6edbc0,12,
0xa6edc34,8,
0xa6edc78,8,
0xa6edcac,8,
0xa6edd10,8,
0xa6edd4c,8,
0xa6edd94,8,
0xa6eec68,76,
0xa6ef250,76,
0xa6ef334,76,
0xa6ef60c,12,
0xa6ef674,52,
0xa6ef7b8,52,
0xa6efaa4,320,
0xa6f0344,76,
0xa6f05a4,76,
0xa6f094c,64,
0xa6f0c5c,12,
0xa6f0cb8,76,
0xa6f0f6c,52,
0xa6f11bc,92,
0xa6f1568,184,
0xa6f1ce4,40,
0xa6f1e34,1268,
0xa6f5be0,12,
0xa6f5bec,76,
0xa6f5efc,76,
0xa6f61a8,76,
0xa6f6760,224,
0xa6f6c40,8,
0xa6f6c6c,8,
0xa6f6cac,4,
0xa6f6ce4,8,
0xa6f6cf8,8,
0xa6f6d24,8,
0xa6f6d50,8,
0xa6f6d98,12,
0xa6f6de0,8,
0xa6f6e20,8,
0xa6f6fb8,12,
0xa6f7008,8,
0xa6f7020,8,
0xa6f7054,8,
0xa6f70c8,8,
0xa6f70ec,8,
0xa6f70fc,8,
0xa6f715c,36,
0xa6f7204,8,
0xa6f72d4,8,
0xa6f7350,8,
0xa6f7394,36,
0xa6f74dc,8,
0xa6f7518,8,
0xa6f7f04,92,
0xa6f8618,312,
0xa6f8fcc,52,
0xa6f9434,168,
0xa6f969c,36,
0xa6f986c,12,
0xa6f98c4,12,
0xa6f991c,76,
0xa6f9cac,76,
0xa6f9fbc,76,
0xa6fa190,76,
0xa6fa448,16,
0xa6fa4d8,16,
0xa6fa568,16,
0xa6fa604,20,
0xa6fa6b8,20,
0xa6fa76c,20,
0xa6fa950,676,
0xa6fbf5c,28,
0xa6fc49c,28,
0xa6fc788,92,
0xa6fc8d4,184,
0xa6fcd5c,176,
0xa6fd190,176,
0xa6fd708,12,
0xa6fd7ac,76,
0xa6fda58,76,
0xa6fdc20,76,
0xa6fdf18,76,
0xa6fe210,76,
0xa6fe52c,188,
0xa6feb7c,52,
0xa6fef1c,76,
0xa6ff2b0,12,
0xa6ff2c4,192,
0xa6ffa04,8,
0xa6ffa10,192,
0xa700040,192,
0xa7007d8,76,
0xa700b44,12,
0xa700c48,4,
0xa700c4c,80,
0xa700e88,76,
0xa701184,180,
0xa701868,4,
0xa70186c,4,
0xa70192c,188,
0xa701e18,192,
0xa7024d0,52,
0xa702658,40,
0xa7029a8,20,
0xa7029dc,8,
0xa702c98,4,
0xa702d18,8,
0xa702d38,4,
0xa702d64,8,
0xa702e74,8,
0xa702e98,8,
0xa702eb8,8,
0xa702ef8,8,
0xa702f40,44,
0xa702fcc,8,
0xa7030d8,8,
0xa70313c,8,
0xa70315c,8,
0xa7031c8,8,
0xa7031f0,4,
0xa703238,208,
0xa7037f8,8,
0xa70383c,32,
0xa703a1c,80,
0xa703bc0,8,
0xa703c04,192,
0xa704138,8,
0xa7041b4,8,
0xa70420c,4,
0xa704288,8,
0xa7042c4,4,
0xa7043ac,8,
0xa704474,8,
0xa7044b0,8,
0xa7044d4,8,
0xa704568,8,
0xa704730,12,
0xa7047a4,4,
0xa7047ec,48,
0xa7049cc,8,
0xa7049ec,4,
0xa704a8c,12,
0xa704ae4,8,
0xa704b3c,12,
0xa704c10,8,
0xa704c64,8,
0xa704ca0,180,
0xa70548c,8,
0xa7054e8,8,
0xa70551c,8,
0xa705530,8,
0xa705578,8,
0xa70558c,4,
0xa705680,8,
0xa7056a8,12,
0xa70572c,8,
0xa7057a0,8,
0xa70583c,8,
0xa7068d8,92,
0xa706d00,76,
0xa70711c,52,
0xa707538,8,
0xa707684,28,
0xa7076fc,184,
0xa708228,132,
0xa708608,76,
0xa7088f0,76,
0xa708b1c,76,
0xa708fc8,8,
0xa709134,108,
0xa7096ac,48,
0xa709a0c,192,
0xa70a2f4,76,
0xa70a508,8,
0xa70a600,4,
0xa70a62c,108,
0xa70a87c,4,
0xa70a948,8,
0xa70a96c,8,
0xa70a9e8,4,
0xa70aa34,8,
0xa70aa84,8,
0xa70ab08,8,
0xa70ab7c,8,
0xa70aba4,8,
0xa70ac28,44,
0xa70ad30,8,
0xa70ad74,8,
0xa70ade0,8,
0xa70aeb0,8,
0xa70aef8,8,
0xa70af7c,8,
0xa70afe4,8,
0xa70b018,8,
0xa70b068,8,
0xa70b0c8,8,
0xa70b134,8,
0xa70b2fc,8,
0xa70b37c,8,
0xa70b418,12,
0xa70b61c,8,
0xa70b648,8,
0xa70b69c,8,
0xa70b6b0,8,
0xa70b770,8,
0xa70b97c,12,
0xa70c584,12,
0xa70c67c,4,
0xa70c680,92,
0xa70c880,176,
0xa70cf5c,52,
0xa70d1bc,188,UCurveLinearColorAtlas::execGetLinearColorValue (LinearColor curve eval entry)
0xa70d86c,12,
0xa70d908,16,
0xa70da24,184,
0xa70e1f0,8,
0xa70e3c0,76,
0xa70e630,8,
0xa70ea7c,384,
0xa70f7c0,76,
0xa70f950,76,
0xa70fb94,92,
0xa70ff70,52,
0xa710194,12,
0xa7103b4,76,
0xa7107bc,16,
0xa7108d8,8,
0xa7108e0,180,
0xa711018,52,
0xa711188,12,
0xa7111e0,92,
0xa71181c,76,
0xa711a44,76,
0xa711d34,12,
0xa711e2c,76,
0xa711f90,180,
0xa712fec,76,
0xa713198,188,
0xa713838,76,
0xa713af0,16,
0xa713b30,16,
0xa713e44,8,
0xa713e64,40,
0xa713f5c,72,
0xa71412c,8,
0xa714230,8,
0xa714264,8,
0xa71427c,8,
0xa714388,4,
0xa7145c8,4,
0xa7145fc,4,
0xa714674,8,
0xa71468c,8,
0xa7146d0,32,
0xa7147c8,404,
0xa714fb0,8,
0xa71503c,8,
0xa715078,8,
0xa7151a4,12,
0xa715338,12,
0xa71539c,8,
0xa7153b4,8,
0xa7153f0,4,
0xa715468,8,
0xa715480,8,
0xa7154ec,8,
0xa715a70,148,
0xa715d78,8,
0xa715d98,8,
0xa715e98,8,
0xa715ec0,12,
0xa715f2c,8,
0xa715fec,24,
0xa716070,8,
0xa716090,8,
0xa716188,8,
0xa7161b0,12,
0xa716274,72,
0xa7164c8,8,
0xa7164f4,8,
0xa71662c,4,
0xa716644,12,
0xa71667c,8,
0xa7166d4,8,
0xa716750,8,
0xa716784,8,
0xa716bb4,4,
0xa716bc4,8,
0xa716bec,8,
0xa716c6c,8,
0xa716d28,8,
0xa716d38,4,
0xa716d54,8,
0xa716d6c,4,
0xa716e44,12,
0xa716ea4,8,
0xa71729c,168,
0xa71762c,8,
0xa717668,8,
0xa7176ac,4,
0xa717778,8,
0xa7177a8,4,
0xa7177bc,48,
0xa71795c,180,
0xa718024,12,
0xa71807c,8,
0xa71809c,8,
0xa7180e4,12,
0xa71812c,8,
0xa71816c,8,
0xa718194,12,
0xa718200,8,
0xa718260,12,
0xa7182c8,32,
0xa718384,8,
0xa7183dc,8,
0xa718418,8,
0xa718530,188,
0xa719ec0,192,
0xa71a56c,8,
0xa71a630,48,
0xa71a7a8,16,
0xa71a7dc,60,UCanvas::execCreateDynamicMaterialInstance
0xa71ab54,76,
0xa71adf4,192,
0xa71b5e0,76,
0xa71b7a8,76,
0xa71b98c,192,
0xa71c2e0,16,
0xa71c3b0,12,
0xa71c644,76,
0xa71c828,48,
0xa71ca2c,192,
0xa71d05c,188,
0xa71dbc4,12,
0xa71dcd0,192,
0xa71e3b0,52,
0xa71e6e0,8,
0xa71e818,4,
0xa71e820,188,
0xa71ecfc,80,
0xa71f050,92,
0xa71f598,4,
0xa71f650,16,
0xa71f660,16,
0xa71f784,180,
0xa71fed0,168,
0xa72063c,12,
0xa720648,76,
0xa7207c4,76,
0xa720a7c,192,
0xa7212d4,12,
0xa7212fc,160,
0xa72179c,4,
0xa72194c,28,
0xa7219e4,8,
0xa721a34,12,
0xa721a74,8,
0xa721a9c,32,
0xa721bac,52,
0xa721c7c,8,
0xa721cb8,192,
0xa7222bc,8,
0xa7222e0,8,
0xa722398,8,
0xa7223b0,8,
0xa7223f4,32,
0xa72242c,8,
0xa7224b4,8,
0xa72258c,8,
0xa7225b8,8,
0xa7225ec,8,
0xa722680,8,
0xa7226b4,8,
0xa722a60,192,
0xa72304c,8,
0xa723068,8,
0xa723154,8,
0xa723190,12,
0xa7231ec,8,
0xa723214,8,
0xa72328c,8,
0xa72338c,8,
0xa7233b8,8,
0xa7233d8,32,
0xa7234f8,60,
0xa723708,8,
0xa723750,4,
0xa724880,80,
0xa724a2c,184,
0xa7250d8,16,
0xa725240,8,
0xa7253b0,4,
0xa7253b8,188,
0xa725ae0,4,
0xa725c64,76,
0xa725e84,4,
0xa725e8c,188,
0xa7264b8,188,
0xa726be4,12,
0xa726c80,192,
0xa7276cc,16,
0xa727728,188,
0xa727f28,12,
0xa728038,4,
0xa728040,188,
0xa7287bc,192,
0xa728f00,192,
0xa729750,12,
0xa72984c,4,
0xa7298f8,12,
0xa729960,52,
0xa729b00,184,
0xa72a244,76,
0xa72a4f4,180,
0xa72ade8,188,
0xa72b694,8,
0xa72b7f8,4,
0xa72b89c,12,
0xa72b8f4,80,
0xa72bb7c,92,
0xa72c0b4,4,
0xa72c144,8,
0xa72c168,8,
0xa72c184,8,
0xa72c278,8,
0xa72c2b4,8,
0xa72c550,12,
0xa72c874,12,
0xa72c884,8,
0xa72c8d4,64,
0xa72c98c,8,
0xa72c9a4,4,
0xa72c9b0,8,
0xa72caa4,8,
0xa72cad8,8,
0xa72cb18,8,
0xa72cd88,192,
0xa72d4c4,8,
0xa72d4f8,8,
0xa72d5b8,8,
0xa72d5d0,8,
0xa72d6d0,8,
0xa72d764,8,
0xa72d790,8,
0xa72d7cc,48,
0xa72db54,8,
0xa72db70,8,
0xa72db9c,8,
0xa72dbfc,8,
0xa72dc38,12,
0xa72ddf8,8,
0xa72ded8,4,
0xa72defc,8,
0xa72df24,8,
0xa72df34,8,
0xa72df48,8,
0xa72dfe0,8,
0xa72e028,8,
0xa72e048,8,
0xa72e094,8,
0xa72e0c0,8,
0xa72e130,8,
0xa72e184,8,
0xa72e1c0,180,
0xa72ff5c,76,
0xa7304d0,176,
0xa730888,76,
0xa730aa8,76,
0xa730de0,8,
0xa730f48,4,
0xa730f4c,4,
0xa7310e0,16,
0xa731208,8,
0xa7312d0,120,
0xa731680,92,
0xa7319c8,92,
0xa731d94,92,
0xa732154,76,
0xa732444,92,
0xa732744,16,
0xa7327b0,16,
0xa732908,184,
0xa73339c,12,
0xa7333ec,8,
0xa733444,8,
0xa73346c,4,
0xa733488,8,
0xa7334b4,8,
0xa733514,12,
0xa733548,12,
0xa7335dc,24,
0xa7336c4,8,
0xa7336d4,8,
0xa733710,8,
0xa733750,4,
0xa73378c,8,
0xa7337d8,8,
0xa73383c,8,
0xa733880,8,
0xa7338e0,16,
0xa733968,8,
0xa7339a4,192,
0xa733d80,60,
0xa733f8c,8,
0xa734054,8,
0xa734088,8,
0xa7340e0,8,
0xa7341c0,12,
0xa73422c,8,
0xa7343bc,8,
0xa7343f8,8,
0xa734474,12,
0xa7344c4,8,
0xa734aac,8,
0xa734ad0,8,
0xa734afc,8,
0xa734b30,8,
0xa734b90,8,
0xa734bfc,8,
0xa734c44,4,
0xa734c70,4,
0xa734ca4,4,
0xa734d14,8,
0xa734d98,8,
0xa734dcc,8,
0xa734e10,8,
0xa734e7c,8,
0xa734eb0,8,
0xa734ef8,8,
0xa734f58,76,
0xa7351c0,32,
0xa735d68,112,
0xa7360b8,12,
0xa736180,112,
0xa736528,112,
0xa7368d0,112,
0xa736cac,124,
0xa737000,124,
0xa737578,56,
0xa737810,76,
0xa737a10,4,
0xa737af4,12,
0xa737b00,76,
0xa737d4c,184,
0xa738450,12,
0xa73856c,4,
0xa738574,192,
0xa738a6c,76,
0xa738ba4,76,
0xa738ed0,112,
0xa739278,112,
0xa739758,112,
0xa739b70,12,
0xa739b7c,76,
0xa739ea8,112,
0xa73a2c0,12,
0xa73a388,112,
0xa73a7a0,12,
0xa73a7f8,112,
0xa73ac80,12,
0xa73adc4,76,
0xa73b0f0,112,
0xa73b514,76,
0xa73b840,112,
0xa73bd20,112,
0xa73c138,12,
0xa73c200,112,
0xa73c624,76,
0xa73c92c,124,
0xa73cebc,124,
0xa73d404,124,
0xa73d9e0,52,
0xa73dc14,76,
0xa73df38,76,
0xa73e1ac,124,
0xa73e6dc,16,
0xa73e798,76,
0xa73eb60,76,
0xa73ee08,52,
0xa73f110,52,
0xa73f360,124,
0xa73f908,16,
0xa73f938,16,
0xa73f978,16,
0xa73fb4c,16,
0xa73fc08,76,
0xa73ff5c,12,
0xa740024,124,
0xa74052c,76,
0xa740840,76,
0xa740b48,76,
0xa740e9c,12,
0xa740f24,48,
0xa7410f4,16,
0xa7411c0,184,
0xa74166c,8,
0xa741684,8,
0xa7416b8,8,
0xa74178c,8,
0xa7417d4,8,
0xa741880,8,
0xa7418ac,8,
0xa7418f8,8,
0xa741968,32,
0xa741a68,8,
0xa741aa4,8,
0xa741ad8,8,
0xa741b0c,8,
0xa741bb4,8,
0xa741bf0,4,
0xa741c30,8,
0xa741c6c,8,
0xa741cc4,16,
0xa741d44,8,
0xa741dcc,8,
0xa741e14,8,
0xa742064,12,
0xa742204,192,
0xa742554,8,
0xa7425e4,8,
0xa742630,8,
0xa742678,4,
0xa7427a4,8,
0xa742840,28,
0xa7428e0,4,
0xa74292c,12,
0xa742994,32,
0xa742a60,8,
0xa742aac,4,
0xa742bb4,8,
0xa742c28,12,
0xa742c8c,8,
0xa742d24,8,
0xa742d74,8,
0xa742dac,8,
0xa742de4,8,
0xa742e5c,12,
0xa742eec,8,
0xa742f1c,8,
0xa742f7c,8,
0xa742fb8,8,
0xa743070,8,
0xa7430f4,4,
0xa743170,8,
0xa74319c,8,
0xa743288,8,
0xa7432c4,32,
0xa743390,8,
0xa7433bc,8,
0xa7434dc,12,
0xa743564,12,
0xa7435ec,44,
0xa74370c,8,
0xa743748,8,
0xa743798,8,
0xa743848,16,
0xa7438d4,44,
0xa743a34,8,
0xa743ac4,8,
0xa743b1c,296,
0xa744af4,8,
0xa744b58,8,
0xa744b8c,8,
0xa744bac,8,
0xa744bf4,8,
0xa744c74,16,
0xa744cd0,8,
0xa744d7c,8,
0xa744da8,8,
0xa744df8,4,
0xa744e40,16,
0xa744e78,4,
0xa744eb0,8,
0xa744f00,8,
0xa744f4c,8,
0xa744fb4,24,
0xa745088,8,
0xa74510c,8,
0xa74512c,64,
0xa7452e4,8,
0xa74530c,20,
0xa7453a8,8,
0xa745424,8,
0xa745474,8,
0xa745674,8,
0xa7456a8,8,
0xa745728,8,
0xa745774,8,
0xa7458b8,8,
0xa7458e4,8,
0xa745910,8,
0xa745944,8,
0xa7459c0,8,
0xa745a18,8,
0xa745a90,8,
0xa745abc,8,
0xa745ae0,8,
0xa745bc4,8,
0xa745c60,8,
0xa745c94,4,
0xa745d08,12,
0xa745da4,4,
0xa745e18,8,
0xa745ec4,32,
0xa745f6c,8,
0xa745fb8,8,
0xa74603c,8,
0xa7460f8,8,
0xa746160,8,
0xa7461f0,8,
0xa746204,4,
0xa7462f4,8,
0xa7463a0,8,
0xa7463cc,8,
0xa746408,4,
0xa74645c,8,
0xa7464d8,8,
0xa74655c,8,
0xa7465f0,12,
0xa746680,8,
0xa746704,8,
0xa746740,4,
0xa74678c,8,
0xa7467e8,32,
0xa746888,8,
0xa746918,8,
0xa746954,8,
0xa7469a4,4,
0xa746a10,8,
0xa746a44,8,
0xa746aa8,8,
0xa746b44,40,
0xa746db4,8,
0xa746df4,8,
0xa746e24,8,
0xa746e94,4,
0xa746f28,8,
0xa746f78,8,
0xa746fa0,8,
0xa746ff0,8,
0xa7470e0,8,
0xa747138,44,
0xa7472cc,8,
0xa7473a8,4,
0xa7473f4,8,
0xa747440,8,
0xa7474a4,8,
0xa7474e8,8,
0xa747534,4,
0xa747600,8,
0xa7476ac,8,
0xa747768,8,
0xa74779c,8,
0xa747850,8,
0xa7478ac,4,
0xa74794c,36,
0xa747a90,8,
0xa747ac4,8,
0xa747b48,8,
0xa747b58,8,
0xa747ba0,8,
0xa747bd4,8,
0xa747c08,8,
0xa747d30,8,
0xa747dcc,8,
0xa747e10,8,
0xa747f40,8,
0xa747fa4,8,
0xa74a600,76,
0xa74aa1c,48,
0xa74ab04,92,
0xa74b180,168,
0xa74b8b8,188,
0xa74bfe4,76,
0xa74c5e8,76,
0xa74c6e4,76,
0xa74c9ec,192,
0xa74d140,76,
0xa74d5b4,180,
0xa74d9c0,16,
0xa74d9d0,16,
0xa74da40,16,
0xa74dcdc,184,
0xa74e394,76,
0xa74e830,188,
0xa74f0ac,12,
0xa74f0b8,92,
0xa74f4b4,8,
0xa74f5a8,4,
0xa74f7e4,76,
0xa74fa14,76,
0xa74fc44,120,
0xa74ffcc,76,
0xa750400,4,
0xa750418,184,
0xa750adc,192,
0xa751018,8,
0xa751044,8,
0xa751080,8,
0xa7510ac,8,
0xa751110,8,
0xa7514f8,68,
0xa75161c,8,
0xa751648,80,
0xa751a74,8,
0xa751a8c,8,
0xa751aa8,8,
0xa751ad0,4,
0xa751bc8,12,
0xa751c20,8,
0xa751c58,8,
0xa751df4,8,
0xa751dfc,8,
0xa751e2c,4,
0xa751e50,8,
0xa751e98,8,
0xa751ef0,8,
0xa751f14,8,
0xa751f3c,32,
0xa751fdc,8,
0xa75204c,12,
0xa7520dc,8,
0xa7520ec,8,
0xa75218c,8,
0xa7522c0,8,
0xa752310,8,
0xa752358,8,
0xa752418,12,
0xa753228,192,
0xa7537bc,128,
0xa753c24,12,
0xa753eb8,16,
0xa753ec8,12,
0xa753f94,12,
0xa7542bc,248,
0xa754d94,260,
0xa75559c,120,
0xa7559e0,136,
0xa755e9c,76,
0xa756120,76,
0xa756300,76,
0xa756688,16,
0xa756768,12,
0xa756adc,12,
0xa756af4,12,
0xa756b18,76,
0xa756e98,344,
0xa757e68,176,
0xa7592dc,324,
0xa759a64,260,
0xa75b0d4,168,
0xa75b308,224,
0xa75b768,224,
0xa75bc20,152,
0xa75bde8,224,
0xa75ce20,768,
0xa75e5d0,680,
0xa75f98c,468,
0xa760550,228,
0xa760634,168,
0xa760874,172,
0xa760920,236,
0xa760d44,168,
0xa761070,620,
0xa762414,244,
0xa762bc4,328,
0xa7634c0,500,
0xa7642f8,76,
0xa7645d4,76,
0xa764840,76,
0xa764ad0,76,
0xa764d30,76,
0xa765028,76,
0xa765260,12,
0xa765310,12,
0xa765380,76,
0xa765674,76,
0xa7659f4,76,
0xa765d1c,12,
0xa765d28,76,
0xa76601c,12,
0xa766098,76,
0xa76658c,12,
0xa7665a0,188,
0xa767180,12,
0xa7671d8,92,
0xa7674bc,76,
0xa767874,8,
0xa76793c,60,
0xa767c14,76,
0xa767fac,68,
0xa76811c,184,
0xa768768,12,
0xa768834,12,
0xa768b24,12,
0xa768b30,76,
0xa768d18,28,
0xa768eac,52,
0xa768fec,60,
0xa76926c,52,
0xa769500,52,
0xa7696ec,168,
0xa769efc,168,
0xa76a46c,52,
0xa76a5e0,176,
0xa76ac84,76,
0xa76b080,76,
0xa76b2e0,76,
0xa76b66c,12,
0xa76b728,76,
0xa76ba78,76,
0xa76be08,76,
0xa76c04c,184,
0xa76c504,8,
0xa76c52c,4,
0xa76c5a0,8,
0xa76c5cc,8,
0xa76c640,4,
0xa76c78c,8,
0xa76c7b0,8,
0xa76c7e0,4,
0xa76c910,12,
0xa76c968,8,
0xa76c9ac,192,
0xa76d918,4,
0xa76d9e0,192,
0xa76deb4,180,
0xa76e5b4,92,
0xa76e8dc,188,
0xa76f064,76,
0xa76f40c,4,
0xa76f410,92,
0xa76f764,188,
0xa770120,180,
0xa770880,8,
0xa77093c,48,
0xa770b0c,452,
0xa772a38,252,
0xa772fdc,176,
0xa7732e0,124,
0xa773624,188,
0xa7739ec,76,
0xa773c7c,76,
0xa773e44,76,
0xa774018,76,
0xa774174,16,
0xa774394,4,
0xa7743e8,80,
0xa774490,92,
0xa774d90,388,
0xa7756a0,76,
0xa7758b4,188,
0xa775e88,8,
0xa775ed8,12,
0xa775f20,8,
0xa775f40,32,
0xa776160,8,
0xa7761f8,8,
0xa77622c,8,
0xa7763a4,8,
0xa776428,4,
0xa776688,8,
0xa776730,8,
0xa77674c,8,
0xa776770,8,
0xa7767a4,8,
0xa7767ec,8,
0xa776820,8,
0xa776848,32,
0xa77692c,8,
0xa776958,8,
0xa7769c0,8,
0xa7769fc,8,
0xa776a50,192,
0xa7770c4,8,
0xa7771c0,12,
0xa7772dc,4,
0xa777300,8,
0xa777498,8,
0xa7774cc,8,
0xa777528,188,
0xa778ae8,80,
0xa778e44,192,
0xa77957c,92,
0xa7799dc,12,
0xa779bd0,4,
0xa779bd4,92,
0xa779e94,76,
0xa77a1b4,52,
0xa77a478,8,
0xa77a53c,52,
0xa77a740,80,
0xa77aeb0,412,
0xa77b9b0,76,
0xa77bb04,12,
0xa77be08,4,
0xa77be68,12,
0xa77bf00,16,
0xa77bf20,16,
0xa77bff4,192,
0xa77c754,92,
0xa77c9f4,12,
0xa77cc04,92,
0xa77db80,12,
0xa77dbd8,76,
0xa77dc24,12,
0xa77dd14,76,
0xa77ddf8,184,
0xa77e598,76,
0xa77e924,76,
0xa77ebdc,12,
0xa77ebe8,92,
0xa77f040,332,
0xa7802f4,76,
0xa7803f0,12,
0xa780414,76,
0xa7806e0,76,
0xa780c40,188,
0xa781184,8,
0xa7811f0,4,
0xa781408,8,
0xa781478,8,
0xa7815d0,8,
0xa7815f4,8,
0xa78164c,4,
0xa7816a8,8,
0xa7816dc,8,
0xa78174c,8,
0xa781898,8,
0xa781904,8,
0xa781930,8,
0xa781958,8,
0xa7819e8,8,
0xa781af8,12,
0xa781b7c,8,
0xa781c08,8,
0xa781c34,8,
0xa781ca8,4,
0xa781de8,120,
0xa782140,8,
0xa7821c0,8,
0xa7821fc,8,
0xa782420,12,
0xa78282c,4,
0xa7828b8,8,
0xa782910,12,
0xa782950,8,
0xa782978,32,
0xa782afc,112,
0xa782dac,8,
0xa782ef4,32,
0xa782f7c,4,
0xa782fd0,8,
0xa783018,8,
0xa783070,4,
0xa7830fc,8,
0xa783154,8,
0xa7831c4,12,
0xa78327c,8,
0xa7832c8,4,
0xa7833d8,8,
0xa783420,8,
0xa78346c,8,
0xa783570,12,
0xa7835d0,8,
0xa7836d4,8,
0xa783740,8,
0xa783774,8,
0xa7837f8,8,
0xa783a0c,8,
0xa783ba4,8,
0xa783bc8,8,
0xa783bf0,8,
0xa783c5c,8,
0xa783c98,12,
0xa783cfc,112,
0xa7841fc,8,
0xa7842e4,8,
0xa78430c,12,
0xa784380,8,
0xa7843c4,8,
0xa7844b8,12,
0xa784518,8,
0xa784548,8,
0xa784590,40,
0xa7847d0,12,
0xa785bac,12,
0xa785c20,92,
0xa78604c,4,
0xa7861d0,76,
0xa7863b0,48,
0xa7865b4,192,
0xa786dd0,12,
0xa786edc,192,
0xa78745c,12,
0xa7874c4,52,
0xa787868,180,
0xa787fcc,8,
0xa7880c0,4,
0xa788344,12,
0xa788350,8,
0xa788358,188,
0xa78891c,184,
0xa788fa8,76,
0xa7891c8,188,
0xa789a9c,8,
0xa789b94,4,
0xa789c58,188,
0xa78a298,92,
0xa78a8e0,192,
0xa78ac78,76,
0xa78af38,52,
0xa78b320,76,
0xa78b6d0,4,
0xa78bc88,52,
0xa78c078,4,
0xa78c138,188,
0xa78c8ec,4,
0xa78c8f0,188,
0xa78d1cc,188,
0xa78d80c,8,
0xa78d8d0,68,
0xa78da90,8,
0xa78dac4,8,
0xa78dbc4,8,
0xa78dc08,8,
0xa78dc9c,8,
0xa78dcec,8,
0xa78ddbc,8,
0xa78de30,4,
0xa78e158,12,
0xa78e300,8,
0xa78e320,16,
0xa78e3c8,8,
0xa78e3ec,8,
0xa78e420,168,
0xa78ea54,12,
0xa78ecbc,8,
0xa78ecec,4,
0xa78ed00,8,
0xa78ed3c,8,
0xa78ed8c,8,
0xa78edb8,8,
0xa78edfc,32,
0xa78ef30,8,
0xa78ef48,8,
0xa78ef74,8,
0xa78efd4,12,
0xa78f024,8,
0xa78f388,188,
0xa78f924,32,
0xa78f9ec,8,
0xa78fa20,8,
0xa78fb1c,8,
0xa78fb50,8,
0xa78fb88,4,
0xa78fc9c,8,
0xa78fcc0,8,
0xa78fcfc,8,
0xa78fd4c,12,
0xa78fd9c,8,
0xa78ff78,4,
0xa79000c,8,
0xa790080,8,
0xa7900ac,8,
0xa7900fc,4,
0xa790290,188,
0xa7906bc,8,
0xa790890,188,
0xa7924d8,188,
0xa792c20,4,
0xa792cdc,180,
0xa793598,12,
0xa7935ac,188,
0xa793d60,188,
0xa794550,8,
0xa794614,48,
0xa7948cc,12,
0xa7949d0,4,
0xa794b4c,76,
0xa794c60,8,
0xa794d5c,188,
0xa7955f0,76,
0xa7957fc,4,
0xa7959c4,188,
0xa796104,188,
0xa796a64,188,
0xa7971d0,188,
0xa7979a8,188,
0xa7981f0,8,
0xa79830c,4,
0xa798310,4,
0xa7983d0,188,
0xa798a3c,188,
0xa7991d4,8,
0xa799390,12,
0xa7993f8,52,
0xa7995f4,188,
0xa799cac,188,
0xa79a4ac,16,
0xa79a608,188,
0xa79aed8,12,
0xa79afa8,80,
0xa79b248,12,
0xa79b2e8,188,
0xa79babc,12,
0xa79bac8,92,
0xa79bf44,192,
0xa79cda8,284,
0xa79d8c4,284,
0xa79e158,12,
0xa79e248,12,
0xa79e2ec,12,
0xa79e2f8,76,
0xa79e5b0,12,
0xa79e6a0,76,
0xa79eb00,12,
0xa79ec90,12,
0xa79ed58,12,
0xa79ee24,188,
0xa79f6b0,12,
0xa79f6bc,188,
0xa79fe8c,188,
0xa7a037c,8,
0xa7a03b0,8,
0xa7a03f0,8,
0xa7a0438,8,
0xa7a047c,8,
0xa7a0658,4,
0xa7a06d4,8,
0xa7a0734,12,
0xa7a07bc,8,
0xa7a096c,8,
0xa7a09ac,8,
0xa7a09d8,8,
0xa7a0a18,8,
0xa7a0a5c,12,
0xa7a0aac,8,
0xa7a0bd4,12,
0xa7a0c10,8,
0xa7a0c3c,8,
0xa7a0c94,8,
0xa7a0cd0,12,
0xa7a0d24,8,
0xa7a0f94,188,
0xa7a1448,80,
0xa7a1918,8,
0xa7a1928,8,
0xa7a1988,8,
0xa7a1a2c,12,
0xa7a1a94,192,
0xa7a3d68,12,
0xa7a3e0c,12,
0xa7a3e64,76,
0xa7a41d8,4,
0xa7a4288,76,
0xa7a49cc,356,
0xa7a5a58,440,
0xa7a699c,316,
0xa7a7930,280,
0xa7a82c0,12,
0xa7a83b0,76,
0xa7a855c,76,
0xa7a87c4,76,
0xa7a89f0,76,
0xa7a8d60,76,
0xa7a9024,76,
0xa7a9388,8,
0xa7a9798,568,
0xa7aa8a4,12,
0xa7aa984,76,
0xa7aae38,392,UKismetMaterialLibrary::execCreateDynamicMaterialInstance (BP MID creation)
0xa7ac2d0,80,
0xa7ac468,12,
0xa7ac5b8,92,
0xa7acf00,320,
0xa7ade64,168,
0xa7ae4f0,236,
0xa7aeb94,332,
0xa7afe2c,492,
0xa7b1500,676,
0xa7b2f38,256,
0xa7b39a0,168,
0xa7b4514,184,
0xa7b4cd4,196,
0xa7b5404,252,
0xa7b62f4,172,
0xa7b67c8,208,
0xa7b716c,232,
0xa7b8094,228,
0xa7b8c7c,220,
0xa7b9064,172,
0xa7b9888,288,
0xa7ba8fc,36,
0xa7ba944,36,
0xa7ba9d4,36,
0xa7bb234,500,
0xa7bc390,180,
0xa7bd15c,732,
0xa7becb4,924,
0xa7c129c,320,
0xa7c2300,244,
0xa7c2eb8,244,
0xa7c3e2c,276,
0xa7c48f0,392,
0xa7c55c8,308,
0xa7c6590,456,
0xa7c7974,56,
0xa7c7f08,556,
0xa7c8ffc,640,
0xa7cb940,256,
0xa7cc67c,268,
0xa7cd2b0,256,
0xa7cdb9c,184,
0xa7ce750,44,
0xa7ce82c,44,
0xa7ceed0,220,
0xa7cfa38,164,
0xa7d020c,332,
0xa7d0eec,240,
0xa7d1c40,168,
0xa7d29e0,168,
0xa7d2d34,168,
0xa7d38a8,344,
0xa7d457c,184,
0xa7d5084,188,
0xa7d5c70,244,
0xa7d68c0,180,
0xa7d70b0,244,
0xa7d7ac0,328,
0xa7d8ad4,244,
0xa7d9864,244,
0xa7da4b0,260,
0xa7dafa8,76,
0xa7db2ec,76,
0xa7db600,76,
0xa7dbac0,76,
0xa7dbde8,76,
0xa7dc274,76,
0xa7dc6e8,76,
0xa7dc8fc,12,
0xa7dcadc,76,
0xa7dce20,76,
0xa7dd294,76,
0xa7dd53c,12,
0xa7dd650,76,
0xa7dd9b4,12,
0xa7ddabc,12,
0xa7ddb6c,76,
0xa7ddf48,76,
0xa7de2d8,76,
0xa7de5d0,76,
0xa7de9ac,76,
0xa7dee20,76,
0xa7df13c,76,
0xa7df668,12,
0xa7df680,12,
0xa7df6fc,76,
0xa7dfabc,76,
0xa7dfec4,12,
0xa7dff80,76,
0xa7e047c,12,
0xa7e056c,76,
0xa7e09e0,12,
0xa7e0a90,76,
0xa7e0e6c,76,
0xa7e1248,76,
0xa7e1608,76,
0xa7e19bc,76,
0xa7e1d98,76,
0xa7e21cc,76,
0xa7e2640,76,
0xa7e2938,76,
0xa7e2dc4,76,
0xa7e31a4,12,
0xa7e3260,76,
0xa7e36f4,76,
0xa7e3a90,76,
0xa7e3e50,76,
0xa7e422c,12,
0xa7e42dc,12,
0xa7e4334,12,
0xa7e43d8,76,
0xa7e4864,76,
0xa7e4b1c,76,
0xa7e500c,76,
0xa7e5398,76,
0xa7e580c,76,
0xa7e5bf4,76,
0xa7e5f38,76,
0xa7e62d4,76,
0xa7e6648,76,
0xa7e6b08,76,
0xa7e6e98,12,
0xa7e6ef0,12,
0xa7e6fac,76,
0xa7e7438,76,
0xa7e7860,76,
0xa7e7c00,188,
0xa7e8774,300,
0xa7e95f4,76,
0xa7e9820,12,
0xa7e98c4,188,
0xa7eaadc,400,
0xa7eb8f4,624,
0xa7ecc9c,4,
0xa7ecd80,384,
0xa7ee3fc,312,
0xa7ef488,272,
0xa7f0090,480,
0xa7f16cc,276,
0xa7f23ec,76,
0xa7f27f8,76,
0xa7f2b20,76,
0xa7f2f04,76,
0xa7f3310,76,
0xa7f35d4,76,
0xa7f39bc,8,
0xa7f39f0,8,
0xa7f3a58,8,
0xa7f3a7c,8,
0xa7f40a4,4,
0xa7f41e8,344,
0xa7f4efc,12,
0xa7f50e4,80,
0xa7f5380,76,
0xa7f5aec,252,
0xa7f651c,200,
0xa7f6bcc,152,
0xa7f773c,156,
0xa7f7cf4,20,
0xa7f7da8,56,
0xa7f7f58,172,
0xa7f863c,196,
0xa7f96b0,152,
0xa7fa29c,688,
0xa7fced8,1160,
0xa8005fc,1236,
0xa806250,240,
0xa8069ac,180,
0xa807318,768,
0xa809ea8,328,
0xa80ab58,168,
0xa80b700,224,
0xa80c048,76,
0xa80c334,76,
0xa80c618,12,
0xa80c768,12,
0xa80c8bc,12,
0xa80c9f8,76,
0xa80cd94,76,
0xa80d214,76,
0xa80d66c,76,
0xa80dac4,76,
0xa80deec,76,
0xa80e320,76,
0xa80e648,12,
0xa80e704,76,
0xa80ebbc,76,
0xa80eec0,76,
0xa80f308,12,
0xa80f36c,76,
0xa80f724,12,
0xa80f8b8,76,
0xa80fbec,76,
0xa81004c,76,
0xa8103f4,76,
0xa8107dc,76,
0xa810b90,12,
0xa810c64,12,
0xa810db4,12,
0xa810e3c,76,
0xa811348,8,
0xa811370,4,
0xa8113a0,8,
0xa8113d0,4,
0xa8114ac,8,
0xa811524,188,
0xa813174,284,
0xa8146c4,284,
0xa814ee0,440,
0xa815c10,284,
0xa8167b0,12,
0xa8167bc,12,
0xa816814,76,
0xa81695c,76,
0xa816b94,76,
0xa816fb8,76,
0xa8173a8,76,
0xa8177f0,12,
0xa8178c0,48,
0xa817c28,12,
0xa817c90,52,
0xa8180fc,92,
0xa8184fc,92,
0xa818c6c,8,
0xa818d3c,4,
0xa818de4,188,
0xa8195f8,4,
0xa81964c,8,
0xa81969c,8,
0xa81970c,12,
0xa819848,28,
0xa819908,8,
0xa819a08,8,
0xa819a54,32,
0xa819ae4,8,
0xa819b0c,8,
0xa819d30,8,
0xa819dfc,8,
0xa819e40,8,
0xa819ea8,8,
0xa819ee4,8,
0xa819f3c,8,
0xa819f8c,8,
0xa819fcc,8,
0xa81a064,8,
0xa81ad9c,4,
0xa81ada4,192,
0xa81b684,76,
0xa81b764,76,
0xa81bd24,12,
0xa81bd38,192,
0xa81c7b8,76,
0xa81c8f4,76,
0xa81cb90,76,
0xa81d08c,4,
0xa81d254,188,
0xa81dde8,16,
0xa81dec4,12,
0xa81e068,192,
0xa81e590,4,
0xa81e664,16,
0xa81e794,192,
0xa81efc4,76,
0xa81f254,76,
0xa81f784,4,
0xa81f83c,92,
0xa81fe14,168,
0xa820568,168,
0xa820dec,12,
0xa820df8,76,
0xa821154,12,
0xa821210,76,
0xa821724,36,
0xa821aec,12,
0xa821af8,192,
0xa822380,8,
0xa8223a4,8,
0xa8223cc,8,
0xa822510,8,
0xa822554,8,
0xa822598,192,
0xa823864,16,
0xa823988,192,
0xa82436c,188,
0xa824b78,192,
0xa8252b0,192,
0xa825920,12,
0xa82592c,92,
0xa8261cc,76,
0xa826370,192,
0xa826c18,4,
0xa827448,12,
0xa827580,12,
0xa827730,12,
0xa827798,52,
0xa8279ac,188,
0xa828628,4,
0xa82867c,80,
0xa8288d0,92,
0xa828dbc,16,
0xa828e3c,16,
0xa828eec,16,
0xa828f5c,16,
0xa828ffc,28,
0xa829160,16,
0xa829284,20,
0xa8293f4,12,
0xa829798,168,
0xa82a4a4,12,
0xa82a570,12,
0xa82a630,12,
0xa82a640,8,
0xa82a648,8,
0xa82a660,16,
0xa82a684,8,
0xa82a69c,8,
0xa82a6b8,8,
0xa82a748,8,
0xa82a7b4,8,
0xa82a808,8,
0xa82a864,4,
0xa82a908,8,
0xa82aaf8,8,
0xa82ab18,44,
0xa82acc4,8,
0xa82ad1c,4,
0xa82af88,8,
0xa82afac,8,
0xa82afe0,8,
0xa82b014,8,
0xa82b048,12,
0xa82b098,8,
0xa82b2f8,4,
0xa82b35c,8,
0xa82b38c,4,
0xa82b3e8,8,
0xa82b464,8,
0xa82b4e0,8,
0xa82b51c,8,
0xa82b68c,8,
0xa82b950,12,
0xa82b9b0,8,
0xa82b9ec,4,
0xa82bab8,8,
0xa82bbfc,12,
0xa82cbdc,16,
0xa82cec8,188,
0xa82d688,92,
0xa82dbd8,52,
0xa82de04,12,
0xa82dedc,76,
0xa82e4e4,4,
0xa82e4ec,188,
0xa82edc4,188,
0xa82f6b8,8,
0xa82f77c,64,
0xa82fb14,64,
0xa82fde8,8,
0xa82fef0,4,
0xa83006c,76,
0xa83050c,12,
0xa830520,188,
0xa830fdc,12,
0xa8310ac,64,
0xa831488,4,
0xa831650,188,
0xa831e28,8,
0xa831f2c,4,
0xa831f34,188,
0xa832760,4,
0xa832824,188,
0xa8331a4,188,
0xa833aac,4,
0xa833b6c,188,
0xa83450c,188,
0xa834db8,60,
0xa835180,4,
0xa835188,188,
0xa835714,8,
0xa835764,4,
0xa835898,80,
0xa835cac,688,
0xa8370ac,8,
0xa8370e8,44,
0xa83759c,188,
0xa837e34,188,
0xa838794,188,
0xa83a270,8,
0xa83a5ec,12,
0xa83a6ec,4,
0xa83a6f4,188,
0xa83adcc,48,
0xa83b084,12,
0xa83b098,188,
0xa83b7c8,188,
0xa83bd5c,92,
0xa83c104,52,
0xa83c568,4,
0xa83c62c,76,
0xa83c844,188,
0xa83d030,188,
0xa83d848,188,
0xa83e18c,80,
0xa83e588,64,
0xa83e964,4,
0xa83eb2c,188,
0xa83f320,12,
0xa83f3f0,48,
0xa83f778,64,
0xa83fa4c,8,
0xa83fd20,188,
0xa84051c,8,
0xa840624,4,
0xa8406e8,188,
0xa840fcc,8,
0xa8410d0,112,
0xa8414e0,188,
0xa841e84,12,
0xa842058,188,
0xa84296c,16,
0xa8429c8,188,
0xa8435a0,8,
0xa8436b0,4,
0xa843830,16,
0xa843948,12,
0xa843a4c,4,
0xa843b0c,188,
0xa844500,76,
0xa844aa0,188,
0xa8453a4,188,
0xa845ed0,4,
0xa845f40,8,
0xa845f60,8,
0xa845f84,8,
0xa845fa8,8,
0xa8460b8,8,
0xa8460dc,8,
0xa8460fc,8,
0xa84613c,8,
0xa846180,8,
0xa8461d8,8,
0xa84629c,8,
0xa8462c4,16,
0xa846360,8,
0xa8463f8,8,
0xa84643c,188,
0xa8470c0,188,
0xa847ba4,12,
0xa847c78,188,
0xa84a0c4,12,
0xa84a1d4,4,
0xa84a298,188,
0xa84ae40,4,
0xa84aea0,76,
0xa84b0d0,188,
0xa84bd58,12,
0xa84be6c,4,
0xa84bfec,76,
0xa84c3d4,188,
0xa84ca7c,188,
0xa84d354,188,
0xa84dd74,188,
0xa84e704,12,
0xa84e7d4,48,
0xa84ea98,8,
0xa84eba4,188,
0xa84f56c,12,
0xa84f66c,4,
0xa84f7ec,76,
0xa84fbc0,188,
0xa850490,4,
0xa85060c,76,
0xa850814,4,
0xa850a9c,12,
0xa850aa8,8,
0xa850ab0,188,
0xa851540,8,
0xa85163c,188,
0xa851ed8,76,
0xa8522bc,188,
0xa852b58,48,
0xa852e24,188,
0xa8538c8,8,
0xa8539c0,4,
0xa853a80,188,
0xa85446c,4,
0xa85452c,188,
0xa854e4c,12,
0xa854f64,4,
0xa855024,188,
0xa855b84,12,
0xa855b98,188,
0xa8563b8,8,
0xa8563cc,8,
0xa8563ec,4,
0xa856418,8,
0xa85646c,12,
0xa8564c4,8,
0xa856508,4,
0xa85657c,8,
0xa8565f8,8,
0xa856660,8,
0xa85682c,188,
0xa85724c,12,
0xa8573dc,12,
0xa857578,188,
0xa857c80,188,
0xa8588f4,12,
0xa8589c8,188,
0xa85ae04,12,
0xa85ae10,8,
0xa85af40,4,
0xa85b108,188,
0xa85ba5c,188,
0xa85c338,64,
0xa85c608,8,
0xa85c710,4,
0xa85c88c,76,
0xa85cb74,76,
0xa85ce30,76,
0xa85d21c,188,
0xa85db1c,188,
0xa85e318,188,
0xa85ebf8,188,
0xa85f4f4,12,
0xa85f608,4,
0xa85f60c,4,
0xa85f788,76,
0xa85fb6c,188,
0xa86046c,4,
0xa86052c,188,
0xa860d4c,188,
0xa8615f0,48,
0xa8618bc,188,
0xa8621ec,80,
0xa862558,12,
0xa862678,8,
0xa862804,188,
0xa8631c4,12,
0xa8632d4,4,
0xa8632dc,188,
0xa863a0c,188,
0xa864188,188,
0xa864b2c,12,
0xa864c44,4,
0xa864d04,188,
0xa86560c,188,
0xa865d70,188,
0xa86678c,12,
0xa8669e4,12,
0xa866aac,12,
0xa866ab8,188,
0xa867350,188,
0xa8693d4,4,
0xa86949c,192,
0xa869b18,4,
0xa869ce0,188,
0xa86a448,76,
0xa86a82c,80,
0xa86ab00,188,
0xa86b3d8,188,
0xa86bc34,188,
0xa86c368,4,
0xa86c4f8,16,
0xa86c554,188,
0xa86cc98,4,
0xa86cd94,4,
0xa86cf10,76,
0xa86d130,188,
0xa86d8ec,12,
0xa86d944,4,
0xa86d948,188,
0xa86e24c,12,
0xa86e31c,48,UMaterialExpressionVertexColor ctor (codegen)
0xa86e5e0,8,
0xa86e5e8,188,
0xa86ee48,80,
0xa86f174,12,
0xa86f27c,188,
0xa86fc2c,8,
0xa86fcf0,48,
0xa86ffe4,8,
0xa870110,4,
0xa870164,80,
0xa870490,12,
0xa870710,76,
0xa870a44,52,
0xa870cbc,76,
0xa870e84,188,
0xa8718fc,12,
0xa871910,188,
0xa872254,92,
0xa872634,92,
0xa872c24,8,
0xa872c84,192,
0xa873770,12,
0xa873844,188,
0xa8740dc,188,
0xa874970,4,
0xa8749dc,4,
0xa874a00,8,
0xa874a1c,8,
0xa874a90,12,
0xa874ae0,8,
0xa874b88,8,
0xa874bd8,8,
0xa874c38,12,
0xa874cc8,8,
0xa874cd0,4,
0xa874d5c,8,
0xa874d80,8,
0xa874e14,12,
0xa874eec,8,
0xa874f28,8,
0xa874fec,8,
0xa8750b0,8,
0xa875104,4,
0xa875184,12,
0xa8752d4,8,
0xa875320,4,
0xa875470,8,
0xa8754b8,8,
0xa875510,4,
0xa876f98,8,
0xa8770fc,76,
0xa877224,16,
0xa877264,16,
0xa8775d8,76,
0xa877904,60,
0xa877e5c,276,UMaterialInstanceDynamic::execSetVectorParameterValueByInfo: BP thunk reading FLinearColor -> SetVectorParameterValueByInfo (BATTLE-RENDER entry)
0xa878834,188,UMaterialInstanceDynamic::StaticClass
0xa878e74,76,Z_Construct_UFunction_UMaterialInstanceDynamic_SetVectorParameterValue
0xa87930c,76,
0xa879504,52,
0xa879b70,76,
0xa879cec,12,
0xa879d10,76,
0xa87a094,80,
0xa87a290,12,
0xa87a32c,4,
0xa87a380,80,
0xa87a684,16,
0xa87a6e4,16,
0xa87a8a8,92,
0xa87ad64,180,
0xa87b3e0,12,
0xa87b3ec,76,
0xa87ba3c,28,
0xa87bc74,76,
0xa87beac,76,
0xa87c0a8,16,
0xa87c1b4,8,
0xa87c5b8,192,
0xa87ca34,8,
0xa87ca7c,8,
0xa87cab8,8,
0xa87cac8,8,
0xa87cb10,8,
0xa87cb68,4,
0xa87cb94,4,
0xa87cbc8,4,
0xa87cc2c,8,
0xa87cc50,8,
0xa87cc68,8,
0xa87ce04,128,
0xa87d04c,4,
0xa87d0a4,4,
0xa87d0c8,8,
0xa87d0f4,8,
0xa87d168,8,
0xa87d18c,8,
0xa87d1ac,8,
0xa87d2dc,8,
0xa87d3b8,8,
0xa87d404,4,
0xa87d538,8,
0xa87d5ac,4,
0xa87d6f0,8,
0xa87d724,8,
0xa87d79c,8,
0xa87d7c0,8,
0xa87d7e0,8,
0xa87d818,4,
0xa87d93c,8,
0xa87d964,4,
0xa87d998,4,
0xa87da0c,12,
0xa87da70,4,
0xa87dab8,4,
0xa87dad4,8,
0xa87daf8,8,
0xa87dba8,8,
0xa87dbe8,8,
0xa87dd80,8,
0xa87ddb4,44,
0xa87df48,8,
0xa87df70,32,
0xa87dfc0,8,
0xa87dff4,8,
0xa87e030,4,
0xa87e084,8,
0xa87e0d8,32,
0xa87f0a4,48,
0xa87f2a8,192,
0xa87f8bc,92,
0xa87fe08,192,
0xa880208,76,
0xa880628,192,
0xa880aa0,76,
0xa880dd4,80,
0xa881170,92,
0xa88140c,16,
0xa8815a0,16,
0xa8815f0,16,
0xa881650,92,
0xa881c28,12,
0xa881c80,4,
0xa881d1c,472,
0xa882a94,192,
0xa8831ec,180,
0xa883d60,176,
0xa8841cc,76,
0xa884478,12,
0xa884568,12,
0xa88458c,76,
0xa884844,76,
0xa884d30,4,
0xa884d44,8,
0xa884d54,192,
0xa8854b4,36,
0xa88573c,4,
0xa885764,20,
0xa8857c4,8,
0xa8857e8,8,
0xa8858a8,8,
0xa8858dc,8,
0xa8858fc,8,
0xa885934,4,
0xa885ae4,68,
0xa885c30,8,
0xa885cb4,4,
0xa885df8,8,
0xa885e2c,8,
0xa885e54,4,
0xa885f7c,8,
0xa885fb0,8,
0xa885fcc,8,
0xa886020,4,
0xa8861ec,4,
0xa886304,8,
0xa886340,12,
0xa8863a4,4,
0xa886458,8,
0xa886484,8,
0xa8864ac,8,
0xa88650c,8,
0xa886548,8,
0xa886590,8,
0xa886754,16,
0xa8867fc,8,
0xa88681c,8,
0xa88689c,8,
0xa8868d8,8,
0xa8868f0,8,
0xa886b30,192,
0xa887e50,8,
0xa8880c0,76,
0xa888290,48,
0xa888458,76,
0xa888840,192,
0xa888cd8,16,
0xa888d48,4,
0xa888fd0,8,
0xa889250,76,
0xa889430,48,
0xa8895e8,16,
0xa889718,192,
0xa889cb4,184,
0xa88a34c,192,
0xa88aa60,52,
0xa88ace8,48,
0xa88aebc,16,
0xa88af5c,4,
0xa88b000,12,
0xa88b168,52,
0xa88b32c,92,
0xa88b784,184,
0xa88be18,12,
0xa88bf08,192,
0xa88c714,76,
0xa88c820,12,
0xa88c92c,192,
0xa88d180,192,
0xa88da18,36,
0xa88db54,8,
0xa88dc18,56,
0xa88dd74,48,
0xa88de8c,8,
0xa88df28,16,
0xa88df60,4,
0xa88df7c,8,
0xa88dfa8,160,
0xa88e330,184,
0xa88ec08,12,
0xa88ec20,8,
0xa88ec68,8,
0xa88ecac,8,
0xa88ecb4,8,
0xa88ecbc,8,
0xa88ece0,8,
0xa88ecf8,8,
0xa88ed14,8,
0xa88ee8c,8,
0xa88eeb8,8,
0xa88eed8,68,
0xa88efe8,8,
0xa88f014,8,
0xa88f134,12,
0xa88f1cc,8,
0xa88f208,8,
0xa88f22c,8,
0xa88f260,8,
0xa88f364,8,
0xa88f3e0,8,
0xa88f420,4,
0xa88f444,8,
0xa88f470,8,
0xa88f564,8,
0xa88f588,8,
0xa88f68c,8,
0xa88f6d0,8,
0xa88f748,8,
0xa88f76c,8,
0xa88f78c,8,
0xa88f818,60,
0xa88f960,8,
0xa88f9a8,8,
0xa88f9d8,8,
0xa88f9f4,8,
0xa88fa88,12,
0xa88fb20,4,
0xa88ff18,192,
0xa890298,8,
0xa8902d4,32,
0xa89180c,76,
0xa891a54,8,
0xa891b18,48,
0xa891b9c,80,
0xa891de4,76,
0xa892120,52,
0xa892340,12,
0xa8923dc,4,
0xa8924a4,192,
0xa892c80,4,
0xa892d3c,180,
0xa89343c,12,
0xa893510,48,
0xa8937e0,8,
0xa8937e8,192,
0xa894000,4,
0xa8940c4,188,
0xa89488c,12,
0xa894898,8,
0xa894988,92,
0xa894c94,8,
0xa894d88,192,
0xa8956bc,12,
0xa895764,80,
0xa8959ac,12,
0xa895a14,52,
0xa895eec,144,
0xa8963c4,12,
0xa89646c,80,
0xa896870,180,
0xa896d9c,92,
0xa8973a0,76,
0xa8976a4,48,
0xa89779c,16,
0xa8977ac,192,
0xa8981e0,76,
0xa898680,12,
0xa89868c,8,
0xa8987c0,4,
0xa898944,76,
0xa898d20,188,
0xa89958c,16,
0xa8995cc,16,
0xa8997d4,132,
0xa899d2c,4,
0xa899d5c,8,
0xa899da8,8,
0xa899e08,12,
0xa899e60,8,
0xa899ec0,8,
0xa899f0c,4,
0xa89a0a0,44,
0xa89a1b8,8,
0xa89a354,4,
0xa89a3b0,8,
0xa89a474,4,
0xa89a4b4,320,
0xa89b92c,8,
0xa89b95c,8,
0xa89b964,4,
0xa89b978,8,
0xa89b99c,8,
0xa89b9b4,8,
0xa89b9c8,8,
0xa89bacc,8,
0xa89badc,8,
0xa89baec,8,
0xa89bb00,8,
0xa89bb10,8,
0xa89bb58,4,
0xa89bc34,8,
0xa89bc3c,12,
0xa89bc98,8,
0xa89bcc4,8,
0xa89bd00,8,
0xa89be10,8,
0xa89be44,8,
0xa89be84,8,
0xa89c020,8,
0xa89c084,8,
0xa89c0a4,8,
0xa89c0b8,8,
0xa89c0e0,4,
0xa89c134,8,
0xa89c178,8,
0xa89c1c0,4,
0xa89c598,12,
0xa89c730,8,
0xa89c75c,28,
0xa89c7bc,8,
0xa89c7e4,8,
0xa89c800,272,
0xa89d0e8,4,
0xa89d1ac,8,
0xa89d290,8,
0xa89d2bc,8,
0xa89d2f8,8,
0xa89d338,8,
0xa89d3ac,8,
0xa89d3c8,8,
0xa89d3f0,4,
0xa89d4cc,8,
0xa89d610,188,
0xa89f4cc,76,
0xa89f88c,76,
0xa89fc70,80,
0xa8a0054,16,
0xa8a0180,188,
0xa8a0954,16,
0xa8a09d0,188,
0xa8a12fc,12,
0xa8a1454,80,
0xa8a1688,76,
0xa8a1ab8,16,
0xa8a1af8,16,
0xa8a1c44,192,
0xa8a2564,8,
0xa8a267c,4,
0xa8a27f8,76,
0xa8a2b98,4,
0xa8a2ba0,188,
0xa8a3384,76,
0xa8a369c,188,
0xa8a3e0c,92,
0xa8a4218,12,
0xa8a43e4,192,
0xa8a4a5c,4,
0xa8a4b20,188,
0xa8a53d0,12,
0xa8a54a4,48,
0xa8a5798,8,
0xa8a585c,164,
0xa8a5fa8,8,
0xa8a6070,188,
0xa8a6984,12,
0xa8a69a8,12,
0xa8a6ad0,192,
0xa8a75bc,188,
0xa8a7ef0,188,
0xa8a88f8,12,
0xa8a89cc,188,
0xa8a8f7c,12,
0xa8a8fcc,8,
0xa8a9014,4,
0xa8a933c,184,
0xa8a9b08,12,
0xa8a9d64,12,
0xa8ab0cc,80,
0xa8ab264,12,
0xa8ab318,76,
0xa8ab5ac,76,
0xa8abc28,4,
0xa8abccc,12,
0xa8abcd8,76,
0xa8abec0,76,
0xa8ac36c,188,
0xa8acb2c,16,
0xa8acc44,12,
0xa8acdcc,188,
0xa8ad484,188,
0xa8adc78,8,
0xa8ade7c,76,
0xa8ae1c0,188,
0xa8ae99c,76,
0xa8aed84,4,
0xa8aee44,188,
0xa8af6b0,188,
0xa8aff30,8,
0xa8aff38,188,
0xa8b0820,4,
0xa8b091c,92,
0xa8b0ff4,48,
0xa8b11d0,192,
0xa8b1914,192,
0xa8b2080,16,
0xa8b2350,8,
0xa8b244c,4,
0xa8b26d0,12,
0xa8b27f0,4,
0xa8b27f8,188,
0xa8b2e64,4,
0xa8b2ff0,16,
0xa8b3030,16,
0xa8b3060,16,
0xa8b31c4,8,
0xa8b3478,8,
0xa8b3494,8,
0xa8b34b4,8,
0xa8b34d0,8,
0xa8b350c,8,
0xa8b3570,8,
0xa8b3598,12,
0xa8b3600,188,
0xa8b4278,12,
0xa8b434c,188,
0xa8b4978,188,
0xa8b65cc,76,
0xa8b6860,4,
0xa8b6864,4,
0xa8b6868,188,
0xa8b7114,8,
0xa8b721c,4,
0xa8b7220,188,
0xa8b79e4,4,
0xa8b7b68,12,
0xa8b7c40,4,
0xa8b7dbc,76,
0xa8b7fdc,188,
0xa8b8768,8,
0xa8b88c0,4,
0xa8b8988,192,
0xa8b91d4,8,
0xa8b9304,4,
0xa8b930c,188,
0xa8b9c1c,16,
0xa8b9c78,188,
0xa8ba5a4,4,
0xa8ba5a8,4,
0xa8ba5ac,188,
0xa8baec0,188,
0xa8bb534,188,
0xa8bbcc4,188,
0xa8bc510,16,
0xa8bc530,16,
0xa8bc718,108,
0xa8bcae8,12,
0xa8bcba4,16,
0xa8bcbd4,4,
0xa8bcd50,16,
0xa8bce74,8,
0xa8bd224,12,
0xa8bd2cc,80,
0xa8bd470,188,
0xa8bdc34,188,
0xa8be4c8,12,
0xa8be664,192,
0xa8bedac,8,
0xa8bedd8,8,
0xa8bede8,8,
0xa8bee5c,8,
0xa8beea0,8,
0xa8beee4,188,
0xa8bfcf8,8,
0xa8bfd1c,8,
0xa8bfd24,8,
0xa8bfd50,8,
0xa8bfdbc,8,
0xa8bfde4,12,
0xa8bff14,188,
0xa8c1938,192,
0xa8c1f90,76,
0xa8c2318,76,
0xa8c26ec,188,
0xa8c2e0c,188,
0xa8c3380,188,
0xa8c3aa4,192,
0xa8c42d4,4,
0xa8c44ac,188,
0xa8c4b24,4,
0xa8c4bc8,12,
0xa8c4c70,80,
0xa8c4eb8,12,
0xa8c4f20,52,
0xa8c51dc,184,
0xa8c58b4,16,
0xa8c5980,12,
0xa8c5b44,80,
0xa8c5d90,76,
0xa8c6318,256,
0xa8c6b64,12,
0xa8c6c60,76,
0xa8c6ff0,64,
0xa8c77e0,52,
0xa8c79b4,352,
0xa8c8598,324,
0xa8c9254,76,
0xa8c94c0,12,
0xa8c9570,12,
0xa8c9620,12,
0xa8c9684,76,
0xa8c9a60,76,
0xa8c9c90,12,
0xa8ca208,32,
0xa8ca260,40,
0xa8ca5ac,188,
0xa8cad74,12,
0xa8cae3c,12,
0xa8cae48,4,
0xa8cae6c,16,
0xa8cae88,8,
0xa8caeb0,4,
0xa8caef8,44,
0xa8cafdc,8,
0xa8cb05c,8,
0xa8cb160,12,
0xa8cb1f8,8,
0xa8cb244,8,
0xa8cb28c,8,
0xa8cb2b0,8,
0xa8cb308,4,
0xa8cb4fc,80,
0xa8cc72c,4,
0xa8cc7d8,12,
0xa8cc7e4,92,
0xa8ccc24,12,
0xa8ccc30,8,
0xa8ccd30,4,
0xa8ccdf4,192,
0xa8cd6b0,28,
0xa8cd78c,64,
0xa8cd9ec,56,
0xa8cded0,76,
0xa8ce0a4,76,
0xa8ce3ec,76,
0xa8ce5fc,76,
0xa8ce8cc,12,
0xa8ce930,76,
0xa8ced34,64,
0xa8cf0e0,76,
0xa8cf324,192,
0xa8cfbec,12,
0xa8cfd00,12,
0xa8cfdc4,92,
0xa8d01ec,48,
0xa8d07d4,276,
0xa8d0fe8,180,
0xa8d1558,92,
0xa8d1a9c,132,
0xa8d20c0,180,
0xa8d294c,248,
0xa8d338c,244,
0xa8d3df4,176,
0xa8d4680,76,
0xa8d4854,12,
0xa8d48f8,76,
0xa8d4b3c,12,
0xa8d4bf8,12,
0xa8d4d80,76,
0xa8d5130,76,
0xa8d55f0,40,
0xa8d59e4,4,
0xa8d59e8,8,
0xa8d59f0,40,
0xa8d5ab8,8,
0xa8d5b08,52,
0xa8d5b98,8,
0xa8d5be0,8,
0xa8d5c1c,8,
0xa8d5c7c,8,
0xa8d5d38,8,
0xa8d5e60,8,
0xa8d5ebc,32,
0xa8d5fc8,8,
0xa8d5ffc,8,
0xa8d601c,8,
0xa8d6070,8,
0xa8d60cc,32,
0xa8d6418,12,
0xa8d65c0,8,
0xa8d65d0,8,
0xa8d6624,4,
0xa8d665c,8,
0xa8d674c,12,
0xa8d6780,12,
0xa8d68a8,8,
0xa8d68c0,8,
0xa8d68d0,8,
0xa8d68e8,4,
0xa8d6948,8,
0xa8d6a10,8,
0xa8d6a44,8,
0xa8d6b40,8,
0xa8d6b90,8,
0xa8d6bd4,8,
0xa8d6c10,4,
0xa8d6ce4,8,
0xa8d6d20,8,
0xa8d6d64,4,
0xa8d6e14,8,
0xa8d6eec,8,
0xa8d7018,8,
0xa8d702c,4,
0xa8d70d8,8,
0xa8d7168,12,
0xa8d735c,4,
0xa8d7408,8,
0xa8d7480,8,
0xa8d74a8,12,
0xa8d7524,8,
0xa8d75f0,8,
0xa8d764c,32,
0xa8d7994,192,
0xa8d8ebc,8,
0xa8d9080,168,
0xa8d9bbc,192,
0xa8da414,4,
0xa8da560,80,
0xa8da7f4,12,
0xa8da894,192,
0xa8db1d8,192,
0xa8dbcd0,12,
0xa8dbdd8,176,
0xa8dc41c,76,
0xa8dc8dc,12,
0xa8dc9b0,48,
0xa8dcc74,12,
0xa8dcd84,76,
0xa8dd098,12,
0xa8dd208,192,
0xa8ddac0,12,
0xa8ddf20,184,
0xa8de798,92,
0xa8de9ec,4,
0xa8dea94,12,
0xa8deaec,8,
0xa8ded9c,8,
0xa8dee20,8,
0xa8dee9c,8,
0xa8deee4,8,
0xa8def0c,20,
0xa8def8c,8,
0xa8df024,8,
0xa8df144,192,
0xa8df9fc,8,
0xa8dfa74,4,
0xa8dfc2c,8,
0xa8dfccc,4,
0xa8dfd74,8,
0xa8dfda0,8,
0xa8dfeb8,8,
0xa8dff08,8,
0xa8e101c,76,
0xa8e11bc,12,
0xa8e130c,92,
0xa8e2290,484,
0xa8e3358,76,
0xa8e3638,12,
0xa8e3690,76,
0xa8e39dc,12,
0xa8e39e8,76,
0xa8e4194,4,
0xa8e4290,92,
0xa8e4d14,184,
0xa8e5614,416,
0xa8e650c,92,
0xa8e6b38,92,
0xa8e71d4,268,
0xa8e8344,476,
0xa8e98e8,240,
0xa8ea3e8,28,
0xa8ea608,408,
0xa8ec0d8,380,
0xa8eccc0,68,
0xa8ed148,492,
0xa8eec04,492,
0xa8efd5c,76,
0xa8f0128,76,
0xa8f05fc,12,
0xa8f06ac,76,
0xa8f0a90,76,
0xa8f0efc,76,
0xa8f1224,12,
0xa8f1384,12,
0xa8f144c,12,
0xa8f1548,76,
0xa8f1930,76,
0xa8f1d30,12,
0xa8f1f68,12,
0xa8f2064,76,
0xa8f2520,164,
0xa8f2ab0,8,
0xa8f2ad8,8,
0xa8f2af8,8,
0xa8f2c4c,8,
0xa8f2c80,8,
0xa8f2dec,12,
0xa8f2f70,8,
0xa8f2fb8,8,
0xa8f3044,8,
0xa8f3094,4,
0xa8f4018,76,
0xa8f42e0,76,
0xa8f4670,16,
0xa8f46f0,20,
0xa8f4efc,192,
0xa8f5594,76,
0xa8f5928,8,
0xa8f5b00,192,
0xa8f6518,76,
0xa8f6d98,8,
0xa8f6ea0,168,
0xa8f7598,52,
0xa8f7914,188,
0xa8f82ac,168,
0xa8f8f74,76,
0xa8f9058,76,
0xa8f926c,192,
0xa8f9c54,92,
0xa8fa350,76,
0xa8fa65c,68,
0xa8fabf0,192,
0xa8fb630,92,
0xa8fbd68,188,
0xa8fc688,4,
0xa8fc68c,180,
0xa8fcdb0,12,
0xa8fcde8,8,
0xa8fce14,8,
0xa8fcea0,12,
0xa8fd114,8,
0xa8fd1d8,8,
0xa8fd30c,8,
0xa8fd340,8,
0xa8fd630,8,
0xa8fd65c,8,
0xa8fd684,8,
0xa8fd7a0,8,
0xa8fd7ec,8,
0xa8fd83c,8,
0xa8fd8a8,8,
0xa8fd8e4,8,
0xa8fd900,8,
0xa8fd994,8,
0xa8fd9ec,8,
0xa8fda68,8,
0xa8fdaa8,8,
0xa8fdb34,8,
0xa8fdb88,4,
0xa8fdcd8,8,
0xa8fde5c,8,
0xa8fdeac,4,
0xa8fe05c,24,
0xa8fe0f8,4,
0xa8fe190,8,
0xa8fe518,120,
0xa8febfc,52,
0xa8feca8,8,
0xa8fecdc,8,
0xa8fed48,8,
0xa8fed70,12,
0xa8ff240,8,
0xa8ff27c,8,
0xa8ff41c,8,
0xa8ff490,8,
0xa8ff568,8,
0xa8ff5e4,8,
0xa8ff610,8,
0xa8ff640,4,
0xa8ff780,8,
0xa8ff7b4,8,
0xa8ffa58,192,
0xa9001ac,8,
0xa900200,8,
0xa90035c,8,
0xa9003b8,4,
0xa900400,192,
0xa901c68,76,
0xa901e7c,76,
0xa902398,92,
0xa902950,12,
0xa9029ec,188,
0xa903634,60,
0xa903904,28,
0xa903ba8,60,
0xa903dac,348,
0xa905a60,180,
0xa906134,176,
0xa906950,212,
0xa9074e0,332,
0xa908460,332,
0xa9093e4,180,
0xa909d00,156,
0xa90a3cc,12,
0xa90a47c,76,
0xa90a764,12,
0xa90a814,12,
0xa90a95c,76,
0xa90ad38,76,
0xa90b1b8,76,
0xa90b640,12,
0xa90b76c,76,
0xa90bb24,76,
0xa90c020,76,
0xa90c414,76,
0xa90c988,12,
0xa90caf4,76,
0xa90cf88,76,
0xa90d208,16,
0xa90d2e8,16,
0xa90d3a8,16,
0xa90d6b8,8,
0xa90d7b4,8,
0xa90d900,16,
0xa90d954,8,
0xa90d980,252,
0xa90e258,8,
0xa90e2e8,8,
0xa90e330,8,
0xa90e38c,60,
0xa90e86c,8,
0xa90f02c,76,
0xa90f714,12,
0xa90f7c4,76,
0xa90fa4c,16,
0xa90fabc,16,
0xa90fbd8,8,
0xa90fdbc,192,
0xa910644,80,
0xa91098c,92,
0xa9111f8,192,
0xa911c80,12,
0xa911ce8,52,
0xa912220,168,
0xa912804,192,
0xa91329c,80,
0xa913630,76,
0xa913a04,12,
0xa913c10,16,
0xa913c70,16,
0xa913ce0,16,
0xa913d50,16,
0xa913e30,16,
0xa913f00,16,
0xa913fc0,16,
0xa914090,16,
0xa9144ac,16,
0xa9145e4,8,
0xa914740,56,
0xa9149e4,8,
0xa914a10,28,
0xa914a8c,8,
0xa914ac8,8,
0xa914b78,8,
0xa914bd0,8,
0xa914c20,4,
0xa914c60,8,
0xa914d30,32,
0xa914da4,8,
0xa914e90,8,
0xa914ef8,24,
0xa915018,8,
0xa915064,8,
0xa9150e0,4,
0xa915110,8,
0xa91514c,8,
0xa9151b4,8,
0xa915210,8,
0xa915414,68,
0xa9158e0,192,
0xa916dc4,64,
0xa917110,184,
0xa91791c,184,
0xa9182bc,12,
0xa9183e8,180,
0xa9188c0,76,
0xa918c9c,76,
0xa919164,12,
0xa919310,52,
0xa9195cc,12,
0xa919850,8,
0xa91995c,4,
0xa919960,4,
0xa919b30,12,
0xa919ce4,76,
0xa919f20,80,
0xa91a3e0,76,
0xa91a780,12,
0xa91a834,12,
0xa91a92c,12,
0xa91a9c8,76,
0xa91ae14,192,
0xa91b924,180,
0xa91c368,80,
0xa91c6c4,8,
0xa91c750,48,
0xa91cb44,4,
0xa91cb84,8,
0xa91cc70,8,
0xa91cd84,12,
0xa91cfe0,180,
0xa91d4f4,4,
0xa91d640,8,
0xa91d698,4,
0xa91d728,8,
0xa91d7ec,8,
0xa91d840,8,
0xa91d8d8,4,
0xa91da24,8,
0xa91da84,8,
0xa91db70,8,
0xa91dc00,8,
0xa91dcbc,12,
0xa91dd4c,8,
0xa91dd90,4,
0xa91ddb4,8,
0xa91ddf0,4,
0xa91de54,8,
0xa91ded8,8,
0xa91dfb4,8,
0xa91e00c,208,
0xa91e528,8,
0xa91e564,8,
0xa91e664,8,
0xa91e6a4,8,
0xa91e6fc,8,
0xa91e728,8,
0xa91e840,8,
0xa91e8a0,8,
0xa91e8f0,8,
0xa91e93c,4,
0xa91ea08,8,
0xa91ea64,8,
0xa91ea9c,8,
0xa91eae0,8,
0xa91ebc0,8,
0xa91ec28,8,
0xa91ec78,8,
0xa91ed18,124,
0xa91efb0,8,
0xa91f090,8,
0xa91f0f8,8,
0xa91f168,32,
0xa91f22c,8,
0xa91f348,8,
0xa91f3b8,4,
0xa91f448,8,
0xa91f5c0,8,
0xa91f758,12,
0xa920d2c,76,
0xa921010,192,
0xa92189c,80,
0xa921bd4,12,
0xa921c7c,80,
0xa922104,80,
0xa922470,16,
0xa922510,16,
0xa9225b0,16,
0xa922620,16,
0xa9226d0,16,
0xa922760,16,
0xa922800,16,
0xa9228e0,16,
0xa9229d0,16,
0xa922a60,16,
0xa922b20,16,
0xa922c40,16,
0xa922d20,16,
0xa922dd0,16,
0xa922e60,16,
0xa922ee0,16,
0xa922fa0,16,
0xa9231cc,92,
0xa923754,92,
0xa923b7c,52,
0xa923e04,52,
0xa92435c,12,
0xa924430,8,
0xa924440,8,
0xa924484,8,
0xa9244b0,8,
0xa9244d0,8,
0xa924588,8,
0xa9245b4,8,
0xa924620,8,
0xa924668,4,
0xa924694,4,
0xa9246cc,8,
0xa92471c,8,
0xa9247dc,8,
0xa924820,8,
0xa9248a8,8,
0xa924a4c,8,
0xa924a70,8,
0xa924ab8,8,
0xa924b54,8,
0xa924bfc,28,
0xa924c80,4,
0xa924cf4,8,
0xa924d30,32,
0xa924eb0,8,
0xa924f60,8,
0xa924fdc,8,
0xa925050,8,
0xa9250f4,8,
0xa925148,8,
0xa925240,8,
0xa925298,8,
0xa925364,8,
0xa9253fc,8,
0xa925454,8,
0xa9254ec,8,
0xa925548,4,
0xa9256ec,8,
0xa925750,8,
0xa9257ac,8,
0xa9257f0,8,
0xa925888,12,
0xa926640,76,
0xa926cb0,192,
0xa9277d0,76,
0xa9278cc,76,
0xa927b60,16,
0xa927c58,12,
0xa9284b0,76,
0xa9285e0,16,
0xa9285fc,12,
0xa928628,12,
0xa928708,192,
0xa929330,76,
0xa92955c,192,
0xa92a140,192,
0xa92abd4,564,
0xa92cbd0,20,
0xa92cbe4,108,
0xa92d260,20,
0xa92d36c,188,
0xa92dd04,76,
0xa92e148,76,
0xa92e4e8,76,
0xa92e8f0,12,
0xa92e998,16,
0xa92e9d8,16,
0xa92ef74,8,
0xa92f170,180,
0xa92f67c,8,
0xa92f9b8,4,
0xa92fad0,8,
0xa92fb0c,8,
0xa92fc1c,8,
0xa92fc50,8,
0xa930514,12,
0xa93060c,12,
0xa930618,76,
0xa9309b0,76,
0xa930e58,180,
0xa931514,192,
0xa932a00,12,
0xa932b1c,92,
0xa933010,4,
0xa933014,92,
0xa9332fc,76,
0xa933654,76,
0xa93399c,52,
0xa933c64,52,
0xa933f38,260,
0xa934fd8,28,
0xa9350ac,188,
0xa935770,76,
0xa935c54,156,
0xa93614c,4,
0xa936194,148,
0xa936594,8,
0xa936724,184,
0xa936d28,8,
0xa936d38,76,
0xa936f80,32,
0xa936fe0,4,
0xa937040,4,
0xa9370e4,8,
0xa937120,8,
0xa937160,32,
0xa9371e0,8,
0xa93724c,8,
0xa9372c0,8,
0xa9372f0,16,
0xa9373cc,8,
0xa937418,32,
0xa937504,8,
0xa937540,8,
0xa937650,8,
0xa93769c,8,
0xa9376dc,8,
0xa937740,8,
0xa937774,8,
0xa9377ec,8,
0xa937838,32,
0xa937a6c,8,
0xa937ab0,8,
0xa937b30,8,
0xa937b6c,8,
0xa937b84,8,
0xa937d88,4,
0xa937e44,8,
0xa937fb8,8,
0xa937fec,8,
0xa93806c,8,
0xa9380a0,4,
0xa938130,8,
0xa938184,32,
0xa9381f8,8,
0xa938234,8,
0xa938260,44,
0xa9383ec,12,
0xa939348,76,
0xa939760,300,
0xa93a048,12,
0xa93a140,76,
0xa93a99c,400,
0xa93bd84,188,
0xa93c484,20,
0xa93c5bc,176,
0xa93d1a0,52,
0xa93d3cc,168,
0xa93dbf0,184,
0xa93eb38,12,
0xa93ebdc,12,
0xa93ec40,12,
0xa93ec58,76,
0xa93ee2c,76,
0xa93f064,76,
0xa93f43c,76,
0xa93f7f0,12,
0xa93f8a0,12,
0xa93f950,76,
0xa93fcdc,12,
0xa93fd98,12,
0xa93fdf0,12,
0xa93fed0,12,
0xa94003c,76,
0xa940484,12,
0xa9405d8,12,
0xa94067c,76,
0xa9409f8,20,
0xa940a74,16,
0xa940b14,16,
0xa940cac,12,
0xa941720,40,
0xa941800,8,
0xa941980,4,
0xa941a28,8,
0xa941a40,8,
0xa941a5c,8,
0xa941ae0,8,
0xa941b28,8,
0xa941bcc,16,
0xa941c30,8,
0xa941c88,8,
0xa941cc4,32,
0xa941da0,8,
0xa941dec,8,
0xa941e10,8,
0xa941e44,8,
0xa941e80,32,
0xa94274c,8,
0xa9428dc,12,
0xa942934,80,
0xa942b28,92,
0xa9430b8,192,
0xa943744,76,
0xa943a40,52,
0xa943d84,92,
0xa944274,56,
0xa9446e4,180,
0xa944ba4,92,
0xa945018,12,
0xa9450b4,92,
0xa945638,12,
0xa9458c0,80,
0xa945bf8,80,
0xa945f80,12,
0xa945fe8,32,
0xa94630c,168,
0xa947278,240,
0xa947790,168,USkinnedMeshComponent::execClearVertexColorOverride: BP thunk (vertex color override)
0xa947fd8,168,
0xa9486a8,76,
0xa948960,76,
0xa948bf0,76,
0xa94903c,76,
0xa9493e4,20,
0xa949448,20,
0xa9494d4,20,
0xa9495c4,192,
0xa94a2ec,32,
0xa94a3e0,8,
0xa94a440,36,
0xa94a6d8,8,
0xa94a728,8,
0xa94a754,56,
0xa94a894,8,
0xa94a8d0,4,
0xa94a97c,8,
0xa94a9c4,8,
0xa94afec,148,
0xa94b390,8,
0xa94b51c,8,
0xa94b574,8,
0xa94b594,4,
0xa94b5c4,8,
0xa94b608,44,
0xa94b6d8,4,
0xa94b74c,8,
0xa94b770,8,
0xa94b7ec,8,
0xa94b834,8,
0xa94b868,12,
0xa94b960,8,
0xa94ba84,8,
0xa94bae0,4,
0xa94bbb4,8,
0xa94bd3c,8,
0xa94be9c,8,
0xa94beec,8,
0xa94bf70,8,
0xa94bfe4,456,
0xa94cbb4,4,
0xa94ccc0,8,
0xa94cda4,8,
0xa94ce04,8,
0xa94cf28,8,
0xa94cfb4,8,
0xa94d000,8,
0xa94d074,8,
0xa94d0f8,8,
0xa94d184,4,
0xa94d1cc,228,
0xa94d870,8,
0xa94d8c0,4,
0xa94d910,8,
0xa94d9a0,8,
0xa94da04,8,
0xa94eb54,92,
0xa94f368,168,
0xa94fd60,76,
0xa94ff74,76,
0xa9502b8,192,
0xa950dfc,48,
0xa950f84,76,
0xa951664,168,
0xa951bec,76,
0xa951dd8,16,
0xa952004,4,
0xa952270,12,
0xa952434,192,
0xa952c20,192,
0xa95362c,12,
0xa9536c8,16,
0xa953728,16,
0xa953788,76,
0xa953e34,160,
0xa954300,8,
0xa954394,8,
0xa9543e0,8,
0xa954480,8,
0xa954734,8,
0xa9548a4,8,
0xa9548d0,8,
0xa95499c,8,
0xa954c78,192,
0xa9557a0,8,
0xa95581c,4,
0xa9559a0,8,
0xa955a14,256,
0xa955fc4,48,
0xa956258,4,
0xa95630c,4,
0xa9564a8,8,
0xa957388,180,
0xa957b14,92,
0xa958128,4,
0xa9581d8,76,
0xa958434,4,
0xa9585f8,8,
0xa958878,4,
0xa9589f4,16,
0xa958acc,16,
0xa958aec,76,
0xa95909c,8,
0xa95915c,132,
0xa959998,192,
0xa95a260,88,
0xa95a664,48,
0xa95ab98,52,
0xa95ae08,4,
0xa95ae0c,4,
0xa95aec8,76,
0xa95b4b0,188,
0xa95be80,188,
0xa95c758,12,
0xa95c7f4,4,
0xa95c7f8,188,
0xa95d1dc,188,
0xa95d98c,184,
0xa95ded4,8,
0xa95df58,8,
0xa95df94,12,
0xa95e018,8,
0xa95e080,8,
0xa95e174,12,
0xa95e36c,8,
0xa95e3c4,8,
0xa95e428,8,
0xa95e58c,4,
0xa95e5c4,8,
0xa95e5f0,8,
0xa95e6f4,8,
0xa95e808,184,
0xa95f038,4,
0xa95f05c,8,
0xa95f080,8,
0xa95f0d8,8,
0xa95f128,8,
0xa95f140,8,
0xa95f190,52,
0xa95f3c0,8,
0xa95f428,8,
0xa95f470,8,
0xa95f4cc,180,
0xa95ffb8,8,
0xa95ffec,8,
0xa960080,8,
0xa960088,12,
0xa9601ac,12,
0xa960410,4744,_INIT_1027: static init (UScriptStruct + constants)
0xa987af8,4,
0xa987c68,76,
0xa988080,180,
0xa98894c,8,
0xa98896c,32,
0xa988ca0,8,
0xa988d1c,8,
0xa988d68,4,
0xa988ebc,8,
0xa988f18,4,
0xa988fa8,4,
0xa988ff8,8,
0xa98902c,8,
0xa98908c,16,
0xa9890f4,8,
0xa989178,12,
0xa989380,16,
0xa989450,8,
0xa9895d0,8,
0xa98975c,8,
0xa989928,8,
0xa989954,8,
0xa989a0c,8,
0xa989a30,8,
0xa989a58,32,
0xa989b34,4,
0xa989ba8,8,
0xa989bf8,8,
0xa989c48,4,
0xa989cbc,8,
0xa989d00,8,
0xa989d78,8,
0xa989eb4,8,
0xa989f4c,12,
0xa98a070,8,
0xa98a0e8,8,
0xa98a214,8,
0xa98a2e8,8,
0xa98a648,188,
0xa98acc4,8,
0xa98ad5c,32,
0xa98af94,8,
0xa98afc8,8,
0xa98b070,8,
0xa98b0c0,4,
0xa98c200,8,
0xa98c4c8,8,
0xa98c598,48,
0xa98ca34,184,
0xa98d374,188,
0xa98daf4,12,
0xa98db98,192,
0xa98e53c,192,
0xa98f100,180,
0xa98f948,68,
0xa98fd24,76,
0xa9900a8,80,
0xa99055c,92,
0xa990b30,52,
0xa990e14,188,
0xa9917c8,4,
0xa99188c,76,
0xa991b40,4,
0xa991be4,12,
0xa991c3c,80,
0xa991f84,80,
0xa9923a4,8,
0xa9923d8,28,
0xa992638,136,
0xa992c34,8,
0xa992c58,8,
0xa992ce8,8,
0xa993094,4,
0xa993110,8,
0xa9931f0,12,
0xa993280,8,
0xa9932a8,8,
0xa993304,8,
0xa993398,8,
0xa9933c4,8,
0xa993574,8,
0xa9935e0,8,
0xa993698,8,
0xa993704,4,
0xa993740,8,
0xa993784,8,
0xa993874,4,
0xa993b9c,188,
0xa995248,192,
0xa995bc8,8,
0xa995cd8,188,
0xa99661c,188,
0xa996fc4,108,
0xa997464,76,
0xa997970,12,
0xa997a18,80,
0xa997ccc,76,
0xa998158,240,
0xa998e5c,76,
0xa9991d0,76,
0xa9995ec,192,
0xa999e78,92,
0xa99a48c,12,
0xa99a630,188,
0xa99b020,8,
0xa99b048,12,
0xa99b0c4,36,
0xa99b154,8,
0xa99b214,8,
0xa99b30c,12,
0xa99b560,8,
0xa99b5ac,4,
0xa99b634,8,
0xa99b670,8,
0xa99b6b0,348,
0xa99c65c,8,
0xa99c6b4,8,
0xa99c7b0,4,
0xa99c850,8,
0xa99c998,12,
0xa99ca30,8,
0xa99ca6c,4,
0xa99ca80,68,
0xa99cc1c,8,
0xa99cca8,8,
0xa99cd68,32,
0xa99cebc,8,
0xa99cf00,8,
0xa99cf78,8,
0xa99cfbc,8,
0xa99d074,8,
0xa99d134,8,
0xa99d168,8,
0xa99d1e0,8,
0xa99d228,8,
0xa99d284,4,
0xa99d3c0,8,
0xa99d458,8,
0xa99d478,24,
0xa99d580,8,
0xa99d5c4,8,
0xa99e5e4,80,
0xa99e96c,92,
0xa99efec,180,
0xa99f9a8,48,
0xa99fc6c,12,
0xa99fc80,192,
0xa9a05ec,80,
0xa9a0b74,64,
0xa9a0e48,76,
0xa9a1168,8,
0xa9a1264,92,
0xa9a1640,12,
0xa9a1778,80,
0xa9a1b08,188,
0xa9a26c8,12,
0xa9a2814,80,
0xa9a2b04,76,
0xa9a3094,16,
0xa9a30a4,192,
0xa9a3910,12,
0xa9a3a10,224,
0xa9a44d4,12,
0xa9a45cc,12,
0xa9a47a0,188,
0xa9a50e0,4,
0xa9a5250,76,
0xa9a551c,52,
0xa9a56c0,184,
0xa9a604c,8,
0xa9a6054,192,
0xa9a708c,12,
0xa9a70e4,76,
0xa9a7470,68,
0xa9a75bc,4,
0xa9a75c8,8,
0xa9a75d0,16,
0xa9a765c,4,
0xa9a77a0,8,
0xa9a77cc,8,
0xa9a7838,8,
0xa9a7850,8,
0xa9a78dc,8,
0xa9a78f8,8,
0xa9a7924,8,
0xa9a7a20,8,
0xa9a7b10,4,
0xa9a7b84,8,
0xa9a7bf0,8,
0xa9a7c78,188,
0xa9a8748,8,
0xa9a8774,44,
0xa9a8830,8,
0xa9a8844,188,
0xa9a94b4,12,
0xa9a94c4,8,
0xa9a94cc,8,
0xa9a94e0,12,
0xa9a9534,8,
0xa9a95f4,8,
0xa9a9674,8,
0xa9a96ec,8,
0xa9a97fc,8,
0xa9a9ad8,188,
0xa9ab8b8,192,
0xa9ac09c,188,
0xa9acb68,168,
0xa9ad3d0,76,
0xa9ad598,76,
0xa9ad904,16,
0xa9ad9e0,8,
0xa9adaec,4,
0xa9add88,8,
0xa9ade80,4,
0xa9ae008,76,
0xa9ae2ec,192,
0xa9aed7c,76,
0xa9af278,76,
0xa9af644,76,
0xa9af7b8,52,
0xa9afcf0,20,
0xa9afe08,180,
0xa9b0770,92,
0xa9b0c7c,12,
0xa9b0ca0,92,
0xa9b112c,16,
0xa9b146c,80,
0xa9b1838,20,
0xa9b189c,20,
0xa9b1914,12,
0xa9b1c24,228,
0xa9b23b8,8,
0xa9b23e0,4,
0xa9b2418,8,
0xa9b2444,8,
0xa9b24ac,8,
0xa9b26b8,192,
0xa9b2fd8,8,
0xa9b304c,4,
0xa9b30b8,8,
0xa9b3100,8,
0xa9b3120,64,
0xa9b32cc,8,
0xa9b339c,8,
0xa9b33d8,8,
0xa9b3440,8,
0xa9b3524,8,
0xa9b3550,8,
0xa9b3594,44,
0xa9b37f4,8,
0xa9b3844,4,
0xa9b3870,8,
0xa9b3978,12,
0xa9b39e0,32,
0xa9b3ce4,8,
0xa9b3d08,8,
0xa9b3d20,4,
0xa9b3e04,12,
0xa9b3e98,8,
0xa9b3ec4,8,
0xa9b3ef8,8,
0xa9b3f54,8,
0xa9b3fa8,8,
0xa9b40d4,8,
0xa9b4120,8,
0xa9b4184,8,
0xa9b4238,4,
0xa9b4290,8,
0xa9b4528,8,
0xa9b46d0,8,
0xa9b470c,8,
0xa9b4750,8,
0xa9b47a8,8,
0xa9b47f8,8,
0xa9b4848,4,
0xa9b4968,8,
0xa9b499c,8,
0xa9b49f8,8,
0xa9b4a80,180,
0xa9b6958,116,
0xa9b8924,164,
0xa9b8b5c,12,
0xa9b8e14,216,
0xa9b92e8,444,
0xa9b9ea8,216,
0xa9ba338,312,
0xa9bb0fc,1432,
0xa9bf960,48,
0xa9bfaf0,72,
0xa9c080c,372,
0xa9c2084,180,
0xa9c2d00,444,
0xa9c404c,4804,FStructDeserializer::Deserialize: property-driven struct deserialization
0xa9e21fc,40,
0xa9e246c,184,
0xa9e2684,660,
0xa9e4068,40,
0xa9e40b4,40,
0xa9e4560,56,
0xa9e4598,8,
0xa9e45a8,8,
0xa9e45c0,148,
0xa9e49e8,140,
0xa9e4c98,204,
0xa9e6688,40,
0xa9e67c8,40,
0xa9e68f8,48,
0xa9e6a78,40,
0xa9e6c08,40,
0xa9e6dc8,40,
0xa9e7054,3032,
0xa9f5fe8,52,
0xa9f602c,40,
0xa9f6120,72,
0xa9f6240,116,
0xa9f6d5c,1556,
0xa9f96b0,372,
0xaa00c34,640,
0xaa02f70,20,
0xaa02f84,20,
0xaa02f98,104,
0xaa03000,532,
0xaa03770,84,
0xaa037c4,44,
0xaa039ec,756,
0xaa0453c,8,
0xaa0454c,8,
0xaa04564,8,
0xaa0457c,8,
0xaa049d8,244,
0xaa04c6c,252,
0xaa0577c,64,
0xaa057bc,168,
0xaa0593c,852,
0xaa0728c,256,
0xaa084ac,968,
0xaa09938,276,
0xaa0a40c,188,
0xaa0a4cc,104,
0xaa0aa50,248,
0xaa0ab48,80,
0xaa0ad90,252,
0xaa0af34,72,
0xaa0af8c,72,
0xaa0b060,72,
0xaa0c868,24,
0xaa0c880,72,
0xaa0c944,332,
0xaa0ce08,244,
0xaa0d300,188,
0xaa0d3bc,272,
0xaa0d6a8,384,
0xaa0da8c,616,
0xaa0e41c,148,
0xaa0e7d4,788,
0xaa0fc28,264,
0xaa0fe40,44,
0xaa0fe74,468,
0xaa10730,408,
0xaa1178c,48,
0xaa117bc,48,
0xaa117ec,48,
0xaa1181c,48,
0xaa1184c,80,
0xaa1189c,80,
0xaa118ec,80,
0xaa1193c,80,
0xaa119dc,8,
0xaa119e4,8,
0xaa119f4,60,
0xaa11a48,16,
0xaa11a94,8,
0xaa11a9c,156,
0xaa11bbc,16,
0xaa11bcc,84,
0xaa11ca4,16,
0xaa11cb4,16,
0xaa11cd4,344,
0xaa12228,240,
0xaa1238c,292,
0xaa12a04,164,
0xaa12f70,128,
0xaa13090,20,
0xaa130c8,24,
0xaa131f4,936,
0xaa15dd0,40,
0xaa15ee8,8,
0xaa15ef8,12,
0xaa15f5c,60,
0xaa16054,280,
0xaa165f4,32,
0xaa16b04,12,
0xaa16b10,16,
0xaa16db0,32,
0xaa16e24,272,
0xaa17954,8,
0xaa1795c,1260,
0xaa19bd0,636,
0xaa1a97c,144,
0xaa1aafc,140,
0xaa1ada4,592,
0xaa1b9f4,36,
0xaa1bc80,608,
0xaa1cef0,204,
0xaa1d504,716,
0xaa1e7d4,180,
0xaa1eb48,204,
0xaa1efb8,860,
0xaa21630,272,
0xaa21944,344,
0xaa220ac,344,
0xaa22b54,480,
0xaa23a20,252,
0xaa24028,696,
0xaa25554,716,
0xaa26e0c,172,
0xaa272b8,8,
0xaa272c0,8,
0xaa27368,8,
0xaa2738c,240,
0xaa28018,820,
0xaa2967c,488,
0xaa2ab74,716,
0xaa2c274,556,
0xaa2d520,96,
0xaa2d92c,276,
0xaa2e0a8,180,
0xaa2e6ec,96,
0xaa2ece0,268,
0xaa2f1e0,80,
0xaa2f238,8,
0xaa2f24c,4,
0xaa2f310,4,
0xaa2f314,192,
0xaa2f72c,4,
0xaa2f738,8,
0xaa2f760,164,
0xaa2f9a0,8,
0xaa2fa9c,8,
0xaa2faa4,8,
0xaa2faac,8,
0xaa2fabc,8,
0xaa2fb6c,28,
0xaa2fd5c,144,
0xaa30468,136,
0xaa3091c,44,
0xaa309b8,4,
0xaa309bc,764,
0xaa31ff4,128,
0xaa32698,192,
0xaa32edc,1012,
0xaa3630c,344,
0xaa36e60,136,
0xaa370ac,1272,
0xaa4952c,36,
0xaa49550,3320,BuildPatchServices::FChunkDatabaseWriter::ProcessingWorkerThread
0xaa578a8,92,
0xaa579b8,188,
0xaa58544,8,
0xaa5854c,8,
0xaa5855c,1676,
0xaa5b5e4,56,
0xaa5b684,48,
0xaa5b7dc,364,
0xaa5be64,36,
0xaa5be88,84,
0xaa5bedc,432,
0xaa5c248,56,
0xaa5c280,916,
0xaa5dbb4,40,
0xaa5dbdc,200,
0xaa5ddcc,40,
0xaa5deb0,40,
0xaa5e124,112,
0xaa5e204,420,
0xaa5e980,40,
0xaa5e9a8,40,
0xaa5e9d0,36,
0xaa5ea1c,40,
0xaa5ea6c,44,
0xaa5ea98,100,
0xaa5f35c,284,
0xaa5f478,36,
0xaa5f49c,272,
0xaa5f5ac,40,
0xaa5f5d4,3584,BuildPatchServices::FManifestBuilder::FinalizeData
0xaa6ae64,44,
0xaa6ae90,764,
0xaa6b274,36,
0xaa6b298,672,
0xaa6c78c,324,
0xaa6c8d0,68,
0xaa6c914,24,
0xaa6c92c,28,
0xaa6c948,44,
0xaa6c974,32,
0xaa6c9b4,8,
0xaa6c9ec,44,
0xaa6ca18,148,
0xaa6cb40,16,
0xaa6d178,1004,
0xaa7141c,796,
0xaa71a30,292,
0xaa71b54,712,
0xaa73210,176,
0xaa735f0,8,
0xaa73608,60,
0xaa73678,36,
0xaa73700,124,
0xaa73828,16,
0xaa73850,12,
0xaa739e0,172,
0xaa73c3c,8,
0xaa73c44,40,
0xaa73c98,8,
0xaa73cb4,136,
0xaa741bc,356,
0xaa7524c,708,
0xaa76cc4,1700,
0xaa77e3c,12,
0xaa77e54,12,
0xaa77e6c,12,
0xaa77eb4,4,
0xaa77f6c,88,
0xaa78194,116,
0xaa78208,8,
0xaa78444,540,
0xaa78914,176,
0xaa78a7c,184,
0xaa78d58,40,
0xaa78d80,8,
0xaa78d88,12,
0xaa78e44,352,
0xaa7939c,272,
0xaa79908,348,
0xaa79b90,48,
0xaa79bd8,4,
0xaa79bdc,1188,
0xaa7bb34,8,
0xaa7bb50,4,
0xaa7bc24,188,
0xaa7be54,36,
0xaa7bf1c,208,
0xaa7ca5c,820,
0xaa7d7c4,540,
0xaa7df40,156,
0xaa7e93c,536,
0xaa7f1e0,36,
0xaa7f204,280,
0xaa7f31c,796,
0xaa80a48,720,
0xaa812dc,556,
0xaa81ecc,732,
0xaa83358,248,
0xaa8372c,156,
0xaa837c8,168,
0xaa83914,136,
0xaa83b6c,144,
0xaa83c8c,4,
0xaa83cb8,8,
0xaa83cc8,164,
0xaa84684,80,
0xaa846d4,8,
0xaa846dc,8,
0xaa846e4,12,
0xaa846f0,4,
0xaa846f4,284,
0xaa8513c,12,
0xaa851cc,140,
0xaa85258,4,
0xaa852ec,8,
0xaa852f4,8,
0xaa852fc,8,
0xaa85304,12,
0xaa85314,8,
0xaa8531c,8,
0xaa85324,8,
0xaa8533c,76,
0xaa85420,188,
0xaa8566c,4,
0xaa85670,912,
0xaa86e34,268,
0xaa87394,12,
0xaa873a8,420,
0xaa87d88,8,
0xaa87d90,8,
0xaa87d98,12,
0xaa87da4,132,
0xaa881b0,344,
0xaa885dc,40,
0xaa8861c,4,
0xaa886b0,408,
0xaa88ed0,4,
0xaa88ed4,96,
0xaa88f88,644,
0xaa8a2ec,252,
0xaa8a8f8,688,
0xaa8b700,408,
0xaa8c160,120,
0xaa8c268,428,
0xaa8cee8,308,
0xaa8d440,252,
0xaa8d65c,664,
0xaa8e55c,544,
0xaa8f954,348,
0xaa9019c,288,
0xaa90650,716,
0xaa917d0,8,
0xaa917e4,140,
0xaa91ad8,120,
0xaa91dcc,52,
0xaa92024,48,
0xaa92070,24,
0xaa92134,36,
0xaa92214,132,
0xaa9274c,8,
0xaa92764,4,
0xaa92b24,344,
0xaa93078,12,
0xaa9308c,180,
0xaa935f8,344,
0xaa93c84,40,
0xaa93cc4,4,
0xaa93cc8,344,
0xaa943e4,716,
0xaa950fc,8,
0xaa95104,192,
0xaa95518,12,
0xaa95608,8,
0xaa95620,4,
0xaa9583c,8,
0xaa95844,12,
0xaa95858,92,
0xaa95a58,4,
0xaa95b98,128,
0xaa96018,344,
0xaa96644,524,
0xaa97a94,344,
0xaa98128,80,
0xaa9817c,4,
0xaa98180,24,
0xaa9819c,16,
0xaa981b0,16,
0xaa981d0,8,
0xaa981e0,16,
0xaa98504,688,
0xaa998bc,520,
0xaa9a39c,396,
0xaa9adb8,1196,
0xaa9f5bc,1104,
0xaaa17a0,1436,
0xaaa32e8,1388,
0xaaa4e74,172,
0xaaa4f4c,228,
0xaaa5118,136,
0xaaa5640,1040,
0xaaa6c88,700,
0xaaa7c10,272,
0xaaa7f54,264,
0xaaa8168,1220,
0xaaaa90c,300,
0xaaaadec,12,
0xaaaae00,252,
0xaaab440,116,
0xaaab6cc,532,
0xaaac158,124,
0xaaac294,144,
0xaaac434,128,
0xaaac5ec,88,
0xaaac6f4,236,
0xaaace20,1216,
0xaaaf1b4,64,
0xaaaf384,144,
0xaaaf750,88,
0xaaaf974,24,
0xaab0430,464,
0xaab0ad8,36,
0xaab0b04,228,
0xaab12d4,592,
0xaab1a2c,4,
0xaab1b7c,40,
0xaab1ba4,8,
0xaab1bac,12,
0xaab1bbc,4,
0xaab1bc0,672,
0xaab3388,4,
0xaab3450,180,
0xaab3694,4,
0xaab3698,320,
0xaab4254,508,
0xaab4f6c,688,
0xaab6084,512,
0xaab6cb8,288,
0xaab74a4,352,
0xaab7b10,688,
0xaab8b54,12,
0xaab8bdc,52,
0xaab8cd8,12,
0xaab8ce4,124,
0xaab8f94,12,
0xaab901c,52,
0xaab9214,180,
0xaab94fc,4,
0xaab9518,8,
0xaab9534,8,
0xaab959c,12,
0xaab95b8,8,
0xaab95d0,12,
0xaab9634,324,
0xaab9a58,12,
0xaab9a8c,12,
0xaab9ae0,8,
0xaab9af0,4,
0xaab9b20,4,
0xaab9b2c,8,
0xaab9b50,8,
0xaab9b78,8,
0xaab9b94,44,
0xaab9c64,4,
0xaab9cd4,8,
0xaab9cf8,8,
0xaab9d18,8,
0xaab9d3c,228,
0xaaba898,76,
0xaaba930,24,
0xaaba948,1336,
0xaabced8,1204,
0xaabdb58,44,
0xaabdb84,184,
0xaabe640,20,
0xaabe654,20,
0xaabe668,76,
0xaabe6b4,636,
0xaabf284,8,
0xaabf28c,36,
0xaabf2b0,40,
0xaabf4e0,8,
0xaabf4e8,16,
0xaabf4f8,2016,
0xaac81a4,572,
0xaac8764,48,
0xaac8bb0,232,
0xaac8dc4,284,
0xaac9234,80,
0xaac9420,540,
0xaaca014,540,
0xaacaa38,720,
0xaacc644,4,
0xaacc660,16,
0xaacc740,48,
0xaacc7d0,80,
0xaaccd1c,8,
0xaaccddc,8,
0xaacced0,196,
0xaacd464,92,
0xaacd580,8,
0xaacd648,44,
0xaacd738,256,
0xaacdc64,8,
0xaacdc6c,184,
0xaace1a0,600,
0xaacf580,268,
0xaacfec0,660,
0xaad0b40,1364,
0xaad33cc,96,
0xaad348c,92,
0xaad34e8,92,
0xaad3658,16,
0xaad390c,196,
0xaad3a10,16,
0xaad3a30,20,
0xaad3acc,696,
0xaad4594,144,
0xaad472c,84,
0xaad47cc,476,
0xaad5060,80,
0xaad56b4,2268,
0xaadc158,4,
0xaadc15c,4,
0xaadc160,4,
0xaadc164,4,
0xaadc168,8,
0xaadc178,8,
0xaadcb80,2364,
0xaae3074,40,
0xaae309c,4,
0xaae30a8,8,
0xaae30b8,16,
0xaae3190,48,
0xaae31c4,4,
0xaae31c8,4,
0xaae3248,124,
0xaae38cc,288,
0xaae40a8,316,
0xaae4dc4,480,
0xaae53d4,8,
0xaae53e4,16,
0xaae564c,364,
0xaae64d4,484,
0xaae7140,344,
0xaae7c10,4,
0xaae8528,8,
0xaae8534,4,
0xaae8798,1696,
0xaaee89c,28,
0xaaee8b8,428,
0xaaeefe4,168,
0xaaef4d8,720,
0xaaf1218,2712,ClothingMeshUtils::SkinPhysicsMesh lambda: cloth physics mesh skinning
0xaaf59ec,8,
0xaaf59f4,44,
0xaaf5a40,8,
0xaaf5a5c,8,
0xaaf5a88,8,
0xaaf5b64,8,
0xaaf5b74,8,
0xaaf5b8c,12,
0xaaf5ba8,8,
0xaaf5be8,8,
0xaaf5cb4,4,
0xaaf5cd8,8,
0xaaf5ce8,8,
0xaaf5cf8,8,
0xaaf5d14,8,
0xaaf5d2c,8,
0xaaf5d48,8,
0xaaf5dbc,8,
0xaaf5dd4,8,
0xaaf5e08,8,
0xaaf5e40,8,
0xaaf5e60,8,
0xaaf5ed0,8,
0xaaf5ef0,8,
0xaaf5fbc,8,
0xaaf5fdc,8,
0xaaf6000,8,
0xaaf6048,4,
0xaaf6864,196,
0xaaf6f04,8,
0xaaf6f14,8,
0xaaf6f24,144,
0xaaf7314,4,
0xaaf7328,8,
0xaaf73ec,28,
0xaaf77a8,112,
0xaaf7a40,4,
0xaaf7a44,188,
0xaaf7e14,4,
0xaaf7e1c,188,
0xaaf8274,184,
0xaaf8660,188,
0xaaf89ec,188,
0xaaf8bd4,8,
0xaaf8c00,8,
0xaaf8c44,32,
0xaaf8ed0,188,
0xaaf95bc,656,
0xaafaba4,12,
0xaafabb0,820,
0xaaff3a8,208,
0xaaff478,652,
0xab003d8,360,
0xab007dc,524,
0xab009e8,212,
0xab00c60,264,
0xab00d68,528,
0xab0194c,720,
0xab01e34,52,
0xab01f2c,112,
0xab020d0,112,
0xab02220,112,
0xab02478,296,
0xab02b7c,208,
0xab03028,480,
0xab036cc,136,
0xab03754,136,
0xab038f0,8,
0xab0390c,8,
0xab0399c,128,
0xab03a9c,128,
0xab03cec,112,
0xab03e68,48,
0xab04020,304,
0xab0439c,840,
0xab05108,360,
0xab054ec,1932,
0xab0a5fc,128,
0xab0a738,16,
0xab0a748,128,
0xab0c428,36,
0xab0c494,36,
0xab0c524,36,
0xab0c56c,36,
0xab0c6d4,8,
0xab0c6dc,144,
0xab0c9b0,224,
0xab0e2a4,40,
0xab0e2f8,48,
0xab0e350,44,
0xab0e3f8,36,
0xab0e41c,48,
0xab0e4f0,44,
0xab0e56c,52,
0xab0e5d8,12,
0xab0e6dc,240,
0xab0ebb4,4,
0xab0ebb8,4,
0xab0ec9c,84,
0xab0ecf0,224,
0xab0edd8,56,
0xab0f08c,20,
0xab0f348,128,
0xab0f670,128,
0xab0f6f0,284,
0xab0f80c,4,
0xab0f810,280,
0xab0fbf8,8,
0xab0fd30,8,
0xab0fd38,128,
0xab0fe38,128,
0xab1002c,96,
0xab10104,36,
0xab10524,2728,FOpenGLDynamicRHI::SetPendingBlendStateForActiveRenderTargets (alpha blend apply)
0xab14724,8,
0xab1472c,980,
0xab1562c,8,
0xab15634,4,
0xab15638,56,
0xab15674,4,
0xab15678,4,
0xab15680,4,
0xab15684,4,
0xab1568c,4,
0xab156a0,2448,FOpenGLDynamicRHI::RHIInvalidateCachedState
0xab20c58,192,
0xab20eec,140,
0xab2100c,36,
0xab21030,636,
0xab219cc,244,
0xab21c64,16,
0xab21c74,44,
0xab21ca0,212,
0xab221bc,8,
0xab22290,264,
0xab22e8c,844,
0xab23758,168,
0xab2388c,144,
0xab23964,492,
0xab240f8,180,
0xab24480,124,
0xab24698,180,
0xab24b1c,12,
0xab24b44,564,
0xab2520c,624,
0xab25b90,520,
0xab263c8,100,
0xab2695c,12,
0xab26968,4,
0xab2696c,4,
0xab276d8,4,
0xab27708,44,
0xab27830,84,
0xab279c0,136,
0xab27b24,40,
0xab27bc0,40,
0xab27c88,40,
0xab27d28,40,
0xab27dc8,40,
0xab27e68,40,
0xab27f30,36,
0xab28250,468,
0xab28b40,572,
0xab29298,320,
0xab29928,144,
0xab29ce0,52,
0xab29d48,804,
0xab2b1e8,144,
0xab2b280,8,
0xab2b2b4,4,
0xab2b374,4,
0xab2b3b4,8,
0xab2b3c4,44,
0xab2b49c,148,
0xab2b7ac,44,
0xab2b888,4,
0xab2b90c,44,
0xab2b9e4,4,
0xab2ba7c,8,
0xab2bad0,8,
0xab2bb44,80,
0xab2be80,8,
0xab2bff4,140,
0xab2c424,8,
0xab2c5b8,4,
0xab2c5c0,8,
0xab2c5d0,12,
0xab2c66c,4,
0xab2c670,144,
0xab2c878,8,
0xab2c888,8,
0xab2c890,8,
0xab2c9d4,144,
0xab2cdb0,344,
0xab2d75c,344,
0xab2e060,8,
0xab2e068,8,
0xab2e070,12,
0xab2e080,144,
0xab2e580,12,
0xab2e620,40,
0xab2e654,8,
0xab2e67c,164,
0xab2ec5c,8,
0xab2ec64,8,
0xab2ec9c,88,
0xab2ed48,8,
0xab2ed60,144,
0xab2f700,320,
0xab2fbb0,688,
0xab30bf8,8,
0xab30c08,8,
0xab30cd4,36,
0xab30d28,16,
0xab311f4,12,
0xab31200,8,
0xab31210,12,
0xab31220,16,
0xab31334,8,
0xab31344,12,
0xab31404,8,
0xab3141c,104,
0xab3165c,8,
0xab3166c,12,
0xab31714,240,
0xab33e0c,1960,
0xab36c5c,448,
0xab3752c,396,
0xab37e0c,540,
0xab395e4,468,
0xab39bf0,72,
0xab39c38,468,
0xab3a278,84,
0xab3a2cc,268,
0xab3a55c,604,
0xab3b158,3012,FOpenGLLinkedProgram::ConfigureShaderStage
0xab4141c,332,
0xab4194c,36,
0xab41cdc,36,
0xab41d00,52,
0xab41d34,12,
0xab41d40,24,
0xab41d58,24,
0xab41d70,28,
0xab41dc0,12,
0xab41dcc,24,
0xab41dfc,52,
0xab421f0,32,
0xab42304,92,
0xab42360,40,
0xab42388,140,
0xab4251c,812,
0xab42ec8,24,
0xab42ee0,1172,
0xab44be8,36,
0xab44c34,36,
0xab44c58,2064,
0xab4cce4,2080,
0xab4ed98,92,
0xab4edfc,148,
0xab4f154,8,
0xab4f278,284,
0xab4f39c,4,
0xab4f9b0,1516,
0xab51914,2056,
0xab54634,12,
0xab54640,224,
0xab5484c,568,
0xab54ef4,36,
0xab5533c,1236,
0xab570d4,356,
0xab57384,192,
0xab577b8,816,
0xab588b8,8,
0xab58b2c,8,
0xab58d40,372,
0xab59450,348,
0xab5a0f4,536,
0xab5addc,388,
0xab5ba4c,500,
0xab5c320,344,
0xab5cb90,720,
0xab5dd40,236,
0xab5e010,140,
0xab5e67c,796,
0xab60e08,932,
0xab61ccc,344,
0xab625e4,688,
0xab65268,132,
0xab65604,228,
0xab65a2c,348,
0xab65db8,344,
0xab65f10,720,
0xab66838,588,
0xab66fa4,572,
0xab67420,216,
0xab67654,492,
0xab67a24,40,
0xab67a74,664,
0xab68c88,92,
0xab68ce4,36,
0xab68d08,52,
0xab68d3c,8,
0xab68d44,264,
0xab68e4c,156,
0xab68ee8,532,
0xab690fc,564,
0xab69330,536,
0xab69860,4,
0xab69864,144,
0xab698f4,344,
0xab69c2c,576,
0xab69fc4,840,
0xab6a72c,352,
0xab6ac5c,20,
0xab6aca0,8,
0xab6acb4,4,
0xab6acbc,320,
0xab6af00,44,
0xab6afb8,4,
0xab6afbc,36,
0xab6aff0,12,
0xab6b09c,4,
0xab6b0a0,24,
0xab6b170,8,
0xab6b1a4,60,
0xab6b21c,4,
0xab6b4d0,20,
0xab6b4e4,48,
0xab6b528,4,
0xab6b530,3356,"CompileOpenGLShader<TOpenGLShader<...,35632,freq=3>>: GL pixel shader compile"
0xab79fd4,8,
0xab79fdc,44,
0xab7a00c,4,
0xab7a010,340,
0xab7a790,44,
0xab7a8e8,892,
0xab7bcc8,104,
0xab7bd94,392,
0xab7ce54,196,
0xab7dd30,72,
0xab7e330,1532,
0xab805c8,736,
0xab81478,328,
0xab8186c,464,
0xab820b8,92,
0xab82634,600,
0xab83140,220,
0xab83378,8,
0xab83380,844,
0xab843cc,516,
0xab84c44,4,
0xab84c90,8,
0xab84c98,8,
0xab84ca0,44,
0xab84d50,4,
0xab84f40,340,
0xab85730,28,
0xab8574c,176,
0xab85898,168,
0xab85954,8,
0xab85964,12,
0xab8598c,12,
0xab85cb0,472,
0xab864b8,308,
0xab86948,60,
0xab869c4,12,
0xab86a5c,8,
0xab86ad4,8,
0xab86c18,388,
0xab87630,84,
0xab87c94,828,
0xab89230,140,
0xab89984,40,
0xab89a1c,372,
0xab8a298,40,
0xab8a2e8,160,
0xab8a570,312,
0xab8aad4,72,
0xab8ac64,180,
0xab8ae78,68,
0xab8b0a4,876,
0xab8e4ec,280,
0xab8edb4,256,
0xab8ef34,32,
0xab8ef74,32,
0xab8efb4,32,
0xab8f008,8,
0xab8f018,16,
0xab8f0d4,28,
0xab8f124,108,
0xab8f24c,144,
0xab8f6d8,4,
0xab8f704,4,
0xab8f708,8,
0xab8f710,8,
0xab8f720,16,
0xab8f7dc,28,
0xab8f7f8,48,
0xab8fa70,4,
0xab8fac0,4,
0xab8fac4,92,
0xab8fbd4,48,
0xab8fc60,76,
0xab8fd44,92,
0xab8fe54,52,
0xab8fee4,76,
0xab8ff98,52,
0xab90040,76,
0xab900f4,52,
0xab90140,4,
0xab9014c,4,
0xab90160,8,
0xab9017c,8,
0xab9019c,8,
0xab901c0,8,
0xab901e4,8,
0xab90210,8,
0xab90228,8,
0xab90274,8,
0xab9028c,8,
0xab902b0,8,
0xab902dc,8,
0xab90308,8,
0xab90344,8,
0xab90368,8,
0xab903c4,8,
0xab90404,44,
0xab9048c,4,
0xab90568,8,
0xab90594,8,
0xab90608,4,
0xab9069c,8,
0xab90720,8,
0xab90740,8,
0xab90748,4,
0xab90764,8,
0xab90780,8,
0xab90804,8,
0xab90814,8,
0xab90838,8,
0xab90878,8,
0xab90a80,8,
0xab90a98,8,
0xab90ae4,8,
0xab90b00,8,
0xab90b28,4,
0xab90bd0,8,
0xab90bf4,8,
0xab90c18,8,
0xab90c38,8,
0xab90c74,1132,
0xab975e0,480,
0xab98060,8,
0xab98070,8,
0xab98090,8,
0xab980a0,92,
0xab983bc,8,
0xab983c4,8,
0xab983cc,524,
0xab98f88,292,
0xab995b8,92,
0xab996d4,8,
0xab996dc,192,
0xab99ac0,4,
0xab99ac4,136,
0xab99bf8,280,
0xab9a3f8,716,
0xab9b7dc,280,
0xab9bdfc,288,
0xab9ceac,8,
0xab9ceb4,240,
0xab9d37c,4,
0xab9d718,36,
0xab9d7b0,744,
0xab9ebac,12,
0xab9ebf4,12,
0xab9ec48,12,
0xab9ec84,12,
0xab9ecc0,12,
0xab9ef40,4,
0xab9ef44,4,
0xab9ef78,60,
0xab9eff0,8,
0xab9f01c,8,
0xab9f11c,8,
0xab9f12c,8,
0xab9f150,8,
0xab9f178,32,
0xab9f21c,8,
0xab9f234,8,
0xab9f260,8,
0xab9f28c,228,
0xab9fda4,16,
0xab9fdcc,56,
0xab9fe4c,8,
0xab9fe64,236,
0xaba0628,8,
0xaba0648,8,
0xaba06ec,28,
0xaba0bb8,200,
0xaba0f8c,44,
0xaba1128,528,
0xaba1f9c,148,
0xaba22f4,572,
0xaba3df4,64,
0xaba3e94,80,
0xaba4540,1120,
0xaba5f84,12,
0xaba5fd0,8,
0xaba5fec,8,
0xaba5ff4,12,
0xaba6028,20,
0xaba6098,20,
0xaba60e8,20,
0xaba6158,8,
0xaba6168,12,
0xaba6834,308,
0xaba6a28,36,
0xaba6b1c,4,
0xaba6b24,148,
0xaba6f14,16,
0xaba6f8c,4,
0xaba6fb8,16,
0xaba7058,16,
0xaba7068,4,
0xaba70ec,4,
0xaba71a0,108,
0xaba7b5c,344,
0xaba8670,24,
0xaba86e4,348,
0xaba90fc,144,
0xaba96e0,412,
0xabaa7d8,252,
0xabab90c,108,
0xababae8,256,
0xababfdc,188,
0xabac5ec,12,
0xabac608,88,
0xabac910,440,
0xabad408,460,
0xabae514,24,
0xabae570,112,
0xabae904,48,
0xabaeddc,112,
0xabaf130,268,
0xabaf9d4,92,
0xabafa30,388,
0xabb0b54,276,
0xabb1108,136,
0xabb1374,164,
0xabb1cac,240,
0xabb23c4,84,
0xabb247c,40,
0xabb28a4,80,
0xabb29b0,104,
0xabb2cc0,120,
0xabb2e90,148,
0xabb33c0,156,
0xabb3a70,124,
0xabb3d94,40,
0xabb4018,564,
0xabb7370,40,
0xabb7500,52,
0xabb7690,936,
0xabb9b68,264,
0xabb9e90,564,
0xabbc77c,208,
0xabbcaf8,564,
0xabbeef4,116,
0xabbf0b0,248,
0xabbfa88,364,
0xabc0a48,96,
0xabc1d78,620,
0xabc339c,108,
0xabc3694,60,
0xabc3834,52,
0xabc3904,52,
0xabc3cdc,32,
0xabc4204,40,
0xabc42b0,132,
0xabc459c,236,
0xabc4e34,564,
0xabc7e38,424,
0xabc9180,380,
0xabc9b28,180,
0xabc9ea4,564,
0xabcbf20,224,
0xabccf2c,200,
0xabccff4,340,
0xabcdab8,272,
0xabcdd34,532,
0xabcec90,460,
0xabcf79c,564,
0xabd15f0,572,"tagged-value compare/hash-string routine; known base 0xabd1bb0 lies in decompile gap after this fn (InteractiveToolsFramework region), NOT a Lua VM here"
0xabd443c,4,
0xabd4528,36,
0xabd4550,8,
0xabd4558,8,
0xabd4568,16,
0xabd4580,156,
0xabd4b84,56,
0xabd4d64,260,
0xabd508c,8,
0xabd5154,192,
0xabd58e8,104,
0xabd5a20,132,
0xabd6144,104,
0xabd66e8,16,
0xabd66f8,308,
0xabd6fd8,8,
0xabd7100,320,
0xabd7508,864,
0xabd9028,20,
0xabd92fc,8,
0xabd95a4,164,
0xabd9a5c,236,
0xabda628,144,
0xabdb4c4,308,
0xabdc1fc,4,
0xabdc250,244,
0xabdcd98,8,
0xabdcda0,152,
0xabdce38,224,
0xabdd1a0,468,
0xabde420,244,
0xabdec18,144,
0xabdfc84,704,
0xabe1e90,348,
0xabe2ca4,348,
0xabe3554,348,
0xabe398c,272,
0xabe3b08,112,
0xabe3c18,20,
0xabe3dec,436,
0xabe4c8c,28,
0xabe4cc0,24,
0xabe4ec4,100,
0xabe514c,16,
0xabe5248,540,
0xabe6fa8,288,
0xabe7308,64,
0xabe7418,8,
0xabe7490,164,
0xabe7b84,4,
0xabe7b88,4,
0xabe8188,8,
0xabe8198,176,
0xabe8778,440,
0xabe8bd8,156,
0xabe8c84,8,
0xabe8e1c,4,
0xabe8e20,1592,
0xabedf14,16,
0xabee400,136,
0xabee754,8,
0xabee764,88,
0xabeeb8c,116,
0xabeec00,344,
0xabef08c,164,
0xabef1c8,8,
0xabef480,52,
0xabef72c,20,
0xabef8fc,232,
0xabf03b8,32,
0xabf03d8,24,
0xabf04ac,80,
0xabf06f8,88,
0xabf07d0,16,
0xabf0800,16,
0xabf093c,8,
0xabf09a8,68,
0xabf0ac0,124,
0xabf0ca8,392,
0xabf2054,292,
0xabf2504,84,
0xabf2c28,1492,
0xabf5c8c,40,
0xabf5d4c,40,
0xabf5df0,8,
0xabf5e78,36,
0xabf5f2c,8,
0xabf5f8c,36,
0xabf6094,36,
0xabf619c,216,
0xabf6998,8,
0xabf69c4,4,
0xabf717c,76,
0xabf7440,4,
0xabf744c,4,
0xabf74d0,136,
0xabf7904,8,
0xabf798c,36,
0xabf7a48,84,
0xabf7e64,44,
0xabf80f4,268,
0xabf9024,12,
0xabf9f0c,88,
0xabfaa3c,924,
0xabfcbac,8,
0xabfcbcc,8,
0xabfcbe4,8,
0xabfcd08,120,
0xabfcf7c,20,
0xabfd090,152,
0xabfd3e8,8,
0xabfd444,8,
0xabfd464,8,
0xabfd48c,152,
0xabfd93c,8,
0xabfd95c,140,
0xabfddbc,12,
0xabfddd0,140,
0xabfe054,4,
0xabfe098,12,
0xabfe0fc,4,
0xabfe140,12,
0xabfe1ac,4,
0xabfe240,144,
0xabfebb8,280,
0xabff6dc,328,
0xabffc28,8,
0xabffc30,8,
0xabffc38,8,
0xabffc40,8,
0xabffc58,152,
0xac00320,344,
0xac00cc0,1756,
0xac09de0,192,
0xac0a65c,192,
0xac0aee0,180,
0xac0b600,4,
0xac0b6b8,92,
0xac0b9d0,184,
0xac0c1d8,88,
0xac0c478,184,
0xac0ccdc,184,
0xac0d458,8,
0xac0d5d4,184,
0xac0d918,104,
0xac0dcdc,92,
0xac0e0e4,92,
0xac0e2c4,36,
0xac0e5ec,128,
0xac0eb78,180,
0xac0ef64,8,
0xac0f068,12,
0xac0f308,12,
0xac0f33c,4,
0xac0f350,12,
0xac0f388,8,
0xac0f474,192,
0xac0fc60,12,
0xac0fd38,192,
0xac1038c,12,
0xac103ac,44,
0xac10440,8,
0xac10514,8,
0xac10538,8,
0xac10580,8,
0xac10724,184,
0xac10c74,8,
0xac10cb0,4,
0xac10dd0,12,
0xac10e20,8,
0xac10e6c,184,
0xac12e3c,56,
0xac13050,12,
0xac13118,112,
0xac13520,140,
0xac13a80,192,
0xac142bc,8,
0xac14598,192,
0xac14b58,8,
0xac14c80,4,
0xac14c84,188,
0xac15384,192,
0xac15a20,76,
0xac15dec,60,
0xac15fb0,76,
0xac16370,76,
0xac1654c,100,
0xac1694c,60,
0xac16b14,180,
0xac171f8,76,
0xac1756c,80,
0xac17944,100,
0xac17c94,188,
0xac18368,180,
0xac18b38,168,
0xac1900c,76,
0xac19264,188,
0xac19910,56,
0xac19b04,192,
0xac1a150,184,
0xac1a89c,8,
0xac1a9d8,4,
0xac1a9dc,192,
0xac1b134,64,
0xac1b40c,180,
0xac1ba64,8,
0xac1bb68,4,
0xac1bcd4,76,
0xac1bf40,4,
0xac1bff8,76,
0xac1c1a8,180,
0xac1c65c,76,
0xac1c988,112,
0xac1ce24,8,
0xac1cf20,192,
0xac1d510,192,
0xac1dcd0,208,
0xac1e378,260,
0xac1f048,4,
0xac1f054,40,
0xac1f130,200,
0xac1f92c,160,
0xac1fdf4,8,
0xac1fdfc,244,
0xac203c4,128,
0xac20808,160,
0xac212e4,12,
0xac213b0,12,
0xac213bc,184,
0xac21ac8,12,
0xac21ad4,192,
0xac21f4c,8,
0xac21f68,8,
0xac22028,8,
0xac2206c,8,
0xac220a4,8,
0xac2222c,12,
0xac2228c,4,
0xac222b0,8,
0xac222e4,8,
0xac22338,8,
0xac22384,8,
0xac223bc,8,
0xac22558,8,
0xac22588,8,
0xac225bc,12,
0xac226b0,12,
0xac2284c,188,
0xac22e8c,12,
0xac23030,192,
0xac239ac,4,
0xac239b4,5868,"_INIT_1101: static init, writes ±1.0/pi/quantize float constant tables @0x0c694xxx + UScriptStruct regs"
0xac70a78,832,
0xac711f0,432,
0xac71558,4,
0xac7155c,4,
0xac71560,52,
0xac71594,72,
0xac715dc,216,
0xac719ec,576,
0xac72318,28,
0xac72334,700,
0xac72dc8,896,
0xac73900,8,
0xac73908,8,
0xac73910,8,
0xac73920,32,
0xac73950,8,
0xac73960,8,
0xac73968,8,
0xac73980,8,
0xac739a0,8,
0xac739b8,8,
0xac739d8,8,
0xac739f0,8,
0xac73a00,88,
0xac73b70,524,
0xac742d4,4,
0xac742d8,8,
0xac742e0,8,
0xac742f0,8,
0xac74300,8,
0xac74310,8,
0xac74320,8,
0xac74330,8,
0xac74340,8,
0xac74350,8,
0xac74360,8,
0xac74370,8,
0xac74388,8,
0xac744a8,64,
0xac74518,12,
0xac74524,8,
0xac74538,8,
0xac74548,8,
0xac74550,8,
0xac747e8,148,
0xac74a14,64,
0xac74a9c,8,
0xac74aa4,8,
0xac74aac,12,
0xac74ab8,8,
0xac74ad8,24,
0xac74b70,4,
0xac74cf4,472,
0xac75464,556,
0xac75b74,44,
0xac75bf8,4,
0xac75c00,8,
0xac75c18,580,
0xac76b1c,344,
0xac76f9c,4,
0xac770a4,12,
0xac770e0,76,
0xac772ac,704,
0xac78374,80,
0xac783c4,464,
0xac78cc0,1148,
0xac7a730,24,
0xac7b684,648,
0xac7cc60,8,
0xac7cd0c,28,
0xac7cd58,600,
0xac7d97c,44,
0xac7d9a8,196,
0xac7dcd8,600,
0xac7e764,68,
0xac7e804,8,
0xac7e80c,184,
0xac7e98c,44,
0xac7e9b8,196,
0xac7eca8,588,
0xac7f6a4,600,
0xac802d4,44,
0xac80300,8,
0xac80308,196,
0xac80600,4,
0xac80604,600,
0xac8131c,248,
0xac81840,8,
0xac81848,184,
0xac81c30,456,
0xac822a4,8,
0xac82370,256,
0xac82844,92,
0xac82a5c,196,
0xac82ff4,92,
0xac831d8,44,
0xac832c8,272,
0xac83900,92,
0xac83a24,192,
0xac83e10,4,
0xac8406c,68,
0xac8410c,8,
0xac841cc,8,
0xac84294,44,
0xac842c8,196,
0xac8481c,68,
0xac8497c,8,
0xac84984,192,
0xac84ddc,4,
0xac84de0,296,
0xac853b4,8,
0xac853bc,196,
0xac85954,92,
0xac85b6c,196,
0xac860fc,92,
0xac86160,184,
0xac864d0,308,
0xac86ab0,8,
0xac86ab8,196,
0xac87050,92,
0xac87174,192,
0xac87558,4,
0xac8757c,8,
0xac87584,8,
0xac87594,8,
0xac8763c,8,
0xac876dc,600,
0xac88ee8,4,
0xac88f38,4,
0xac89010,124,
0xac8930c,12,
0xac893c8,4,
0xac893e8,12,
0xac8943c,8,
0xac89468,8,
0xac89540,8,
0xac8956c,8,
0xac895b0,32,
0xac89618,48,
0xac89770,8,
0xac89798,12,
0xac89800,4,
0xac8986c,8,
0xac8988c,4,
0xac898c0,4,
0xac89978,8,
0xac8999c,8,
0xac899d0,8,
0xac89a10,8,
0xac89ea8,240,
0xac8a844,132,
0xac8ac38,180,
0xac8ad48,284,
0xac8baa0,996,
0xac8db28,540,
0xac8e95c,824,
0xac8f884,1120,
0xac921ac,460,
0xac934d4,808,
0xac95504,64,
0xac95544,1108,
0xac98470,616,
0xac9945c,104,
0xac994c4,1212,
0xac9ade4,4,
0xac9ade8,4,
0xac9adec,536,
0xac9b4c0,812,
0xac9c7c0,8,
0xac9c7cc,12,
0xac9c7d8,20,
0xac9c9f0,8,
0xac9c9f8,712,
0xac9d70c,372,
0xac9dd14,72,
0xac9dd8c,32,
0xac9dec0,648,
0xaca02a0,364,
0xaca0bbc,896,
0xaca22c4,104,
0xaca232c,108,
0xaca2418,200,
0xaca26d8,16,
0xaca26e8,60,
0xaca27ec,1544,
0xaca8630,3708,dtNavMeshQuery::findRandomPointAroundCircle
0xacba12c,792,
0xacbac00,64,
0xacbac40,64,
0xacbac80,8,
0xacbac90,1684,
0xacbea00,12,
0xacbea0c,8,
0xacbea98,2152,findCorners: Recast contour corners
0xaccb278,872,
0xaccbadc,628,
0xaccc6fc,9276,dtBuildTileCachePolyMeshDetail: Recast tile-cache detail mesh build (largest fn)
0xacf54d8,36,
0xacf54fc,40,
0xacf5524,448,
0xacf5b00,36,
0xacf5b24,400,
0xacf5e84,700,
0xacf7418,468,
0xacf7820,388,
0xacf7e34,152,
0xacf8008,320,
0xacf888c,32,
0xacf88ac,216,
0xacf8f48,40,
0xacf8f70,60,
0xacf93f4,156,
0xacf9580,124,
0xacf95fc,64,
0xacf9a54,1016,
0xacfaf7c,136,
0xacfb2dc,36,
0xacfb344,32,
0xacfb420,5196,UNavigationSystemV1 ctor: nav system defaults
0xad0c0c0,36,
0xad0c514,648,
0xad0d430,624,
0xad0eed8,384,
0xad0f808,4,
0xad0f81c,92,
0xad1072c,160,
0xad10a80,48,
0xad10c7c,44,
0xad10e2c,36,
0xad11258,8,
0xad113e4,64,
0xad1158c,584,
0xad13ac0,16,
0xad13bd0,52,
0xad13d68,212,
0xad145ec,488,
0xad15490,16,
0xad154c0,32,
0xad15bb4,1004,
0xad19ba8,176,
0xad19d0c,340,
0xad1a674,764,
0xad1f738,472,
0xad21048,140,
0xad211a0,4,
0xad21234,464,
0xad21838,56,
0xad21910,48,
0xad21a30,8,
0xad21aa0,56,
0xad21b90,8,
0xad21bc0,8,
0xad21bd8,8,
0xad21c20,8,
0xad21c7c,60,
0xad21e80,72,
0xad21f20,72,
0xad220d0,116,
0xad22324,24,
0xad223a8,36,
0xad2244c,4,
0xad22458,4,
0xad22478,4,
0xad22548,4,
0xad2255c,92,
0xad226ec,8,
0xad227c4,8,
0xad2291c,36,
0xad2297c,8,
0xad229bc,40,
0xad22a78,80,
0xad22c50,64,
0xad22d10,76,
0xad22eb8,452,
0xad23fb0,144,
0xad24040,184,
0xad24840,520,
0xad24dac,8,
0xad24dbc,8,
0xad24dd4,156,
0xad24f70,32,
0xad24f9c,8,
0xad24fa4,8,
0xad24fb4,8,
0xad2504c,32,
0xad250ac,8,
0xad250bc,8,
0xad250cc,8,
0xad250d4,144,
0xad253a4,8,
0xad253ac,8,
0xad253b4,8,
0xad253bc,8,
0xad253c4,8,
0xad2545c,8,
0xad25464,28,
0xad25554,8,
0xad2555c,8,
0xad2556c,8,
0xad2557c,144,
0xad258b4,8,
0xad258bc,8,
0xad258c4,8,
0xad258cc,8,
0xad258d4,8,
0xad2596c,8,
0xad25994,8,
0xad2599c,8,
0xad259a4,8,
0xad259b4,8,
0xad25a54,28,
0xad25a84,8,
0xad25a94,8,
0xad25a9c,144,
0xad25f48,8,
0xad25f50,8,
0xad25f58,8,
0xad25f70,144,
0xad26284,8,
0xad2628c,8,
0xad2629c,8,
0xad26340,24,
0xad26364,8,
0xad26374,8,
0xad26384,144,
0xad268d0,340,
0xad27184,136,
0xad2755c,4,
0xad27560,156,
0xad27988,144,
0xad27ecc,556,
0xad290c0,272,
0xad2984c,40,
0xad29a48,8,
0xad29a50,40,
0xad29a90,4,
0xad2a07c,180,
0xad2a1c4,4,
0xad2a694,468,
0xad2abcc,36,
0xad2af60,136,
0xad2b1ec,4,
0xad2b234,36,
0xad2b278,164,
0xad2b5b0,8,
0xad2b5e4,36,
0xad2b774,24,
0xad2b814,8,
0xad2b824,8,
0xad2b8d8,16,
0xad2bca8,256,
0xad2c084,96,
0xad2c5c0,712,
0xad2db44,636,
0xad2ed8c,472,
0xad2fc44,496,
0xad30c5c,344,
0xad314a4,176,
0xad316c4,8,
0xad317b0,4,
0xad31894,40,
0xad31908,36,
0xad31b10,8,
0xad31ba0,8,
0xad31bb0,8,
0xad31c28,164,
0xad322f8,156,
0xad3285c,144,
0xad33c34,12,
0xad34cc0,380,
0xad352d0,4,
0xad39b44,128,
0xad39bc4,200,
0xad39cb0,36,
0xad39d54,8,
0xad39d5c,1336,
0xad3b5ac,20,
0xad3b5c0,964,
0xad3c99c,472,
0xad3d674,16,
0xad3d684,16,
0xad3d694,248,
0xad3d928,16,
0xad3d938,140,
0xad3db84,268,
0xad3ded4,72,
0xad3e048,36,
0xad3e12c,44,
0xad3e158,388,
0xad3ee44,112,
0xad3eeb4,1076,
0xad40998,224,
0xad40cbc,8,
0xad40d3c,136,
0xad41268,164,
0xad41780,692,
0xad42038,36,
0xad4213c,4,
0xad421dc,1832,
0xad4637c,16,
0xad4638c,148,
0xad46580,348,
0xad4683c,348,
0xad46a2c,148,
0xad46e78,1012,
0xad48f88,16,
0xad48f98,16,
0xad48fa8,16,
0xad49014,212,
0xad49468,28,
0xad494a0,40,
0xad494d8,148,
0xad49a0c,44,
0xad49bb8,40,
0xad49be0,136,
0xad49c68,40,
0xad49ef0,840,
0xad4b3e4,284,
0xad4bff0,28,
0xad4c144,1428,
0xad50350,880,
0xad52cac,956,
0xad53f04,136,
0xad5434c,1504,
0xad55ec4,480,
0xad56190,316,
0xad56450,208,
0xad56520,40,
0xad5686c,40,
0xad569ec,84,
0xad56a40,408,
0xad57094,88,
0xad570ec,1276,
0xad59b1c,696,
0xad5af70,1812,
0xad6160c,1108,
0xad63d0c,3832,FRecastNavMeshGenerator::ExportComponentGeometry: component geometry -> nav geometry
